frame_id,obj0_valid,obj0_class_norm,obj0_conf,obj0_dist_norm,obj0_lat_offset,obj0_width_norm,obj0_height_norm,obj0_lane_overlap,obj1_valid,obj1_class_norm,obj1_conf,obj1_dist_norm,obj1_lat_offset,obj1_width_norm,obj1_height_norm,obj1_lane_overlap,obj2_valid,obj2_class_norm,obj2_conf,obj2_dist_norm,obj2_lat_offset,obj2_width_norm,obj2_height_norm,obj2_lane_overlap,obj3_valid,obj3_class_norm,obj3_conf,obj3_dist_norm,obj3_lat_offset,obj3_width_norm,obj3_height_norm,obj3_lane_overlap,obj4_valid,obj4_class_norm,obj4_conf,obj4_dist_norm,obj4_lat_offset,obj4_width_norm,obj4_height_norm,obj4_lane_overlap,lane_r0c0,lane_r0c1,lane_r0c2,lane_r0c3,lane_r0c4,lane_r0c5,lane_r0c6,lane_r0c7,lane_r0c8,lane_r0c9,lane_r0c10,lane_r0c11,lane_r1c0,lane_r1c1,lane_r1c2,lane_r1c3,lane_r1c4,lane_r1c5,lane_r1c6,lane_r1c7,lane_r1c8,lane_r1c9,lane_r1c10,lane_r1c11,lane_r2c0,lane_r2c1,lane_r2c2,lane_r2c3,lane_r2c4,lane_r2c5,lane_r2c6,lane_r2c7,lane_r2c8,lane_r2c9,lane_r2c10,lane_r2c11,lane_r3c0,lane_r3c1,lane_r3c2,lane_r3c3,lane_r3c4,lane_r3c5,lane_r3c6,lane_r3c7,lane_r3c8,lane_r3c9,lane_r3c10,lane_r3c11,lane_r4c0,lane_r4c1,lane_r4c2,lane_r4c3,lane_r4c4,lane_r4c5,lane_r4c6,lane_r4c7,lane_r4c8,lane_r4c9,lane_r4c10,lane_r4c11,lane_r5c0,lane_r5c1,lane_r5c2,lane_r5c3,lane_r5c4,lane_r5c5,lane_r5c6,lane_r5c7,lane_r5c8,lane_r5c9,lane_r5c10,lane_r5c11,ego_steering,ego_throttle,lidar_s0,lidar_s1,lidar_s2,lidar_s3,lidar_s4,scenario,target_steering,target_throttle,imu_motion,imu_yaw_rate,imu_accel_fwd,lidar_front_clear,lidar_left_gap,lidar_right_gap
1,0.00000,0.00000,0.00000,0.00000,0.00000,0.00000,0.00000,0.00000,0.00000,0.00000,0.00000,0.00000,0.00000,0.00000,0.00000,0.00000,0.00000,0.00000,0.00000,0.00000,0.00000,0.00000,0.00000,0.00000,0.00000,0.00000,0.00000,0.00000,0.00000,0.00000,0.00000,0.00000,0.00000,0.00000,0.00000,0.00000,0.00000,0.00000,0.00000,0.00000,0.00000,0.00000,0.00000,0.00000,0.00000,0.00000,0.08844,0.00000,0.00000,0.00000,0.00000,0.00000,0.00000,0.00000,0.00000,0.00000,0.00000,0.00000,0.05649,0.14463,0.00000,0.00000,0.00000,0.00000,0.00000,0.00000,0.03608,0.05678,0.00000,0.00000,0.00000,0.17347,0.04375,0.00000,0.00000,0.00000,0.00000,0.00000,0.20678,0.00000,0.00000,0.00000,0.00000,0.00000,0.21315,0.00000,0.00000,0.00000,0.00000,0.18202,0.04015,0.00000,0.00000,0.00000,0.00000,0.00000,0.09729,0.10224,0.00000,0.00000,0.10212,0.12270,0.00000,0.00000,0.00000,0.00000,0.00000,0.00000,0.00000,0.09800,0.00000,0.00000,0.00000,0.00000,3.60600,2.29350,1.68400,2.65400,2.94850,0,0.00000,0.00000,0.00000,0.00000,0.00000,1.70300,1.68400,2.34700
2,0.00000,0.00000,0.00000,0.00000,0.00000,0.00000,0.00000,0.00000,0.00000,0.00000,0.00000,0.00000,0.00000,0.00000,0.00000,0.00000,0.00000,0.00000,0.00000,0.00000,0.00000,0.00000,0.00000,0.00000,0.00000,0.00000,0.00000,0.00000,0.00000,0.00000,0.00000,0.00000,0.00000,0.00000,0.00000,0.00000,0.00000,0.00000,0.00000,0.00000,0.00000,0.00000,0.00000,0.00000,0.00000,0.00000,0.08756,0.00000,0.00000,0.00000,0.00000,0.00000,0.00000,0.00000,0.00000,0.00000,0.00000,0.00000,0.05843,0.15507,0.00000,0.00000,0.00000,0.00000,0.00000,0.00000,0.03715,0.05961,0.00000,0.00000,0.00000,0.17435,0.04428,0.00000,0.00000,0.00000,0.00000,0.00000,0.20767,0.00000,0.00000,0.00000,0.00000,0.00000,0.21050,0.00000,0.00000,0.00000,0.00000,0.18113,0.03980,0.00000,0.00000,0.00000,0.00000,0.00000,0.09340,0.08880,0.00000,0.00000,0.10177,0.12182,0.00000,0.00000,0.00000,0.00000,0.00000,0.00000,0.00000,0.07960,0.00000,0.00000,0.00000,0.00000,3.59200,2.29100,1.68200,2.48650,2.95850,0,0.00000,0.00000,0.00000,0.00000,0.00000,1.70000,1.68200,2.34100
3,0.00000,0.00000,0.00000,0.00000,0.00000,0.00000,0.00000,0.00000,0.00000,0.00000,0.00000,0.00000,0.00000,0.00000,0.00000,0.00000,0.00000,0.00000,0.00000,0.00000,0.00000,0.00000,0.00000,0.00000,0.00000,0.00000,0.00000,0.00000,0.00000,0.00000,0.00000,0.00000,0.00000,0.00000,0.00000,0.00000,0.00000,0.00000,0.00000,0.00000,0.00000,0.00000,0.00000,0.00000,0.00000,0.00000,0.09216,0.00000,0.00000,0.00000,0.00000,0.00000,0.00000,0.00000,0.00000,0.00000,0.00000,0.00000,0.05684,0.14853,0.00000,0.00000,0.00000,0.00000,0.00000,0.00000,0.03697,0.06156,0.00000,0.00000,0.00000,0.17512,0.04316,0.00000,0.00000,0.00000,0.00000,0.00000,0.20607,0.00000,0.00000,0.00000,0.00000,0.00000,0.21050,0.00000,0.00000,0.00000,0.00000,0.18219,0.04015,0.00000,0.00000,0.00000,0.00000,0.00000,0.09711,0.08561,0.00000,0.00000,0.10088,0.12252,0.00000,0.00000,0.00000,0.00000,0.00000,0.00000,0.00000,0.09216,0.00000,0.00000,0.00000,0.00000,3.61600,2.28800,1.68200,2.65000,2.95150,0,0.00000,0.00000,0.00000,0.00000,0.00000,1.69500,1.68200,2.33900
4,0.00000,0.00000,0.00000,0.00000,0.00000,0.00000,0.00000,0.00000,0.00000,0.00000,0.00000,0.00000,0.00000,0.00000,0.00000,0.00000,0.00000,0.00000,0.00000,0.00000,0.00000,0.00000,0.00000,0.00000,0.00000,0.00000,0.00000,0.00000,0.00000,0.00000,0.00000,0.00000,0.00000,0.00000,0.00000,0.00000,0.00000,0.00000,0.00000,0.00000,0.00000,0.00000,0.00000,0.00000,0.00000,0.00000,0.09180,0.00000,0.00000,0.00000,0.00000,0.00000,0.00000,0.00000,0.00000,0.00000,0.00000,0.00000,0.06002,0.15383,0.00000,0.00000,0.00000,0.00000,0.00000,0.00000,0.03626,0.05961,0.00000,0.00000,0.00000,0.16969,0.04611,0.00000,0.00000,0.00000,0.00000,0.00000,0.20802,0.00000,0.00000,0.00000,0.00000,0.00000,0.21120,0.00000,0.00000,0.00000,0.00000,0.18160,0.03968,0.00000,0.00000,0.00000,0.00000,0.00000,0.09853,0.09393,0.00000,0.00000,0.09947,0.12288,0.00000,0.00000,0.00000,0.00000,0.00000,0.00000,0.00000,0.09853,0.00000,0.00000,0.00000,0.00000,3.61000,2.28800,1.68200,2.65600,2.96650,0,0.00000,0.00000,0.00000,0.00000,0.00000,1.69300,1.68200,2.34300
5,0.00000,0.00000,0.00000,0.00000,0.00000,0.00000,0.00000,0.00000,0.00000,0.00000,0.00000,0.00000,0.00000,0.00000,0.00000,0.00000,0.00000,0.00000,0.00000,0.00000,0.00000,0.00000,0.00000,0.00000,0.00000,0.00000,0.00000,0.00000,0.00000,0.00000,0.00000,0.00000,0.00000,0.00000,0.00000,0.00000,0.00000,0.00000,0.00000,0.00000,0.00000,0.00000,0.00000,0.00000,0.00000,0.00000,0.09074,0.00000,0.00000,0.00000,0.00000,0.00000,0.00000,0.00000,0.00000,0.00000,0.00000,0.00000,0.05820,0.15548,0.00000,0.00000,0.00000,0.00000,0.00000,0.00000,0.03662,0.05820,0.00000,0.00000,0.00000,0.17541,0.04499,0.00000,0.00000,0.00000,0.00000,0.00000,0.20643,0.00000,0.00000,0.00000,0.00000,0.00000,0.21244,0.00000,0.00000,0.00000,0.00000,0.18090,0.04004,0.00000,0.00000,0.00000,0.00000,0.00000,0.09393,0.09481,0.00000,0.00000,0.10000,0.12217,0.00000,0.00000,0.00000,0.00000,0.00000,0.00000,0.00000,0.11303,0.00000,0.00000,0.00000,0.00000,3.59200,2.29050,1.68200,2.65300,2.94250,0,0.00000,0.00000,0.00000,0.00000,0.00000,1.70900,1.68200,2.34700
6,0.00000,0.00000,0.00000,0.00000,0.00000,0.00000,0.00000,0.00000,0.00000,0.00000,0.00000,0.00000,0.00000,0.00000,0.00000,0.00000,0.00000,0.00000,0.00000,0.00000,0.00000,0.00000,0.00000,0.00000,0.00000,0.00000,0.00000,0.00000,0.00000,0.00000,0.00000,0.00000,0.00000,0.00000,0.00000,0.00000,0.00000,0.00000,0.00000,0.00000,0.00000,0.00000,0.00000,0.00000,0.00000,0.00000,0.08986,0.00000,0.00000,0.00000,0.00000,0.00000,0.00000,0.00000,0.00000,0.00000,0.00000,0.00000,0.05713,0.15000,0.00000,0.00000,0.00000,0.00000,0.00000,0.00000,0.03644,0.05908,0.00000,0.00000,0.00000,0.16692,0.04340,0.00000,0.00000,0.00000,0.00000,0.00000,0.20678,0.00000,0.00000,0.00000,0.00000,0.00000,0.20908,0.00000,0.00000,0.00000,0.00000,0.18196,0.03986,0.00000,0.00000,0.00000,0.00000,0.00000,0.09623,0.08650,0.00000,0.00000,0.10018,0.12270,0.00000,0.00000,0.00000,0.00000,0.00000,0.00000,0.00000,0.06156,0.00000,0.00000,0.00000,0.00000,3.62700,2.29100,1.68100,2.65400,2.95450,0,0.00000,0.00000,0.00000,0.00000,0.00000,1.69200,1.68100,2.34700
7,0.00000,0.00000,0.00000,0.00000,0.00000,0.00000,0.00000,0.00000,0.00000,0.00000,0.00000,0.00000,0.00000,0.00000,0.00000,0.00000,0.00000,0.00000,0.00000,0.00000,0.00000,0.00000,0.00000,0.00000,0.00000,0.00000,0.00000,0.00000,0.00000,0.00000,0.00000,0.00000,0.00000,0.00000,0.00000,0.00000,0.00000,0.00000,0.00000,0.00000,0.00000,0.00000,0.00000,0.00000,0.00000,0.00000,0.08013,0.00000,0.00000,0.00000,0.00000,0.00000,0.00000,0.00000,0.00000,0.00000,0.00000,0.00000,0.05867,0.15094,0.00000,0.00000,0.00000,0.00000,0.00000,0.00000,0.03679,0.06032,0.00000,0.00000,0.00000,0.17453,0.04357,0.00000,0.00000,0.00000,0.00000,0.00000,0.20731,0.00000,0.00000,0.00000,0.00000,0.00000,0.20607,0.00000,0.00000,0.00000,0.00000,0.18078,0.03945,0.00000,0.00000,0.00000,0.00000,0.00000,0.09198,0.09340,0.00000,0.00000,0.09965,0.12093,0.00000,0.00000,0.00000,0.00000,0.00000,0.00000,0.00000,0.09623,0.00000,0.00000,0.00000,0.00000,3.59200,2.29300,1.68300,2.64900,2.93250,0,0.00000,0.00000,0.00000,0.00000,0.00000,1.70000,1.68300,2.34900
8,0.00000,0.00000,0.00000,0.00000,0.00000,0.00000,0.00000,0.00000,0.00000,0.00000,0.00000,0.00000,0.00000,0.00000,0.00000,0.00000,0.00000,0.00000,0.00000,0.00000,0.00000,0.00000,0.00000,0.00000,0.00000,0.00000,0.00000,0.00000,0.00000,0.00000,0.00000,0.00000,0.00000,0.00000,0.00000,0.00000,0.00000,0.00000,0.00000,0.00000,0.00000,0.00000,0.00000,0.00000,0.00000,0.00000,0.08667,0.00000,0.00000,0.00000,0.00000,0.00000,0.00000,0.00000,0.00000,0.00000,0.00000,0.00000,0.05973,0.14864,0.00000,0.00000,0.00000,0.00000,0.00000,0.00000,0.03750,0.05749,0.00000,0.00000,0.00000,0.17665,0.04357,0.00000,0.00000,0.00000,0.00000,0.00000,0.20749,0.00000,0.00000,0.00000,0.00000,0.00000,0.21173,0.00000,0.00000,0.00000,0.00000,0.18213,0.03986,0.00000,0.00000,0.00000,0.00000,0.00000,0.09906,0.09870,0.00000,0.00000,0.10035,0.12182,0.00000,0.00000,0.00000,0.00000,0.00000,0.00000,0.00000,0.10719,0.00000,0.00000,0.00000,0.00000,3.59200,2.29000,1.68300,2.65700,2.95950,0,0.00000,0.00000,0.00000,0.00000,0.00000,1.69900,1.68300,2.35000
9,0.00000,0.00000,0.00000,0.00000,0.00000,0.00000,0.00000,0.00000,0.00000,0.00000,0.00000,0.00000,0.00000,0.00000,0.00000,0.00000,0.00000,0.00000,0.00000,0.00000,0.00000,0.00000,0.00000,0.00000,0.00000,0.00000,0.00000,0.00000,0.00000,0.00000,0.00000,0.00000,0.00000,0.00000,0.00000,0.00000,0.00000,0.00000,0.00000,0.00000,0.00000,0.00000,0.00000,0.00000,0.00000,0.00000,0.08013,0.00000,0.00000,0.00000,0.00000,0.00000,0.00000,0.00000,0.00000,0.00000,0.00000,0.00000,0.05725,0.14917,0.00000,0.00000,0.00000,0.00000,0.00000,0.00000,0.03697,0.05855,0.00000,0.00000,0.00000,0.17382,0.04463,0.00000,0.00000,0.00000,0.00000,0.00000,0.20749,0.00000,0.00000,0.00000,0.00000,0.00000,0.20855,0.00000,0.00000,0.00000,0.00000,0.18361,0.03927,0.00000,0.00000,0.00000,0.00000,0.00000,0.09446,0.08880,0.00000,0.00000,0.10106,0.12217,0.00000,0.00000,0.00000,0.00000,0.00000,0.00000,0.00000,0.03962,0.00000,0.00000,0.00000,0.00000,3.60600,2.29000,1.68300,2.64950,2.95850,0,0.00000,0.00000,0.00000,0.00000,0.00000,1.69200,1.68300,2.34300
10,0.00000,0.00000,0.00000,0.00000,0.00000,0.00000,0.00000,0.00000,0.00000,0.00000,0.00000,0.00000,0.00000,0.00000,0.00000,0.00000,0.00000,0.00000,0.00000,0.00000,0.00000,0.00000,0.00000,0.00000,0.00000,0.00000,0.00000,0.00000,0.00000,0.00000,0.00000,0.00000,0.00000,0.00000,0.00000,0.00000,0.00000,0.00000,0.00000,0.00000,0.00000,0.00000,0.00000,0.00000,0.00000,0.00000,0.08190,0.00000,0.00000,0.00000,0.00000,0.00000,0.00000,0.00000,0.00000,0.00000,0.00000,0.00000,0.05867,0.15041,0.00000,0.00000,0.00000,0.00000,0.00000,0.00000,0.03591,0.05678,0.00000,0.00000,0.00000,0.17129,0.04575,0.00000,0.00000,0.00000,0.00000,0.00000,0.20413,0.00000,0.00000,0.00000,0.00000,0.00000,0.21191,0.00000,0.00000,0.00000,0.00000,0.18125,0.04021,0.00000,0.00000,0.00000,0.00000,0.00000,0.09004,0.10171,0.00000,0.00000,0.10035,0.12252,0.00000,0.00000,0.00000,0.00000,0.00000,0.00000,0.00000,0.09393,0.00000,0.00000,0.00000,0.00000,3.63500,2.28800,1.68100,2.65400,2.95850,0,0.00000,0.91463,0.00000,0.00000,0.00000,1.69600,1.68100,2.34200
11,0.00000,0.00000,0.00000,0.00000,0.00000,0.00000,0.00000,0.00000,0.00000,0.00000,0.00000,0.00000,0.00000,0.00000,0.00000,0.00000,0.00000,0.00000,0.00000,0.00000,0.00000,0.00000,0.00000,0.00000,0.00000,0.00000,0.00000,0.00000,0.00000,0.00000,0.00000,0.00000,0.00000,0.00000,0.00000,0.00000,0.00000,0.00000,0.00000,0.00000,0.00000,0.00000,0.00000,0.00000,0.00000,0.00000,0.08508,0.00000,0.00000,0.00000,0.00000,0.00000,0.00000,0.00000,0.00000,0.00000,0.00000,0.00000,0.05725,0.15307,0.00000,0.00000,0.00000,0.00000,0.00000,0.00000,0.03803,0.06138,0.00000,0.00000,0.00000,0.17099,0.04410,0.00000,0.00000,0.00000,0.00000,0.00000,0.20979,0.00000,0.00000,0.00000,0.00000,0.00000,0.21138,0.00000,0.00000,0.00000,0.00000,0.18272,0.04015,0.00000,0.00000,0.00000,0.00000,0.00000,0.09888,0.10560,0.00000,0.00000,0.10177,0.12199,0.00000,0.00000,0.00000,0.00000,0.00000,0.00000,0.00000,0.10189,0.00000,0.00000,0.00000,0.91463,3.85500,2.27100,1.66600,2.76250,3.13350,0,0.00000,0.91463,0.00000,0.00000,0.00000,1.69000,1.66600,2.33600
12,0.00000,0.00000,0.00000,0.00000,0.00000,0.00000,0.00000,0.00000,0.00000,0.00000,0.00000,0.00000,0.00000,0.00000,0.00000,0.00000,0.00000,0.00000,0.00000,0.00000,0.00000,0.00000,0.00000,0.00000,0.00000,0.00000,0.00000,0.00000,0.00000,0.00000,0.00000,0.00000,0.00000,0.00000,0.00000,0.00000,0.00000,0.00000,0.00000,0.00000,0.00000,0.00000,0.00000,0.00000,0.00000,0.00000,0.00371,0.00000,0.00000,0.00000,0.00000,0.00000,0.00000,0.00000,0.00000,0.00407,0.00000,0.00000,0.05395,0.09835,0.00000,0.00000,0.00000,0.00000,0.00000,0.00000,0.05926,0.03909,0.00000,0.00000,0.00000,0.19281,0.00708,0.00000,0.00000,0.00000,0.00000,0.00136,0.20843,0.00000,0.00000,0.00000,0.00000,0.01197,0.19941,0.00000,0.00000,0.00000,0.00000,0.20130,0.02087,0.00000,0.00000,0.00000,0.00000,0.00000,0.14823,0.05607,0.00000,0.00000,0.11893,0.10130,0.00000,0.00000,0.00000,0.00000,0.00000,0.00000,0.00000,0.16539,0.00000,0.00000,0.00000,0.91463,3.59700,1.61450,1.61100,3.16150,3.59950,0,0.00000,0.91463,0.00000,0.00000,0.00000,1.63600,1.61100,2.32200
13,0.00000,0.00000,0.00000,0.00000,0.00000,0.00000,0.00000,0.00000,0.00000,0.00000,0.00000,0.00000,0.00000,0.00000,0.00000,0.00000,0.00000,0.00000,0.00000,0.00000,0.00000,0.00000,0.00000,0.00000,0.00000,0.00000,0.00000,0.00000,0.00000,0.00000,0.00000,0.00000,0.00000,0.00000,0.00000,0.00000,0.00000,0.00000,0.00000,0.00000,0.00000,0.00000,0.00000,0.00000,0.00000,0.00000,0.04634,0.00000,0.00000,0.00000,0.00000,0.00000,0.00000,0.00000,0.00000,0.00018,0.00000,0.00000,0.15837,0.04204,0.00000,0.00000,0.00000,0.00000,0.00000,0.00000,0.05749,0.02158,0.00000,0.00000,0.00000,0.20855,0.00000,0.00000,0.00000,0.00371,0.00000,0.03461,0.16120,0.00000,0.00000,0.00000,0.00000,0.07795,0.14015,0.00000,0.00000,0.00000,0.00000,0.22058,0.00000,0.00000,0.00000,0.00000,0.00000,0.00000,0.20200,0.00035,0.00000,0.00000,0.19004,0.03178,0.00000,0.00000,0.00000,0.00000,0.00000,0.00000,0.01362,0.13532,0.00000,0.00000,0.00000,0.91463,3.55800,1.51500,1.52600,3.27300,4.05150,0,0.00000,0.91463,0.00000,0.00000,0.00000,1.53800,1.52200,2.23550
14,0.00000,0.00000,0.00000,0.00000,0.00000,0.00000,0.00000,0.00000,0.00000,0.00000,0.00000,0.00000,0.00000,0.00000,0.00000,0.00000,0.00000,0.00000,0.00000,0.00000,0.00000,0.00000,0.00000,0.00000,0.00000,0.00000,0.00000,0.00000,0.00000,0.00000,0.00000,0.00000,0.00000,0.00000,0.00000,0.00000,0.00000,0.00000,0.00000,0.00000,0.00000,0.00000,0.00000,0.00000,0.00000,0.00000,0.02264,0.00000,0.00000,0.00000,0.00000,0.00000,0.00000,0.00000,0.00000,0.00142,0.00000,0.00000,0.14788,0.00000,0.00000,0.00000,0.00000,0.00000,0.00000,0.00000,0.05607,0.01132,0.00000,0.00000,0.03998,0.16999,0.00000,0.00000,0.00000,0.02123,0.00000,0.05153,0.07211,0.00000,0.00000,0.00000,0.00000,0.16616,0.03284,0.00000,0.00000,0.00000,0.06197,0.13243,0.00000,0.00000,0.00000,0.00000,0.00000,0.00006,0.19682,0.00000,0.00000,0.00000,0.19811,0.00000,0.00000,0.00000,0.00000,0.00000,0.00000,0.00000,0.08013,0.04440,0.00000,0.00000,0.00000,0.91463,3.52400,1.45900,1.46900,3.29600,4.14350,0,-0.90000,0.91463,0.00000,0.00000,0.00000,1.49200,1.46900,2.17700
15,0.00000,0.00000,0.00000,0.00000,0.00000,0.00000,0.00000,0.00000,0.00000,0.00000,0.00000,0.00000,0.00000,0.00000,0.00000,0.00000,0.00000,0.00000,0.00000,0.00000,0.00000,0.00000,0.00000,0.00000,0.00000,0.00000,0.00000,0.00000,0.00000,0.00000,0.00000,0.00000,0.00000,0.00000,0.00000,0.00000,0.00000,0.00000,0.00000,0.00000,0.00000,0.00000,0.00000,0.00000,0.00000,0.00000,0.00000,0.00000,0.00000,0.00000,0.00000,0.00000,0.00000,0.00000,0.00336,0.00000,0.00000,0.00000,0.04511,0.00000,0.00000,0.00000,0.00000,0.00000,0.00000,0.00684,0.10955,0.00000,0.00000,0.00000,0.16904,0.01014,0.00000,0.00000,0.00006,0.06981,0.00000,0.11055,0.00053,0.00000,0.00000,0.00000,0.00926,0.18213,0.00000,0.00000,0.00000,0.00000,0.20283,0.03261,0.00000,0.00000,0.00000,0.00000,0.00000,0.04121,0.00000,0.00000,0.00000,0.00000,0.01397,0.00000,0.00000,0.00000,0.00000,0.00000,0.00000,0.00000,0.00000,0.00000,0.00000,0.00000,-0.90000,0.91463,4.06900,1.33100,1.35200,3.87400,5.00000,0,-0.90000,0.91463,0.00000,0.00000,0.00000,2.00600,1.33800,2.07250
16,0.00000,0.00000,0.00000,0.00000,0.00000,0.00000,0.00000,0.00000,0.00000,0.00000,0.00000,0.00000,0.00000,0.00000,0.00000,0.00000,0.00000,0.00000,0.00000,0.00000,0.00000,0.00000,0.00000,0.00000,0.00000,0.00000,0.00000,0.00000,0.00000,0.00000,0.00000,0.00000,0.00000,0.00000,0.00000,0.00000,0.00000,0.00000,0.00000,0.00000,0.00000,0.00000,0.00000,0.00000,0.00000,0.00000,0.00000,0.00000,0.00000,0.00000,0.00000,0.00000,0.00000,0.00000,0.00000,0.00000,0.00000,0.00000,0.02441,0.00000,0.00000,0.00000,0.00000,0.00000,0.00000,0.00000,0.08208,0.00601,0.00000,0.00000,0.07123,0.12830,0.00000,0.00000,0.00000,0.00000,0.00000,0.10808,0.09216,0.00000,0.00000,0.00000,0.00000,0.20183,0.00000,0.00000,0.00000,0.00000,0.07093,0.10613,0.00000,0.00000,0.00000,0.00000,0.00000,0.05843,0.07636,0.00000,0.00000,0.00000,0.16857,0.00000,0.00000,0.00000,0.00000,0.00000,0.00000,0.00000,0.00000,0.00000,0.00000,0.00000,-0.90000,0.91463,4.87750,1.80400,1.18200,1.92700,2.77700,0,0.00000,0.91463,0.00000,0.00000,0.00000,1.18500,1.18200,1.92300
17,0.00000,0.00000,0.00000,0.00000,0.00000,0.00000,0.00000,0.00000,0.00000,0.00000,0.00000,0.00000,0.00000,0.00000,0.00000,0.00000,0.00000,0.00000,0.00000,0.00000,0.00000,0.00000,0.00000,0.00000,0.00000,0.00000,0.00000,0.00000,0.00000,0.00000,0.00000,0.00000,0.00000,0.00000,0.00000,0.00000,0.00000,0.00000,0.00000,0.00000,0.00000,0.00000,0.00000,0.00000,0.00000,0.00000,0.00000,0.00000,0.00000,0.00000,0.00000,0.00000,0.00000,0.00000,0.00000,0.00000,0.00000,0.00000,0.00000,0.00000,0.00000,0.00000,0.00000,0.00000,0.08815,0.01798,0.00000,0.00000,0.14511,0.01904,0.00000,0.00000,0.00000,0.00000,0.00000,0.00000,0.00088,0.00000,0.00000,0.12801,0.07983,0.00000,0.00000,0.00000,0.00000,0.06728,0.12270,0.00000,0.00000,0.00000,0.04564,0.13903,0.00000,0.00000,0.00000,0.00000,0.00000,0.00000,0.20077,0.00000,0.00000,0.00000,0.01840,0.00000,0.00000,0.00000,0.00000,0.00000,0.00000,0.00000,0.03154,0.05849,0.00000,0.91463,2.69800,2.72800,1.66600,1.02300,1.70100,0,0.00000,0.91463,0.00000,0.00000,0.00000,1.66600,2.99600,1.02300
18,0.00000,0.00000,0.00000,0.00000,0.00000,0.00000,0.00000,0.00000,0.00000,0.00000,0.00000,0.00000,0.00000,0.00000,0.00000,0.00000,0.00000,0.00000,0.00000,0.00000,0.00000,0.00000,0.00000,0.00000,0.00000,0.00000,0.00000,0.00000,0.00000,0.00000,0.00000,0.00000,0.00000,0.00000,0.00000,0.00000,0.00000,0.00000,0.00000,0.00000,0.00000,0.00000,0.00000,0.00000,0.00000,0.00000,0.00000,0.00000,0.00000,0.00000,0.00106,0.00000,0.00000,0.00000,0.00000,0.00000,0.00000,0.00000,0.00460,0.00000,0.00000,0.00000,0.00000,0.12913,0.00996,0.14976,0.05802,0.00000,0.00000,0.00000,0.20979,0.00000,0.00000,0.00000,0.00000,0.07447,0.12323,0.00236,0.00000,0.00000,0.00000,0.13426,0.05890,0.00000,0.00000,0.00000,0.00000,0.00000,0.00000,0.00000,0.00000,0.00000,0.08491,0.13267,0.00000,0.00000,0.00000,0.00000,0.00000,0.00000,0.00000,0.00000,0.00000,0.01633,0.18886,0.00000,0.00000,0.00000,0.00000,0.00000,0.00000,0.00000,0.00000,0.91463,2.49200,2.58700,1.60800,0.96100,0.99200,0,0.00000,0.91103,0.00000,0.00000,0.00000,1.60800,2.97400,0.97850
19,0.00000,0.00000,0.00000,0.00000,0.00000,0.00000,0.00000,0.00000,0.00000,0.00000,0.00000,0.00000,0.00000,0.00000,0.00000,0.00000,0.00000,0.00000,0.00000,0.00000,0.00000,0.00000,0.00000,0.00000,0.00000,0.00000,0.00000,0.00000,0.00000,0.00000,0.00000,0.00000,0.00000,0.00000,0.00000,0.00000,0.00000,0.00000,0.00000,0.00000,0.00000,0.00000,0.00000,0.00000,0.00000,0.00000,0.00000,0.00000,0.00000,0.00000,0.00000,0.00000,0.00000,0.00000,0.00000,0.00000,0.00000,0.00000,0.00000,0.00000,0.00000,0.00000,0.00000,0.00000,0.00000,0.00006,0.13367,0.03255,0.00000,0.00000,0.00000,0.11126,0.00000,0.00000,0.00000,0.00000,0.13013,0.16073,0.01533,0.00000,0.00000,0.00000,0.00873,0.14092,0.00000,0.00000,0.00000,0.00000,0.02441,0.00000,0.00000,0.00000,0.00000,0.00000,0.07930,0.00366,0.00000,0.00000,0.00000,0.00000,0.00000,0.00000,0.00000,0.00000,0.00000,0.00000,0.00283,0.00000,0.00000,0.00000,0.00000,0.00000,0.00000,0.91103,2.52600,2.67950,3.16100,0.67800,0.74400,0,0.00000,0.49892,0.00000,0.00000,0.00000,3.40300,3.31800,1.32500
20,0.00000,0.00000,0.00000,0.00000,0.00000,0.00000,0.00000,0.00000,0.00000,0.00000,0.00000,0.00000,0.00000,0.00000,0.00000,0.00000,0.00000,0.00000,0.00000,0.00000,0.00000,0.00000,0.00000,0.00000,0.00000,0.00000,0.00000,0.00000,0.00000,0.00000,0.00000,0.00000,0.00000,0.00000,0.00000,0.00000,0.00000,0.00000,0.00000,0.00000,0.00000,0.00000,0.00000,0.00000,0.00000,0.00000,0.00000,0.00000,0.00000,0.00000,0.00000,0.00000,0.00000,0.00000,0.00000,0.00000,0.00000,0.00000,0.00000,0.00000,0.00000,0.00000,0.00000,0.00000,0.00000,0.00000,0.00000,0.08296,0.01733,0.00000,0.00000,0.00000,0.00000,0.00000,0.00000,0.00000,0.00000,0.04941,0.14587,0.04015,0.00000,0.00000,0.00000,0.00000,0.00000,0.00000,0.00000,0.00000,0.16156,0.12146,0.00000,0.00000,0.00000,0.00000,0.00000,0.00000,0.00000,0.00000,0.00000,0.00000,0.00407,0.00000,0.00000,0.00000,0.00000,0.00000,0.00000,0.00000,0.00000,0.00000,0.00000,0.00000,0.00000,0.49892,2.64700,2.69200,1.17100,1.15200,0.55800,0,0.00000,0.26755,0.00000,0.00000,0.00000,5.00000,3.32700,1.15200
21,0.00000,0.00000,0.00000,0.00000,0.00000,0.00000,0.00000,0.00000,0.00000,0.00000,0.00000,0.00000,0.00000,0.00000,0.00000,0.00000,0.00000,0.00000,0.00000,0.00000,0.00000,0.00000,0.00000,0.00000,0.00000,0.00000,0.00000,0.00000,0.00000,0.00000,0.00000,0.00000,0.00000,0.00000,0.00000,0.00000,0.00000,0.00000,0.00000,0.00000,0.00000,0.00000,0.00000,0.00000,0.00000,0.00000,0.00000,0.00000,0.00000,0.00000,0.00000,0.00000,0.00000,0.00000,0.00000,0.00000,0.00000,0.00000,0.00000,0.00000,0.00000,0.00000,0.00000,0.00000,0.00000,0.00000,0.00000,0.00000,0.11038,0.03149,0.00000,0.00000,0.00000,0.00000,0.00000,0.00000,0.00000,0.00000,0.01875,0.18455,0.05531,0.00000,0.00000,0.00000,0.00000,0.00000,0.00000,0.00000,0.00000,0.09499,0.16893,0.00018,0.00000,0.00000,0.00000,0.00000,0.00000,0.00000,0.00000,0.00000,0.16256,0.08844,0.00000,0.00000,0.00000,0.00000,0.00000,0.00000,0.00000,0.00000,0.00000,0.00000,0.00000,0.26755,2.11900,2.24900,2.56600,1.00600,0.45900,0,0.90000,0.22417,0.00000,0.00000,0.00000,2.77900,2.65900,1.02900
22,0.00000,0.00000,0.00000,0.00000,0.00000,0.00000,0.00000,0.00000,0.00000,0.00000,0.00000,0.00000,0.00000,0.00000,0.00000,0.00000,0.00000,0.00000,0.00000,0.00000,0.00000,0.00000,0.00000,0.00000,0.00000,0.00000,0.00000,0.00000,0.00000,0.00000,0.00000,0.00000,0.00000,0.00000,0.00000,0.00000,0.00000,0.00000,0.00000,0.00000,0.00000,0.00000,0.00000,0.00000,0.00000,0.00000,0.00000,0.00000,0.00000,0.00000,0.00000,0.00000,0.00000,0.00000,0.00000,0.00000,0.00000,0.00000,0.00000,0.00000,0.00000,0.00000,0.00000,0.00000,0.00000,0.00218,0.00100,0.00000,0.00000,0.16433,0.03166,0.00000,0.00000,0.00000,0.00000,0.00000,0.00071,0.00159,0.00000,0.01610,0.20932,0.02754,0.00000,0.00000,0.00000,0.00000,0.00000,0.00088,0.00000,0.00000,0.06386,0.19399,0.00130,0.00000,0.00000,0.00000,0.00000,0.00000,0.00000,0.00000,0.00000,0.10873,0.14794,0.00000,0.00000,0.00000,0.00000,0.00000,0.00000,0.00000,0.00000,0.00000,0.90000,0.22417,1.89800,2.02300,2.27100,0.92800,0.43100,0,0.90000,0.56399,0.00000,0.00000,0.00000,2.45900,2.35700,0.97700
23,0.00000,0.00000,0.00000,0.00000,0.00000,0.00000,0.00000,0.00000,0.00000,0.00000,0.00000,0.00000,0.00000,0.00000,0.00000,0.00000,0.00000,0.00000,0.00000,0.00000,0.00000,0.00000,0.00000,0.00000,0.00000,0.00000,0.00000,0.00000,0.00000,0.00000,0.00000,0.00000,0.00000,0.00000,0.00000,0.00000,0.00000,0.00000,0.00000,0.00000,0.00000,0.00000,0.00000,0.00000,0.00000,0.00000,0.00000,0.00000,0.00000,0.00000,0.00000,0.00000,0.00000,0.00000,0.00000,0.00000,0.00000,0.00000,0.00000,0.00000,0.00000,0.00000,0.00000,0.00000,0.00000,0.01132,0.00000,0.00000,0.00000,0.15973,0.06156,0.00000,0.00000,0.00000,0.00000,0.00000,0.00000,0.00000,0.00000,0.00041,0.19558,0.05360,0.00000,0.00000,0.00000,0.00000,0.00000,0.02105,0.00000,0.00000,0.01167,0.21946,0.02270,0.00000,0.00000,0.00000,0.00000,0.00000,0.00000,0.00000,0.00000,0.03703,0.20778,0.00389,0.00000,0.00000,0.00000,0.00000,0.00000,0.00000,0.00000,0.00000,0.90000,0.56399,1.70400,1.84800,2.16500,0.88800,0.40600,0,0.90000,0.69415,0.00000,0.00000,0.00000,2.41000,2.25600,0.92300
24,0.00000,0.00000,0.00000,0.00000,0.00000,0.00000,0.00000,0.00000,0.00000,0.00000,0.00000,0.00000,0.00000,0.00000,0.00000,0.00000,0.00000,0.00000,0.00000,0.00000,0.00000,0.00000,0.00000,0.00000,0.00000,0.00000,0.00000,0.00000,0.00000,0.00000,0.00000,0.00000,0.00000,0.00000,0.00000,0.00000,0.00000,0.00000,0.00000,0.00000,0.00000,0.00000,0.00000,0.00000,0.00000,0.00000,0.00000,0.00000,0.00000,0.00000,0.00000,0.00000,0.00000,0.00000,0.00000,0.00000,0.00000,0.00000,0.00000,0.00000,0.00000,0.00000,0.00000,0.00000,0.00000,0.00371,0.01044,0.00000,0.00000,0.16557,0.02034,0.00000,0.00000,0.00000,0.00000,0.00000,0.00000,0.00000,0.00000,0.00041,0.19823,0.04741,0.00000,0.00000,0.00000,0.00000,0.00000,0.06509,0.00000,0.00000,0.00778,0.22158,0.02217,0.00000,0.00000,0.00000,0.00000,0.00000,0.00000,0.05200,0.00000,0.02695,0.21574,0.00672,0.00000,0.00000,0.00000,0.00000,0.00000,0.00000,0.00000,0.00000,0.90000,0.69415,1.70600,1.87900,2.26500,0.90100,0.40300,0,0.90000,0.91463,0.00000,0.00000,0.00000,2.50900,2.34900,0.91900
25,0.00000,0.00000,0.00000,0.00000,0.00000,0.00000,0.00000,0.00000,0.00000,0.00000,0.00000,0.00000,0.00000,0.00000,0.00000,0.00000,0.00000,0.00000,0.00000,0.00000,0.00000,0.00000,0.00000,0.00000,0.00000,0.00000,0.00000,0.00000,0.00000,0.00000,0.00000,0.00000,0.00000,0.00000,0.00000,0.00000,0.00000,0.00000,0.00000,0.00000,0.00000,0.00000,0.00000,0.00000,0.00000,0.00000,0.00000,0.00000,0.00000,0.00000,0.00000,0.00000,0.00000,0.00000,0.00000,0.00000,0.00000,0.00000,0.00000,0.00000,0.00000,0.00000,0.00000,0.00000,0.00000,0.01262,0.01798,0.00000,0.00000,0.16468,0.02406,0.00000,0.00000,0.00000,0.00000,0.00000,0.00000,0.00000,0.00000,0.00041,0.19823,0.04776,0.00000,0.00000,0.00000,0.00000,0.00000,0.12930,0.00000,0.00000,0.00920,0.22246,0.02146,0.00000,0.00000,0.00000,0.00000,0.00000,0.00000,0.10366,0.00000,0.02930,0.21498,0.00531,0.00000,0.00000,0.00000,0.00000,0.00000,0.00000,0.00000,0.00000,0.90000,0.91463,1.65700,2.01950,0.91300,0.89700,0.39700,0,0.90000,0.88212,0.00000,0.00000,0.00000,5.00000,2.79600,0.90700
26,0.00000,0.00000,0.00000,0.00000,0.00000,0.00000,0.00000,0.00000,0.00000,0.00000,0.00000,0.00000,0.00000,0.00000,0.00000,0.00000,0.00000,0.00000,0.00000,0.00000,0.00000,0.00000,0.00000,0.00000,0.00000,0.00000,0.00000,0.00000,0.00000,0.00000,0.00000,0.00000,0.00000,0.00000,0.00000,0.00000,0.00000,0.00000,0.00000,0.00000,0.00000,0.00000,0.00000,0.00000,0.00000,0.00000,0.00000,0.00000,0.00000,0.00000,0.00000,0.00000,0.00000,0.00000,0.00000,0.00000,0.00000,0.00000,0.00000,0.00000,0.00000,0.00000,0.00000,0.00000,0.00000,0.00478,0.00619,0.00000,0.00436,0.20808,0.00248,0.00000,0.00000,0.00000,0.00000,0.00000,0.00077,0.00542,0.00000,0.01274,0.22246,0.01032,0.00000,0.00000,0.00000,0.00000,0.06846,0.03945,0.00000,0.00000,0.02317,0.21963,0.00342,0.00000,0.00000,0.00000,0.00000,0.00000,0.00000,0.18255,0.00000,0.03355,0.21445,0.00053,0.00000,0.00000,0.00000,0.00000,0.00000,0.00000,0.00000,0.01291,0.90000,0.88212,1.68500,2.08150,0.89800,0.84950,0.37400,0,0.90000,0.87489,0.00000,0.00000,0.00000,0.89800,5.00000,0.86100
27,0.00000,0.00000,0.00000,0.00000,0.00000,0.00000,0.00000,0.00000,0.00000,0.00000,0.00000,0.00000,0.00000,0.00000,0.00000,0.00000,0.00000,0.00000,0.00000,0.00000,0.00000,0.00000,0.00000,0.00000,0.00000,0.00000,0.00000,0.00000,0.00000,0.00000,0.00000,0.00000,0.00000,0.00000,0.00000,0.00000,0.00000,0.00000,0.00000,0.00000,0.00000,0.00000,0.00000,0.00000,0.00000,0.00000,0.00000,0.00000,0.00000,0.00000,0.00000,0.00000,0.00000,0.00000,0.00000,0.00000,0.00000,0.00000,0.00000,0.00000,0.00000,0.00000,0.00000,0.00018,0.00000,0.04263,0.00000,0.00000,0.13473,0.06621,0.00000,0.00000,0.00000,0.00000,0.00000,0.00000,0.00867,0.00000,0.00000,0.11675,0.11675,0.00000,0.00000,0.00000,0.00000,0.00000,0.09410,0.00000,0.00000,0.00000,0.10684,0.14045,0.00000,0.00000,0.00000,0.00000,0.00000,0.00000,0.20472,0.00083,0.00000,0.08821,0.15324,0.00000,0.00000,0.00000,0.00000,0.00000,0.00000,0.00000,0.01863,0.03956,0.90000,0.87489,1.74950,2.27900,0.78800,0.80800,0.33900,0,0.00000,0.90380,0.00000,0.00000,0.00000,0.78800,5.00000,0.34600
28,0.00000,0.00000,0.00000,0.00000,0.00000,0.00000,0.00000,0.00000,0.00000,0.00000,0.00000,0.00000,0.00000,0.00000,0.00000,0.00000,0.00000,0.00000,0.00000,0.00000,0.00000,0.00000,0.00000,0.00000,0.00000,0.00000,0.00000,0.00000,0.00000,0.00000,0.00000,0.00000,0.00000,0.00000,0.00000,0.00000,0.00000,0.00000,0.00000,0.00000,0.00000,0.00000,0.00000,0.00000,0.00000,0.00000,0.00000,0.00000,0.00000,0.00000,0.00336,0.00000,0.00000,0.00000,0.00000,0.00000,0.00000,0.00000,0.00000,0.00000,0.00000,0.00000,0.00000,0.00000,0.06739,0.02423,0.00000,0.09092,0.05466,0.00000,0.00000,0.00000,0.10560,0.00000,0.00000,0.00000,0.00884,0.00000,0.05660,0.17317,0.00000,0.00000,0.00000,0.00000,0.01380,0.01963,0.00000,0.00000,0.00000,0.01486,0.22111,0.00000,0.00000,0.00000,0.00000,0.00000,0.00000,0.19917,0.00318,0.00000,0.00000,0.22606,0.00371,0.00000,0.00000,0.00000,0.00000,0.00000,0.00000,0.01916,0.13278,0.00000,0.00000,0.90380,1.81550,0.71200,0.70100,2.96750,0.29800,0,0.00000,0.89657,0.00000,0.00000,0.00000,0.70100,0.70400,0.29800
29,0.00000,0.00000,0.00000,0.00000,0.00000,0.00000,0.00000,0.00000,0.00000,0.00000,0.00000,0.00000,0.00000,0.00000,0.00000,0.00000,0.00000,0.00000,0.00000,0.00000,0.00000,0.00000,0.00000,0.00000,0.00000,0.00000,0.00000,0.00000,0.00000,0.00000,0.00000,0.00000,0.00000,0.00000,0.00000,0.00000,0.00000,0.00000,0.00000,0.00000,0.00000,0.00000,0.00000,0.00000,0.00000,0.00000,0.00000,0.00000,0.00000,0.00000,0.00000,0.00000,0.00000,0.00000,0.00000,0.00000,0.00000,0.00000,0.00000,0.00000,0.00000,0.00000,0.00000,0.00000,0.00000,0.00000,0.10454,0.02317,0.00000,0.00000,0.00000,0.15053,0.00000,0.00000,0.00000,0.00000,0.00000,0.06108,0.16392,0.00000,0.00000,0.00000,0.00000,0.06321,0.03143,0.00000,0.00000,0.00000,0.01162,0.22258,0.00000,0.00000,0.00000,0.00000,0.00000,0.00000,0.00283,0.00000,0.00000,0.00000,0.22140,0.00607,0.00000,0.00000,0.00000,0.00000,0.00000,0.00000,0.00248,0.00371,0.00000,0.00000,0.00000,0.89657,2.24950,0.60700,0.60300,2.24200,0.95500,0,0.90000,0.89657,0.00000,0.00000,0.00000,0.60300,0.60700,3.74550
30,0.00000,0.00000,0.00000,0.00000,0.00000,0.00000,0.00000,0.00000,0.00000,0.00000,0.00000,0.00000,0.00000,0.00000,0.00000,0.00000,0.00000,0.00000,0.00000,0.00000,0.00000,0.00000,0.00000,0.00000,0.00000,0.00000,0.00000,0.00000,0.00000,0.00000,0.00000,0.00000,0.00000,0.00000,0.00000,0.00000,0.00000,0.00000,0.00000,0.00000,0.00000,0.00000,0.00000,0.00000,0.00000,0.00000,0.00000,0.00000,0.00000,0.00000,0.00000,0.00000,0.00000,0.00000,0.00000,0.00000,0.00000,0.00000,0.00000,0.00000,0.00000,0.00000,0.00000,0.00000,0.00000,0.00053,0.01733,0.00000,0.00000,0.00000,0.08278,0.08384,0.00000,0.00000,0.00000,0.00000,0.00000,0.20519,0.01592,0.00000,0.00000,0.00000,0.00000,0.21633,0.00000,0.00000,0.00000,0.00000,0.17712,0.06221,0.00000,0.00000,0.00000,0.00000,0.00000,0.06675,0.01126,0.00000,0.00000,0.00000,0.10100,0.00000,0.00000,0.00000,0.00000,0.00000,0.00000,0.00000,0.00000,0.00000,0.00000,0.00000,0.90000,0.89657,2.29850,0.49200,0.49000,4.25600,0.87200,0,0.90000,0.72307,0.00000,0.00000,0.00000,0.49000,0.49800,2.34850
31,0.00000,0.00000,0.00000,0.00000,0.00000,0.00000,0.00000,0.00000,0.00000,0.00000,0.00000,0.00000,0.00000,0.00000,0.00000,0.00000,0.00000,0.00000,0.00000,0.00000,0.00000,0.00000,0.00000,0.00000,0.00000,0.00000,0.00000,0.00000,0.00000,0.00000,0.00000,0.00000,0.00000,0.00000,0.00000,0.00000,0.00000,0.00000,0.00000,0.00000,0.00000,0.00000,0.00000,0.00000,0.00000,0.00000,0.00000,0.00000,0.00000,0.00000,0.00000,0.00000,0.00000,0.00000,0.00000,0.00000,0.00000,0.00000,0.00000,0.00000,0.00000,0.00000,0.00000,0.00000,0.00000,0.00000,0.03573,0.00000,0.00000,0.00000,0.00000,0.00000,0.00000,0.00000,0.00000,0.00000,0.07795,0.05206,0.00000,0.00000,0.00000,0.00000,0.02011,0.11079,0.00000,0.00000,0.00000,0.00000,0.17989,0.00000,0.00000,0.00000,0.00000,0.00000,0.00000,0.21191,0.00000,0.00000,0.00000,0.00000,0.00000,0.00000,0.00000,0.00000,0.00000,0.00000,0.00000,0.06922,0.02099,0.00000,0.00000,0.00000,0.90000,0.72307,0.40000,0.37600,1.95450,5.00000,0.77300,0,0.90000,0.64354,0.00000,0.00000,0.00000,4.16050,0.37600,4.81450
32,0.00000,0.00000,0.00000,0.00000,0.00000,0.00000,0.00000,0.00000,0.00000,0.00000,0.00000,0.00000,0.00000,0.00000,0.00000,0.00000,0.00000,0.00000,0.00000,0.00000,0.00000,0.00000,0.00000,0.00000,0.00000,0.00000,0.00000,0.00000,0.00000,0.00000,0.00000,0.00000,0.00000,0.00000,0.00000,0.00000,0.00000,0.00000,0.00000,0.00000,0.00000,0.00000,0.00000,0.00000,0.00000,0.00000,0.00000,0.00000,0.00000,0.00000,0.00000,0.00000,0.00000,0.00000,0.00000,0.00000,0.00000,0.00000,0.00000,0.00000,0.00389,0.00000,0.00000,0.00000,0.00000,0.00000,0.00000,0.00000,0.00000,0.00000,0.00000,0.00000,0.05749,0.11338,0.00000,0.00000,0.00000,0.00000,0.00000,0.00000,0.01244,0.00313,0.00000,0.00000,0.00000,0.00000,0.02229,0.10401,0.00000,0.00000,0.00000,0.00000,0.00000,0.00000,0.00000,0.00000,0.00000,0.00000,0.00000,0.00000,0.00000,0.00000,0.00000,0.00000,0.00000,0.00000,0.00000,0.00000,0.00000,0.00000,0.00000,0.00000,0.90000,0.64354,0.29700,1.85450,3.19400,0.66500,0.78900,0,0.00000,0.77367,0.00000,0.00000,0.00000,4.14050,0.29700,0.66500
33,0.00000,0.00000,0.00000,0.00000,0.00000,0.00000,0.00000,0.00000,0.00000,0.00000,0.00000,0.00000,0.00000,0.00000,0.00000,0.00000,0.00000,0.00000,0.00000,0.00000,0.00000,0.00000,0.00000,0.00000,0.00000,0.00000,0.00000,0.00000,0.00000,0.00000,0.00000,0.00000,0.00000,0.00000,0.00000,0.00000,0.00000,0.00000,0.00000,0.00000,0.00000,0.00000,0.00000,0.00000,0.00000,0.00000,0.00000,0.00000,0.00000,0.00000,0.00000,0.00000,0.00000,0.00000,0.00000,0.00000,0.00000,0.00035,0.00000,0.00000,0.00000,0.00000,0.00000,0.00000,0.00000,0.00000,0.00000,0.00000,0.00000,0.00000,0.11097,0.13308,0.02217,0.00000,0.00000,0.00000,0.00000,0.00000,0.00000,0.00000,0.00000,0.00000,0.00000,0.00000,0.01504,0.10985,0.01167,0.00000,0.00000,0.00000,0.00000,0.00000,0.00000,0.00000,0.00000,0.00000,0.00000,0.00360,0.14805,0.16002,0.00000,0.00000,0.00000,0.00000,0.00000,0.00000,0.00000,0.00000,0.00000,0.00000,0.00000,0.00973,0.00000,0.77367,1.72900,2.70250,3.89000,0.57100,5.00000,0,-0.90000,0.68692,0.00000,0.00000,0.00000,4.83950,4.47550,0.57100
34,0.00000,0.00000,0.00000,0.00000,0.00000,0.00000,0.00000,0.00000,0.00000,0.00000,0.00000,0.00000,0.00000,0.00000,0.00000,0.00000,0.00000,0.00000,0.00000,0.00000,0.00000,0.00000,0.00000,0.00000,0.00000,0.00000,0.00000,0.00000,0.00000,0.00000,0.00000,0.00000,0.00000,0.00000,0.00000,0.00000,0.00000,0.00000,0.00000,0.00000,0.00000,0.00000,0.00000,0.00000,0.00000,0.00000,0.00000,0.00000,0.00000,0.00000,0.00000,0.00000,0.00000,0.00000,0.00000,0.00000,0.03927,0.00000,0.00000,0.00000,0.00000,0.00000,0.00000,0.00000,0.00000,0.00000,0.00000,0.00000,0.07111,0.14965,0.06739,0.00000,0.00000,0.00000,0.00000,0.00000,0.00000,0.00000,0.00000,0.00000,0.00000,0.00000,0.07494,0.06462,0.00000,0.00000,0.00000,0.00000,0.00000,0.00000,0.00000,0.00000,0.00000,0.00000,0.00000,0.00000,0.01910,0.06999,0.03685,0.00000,0.00000,0.00000,0.00000,0.00000,0.00000,0.00000,0.00000,0.00000,0.00000,0.00000,0.06963,0.12901,-0.90000,0.68692,1.67700,3.63200,0.48600,0.48900,3.93950,0,0.00000,0.69415,0.00000,0.00000,0.00000,0.48600,3.70600,0.50200
35,0.00000,0.00000,0.00000,0.00000,0.00000,0.00000,0.00000,0.00000,0.00000,0.00000,0.00000,0.00000,0.00000,0.00000,0.00000,0.00000,0.00000,0.00000,0.00000,0.00000,0.00000,0.00000,0.00000,0.00000,0.00000,0.00000,0.00000,0.00000,0.00000,0.00000,0.00000,0.00000,0.00000,0.00000,0.00000,0.00000,0.00000,0.00000,0.00000,0.00000,0.00000,0.00000,0.00000,0.00000,0.00000,0.00000,0.00000,0.00000,0.00000,0.00000,0.00000,0.00000,0.00000,0.00000,0.00000,0.01433,0.02034,0.00000,0.00000,0.00000,0.00000,0.00000,0.00000,0.00000,0.00000,0.00000,0.00000,0.00012,0.15525,0.14835,0.00018,0.00000,0.00000,0.00000,0.00000,0.00000,0.00000,0.00000,0.00000,0.00000,0.00000,0.01804,0.17529,0.10171,0.00000,0.00000,0.00000,0.00000,0.00000,0.00000,0.00000,0.00000,0.00000,0.00000,0.00000,0.07223,0.02064,0.00000,0.00000,0.00000,0.00000,0.00000,0.00000,0.00000,0.00000,0.00000,0.00000,0.00000,0.00000,0.00000,0.00000,0.00000,0.00000,0.69415,1.58800,1.62300,3.15400,0.37900,0.51900,0,-0.90000,0.70138,0.00000,0.00000,0.00000,3.51900,3.32000,0.37900
36,0.00000,0.00000,0.00000,0.00000,0.00000,0.00000,0.00000,0.00000,0.00000,0.00000,0.00000,0.00000,0.00000,0.00000,0.00000,0.00000,0.00000,0.00000,0.00000,0.00000,0.00000,0.00000,0.00000,0.00000,0.00000,0.00000,0.00000,0.00000,0.00000,0.00000,0.00000,0.00000,0.00000,0.00000,0.00000,0.00000,0.00000,0.00000,0.00000,0.00000,0.00000,0.00000,0.00000,0.00336,0.00000,0.00000,0.00000,0.00000,0.00000,0.00000,0.00000,0.00000,0.00000,0.00000,0.00000,0.03384,0.13243,0.00000,0.00000,0.00000,0.00000,0.00000,0.00000,0.00000,0.00000,0.00000,0.00000,0.00000,0.06026,0.19959,0.00371,0.00000,0.00000,0.00000,0.00000,0.00000,0.00000,0.00000,0.00000,0.00000,0.00000,0.00831,0.19133,0.05489,0.00000,0.00000,0.00000,0.00000,0.00000,0.00000,0.00000,0.00000,0.00000,0.00000,0.00000,0.14404,0.11368,0.00000,0.00000,0.00000,0.00000,0.00000,0.00000,0.00000,0.00000,0.00000,0.00000,0.00000,0.08314,0.16857,0.00000,0.00000,-0.90000,0.70138,1.56400,1.59150,3.21900,0.35250,0.36500,0,0.00000,0.72307,0.00000,0.00000,0.00000,3.58400,3.45300,0.35250
37,0.00000,0.00000,0.00000,0.00000,0.00000,0.00000,0.00000,0.00000,0.00000,0.00000,0.00000,0.00000,0.00000,0.00000,0.00000,0.00000,0.00000,0.00000,0.00000,0.00000,0.00000,0.00000,0.00000,0.00000,0.00000,0.00000,0.00000,0.00000,0.00000,0.00000,0.00000,0.00000,0.00000,0.00000,0.00000,0.00000,0.00000,0.00000,0.00000,0.00000,0.00000,0.00000,0.00000,0.00000,0.00000,0.00000,0.00000,0.00000,0.00000,0.00000,0.00000,0.00000,0.00000,0.00000,0.00000,0.00254,0.14870,0.00000,0.00000,0.00000,0.00000,0.00000,0.00000,0.00000,0.00000,0.00000,0.00000,0.00000,0.03897,0.20584,0.00177,0.00000,0.00000,0.00000,0.00000,0.00000,0.00000,0.00000,0.00000,0.00000,0.00000,0.01415,0.21079,0.01828,0.00000,0.00000,0.00000,0.00000,0.00000,0.00000,0.00000,0.00000,0.00000,0.00000,0.00088,0.20590,0.04864,0.00000,0.00000,0.00000,0.00000,0.00000,0.00000,0.00000,0.00000,0.00000,0.00000,0.00000,0.15796,0.07252,0.00000,0.00000,0.00000,0.72307,1.51900,1.54100,3.53600,3.99200,0.31900,0,0.00000,0.71584,0.00000,0.00000,0.00000,3.61900,3.70800,0.31900
38,0.00000,0.00000,0.00000,0.00000,0.00000,0.00000,0.00000,0.00000,0.00000,0.00000,0.00000,0.00000,0.00000,0.00000,0.00000,0.00000,0.00000,0.00000,0.00000,0.00000,0.00000,0.00000,0.00000,0.00000,0.00000,0.00000,0.00000,0.00000,0.00000,0.00000,0.00000,0.00000,0.00000,0.00000,0.00000,0.00000,0.00000,0.00000,0.00000,0.00000,0.00000,0.00000,0.00000,0.00000,0.00000,0.00000,0.00000,0.00000,0.00000,0.00000,0.00000,0.00000,0.00000,0.00000,0.00000,0.00000,0.09923,0.04404,0.00000,0.00000,0.00000,0.00000,0.00000,0.00000,0.00000,0.00000,0.00000,0.00000,0.00000,0.18998,0.05130,0.00000,0.00000,0.00000,0.00000,0.05324,0.03644,0.00000,0.00000,0.00000,0.00000,0.00000,0.18756,0.05460,0.00000,0.00000,0.00000,0.00000,0.00000,0.00000,0.00000,0.00000,0.00000,0.00000,0.00000,0.14092,0.00501,0.00000,0.00000,0.00000,0.00000,0.00000,0.00000,0.00000,0.00000,0.00000,0.00000,0.00000,0.11533,0.02529,0.00000,0.00000,0.00000,0.71584,1.45600,1.49050,3.66000,5.00000,0.29100,0,0.00000,0.71584,0.00000,0.00000,0.00000,4.21500,4.01100,0.29100
39,0.00000,0.00000,0.00000,0.00000,0.00000,0.00000,0.00000,0.00000,0.00000,0.00000,0.00000,0.00000,0.00000,0.00000,0.00000,0.00000,0.00000,0.00000,0.00000,0.00000,0.00000,0.00000,0.00000,0.00000,0.00000,0.00000,0.00000,0.00000,0.00000,0.00000,0.00000,0.00000,0.00000,0.00000,0.00000,0.00000,0.00000,0.00000,0.00000,0.00000,0.00000,0.00000,0.00000,0.00000,0.00601,0.00000,0.00000,0.00000,0.00000,0.00000,0.00000,0.00000,0.00000,0.00000,0.00000,0.00000,0.17123,0.05130,0.00000,0.00000,0.00000,0.00000,0.00000,0.00000,0.01008,0.00000,0.00000,0.00000,0.00000,0.20466,0.03573,0.00000,0.00000,0.00000,0.00130,0.07866,0.07659,0.00000,0.00000,0.00000,0.00000,0.00000,0.21722,0.01663,0.00000,0.00000,0.00000,0.00000,0.00000,0.00000,0.00000,0.00000,0.00000,0.00000,0.00136,0.13272,0.00000,0.00000,0.00000,0.00000,0.00000,0.00000,0.00000,0.00000,0.00000,0.00000,0.00000,0.00000,0.00000,0.00000,0.00000,0.00000,0.00000,0.71584,1.43700,1.46500,3.67100,4.94300,0.27700,0,0.00000,0.72307,0.00000,0.00000,0.00000,4.09900,3.97300,0.27700
40,0.00000,0.00000,0.00000,0.00000,0.00000,0.00000,0.00000,0.00000,0.00000,0.00000,0.00000,0.00000,0.00000,0.00000,0.00000,0.00000,0.00000,0.00000,0.00000,0.00000,0.00000,0.00000,0.00000,0.00000,0.00000,0.00000,0.00000,0.00000,0.00000,0.00000,0.00000,0.00000,0.00000,0.00000,0.00000,0.00000,0.00000,0.00000,0.00000,0.00000,0.00000,0.00000,0.00000,0.00000,0.00000,0.00000,0.00000,0.00000,0.00000,0.00000,0.00000,0.00000,0.00000,0.00000,0.00000,0.00000,0.10979,0.02836,0.00000,0.00000,0.00000,0.00000,0.00000,0.00000,0.02105,0.00000,0.00000,0.00000,0.00006,0.22883,0.00301,0.00000,0.00000,0.00000,0.00666,0.12246,0.03838,0.00000,0.00000,0.00000,0.00000,0.01274,0.22288,0.00000,0.00000,0.00000,0.00000,0.00000,0.00000,0.00000,0.00000,0.00000,0.00000,0.00000,0.04121,0.19245,0.00000,0.00000,0.00000,0.00000,0.00000,0.00000,0.00000,0.00000,0.00000,0.00000,0.00000,0.06138,0.00000,0.00000,0.00000,0.00000,0.00000,0.72307,1.39300,1.41850,3.65200,5.00000,0.26100,0,-0.90000,0.72307,0.00000,0.00000,0.00000,4.19900,4.00550,0.26100
41,0.00000,0.00000,0.00000,0.00000,0.00000,0.00000,0.00000,0.00000,0.00000,0.00000,0.00000,0.00000,0.00000,0.00000,0.00000,0.00000,0.00000,0.00000,0.00000,0.00000,0.00000,0.00000,0.00000,0.00000,0.00000,0.00000,0.00000,0.00000,0.00000,0.00000,0.00000,0.00000,0.00000,0.00000,0.00000,0.00000,0.00000,0.00000,0.00000,0.00000,0.00000,0.00000,0.00000,0.00000,0.00000,0.00000,0.00000,0.00000,0.00000,0.00000,0.00000,0.00000,0.00000,0.00000,0.00000,0.00000,0.06156,0.02211,0.00000,0.00000,0.00000,0.00000,0.00000,0.00000,0.05307,0.00000,0.00000,0.00000,0.00094,0.21680,0.00000,0.00000,0.00000,0.00000,0.01103,0.12270,0.03184,0.00000,0.00000,0.00000,0.00000,0.03697,0.17583,0.00000,0.00000,0.00000,0.00000,0.00000,0.00000,0.00000,0.00000,0.00000,0.00000,0.00000,0.10041,0.13096,0.00000,0.00000,0.00000,0.00000,0.00000,0.00000,0.00000,0.00000,0.00000,0.00000,0.00000,0.13585,0.06952,0.00000,0.00000,0.00000,-0.90000,0.72307,3.32600,1.34100,3.38400,4.35700,5.00000,0,0.00000,0.72307,0.00000,0.00000,0.00000,3.57800,3.46400,4.01500
42,0.00000,0.00000,0.00000,0.00000,0.00000,0.00000,0.00000,0.00000,0.00000,0.00000,0.00000,0.00000,0.00000,0.00000,0.00000,0.00000,0.00000,0.00000,0.00000,0.00000,0.00000,0.00000,0.00000,0.00000,0.00000,0.00000,0.00000,0.00000,0.00000,0.00000,0.00000,0.00000,0.00000,0.00000,0.00000,0.00000,0.00000,0.00000,0.00000,0.00000,0.00000,0.00000,0.00000,0.00000,0.00000,0.00000,0.00000,0.00000,0.00000,0.00000,0.00000,0.00000,0.00000,0.00000,0.00000,0.00000,0.00118,0.09151,0.00000,0.00000,0.00000,0.00000,0.00000,0.00000,0.05212,0.00165,0.00000,0.00000,0.00000,0.18361,0.03219,0.00000,0.00000,0.00000,0.00047,0.07983,0.14876,0.00000,0.00000,0.00000,0.00000,0.00000,0.21474,0.00000,0.00000,0.00000,0.00000,0.00000,0.00000,0.00000,0.00000,0.00000,0.00000,0.00000,0.03998,0.02087,0.00000,0.00000,0.00000,0.00000,0.00000,0.00000,0.00000,0.00000,0.00000,0.00000,0.00000,0.04882,0.00035,0.00000,0.00000,0.00000,0.00000,0.72307,2.93700,1.31700,3.23550,4.07700,5.00000,0,0.00000,0.72307,0.00000,0.00000,0.00000,3.49800,1.31700,3.64500
43,0.00000,0.00000,0.00000,0.00000,0.00000,0.00000,0.00000,0.00000,0.00000,0.00000,0.00000,0.00000,0.00000,0.00000,0.00000,0.00000,0.00000,0.00000,0.00000,0.00000,0.00000,0.00000,0.00000,0.00000,0.00000,0.00000,0.00000,0.00000,0.00000,0.00000,0.00000,0.00000,0.00000,0.00000,0.00000,0.00000,0.00000,0.00000,0.00000,0.00000,0.00000,0.00000,0.00000,0.00000,0.00000,0.00000,0.00000,0.00000,0.00000,0.00000,0.00000,0.00000,0.00000,0.00000,0.00000,0.00000,0.00000,0.05041,0.00000,0.00000,0.00000,0.00000,0.00000,0.00000,0.00000,0.10153,0.00000,0.00000,0.00000,0.03608,0.17052,0.00000,0.00000,0.00000,0.00000,0.06509,0.08455,0.01380,0.00000,0.00000,0.00000,0.00000,0.16026,0.05943,0.00000,0.00000,0.00000,0.00000,0.10772,0.00000,0.00000,0.00000,0.00000,0.00000,0.00000,0.13249,0.00000,0.00000,0.00000,0.00000,0.00000,0.00000,0.00000,0.00000,0.00000,0.00000,0.00000,0.00000,0.00000,0.00000,0.00000,0.00000,0.00000,0.72307,2.62150,1.24400,1.24250,4.47900,5.00000,0,0.00000,0.72307,0.00000,0.00000,0.00000,3.49900,1.24250,3.77600
44,0.00000,0.00000,0.00000,0.00000,0.00000,0.00000,0.00000,0.00000,0.00000,0.00000,0.00000,0.00000,0.00000,0.00000,0.00000,0.00000,0.00000,0.00000,0.00000,0.00000,0.00000,0.00000,0.00000,0.00000,0.00000,0.00000,0.00000,0.00000,0.00000,0.00000,0.00000,0.00000,0.00000,0.00000,0.00000,0.00000,0.00000,0.00000,0.00000,0.00000,0.00000,0.00000,0.00000,0.00000,0.00000,0.00000,0.00000,0.00000,0.00000,0.00000,0.00000,0.00000,0.00000,0.00000,0.00000,0.00000,0.00000,0.01167,0.00425,0.00000,0.00000,0.00000,0.00000,0.00000,0.00000,0.15584,0.00000,0.00000,0.00000,0.00637,0.19139,0.00000,0.00000,0.00000,0.00065,0.08231,0.13048,0.04994,0.00000,0.00000,0.00000,0.00000,0.14375,0.06002,0.00000,0.00000,0.00000,0.00000,0.00142,0.00000,0.00000,0.00000,0.00000,0.00000,0.00000,0.21014,0.00000,0.00000,0.00000,0.00000,0.00000,0.00000,0.00000,0.00000,0.00000,0.00000,0.00000,0.09599,0.08762,0.00000,0.00000,0.00000,0.00000,0.72307,2.66550,1.19800,1.18800,4.54000,5.00000,0,-0.90000,0.72307,0.00000,0.00000,0.00000,3.44100,1.18800,3.87300
45,0.00000,0.00000,0.00000,0.00000,0.00000,0.00000,0.00000,0.00000,0.00000,0.00000,0.00000,0.00000,0.00000,0.00000,0.00000,0.00000,0.00000,0.00000,0.00000,0.00000,0.00000,0.00000,0.00000,0.00000,0.00000,0.00000,0.00000,0.00000,0.00000,0.00000,0.00000,0.00000,0.00000,0.00000,0.00000,0.00000,0.00000,0.00000,0.00000,0.00000,0.00000,0.00000,0.00000,0.00000,0.00000,0.00000,0.00000,0.00000,0.00000,0.00000,0.00000,0.00000,0.00000,0.00024,0.00029,0.00000,0.00000,0.00195,0.00000,0.00000,0.00000,0.00000,0.00000,0.00000,0.00000,0.17606,0.00472,0.00000,0.00000,0.01026,0.17565,0.00000,0.00000,0.00000,0.00177,0.08774,0.16468,0.04882,0.00000,0.00000,0.00000,0.00000,0.17111,0.02329,0.00000,0.00000,0.00000,0.00000,0.05572,0.00000,0.00000,0.00000,0.00000,0.00000,0.00289,0.21574,0.00000,0.00000,0.00000,0.00000,0.00000,0.00000,0.00000,0.00000,0.00000,0.00000,0.00000,0.14587,0.04428,0.00000,0.00000,0.00000,-0.90000,0.72307,2.74350,1.14700,1.13500,4.37650,5.00000,0,0.00000,0.72307,0.00000,0.00000,0.00000,1.15600,1.13500,3.66350
46,0.00000,0.00000,0.00000,0.00000,0.00000,0.00000,0.00000,0.00000,0.00000,0.00000,0.00000,0.00000,0.00000,0.00000,0.00000,0.00000,0.00000,0.00000,0.00000,0.00000,0.00000,0.00000,0.00000,0.00000,0.00000,0.00000,0.00000,0.00000,0.00000,0.00000,0.00000,0.00000,0.00000,0.00000,0.00000,0.00000,0.00000,0.00000,0.00000,0.00000,0.00000,0.00000,0.00000,0.00000,0.00000,0.00000,0.00000,0.00000,0.00000,0.00000,0.00000,0.00000,0.00000,0.00000,0.00000,0.00000,0.00000,0.00000,0.00071,0.00000,0.00000,0.00000,0.00000,0.00000,0.00000,0.11881,0.02871,0.00000,0.00000,0.00000,0.19847,0.00000,0.00000,0.00000,0.00000,0.10083,0.08237,0.13202,0.00000,0.00000,0.00000,0.00000,0.11250,0.09198,0.00000,0.00000,0.00000,0.00000,0.16114,0.00000,0.00000,0.00000,0.00000,0.00000,0.00000,0.17954,0.00000,0.00000,0.00000,0.00000,0.00000,0.00000,0.00000,0.00000,0.00000,0.00000,0.00000,0.08231,0.02294,0.00000,0.00000,0.00000,0.00000,0.72307,2.54550,1.09000,1.08450,4.57450,5.00000,0,0.00000,0.72307,0.00000,0.00000,0.00000,1.08450,2.37350,3.98000
47,0.00000,0.00000,0.00000,0.00000,0.00000,0.00000,0.00000,0.00000,0.00000,0.00000,0.00000,0.00000,0.00000,0.00000,0.00000,0.00000,0.00000,0.00000,0.00000,0.00000,0.00000,0.00000,0.00000,0.00000,0.00000,0.00000,0.00000,0.00000,0.00000,0.00000,0.00000,0.00000,0.00000,0.00000,0.00000,0.00000,0.00000,0.00000,0.00000,0.00000,0.00000,0.00000,0.00000,0.00000,0.00000,0.00000,0.00000,0.00000,0.00000,0.00000,0.00000,0.00000,0.00000,0.00000,0.00000,0.00000,0.00000,0.00000,0.00000,0.00000,0.00000,0.00000,0.00000,0.00000,0.00000,0.00224,0.17235,0.00000,0.00000,0.00000,0.08096,0.10106,0.00000,0.00000,0.00000,0.01963,0.00000,0.20802,0.00867,0.00000,0.00000,0.00000,0.00000,0.20731,0.00000,0.00000,0.00000,0.00000,0.19953,0.04086,0.00000,0.00000,0.00000,0.00000,0.00000,0.08827,0.00654,0.00000,0.00000,0.00000,0.04228,0.00000,0.00000,0.00000,0.00000,0.00000,0.00000,0.00000,0.00000,0.00000,0.00000,0.00000,0.00000,0.72307,2.38200,1.06400,1.08600,4.69100,5.00000,0,0.00000,0.72307,0.00000,0.00000,0.00000,1.08600,2.81950,4.01550
48,0.00000,0.00000,0.00000,0.00000,0.00000,0.00000,0.00000,0.00000,0.00000,0.00000,0.00000,0.00000,0.00000,0.00000,0.00000,0.00000,0.00000,0.00000,0.00000,0.00000,0.00000,0.00000,0.00000,0.00000,0.00000,0.00000,0.00000,0.00000,0.00000,0.00000,0.00000,0.00000,0.00000,0.00000,0.00000,0.00000,0.00000,0.00000,0.00000,0.00000,0.00000,0.00000,0.00000,0.00000,0.00000,0.00000,0.00000,0.00000,0.00000,0.00000,0.00000,0.00000,0.00000,0.00000,0.00000,0.00142,0.00000,0.00000,0.00000,0.00000,0.00000,0.00000,0.00000,0.00000,0.00000,0.00000,0.15407,0.02211,0.00000,0.00000,0.00755,0.16651,0.00000,0.00000,0.00000,0.00389,0.00000,0.15660,0.06504,0.00000,0.00000,0.00000,0.00000,0.20383,0.00083,0.00000,0.00000,0.00000,0.13608,0.10024,0.00000,0.00000,0.00000,0.00000,0.00000,0.03614,0.17241,0.00000,0.00000,0.00000,0.11568,0.00000,0.00000,0.00000,0.00000,0.00000,0.00000,0.00000,0.04988,0.00000,0.00000,0.00000,0.00000,0.72307,2.46250,1.01300,1.02800,5.00000,5.00000,0,0.00000,0.72307,0.00000,0.00000,0.00000,1.02800,3.00550,5.00000
49,0.00000,0.00000,0.00000,0.00000,0.00000,0.00000,0.00000,0.00000,0.00000,0.00000,0.00000,0.00000,0.00000,0.00000,0.00000,0.00000,0.00000,0.00000,0.00000,0.00000,0.00000,0.00000,0.00000,0.00000,0.00000,0.00000,0.00000,0.00000,0.00000,0.00000,0.00000,0.00000,0.00000,0.00000,0.00000,0.00000,0.00000,0.00000,0.00000,0.00000,0.00000,0.00000,0.00000,0.00000,0.00000,0.00000,0.00000,0.00000,0.00000,0.00000,0.00000,0.00000,0.00000,0.00000,0.00000,0.00000,0.00000,0.00000,0.00000,0.00000,0.00000,0.00000,0.00000,0.00000,0.00000,0.00000,0.08084,0.00000,0.00000,0.00000,0.00000,0.13585,0.00000,0.00000,0.00000,0.00000,0.00000,0.11138,0.09487,0.00000,0.00000,0.00000,0.00000,0.17500,0.03037,0.00000,0.00000,0.00000,0.09210,0.14617,0.00000,0.00000,0.00000,0.00000,0.00000,0.00307,0.21274,0.00000,0.00000,0.00000,0.16698,0.00000,0.00000,0.00000,0.00000,0.00000,0.00000,0.00000,0.17936,0.00000,0.00000,0.00000,0.00000,0.72307,2.49650,0.96400,0.98000,5.00000,5.00000,0,0.00000,0.72307,0.00000,0.00000,0.00000,0.98000,0.96800,5.00000
50,0.00000,0.00000,0.00000,0.00000,0.00000,0.00000,0.00000,0.00000,0.00000,0.00000,0.00000,0.00000,0.00000,0.00000,0.00000,0.00000,0.00000,0.00000,0.00000,0.00000,0.00000,0.00000,0.00000,0.00000,0.00000,0.00000,0.00000,0.00000,0.00000,0.00000,0.00000,0.00000,0.00000,0.00000,0.00000,0.00000,0.00000,0.00000,0.00000,0.00000,0.00000,0.00000,0.00000,0.00000,0.00000,0.00000,0.00000,0.00000,0.00000,0.00000,0.00000,0.00000,0.00000,0.00000,0.00000,0.00000,0.00000,0.00000,0.00000,0.00000,0.00000,0.00000,0.00000,0.00000,0.00000,0.00000,0.09021,0.03343,0.00000,0.00000,0.00000,0.13231,0.00000,0.00000,0.00000,0.00000,0.00000,0.08072,0.11810,0.00000,0.00000,0.00000,0.00000,0.13650,0.08054,0.00000,0.00000,0.00000,0.05200,0.18219,0.00000,0.00000,0.00000,0.00000,0.00000,0.00000,0.20413,0.00000,0.00000,0.00000,0.19422,0.00000,0.00000,0.00000,0.00000,0.00000,0.00000,0.00000,0.13673,0.01822,0.00000,0.00000,0.00000,0.72307,2.48850,0.93800,0.95850,5.00000,5.00000,0,0.00000,0.72307,0.00000,0.00000,0.00000,0.95850,0.94100,2.08250
51,0.00000,0.00000,0.00000,0.00000,0.00000,0.00000,0.00000,0.00000,0.00000,0.00000,0.00000,0.00000,0.00000,0.00000,0.00000,0.00000,0.00000,0.00000,0.00000,0.00000,0.00000,0.00000,0.00000,0.00000,0.00000,0.00000,0.00000,0.00000,0.00000,0.00000,0.00000,0.00000,0.00000,0.00000,0.00000,0.00000,0.00000,0.00000,0.00000,0.00000,0.00000,0.00000,0.00000,0.00000,0.00000,0.00000,0.00000,0.00000,0.00000,0.00000,0.00000,0.00000,0.00000,0.00000,0.00000,0.00000,0.00000,0.00000,0.00000,0.00000,0.00000,0.00000,0.00000,0.00000,0.00000,0.00000,0.03255,0.04811,0.00000,0.00000,0.00000,0.09835,0.00000,0.00000,0.00000,0.04104,0.00000,0.03296,0.14145,0.00000,0.00000,0.00000,0.00000,0.04469,0.14175,0.00000,0.00000,0.00000,0.00808,0.21940,0.00000,0.00000,0.00000,0.00000,0.00000,0.00000,0.20377,0.00000,0.00000,0.00000,0.22417,0.00896,0.00000,0.00000,0.00000,0.00000,0.00000,0.00000,0.06598,0.10507,0.00000,0.00000,0.00000,0.72307,2.44750,0.88800,1.50850,5.00000,5.00000,0,0.00000,0.72307,0.00000,0.00000,0.00000,2.74250,0.88800,1.97350
52,0.00000,0.00000,0.00000,0.00000,0.00000,0.00000,0.00000,0.00000,0.00000,0.00000,0.00000,0.00000,0.00000,0.00000,0.00000,0.00000,0.00000,0.00000,0.00000,0.00000,0.00000,0.00000,0.00000,0.00000,0.00000,0.00000,0.00000,0.00000,0.00000,0.00000,0.00000,0.00000,0.00000,0.00000,0.00000,0.00000,0.00000,0.00000,0.00000,0.00000,0.00000,0.00000,0.00000,0.00000,0.00000,0.00000,0.00000,0.00000,0.00000,0.00000,0.00000,0.00000,0.00000,0.00000,0.00000,0.00000,0.00000,0.00000,0.00000,0.00000,0.00000,0.00000,0.00000,0.00000,0.00000,0.00000,0.00371,0.10755,0.00000,0.00000,0.00000,0.04422,0.07907,0.00000,0.00000,0.00743,0.00000,0.00000,0.06757,0.00177,0.00000,0.00000,0.00000,0.00000,0.04369,0.00000,0.00000,0.00000,0.00000,0.18809,0.02435,0.00000,0.00000,0.00000,0.00000,0.00000,0.13939,0.06279,0.00000,0.00000,0.16026,0.07182,0.00000,0.00000,0.00000,0.00000,0.00000,0.00000,0.00000,0.18272,0.00000,0.00000,0.00000,0.72307,2.38450,0.80700,0.82300,0.82100,5.00000,0,0.00000,0.72307,0.00000,0.00000,0.00000,3.71750,0.80700,0.82100
53,0.00000,0.00000,0.00000,0.00000,0.00000,0.00000,0.00000,0.00000,0.00000,0.00000,0.00000,0.00000,0.00000,0.00000,0.00000,0.00000,0.00000,0.00000,0.00000,0.00000,0.00000,0.00000,0.00000,0.00000,0.00000,0.00000,0.00000,0.00000,0.00000,0.00000,0.00000,0.00000,0.00000,0.00000,0.00000,0.00000,0.00000,0.00000,0.00000,0.00000,0.00000,0.00000,0.00000,0.00000,0.00000,0.00000,0.00000,0.00000,0.00000,0.00000,0.00000,0.00000,0.00000,0.00000,0.00000,0.00000,0.00000,0.00000,0.00000,0.00000,0.00000,0.00000,0.00000,0.00000,0.00000,0.00000,0.00000,0.07199,0.00000,0.00000,0.00000,0.00000,0.12205,0.00265,0.05371,0.01509,0.00000,0.00000,0.05855,0.04351,0.00000,0.00000,0.00000,0.00000,0.18644,0.00000,0.00000,0.04581,0.00000,0.06863,0.00000,0.00000,0.00000,0.00000,0.00000,0.00000,0.00000,0.00867,0.00000,0.00000,0.09275,0.12129,0.00000,0.00000,0.00000,0.00000,0.00000,0.00000,0.00000,0.00265,0.00000,0.00000,0.00000,0.72307,2.39200,0.75300,1.19050,0.76600,5.00000,0,0.00000,0.72307,0.00000,0.00000,0.00000,2.13150,0.75300,0.76600
54,0.00000,0.00000,0.00000,0.00000,0.00000,0.00000,0.00000,0.00000,0.00000,0.00000,0.00000,0.00000,0.00000,0.00000,0.00000,0.00000,0.00000,0.00000,0.00000,0.00000,0.00000,0.00000,0.00000,0.00000,0.00000,0.00000,0.00000,0.00000,0.00000,0.00000,0.00000,0.00000,0.00000,0.00000,0.00000,0.00000,0.00000,0.00000,0.00000,0.00000,0.00000,0.00000,0.00000,0.00000,0.00000,0.00000,0.00000,0.00000,0.00000,0.00000,0.00000,0.00000,0.00000,0.00000,0.00000,0.00000,0.00000,0.00000,0.00000,0.00000,0.00000,0.00000,0.00000,0.00000,0.00000,0.00000,0.00000,0.11268,0.00000,0.00000,0.00000,0.00000,0.07588,0.00000,0.00301,0.00000,0.00000,0.00000,0.10507,0.10330,0.00000,0.00000,0.00000,0.00000,0.15761,0.05483,0.00000,0.02211,0.00000,0.00000,0.03502,0.00000,0.00000,0.00000,0.00000,0.00000,0.00000,0.10330,0.00000,0.00000,0.02907,0.08308,0.00000,0.00000,0.00000,0.00000,0.00000,0.00000,0.00000,0.00000,0.00000,0.00000,0.00000,0.72307,2.37400,0.69300,0.95900,0.71200,5.00000,0,0.00000,0.72307,0.00000,0.00000,0.00000,1.46850,0.69300,0.71200
55,0.00000,0.00000,0.00000,0.00000,0.00000,0.00000,0.00000,0.00000,0.00000,0.00000,0.00000,0.00000,0.00000,0.00000,0.00000,0.00000,0.00000,0.00000,0.00000,0.00000,0.00000,0.00000,0.00000,0.00000,0.00000,0.00000,0.00000,0.00000,0.00000,0.00000,0.00000,0.00000,0.00000,0.00000,0.00000,0.00000,0.00000,0.00000,0.00000,0.00000,0.00000,0.00000,0.00000,0.00000,0.00000,0.00000,0.00000,0.00000,0.00000,0.00000,0.00000,0.00000,0.00000,0.00000,0.00000,0.00000,0.00000,0.00000,0.00000,0.00000,0.00000,0.00000,0.00000,0.00000,0.00000,0.00000,0.00000,0.06545,0.00035,0.00000,0.00000,0.00000,0.02583,0.00000,0.00000,0.00000,0.00000,0.00000,0.05554,0.15849,0.00000,0.00000,0.00000,0.00000,0.06686,0.13673,0.04422,0.11993,0.00000,0.00000,0.12612,0.00000,0.00000,0.00000,0.00000,0.00000,0.00000,0.21327,0.00006,0.00000,0.00000,0.00000,0.00000,0.00000,0.00000,0.00000,0.00000,0.00000,0.00000,0.03797,0.04410,0.00000,0.00000,0.72307,2.26000,0.66100,0.92900,0.69100,5.00000,0,0.00000,0.72307,0.00000,0.00000,0.00000,1.38150,0.66100,0.69100
56,0.00000,0.00000,0.00000,0.00000,0.00000,0.00000,0.00000,0.00000,0.00000,0.00000,0.00000,0.00000,0.00000,0.00000,0.00000,0.00000,0.00000,0.00000,0.00000,0.00000,0.00000,0.00000,0.00000,0.00000,0.00000,0.00000,0.00000,0.00000,0.00000,0.00000,0.00000,0.00000,0.00000,0.00000,0.00000,0.00000,0.00000,0.00000,0.00000,0.00000,0.00000,0.00000,0.00000,0.00000,0.00000,0.00000,0.00000,0.00000,0.00000,0.00000,0.00000,0.00000,0.00000,0.00000,0.00000,0.00000,0.00000,0.00000,0.00000,0.00000,0.00000,0.00000,0.00000,0.00000,0.00000,0.00000,0.00000,0.05153,0.01728,0.00000,0.00000,0.00000,0.00000,0.00000,0.00000,0.00000,0.01415,0.00000,0.00955,0.20873,0.00000,0.00000,0.00000,0.00000,0.00000,0.17954,0.00584,0.06651,0.00000,0.00000,0.21792,0.00690,0.00000,0.00000,0.00000,0.00000,0.00000,0.14198,0.07028,0.00000,0.00000,0.09440,0.05737,0.00000,0.00000,0.00000,0.00000,0.00000,0.00000,0.00000,0.20731,0.00000,0.00000,0.72307,2.26900,0.59900,0.86600,0.81350,5.00000,0,0.00000,0.71584,0.00000,0.00000,0.00000,1.13550,0.59900,0.81350
57,0.00000,0.00000,0.00000,0.00000,0.00000,0.00000,0.00000,0.00000,0.00000,0.00000,0.00000,0.00000,0.00000,0.00000,0.00000,0.00000,0.00000,0.00000,0.00000,0.00000,0.00000,0.00000,0.00000,0.00000,0.00000,0.00000,0.00000,0.00000,0.00000,0.00000,0.00000,0.00000,0.00000,0.00000,0.00000,0.00000,0.00000,0.00000,0.00000,0.00000,0.00000,0.00000,0.00000,0.00000,0.00000,0.00000,0.00000,0.00000,0.00000,0.00000,0.00000,0.00000,0.00000,0.00000,0.00000,0.00000,0.00000,0.00000,0.00000,0.00000,0.00000,0.00000,0.00000,0.00000,0.00000,0.00000,0.00000,0.00466,0.01904,0.00000,0.00000,0.00000,0.00000,0.00000,0.00000,0.00000,0.01592,0.00000,0.00000,0.19027,0.00077,0.00000,0.00000,0.00000,0.00000,0.09941,0.00000,0.04387,0.00654,0.00000,0.16291,0.06474,0.00000,0.00000,0.00000,0.00000,0.00000,0.05560,0.15189,0.00159,0.00000,0.07671,0.13131,0.00000,0.00000,0.00000,0.00000,0.00000,0.00000,0.00000,0.17193,0.00937,0.00000,0.71584,2.25500,0.53500,0.76050,0.56600,5.00000,0,0.00000,0.71584,0.00000,0.00000,0.00000,0.97600,0.53500,0.56600
58,0.00000,0.00000,0.00000,0.00000,0.00000,0.00000,0.00000,0.00000,0.00000,0.00000,0.00000,0.00000,0.00000,0.00000,0.00000,0.00000,0.00000,0.00000,0.00000,0.00000,0.00000,0.00000,0.00000,0.00000,0.00000,0.00000,0.00000,0.00000,0.00000,0.00000,0.00000,0.00000,0.00000,0.00000,0.00000,0.00000,0.00000,0.00000,0.00000,0.00000,0.00000,0.00000,0.00000,0.00000,0.00000,0.00000,0.00000,0.00000,0.00000,0.00000,0.00000,0.00000,0.00000,0.00000,0.00000,0.00000,0.00000,0.00000,0.00000,0.00000,0.00000,0.00000,0.00000,0.00000,0.00000,0.00000,0.00000,0.00000,0.00000,0.00000,0.00000,0.00000,0.00000,0.00000,0.00000,0.00000,0.00000,0.00000,0.00000,0.10212,0.00649,0.00000,0.00000,0.00000,0.00000,0.00637,0.00336,0.00000,0.03255,0.00000,0.03060,0.19192,0.00000,0.00000,0.00000,0.00000,0.00000,0.00000,0.18379,0.00000,0.00000,0.00000,0.21262,0.00000,0.00000,0.00000,0.00000,0.00000,0.00000,0.00000,0.03237,0.15849,0.00000,0.71584,2.29250,0.47100,0.60600,0.53000,0.53100,0,0.90000,0.71584,0.00000,0.00000,0.00000,0.60600,0.47100,0.53000
59,0.00000,0.00000,0.00000,0.00000,0.00000,0.00000,0.00000,0.00000,0.00000,0.00000,0.00000,0.00000,0.00000,0.00000,0.00000,0.00000,0.00000,0.00000,0.00000,0.00000,0.00000,0.00000,0.00000,0.00000,0.00000,0.00000,0.00000,0.00000,0.00000,0.00000,0.00000,0.00000,0.00000,0.00000,0.00000,0.00000,0.00000,0.00000,0.00000,0.00000,0.00000,0.00000,0.00000,0.00000,0.00000,0.00000,0.00000,0.00000,0.00000,0.00000,0.00000,0.00000,0.00000,0.00000,0.00000,0.00000,0.00000,0.00000,0.00000,0.00000,0.00000,0.00000,0.00000,0.00000,0.00000,0.00000,0.00000,0.00000,0.00000,0.00000,0.00000,0.00000,0.00000,0.00000,0.00000,0.00000,0.00000,0.00000,0.00000,0.00554,0.02205,0.00000,0.00000,0.00000,0.00000,0.00000,0.00000,0.00000,0.00000,0.00000,0.00000,0.20177,0.00413,0.00000,0.00000,0.00000,0.00000,0.00000,0.00000,0.06297,0.00000,0.00000,0.12382,0.10012,0.00000,0.00000,0.00000,0.00000,0.00000,0.00000,0.00000,0.08384,0.90000,0.71584,2.09450,0.40600,0.54200,0.97200,0.45600,0,0.00000,0.70861,0.00000,0.00000,0.00000,0.53500,0.40600,0.45600
60,0.00000,0.00000,0.00000,0.00000,0.00000,0.00000,0.00000,0.00000,0.00000,0.00000,0.00000,0.00000,0.00000,0.00000,0.00000,0.00000,0.00000,0.00000,0.00000,0.00000,0.00000,0.00000,0.00000,0.00000,0.00000,0.00000,0.00000,0.00000,0.00000,0.00000,0.00000,0.00000,0.00000,0.00000,0.00000,0.00000,0.00000,0.00000,0.00000,0.00000,0.00000,0.00000,0.00000,0.00000,0.00000,0.00000,0.00000,0.00000,0.00000,0.00000,0.00000,0.00000,0.00000,0.00000,0.00000,0.00000,0.00000,0.00000,0.00000,0.00000,0.00000,0.00000,0.00000,0.00000,0.00000,0.00000,0.00000,0.00000,0.00000,0.00000,0.00000,0.00000,0.00000,0.00000,0.00000,0.00000,0.00000,0.00000,0.00000,0.00000,0.00000,0.00000,0.00000,0.00000,0.00000,0.00000,0.00000,0.00000,0.00000,0.00000,0.00018,0.04723,0.00000,0.00000,0.00000,0.00000,0.00000,0.00000,0.00000,0.00000,0.00000,0.00000,0.15973,0.01893,0.00000,0.00000,0.00000,0.00000,0.00000,0.00000,0.00000,0.07394,0.00000,0.70861,0.35900,0.35000,0.96150,0.54000,0.40200,0,0.00000,0.70861,0.00000,0.00000,0.00000,1.73250,0.35000,0.40200
61,0.00000,0.00000,0.00000,0.00000,0.00000,0.00000,0.00000,0.00000,0.00000,0.00000,0.00000,0.00000,0.00000,0.00000,0.00000,0.00000,0.00000,0.00000,0.00000,0.00000,0.00000,0.00000,0.00000,0.00000,0.00000,0.00000,0.00000,0.00000,0.00000,0.00000,0.00000,0.00000,0.00000,0.00000,0.00000,0.00000,0.00000,0.00000,0.00000,0.00000,0.00000,0.00000,0.00000,0.00000,0.00000,0.00000,0.00000,0.00000,0.00000,0.00000,0.00000,0.00000,0.00000,0.00000,0.00000,0.00000,0.00000,0.00000,0.00000,0.00000,0.00000,0.00000,0.00000,0.00000,0.00000,0.00000,0.00000,0.00000,0.00000,0.00000,0.00000,0.00000,0.00000,0.00000,0.00000,0.00000,0.00000,0.00000,0.00000,0.00000,0.00000,0.00000,0.00000,0.00000,0.00000,0.00000,0.00000,0.00000,0.00000,0.00000,0.00071,0.00000,0.00000,0.00000,0.00000,0.00000,0.00000,0.00159,0.00000,0.00000,0.00265,0.01592,0.04599,0.00000,0.00000,0.00000,0.00000,0.00000,0.00000,0.00000,0.00000,0.00018,0.00000,0.70861,0.29300,0.42400,1.07000,0.35650,0.35200,0,0.00000,0.70861,0.00000,0.00000,0.00000,2.41550,0.29300,0.35200
62,0.00000,0.00000,0.00000,0.00000,0.00000,0.00000,0.00000,0.00000,0.00000,0.00000,0.00000,0.00000,0.00000,0.00000,0.00000,0.00000,0.00000,0.00000,0.00000,0.00000,0.00000,0.00000,0.00000,0.00000,0.00000,0.00000,0.00000,0.00000,0.00000,0.00000,0.00000,0.00000,0.00000,0.00000,0.00000,0.00000,0.00000,0.00000,0.00000,0.00000,0.00000,0.00000,0.00000,0.00000,0.00000,0.00000,0.00000,0.00000,0.00000,0.00000,0.00000,0.00000,0.00000,0.00000,0.00000,0.00000,0.00000,0.00000,0.00000,0.00000,0.00000,0.00000,0.00000,0.00000,0.00000,0.00000,0.00000,0.00000,0.00000,0.00000,0.00000,0.00000,0.00000,0.00000,0.00000,0.00000,0.00000,0.00000,0.00000,0.00000,0.00000,0.00000,0.00000,0.00000,0.00000,0.00000,0.00000,0.00000,0.00000,0.00000,0.00000,0.00000,0.00000,0.00000,0.00000,0.00000,0.00000,0.00000,0.00000,0.00000,0.00000,0.00000,0.00000,0.00000,0.00000,0.00000,0.00000,0.00000,0.00000,0.00000,0.00000,0.00000,0.00000,0.70861,0.26200,0.39000,1.30450,0.45600,0.30800,0,0.00000,0.70861,0.00000,0.00000,0.00000,2.14950,0.26200,0.30800
63,0.00000,0.00000,0.00000,0.00000,0.00000,0.00000,0.00000,0.00000,0.00000,0.00000,0.00000,0.00000,0.00000,0.00000,0.00000,0.00000,0.00000,0.00000,0.00000,0.00000,0.00000,0.00000,0.00000,0.00000,0.00000,0.00000,0.00000,0.00000,0.00000,0.00000,0.00000,0.00000,0.00000,0.00000,0.00000,0.00000,0.00000,0.00000,0.00000,0.00000,0.00000,0.00000,0.00000,0.00000,0.00000,0.00000,0.00000,0.00000,0.00000,0.00000,0.00000,0.00000,0.00000,0.00000,0.00000,0.00000,0.00000,0.00000,0.00000,0.00000,0.00000,0.00000,0.00000,0.00000,0.00000,0.00000,0.00000,0.00000,0.00000,0.00000,0.00000,0.00000,0.00000,0.00000,0.00000,0.00000,0.00000,0.00000,0.00000,0.00000,0.00000,0.00000,0.00000,0.00000,0.00000,0.00000,0.00000,0.00000,0.01627,0.00000,0.00000,0.00000,0.00000,0.00000,0.00000,0.00000,0.00000,0.00000,0.08314,0.01893,0.01987,0.11297,0.00000,0.00000,0.00000,0.00000,0.00000,0.00000,0.00000,0.01910,0.00000,0.00000,0.00000,0.70861,0.22200,0.45500,1.14850,0.40000,0.25700,0,0.00000,0.71584,0.00000,0.00000,0.00000,1.89550,0.22200,0.25700
64,0.00000,0.00000,0.00000,0.00000,0.00000,0.00000,0.00000,0.00000,0.00000,0.00000,0.00000,0.00000,0.00000,0.00000,0.00000,0.00000,0.00000,0.00000,0.00000,0.00000,0.00000,0.00000,0.00000,0.00000,0.00000,0.00000,0.00000,0.00000,0.00000,0.00000,0.00000,0.00000,0.00000,0.00000,0.00000,0.00000,0.00000,0.00000,0.00000,0.00000,0.00000,0.00000,0.00000,0.00000,0.00000,0.00000,0.00000,0.00000,0.00000,0.00000,0.00000,0.00000,0.00000,0.00000,0.00000,0.00000,0.00000,0.00000,0.00000,0.00000,0.00000,0.00000,0.00000,0.00000,0.00000,0.00000,0.00000,0.00000,0.00000,0.00000,0.00000,0.00000,0.00000,0.00000,0.00000,0.00000,0.00000,0.00000,0.00000,0.00000,0.00000,0.00000,0.00000,0.00000,0.00000,0.00000,0.00000,0.00000,0.00000,0.00000,0.00000,0.00000,0.00000,0.00000,0.00000,0.00000,0.00000,0.00000,0.00000,0.01415,0.00000,0.00000,0.00000,0.00000,0.00000,0.00000,0.00000,0.00000,0.00000,0.00000,0.10525,0.14009,0.00000,0.71584,0.28700,0.58200,1.09550,0.35250,0.22750,0,0.00000,0.71584,0.00000,0.00000,0.00000,1.66550,0.28700,0.22750
65,0.00000,0.00000,0.00000,0.00000,0.00000,0.00000,0.00000,0.00000,0.00000,0.00000,0.00000,0.00000,0.00000,0.00000,0.00000,0.00000,0.00000,0.00000,0.00000,0.00000,0.00000,0.00000,0.00000,0.00000,0.00000,0.00000,0.00000,0.00000,0.00000,0.00000,0.00000,0.00000,0.00000,0.00000,0.00000,0.00000,0.00000,0.00000,0.00000,0.00000,0.00000,0.00000,0.00000,0.00000,0.00000,0.00000,0.00000,0.00000,0.00000,0.00000,0.00000,0.00000,0.00000,0.00000,0.00000,0.00000,0.00000,0.00000,0.00000,0.00000,0.00000,0.00000,0.00000,0.00000,0.00000,0.00000,0.00000,0.00000,0.00000,0.00000,0.00000,0.00000,0.00000,0.00000,0.00000,0.00195,0.00371,0.00000,0.00000,0.00000,0.00000,0.00000,0.00000,0.00000,0.00000,0.00000,0.00000,0.00000,0.01521,0.09941,0.00000,0.00000,0.00000,0.00000,0.00000,0.00000,0.00000,0.00000,0.00000,0.00000,0.00000,0.00177,0.00000,0.00000,0.00000,0.00000,0.00000,0.00000,0.00000,0.00000,0.00000,0.00000,0.00000,0.71584,0.24700,0.53200,1.03950,0.31900,0.19600,0,0.00000,0.70861,0.00000,0.00000,0.00000,1.46750,0.24700,0.19600
66,0.00000,0.00000,0.00000,0.00000,0.00000,0.00000,0.00000,0.00000,0.00000,0.00000,0.00000,0.00000,0.00000,0.00000,0.00000,0.00000,0.00000,0.00000,0.00000,0.00000,0.00000,0.00000,0.00000,0.00000,0.00000,0.00000,0.00000,0.00000,0.00000,0.00000,0.00000,0.00000,0.00000,0.00000,0.00000,0.00000,0.00000,0.00000,0.00000,0.00000,0.00000,0.00000,0.00000,0.00000,0.00000,0.00000,0.00000,0.00000,0.00000,0.00000,0.00000,0.00000,0.00000,0.00000,0.00000,0.00000,0.00000,0.00000,0.00000,0.00000,0.00000,0.00000,0.00000,0.00000,0.00000,0.00000,0.00000,0.00000,0.00000,0.00000,0.00000,0.00000,0.00000,0.00000,0.00000,0.00000,0.00000,0.01574,0.00000,0.00000,0.00000,0.00000,0.00000,0.00000,0.00000,0.00000,0.00000,0.00000,0.00000,0.01539,0.00088,0.00000,0.00000,0.00000,0.00000,0.00000,0.00000,0.00000,0.00000,0.00000,0.00000,0.00000,0.00000,0.00000,0.00000,0.00000,0.00000,0.00000,0.00000,0.00000,0.00000,0.00000,0.00000,0.70861,0.31300,0.65200,0.80550,0.27400,0.18350,0,0.00000,0.70861,0.00000,0.00000,0.00000,1.26350,0.31300,0.18350
67,0.00000,0.00000,0.00000,0.00000,0.00000,0.00000,0.00000,0.00000,0.00000,0.00000,0.00000,0.00000,0.00000,0.00000,0.00000,0.00000,0.00000,0.00000,0.00000,0.00000,0.00000,0.00000,0.00000,0.00000,0.00000,0.00000,0.00000,0.00000,0.00000,0.00000,0.00000,0.00000,0.00000,0.00000,0.00000,0.00000,0.00000,0.00000,0.00000,0.00000,0.00000,0.00000,0.00000,0.00000,0.00000,0.00000,0.00000,0.00000,0.00000,0.00000,0.00000,0.00000,0.00000,0.00000,0.00000,0.00000,0.00000,0.00000,0.00000,0.00000,0.00000,0.00000,0.00000,0.00000,0.00000,0.00000,0.00000,0.00000,0.00000,0.00000,0.00000,0.00000,0.00000,0.00000,0.00000,0.00000,0.00000,0.00000,0.00000,0.00000,0.00000,0.00000,0.00000,0.00000,0.00000,0.00000,0.00000,0.00000,0.00018,0.00000,0.00000,0.00000,0.00000,0.00000,0.00000,0.00000,0.00000,0.00000,0.07429,0.00000,0.00000,0.00000,0.00000,0.00000,0.00000,0.00000,0.00000,0.00000,0.00000,0.05165,0.07465,0.06633,0.00000,0.70861,0.27400,0.61200,0.74400,0.36000,0.21300,0,0.00000,0.70861,0.00000,0.00000,0.00000,1.11300,0.27400,0.21300
68,0.00000,0.00000,0.00000,0.00000,0.00000,0.00000,0.00000,0.00000,0.00000,0.00000,0.00000,0.00000,0.00000,0.00000,0.00000,0.00000,0.00000,0.00000,0.00000,0.00000,0.00000,0.00000,0.00000,0.00000,0.00000,0.00000,0.00000,0.00000,0.00000,0.00000,0.00000,0.00000,0.00000,0.00000,0.00000,0.00000,0.00000,0.00000,0.00000,0.00000,0.00000,0.00000,0.00000,0.00000,0.00000,0.00000,0.00000,0.00000,0.00000,0.00000,0.00000,0.00000,0.00000,0.00000,0.00000,0.00000,0.00000,0.00000,0.00000,0.00000,0.00000,0.00000,0.00000,0.00000,0.00000,0.00000,0.00000,0.00000,0.00000,0.00000,0.00000,0.00000,0.00000,0.00000,0.00000,0.00000,0.00000,0.00000,0.00000,0.00000,0.00000,0.00000,0.00000,0.00000,0.00000,0.00000,0.00000,0.00000,0.00000,0.00000,0.00000,0.00000,0.00000,0.00000,0.00000,0.00000,0.00000,0.00000,0.00000,0.00000,0.00000,0.00000,0.00000,0.00000,0.00000,0.00000,0.00000,0.00000,0.00000,0.00000,0.00000,0.00000,0.00000,0.70861,0.38800,0.69900,0.68700,0.30250,0.18400,0,0.00000,0.71584,0.00000,0.00000,0.00000,0.88550,0.38800,0.18400
69,0.00000,0.00000,0.00000,0.00000,0.00000,0.00000,0.00000,0.00000,0.00000,0.00000,0.00000,0.00000,0.00000,0.00000,0.00000,0.00000,0.00000,0.00000,0.00000,0.00000,0.00000,0.00000,0.00000,0.00000,0.00000,0.00000,0.00000,0.00000,0.00000,0.00000,0.00000,0.00000,0.00000,0.00000,0.00000,0.00000,0.00000,0.00000,0.00000,0.00000,0.00000,0.00000,0.00000,0.00000,0.00000,0.00000,0.00000,0.00000,0.00000,0.00000,0.00000,0.00000,0.00000,0.00000,0.00000,0.00000,0.00000,0.00000,0.00000,0.00000,0.00000,0.00000,0.00000,0.00000,0.00000,0.00000,0.00000,0.00000,0.00000,0.00000,0.00000,0.00000,0.00000,0.00000,0.00000,0.00000,0.00725,0.00000,0.00000,0.00000,0.00000,0.00000,0.00000,0.00000,0.00000,0.00000,0.00000,0.00000,0.00389,0.00000,0.00000,0.00000,0.00000,0.00000,0.00000,0.00000,0.00000,0.00000,0.00000,0.00000,0.01309,0.00000,0.00000,0.00000,0.00000,0.00000,0.00000,0.00000,0.00000,0.00000,0.00000,0.00000,0.00000,0.71584,0.35200,0.68200,0.63400,0.27300,0.15500,0,0.00000,0.71584,0.00000,0.00000,0.00000,0.82600,0.35200,0.15500
70,0.00000,0.00000,0.00000,0.00000,0.00000,0.00000,0.00000,0.00000,0.00000,0.00000,0.00000,0.00000,0.00000,0.00000,0.00000,0.00000,0.00000,0.00000,0.00000,0.00000,0.00000,0.00000,0.00000,0.00000,0.00000,0.00000,0.00000,0.00000,0.00000,0.00000,0.00000,0.00000,0.00000,0.00000,0.00000,0.00000,0.00000,0.00000,0.00000,0.00000,0.00000,0.00000,0.00000,0.00000,0.00000,0.00000,0.00000,0.00000,0.00000,0.00000,0.00000,0.00000,0.00000,0.00000,0.00000,0.00000,0.00000,0.00000,0.00000,0.00000,0.00000,0.00000,0.00000,0.00000,0.00000,0.00000,0.00000,0.00000,0.00000,0.00000,0.00000,0.00000,0.00000,0.00000,0.00000,0.00000,0.00000,0.00000,0.00000,0.00000,0.00000,0.00000,0.00000,0.00000,0.00000,0.00000,0.00000,0.00000,0.00000,0.00000,0.00000,0.00000,0.00000,0.00000,0.00000,0.00000,0.00000,0.00000,0.00000,0.00000,0.00000,0.00000,0.00000,0.00000,0.00000,0.00000,0.00000,0.00000,0.05873,0.01539,0.00000,0.00000,0.00000,0.71584,0.32300,0.85150,0.58100,0.22700,0.22700,0,-0.90000,0.71584,0.00000,0.00000,0.00000,0.38700,0.32300,0.22700
71,0.00000,0.00000,0.00000,0.00000,0.00000,0.00000,0.00000,0.00000,0.00000,0.00000,0.00000,0.00000,0.00000,0.00000,0.00000,0.00000,0.00000,0.00000,0.00000,0.00000,0.00000,0.00000,0.00000,0.00000,0.00000,0.00000,0.00000,0.00000,0.00000,0.00000,0.00000,0.00000,0.00000,0.00000,0.00000,0.00000,0.00000,0.00000,0.00000,0.00000,0.00000,0.00000,0.00000,0.00000,0.00000,0.00000,0.00000,0.00000,0.00000,0.00000,0.00000,0.00000,0.00000,0.00000,0.00000,0.00000,0.00000,0.00000,0.00000,0.00000,0.00000,0.00000,0.00000,0.00000,0.00000,0.00000,0.00000,0.00000,0.00000,0.00000,0.00000,0.00000,0.00000,0.00000,0.00000,0.00000,0.00000,0.00000,0.00000,0.00000,0.00000,0.00000,0.00000,0.00000,0.00000,0.00000,0.00000,0.00000,0.00088,0.00000,0.00000,0.00000,0.00000,0.00000,0.00000,0.00000,0.00000,0.00000,0.00000,0.00000,0.00000,0.00000,0.00000,0.00000,0.00000,0.00000,0.00000,0.00000,0.00000,0.00890,0.13827,0.00000,-0.90000,0.71584,0.42200,0.97200,0.53500,0.33400,0.17500,0,0.00000,0.71584,0.00000,0.00000,0.00000,0.33400,1.23950,0.17500
72,0.00000,0.00000,0.00000,0.00000,0.00000,0.00000,0.00000,0.00000,0.00000,0.00000,0.00000,0.00000,0.00000,0.00000,0.00000,0.00000,0.00000,0.00000,0.00000,0.00000,0.00000,0.00000,0.00000,0.00000,0.00000,0.00000,0.00000,0.00000,0.00000,0.00000,0.00000,0.00000,0.00000,0.00000,0.00000,0.00000,0.00000,0.00000,0.00000,0.00000,0.00000,0.00000,0.00000,0.00000,0.00000,0.00000,0.00000,0.00000,0.00000,0.00000,0.00000,0.00000,0.00000,0.00000,0.00000,0.00000,0.00000,0.00000,0.00000,0.00000,0.00000,0.00000,0.00000,0.00000,0.00000,0.00000,0.00000,0.00000,0.00000,0.00000,0.00000,0.00000,0.00000,0.00000,0.00000,0.00000,0.00000,0.00000,0.00000,0.00000,0.00000,0.00000,0.00000,0.00000,0.00000,0.00000,0.00000,0.00000,0.00000,0.00000,0.00000,0.00000,0.00000,0.00000,0.00000,0.00000,0.00000,0.00000,0.00000,0.00000,0.00000,0.00000,0.00000,0.00000,0.00000,0.00000,0.00000,0.00000,0.00000,0.00000,0.00000,0.00000,0.00000,0.71584,0.37300,0.71500,0.84700,0.26950,0.15000,0,0.00000,0.71584,0.00000,0.00000,0.00000,0.47300,0.37300,0.15000
73,0.00000,0.00000,0.00000,0.00000,0.00000,0.00000,0.00000,0.00000,0.00000,0.00000,0.00000,0.00000,0.00000,0.00000,0.00000,0.00000,0.00000,0.00000,0.00000,0.00000,0.00000,0.00000,0.00000,0.00000,0.00000,0.00000,0.00000,0.00000,0.00000,0.00000,0.00000,0.00000,0.00000,0.00000,0.00000,0.00000,0.00000,0.00000,0.00000,0.00000,0.00000,0.00000,0.00000,0.00000,0.00000,0.00000,0.00000,0.00000,0.00000,0.00000,0.00000,0.00000,0.00000,0.00000,0.00000,0.00000,0.00000,0.00000,0.00000,0.00000,0.00000,0.00000,0.00000,0.00000,0.00000,0.00000,0.00000,0.00000,0.00000,0.00000,0.00000,0.00000,0.00000,0.00000,0.00000,0.00000,0.00000,0.00000,0.00000,0.00000,0.00000,0.00000,0.00000,0.00000,0.00000,0.00000,0.00000,0.00000,0.00000,0.00000,0.00000,0.00000,0.00000,0.00000,0.00000,0.00000,0.00000,0.00000,0.04688,0.00000,0.00000,0.00000,0.00000,0.00000,0.00000,0.00000,0.00000,0.00000,0.00000,0.09575,0.03939,0.00000,0.00000,0.71584,0.32400,0.65100,0.78700,0.41200,0.22300,0,0.00000,0.71584,0.00000,0.00000,0.00000,0.97450,0.32400,0.22300
74,0.00000,0.00000,0.00000,0.00000,0.00000,0.00000,0.00000,0.00000,0.00000,0.00000,0.00000,0.00000,0.00000,0.00000,0.00000,0.00000,0.00000,0.00000,0.00000,0.00000,0.00000,0.00000,0.00000,0.00000,0.00000,0.00000,0.00000,0.00000,0.00000,0.00000,0.00000,0.00000,0.00000,0.00000,0.00000,0.00000,0.00000,0.00000,0.00000,0.00000,0.00000,0.00000,0.00000,0.00000,0.00000,0.00000,0.00000,0.00000,0.00000,0.00000,0.00000,0.00000,0.00000,0.00000,0.00000,0.00000,0.00000,0.00000,0.00000,0.00000,0.00000,0.00000,0.00000,0.00000,0.00000,0.00000,0.00000,0.00000,0.00000,0.00000,0.00000,0.00000,0.00000,0.00000,0.00000,0.00000,0.00000,0.00000,0.00000,0.00000,0.00000,0.00000,0.00000,0.00000,0.00000,0.00000,0.00000,0.00000,0.00000,0.00000,0.00000,0.00000,0.00000,0.00000,0.00000,0.00000,0.00000,0.00000,0.00000,0.00000,0.00000,0.00000,0.00000,0.00000,0.00000,0.00000,0.00000,0.00000,0.00000,0.00000,0.00000,0.00000,0.00000,0.71584,0.27800,0.59500,0.89750,0.34450,0.19600,0,0.00000,0.71584,0.00000,0.00000,0.00000,1.10350,0.27800,0.19600
75,0.00000,0.00000,0.00000,0.00000,0.00000,0.00000,0.00000,0.00000,0.00000,0.00000,0.00000,0.00000,0.00000,0.00000,0.00000,0.00000,0.00000,0.00000,0.00000,0.00000,0.00000,0.00000,0.00000,0.00000,0.00000,0.00000,0.00000,0.00000,0.00000,0.00000,0.00000,0.00000,0.00000,0.00000,0.00000,0.00000,0.00000,0.00000,0.00000,0.00000,0.00000,0.00000,0.00000,0.00000,0.00000,0.00000,0.00000,0.00000,0.00000,0.00000,0.00000,0.00000,0.00000,0.00000,0.00000,0.00000,0.00000,0.00000,0.00000,0.00000,0.00000,0.00000,0.00000,0.00000,0.00000,0.00000,0.00000,0.00000,0.00000,0.00000,0.00000,0.00000,0.00000,0.00000,0.00000,0.00000,0.00000,0.00035,0.00000,0.00000,0.00000,0.00000,0.00000,0.00000,0.00000,0.00000,0.00000,0.00000,0.00000,0.00000,0.00000,0.00000,0.00000,0.00000,0.00000,0.00000,0.00000,0.00000,0.00000,0.00000,0.00000,0.00000,0.00000,0.00000,0.00000,0.00000,0.00000,0.00000,0.00000,0.00000,0.00000,0.00000,0.00000,0.71584,0.32900,0.54000,0.83650,0.31850,0.30400,0,0.00000,0.00000,0.00000,0.00000,0.00000,1.19900,0.32900,0.30400
76,0.00000,0.00000,0.00000,0.00000,0.00000,0.00000,0.00000,0.00000,0.00000,0.00000,0.00000,0.00000,0.00000,0.00000,0.00000,0.00000,0.00000,0.00000,0.00000,0.00000,0.00000,0.00000,0.00000,0.00000,0.00000,0.00000,0.00000,0.00000,0.00000,0.00000,0.00000,0.00000,0.00000,0.00000,0.00000,0.00000,0.00000,0.00000,0.00000,0.00000,0.00000,0.00000,0.00000,0.00000,0.00000,0.00000,0.00000,0.00000,0.00000,0.00000,0.00000,0.00000,0.00000,0.00000,0.00000,0.00000,0.00000,0.00000,0.00000,0.00000,0.00000,0.00000,0.00000,0.00000,0.00000,0.00000,0.00000,0.00000,0.00000,0.00000,0.00000,0.00000,0.00000,0.00000,0.00000,0.00000,0.06120,0.00000,0.00000,0.00000,0.00000,0.00000,0.00000,0.00000,0.00000,0.00000,0.00000,0.00000,0.05142,0.15236,0.00000,0.00000,0.00000,0.00000,0.00000,0.00000,0.00000,0.00000,0.01450,0.09729,0.00000,0.02176,0.00000,0.00000,0.00000,0.00000,0.00000,0.00000,0.00000,0.00000,0.09057,0.00000,0.00000,0.00000,0.27900,0.49700,0.94800,0.39250,0.24750,0,0.00000,0.00000,0.00000,0.00000,0.00000,1.33000,0.27900,0.24750
77,0.00000,0.00000,0.00000,0.00000,0.00000,0.00000,0.00000,0.00000,0.00000,0.00000,0.00000,0.00000,0.00000,0.00000,0.00000,0.00000,0.00000,0.00000,0.00000,0.00000,0.00000,0.00000,0.00000,0.00000,0.00000,0.00000,0.00000,0.00000,0.00000,0.00000,0.00000,0.00000,0.00000,0.00000,0.00000,0.00000,0.00000,0.00000,0.00000,0.00000,0.00000,0.00000,0.00000,0.00000,0.00000,0.00000,0.00000,0.00000,0.00000,0.00000,0.00000,0.00000,0.00000,0.00000,0.00000,0.00000,0.00000,0.00000,0.00000,0.00000,0.00000,0.00000,0.00000,0.00000,0.00000,0.00000,0.00000,0.00000,0.00000,0.00000,0.00000,0.00000,0.00000,0.00000,0.00000,0.00000,0.00000,0.00000,0.00000,0.00000,0.00000,0.00000,0.00000,0.00000,0.00000,0.00000,0.00000,0.00000,0.00000,0.00000,0.00000,0.00000,0.00000,0.00000,0.00000,0.00000,0.00000,0.00000,0.00000,0.00000,0.09269,0.06704,0.00000,0.00000,0.00000,0.00000,0.00000,0.00000,0.00000,0.00000,0.00000,0.00000,0.00000,0.00000,0.27200,0.49300,0.92350,0.38700,0.23600,0,0.00000,0.00000,0.00000,0.00000,0.00000,1.29500,0.27200,0.23600
78,0.00000,0.00000,0.00000,0.00000,0.00000,0.00000,0.00000,0.00000,0.00000,0.00000,0.00000,0.00000,0.00000,0.00000,0.00000,0.00000,0.00000,0.00000,0.00000,0.00000,0.00000,0.00000,0.00000,0.00000,0.00000,0.00000,0.00000,0.00000,0.00000,0.00000,0.00000,0.00000,0.00000,0.00000,0.00000,0.00000,0.00000,0.00000,0.00000,0.00000,0.00000,0.00000,0.00000,0.00000,0.00000,0.00000,0.00000,0.00000,0.00000,0.00000,0.00000,0.00000,0.00000,0.00000,0.00000,0.00000,0.00000,0.00000,0.00000,0.00000,0.00000,0.00000,0.00000,0.00000,0.00000,0.00000,0.00000,0.00000,0.00000,0.00000,0.00000,0.00000,0.00000,0.00000,0.00000,0.00000,0.00000,0.00000,0.00000,0.00000,0.00000,0.00000,0.00000,0.00000,0.00000,0.00000,0.00000,0.00000,0.00035,0.00000,0.00000,0.00000,0.00000,0.00000,0.00000,0.00000,0.00000,0.00000,0.00000,0.00000,0.10784,0.07506,0.00000,0.00000,0.00000,0.00000,0.00000,0.00000,0.00000,0.00000,0.00000,0.00000,0.00000,0.00000,0.27200,0.63400,0.92350,0.38600,0.23600,0,0.00000,0.00000,0.00000,0.00000,0.00000,1.29550,0.27200,0.23600
79,0.00000,0.00000,0.00000,0.00000,0.00000,0.00000,0.00000,0.00000,0.00000,0.00000,0.00000,0.00000,0.00000,0.00000,0.00000,0.00000,0.00000,0.00000,0.00000,0.00000,0.00000,0.00000,0.00000,0.00000,0.00000,0.00000,0.00000,0.00000,0.00000,0.00000,0.00000,0.00000,0.00000,0.00000,0.00000,0.00000,0.00000,0.00000,0.00000,0.00000,0.00000,0.00000,0.00000,0.00000,0.00000,0.00000,0.00000,0.00000,0.00000,0.00000,0.00000,0.00000,0.00000,0.00000,0.00000,0.00000,0.00000,0.00000,0.00000,0.00000,0.00000,0.00000,0.00000,0.00000,0.00000,0.00000,0.00000,0.00000,0.00000,0.00000,0.00000,0.00000,0.00000,0.00000,0.00000,0.00000,0.00000,0.00000,0.00000,0.00000,0.00000,0.00000,0.00000,0.00000,0.00000,0.00000,0.00000,0.00000,0.00088,0.00000,0.00000,0.00000,0.00000,0.00000,0.00000,0.00000,0.00000,0.00000,0.00000,0.00000,0.10366,0.07376,0.00000,0.00000,0.00000,0.00000,0.00000,0.00000,0.00000,0.00000,0.00000,0.00000,0.00000,0.00000,0.27200,0.63300,0.92450,0.38500,0.23600,0,0.00000,0.00000,0.00000,0.00000,0.00000,1.29500,0.27200,0.23600
80,0.00000,0.00000,0.00000,0.00000,0.00000,0.00000,0.00000,0.00000,0.00000,0.00000,0.00000,0.00000,0.00000,0.00000,0.00000,0.00000,0.00000,0.00000,0.00000,0.00000,0.00000,0.00000,0.00000,0.00000,0.00000,0.00000,0.00000,0.00000,0.00000,0.00000,0.00000,0.00000,0.00000,0.00000,0.00000,0.00000,0.00000,0.00000,0.00000,0.00000,0.00000,0.00000,0.00000,0.00000,0.00000,0.00000,0.00601,0.00000,0.00000,0.00000,0.00000,0.00000,0.00000,0.00000,0.00000,0.01504,0.00000,0.00000,0.02199,0.10713,0.00000,0.00000,0.00000,0.00000,0.00000,0.00000,0.03679,0.09693,0.00000,0.00000,0.00000,0.17022,0.02948,0.00000,0.00000,0.00000,0.00000,0.00000,0.20395,0.00000,0.00000,0.00000,0.00000,0.00000,0.21209,0.00000,0.00000,0.00000,0.00000,0.16433,0.05996,0.00000,0.00000,0.00000,0.00000,0.00000,0.07677,0.12718,0.00000,0.00000,0.06657,0.14746,0.00000,0.00000,0.00000,0.00000,0.00000,0.00000,0.00000,0.19564,0.01415,0.00000,0.00000,0.00000,2.62400,2.21500,1.60800,3.86750,5.00000,0,0.00000,0.00000,0.00000,0.00000,0.00000,1.63400,1.60800,2.26800
81,0.00000,0.00000,0.00000,0.00000,0.00000,0.00000,0.00000,0.00000,0.00000,0.00000,0.00000,0.00000,0.00000,0.00000,0.00000,0.00000,0.00000,0.00000,0.00000,0.00000,0.00000,0.00000,0.00000,0.00000,0.00000,0.00000,0.00000,0.00000,0.00000,0.00000,0.00000,0.00000,0.00000,0.00000,0.00000,0.00000,0.00000,0.00000,0.00000,0.00000,0.00000,0.00000,0.00000,0.00000,0.00000,0.00000,0.00831,0.00000,0.00000,0.00000,0.00000,0.00000,0.00000,0.00000,0.00000,0.01698,0.00000,0.00000,0.02606,0.12022,0.00000,0.00000,0.00000,0.00000,0.00000,0.00000,0.03591,0.09888,0.00000,0.00000,0.00000,0.17022,0.03072,0.00000,0.00000,0.00000,0.00000,0.00000,0.20731,0.00000,0.00000,0.00000,0.00000,0.00006,0.21221,0.00000,0.00000,0.00000,0.00000,0.16403,0.05955,0.00000,0.00000,0.00000,0.00000,0.00000,0.07748,0.12948,0.00000,0.00000,0.06680,0.14705,0.00000,0.00000,0.00000,0.00000,0.00000,0.00000,0.00000,0.19617,0.01504,0.00000,0.00000,0.00000,2.62600,2.21750,1.60900,3.81550,5.00000,0,0.00000,0.00000,0.00000,0.00000,0.00000,1.62600,1.60900,2.27400
82,0.00000,0.00000,0.00000,0.00000,0.00000,0.00000,0.00000,0.00000,0.00000,0.00000,0.00000,0.00000,0.00000,0.00000,0.00000,0.00000,0.00000,0.00000,0.00000,0.00000,0.00000,0.00000,0.00000,0.00000,0.00000,0.00000,0.00000,0.00000,0.00000,0.00000,0.00000,0.00000,0.00000,0.00000,0.00000,0.00000,0.00000,0.00000,0.00000,0.00000,0.00000,0.00000,0.00000,0.00000,0.00000,0.00000,0.00000,0.00000,0.00000,0.00000,0.00000,0.00000,0.00000,0.00000,0.00000,0.01804,0.00000,0.00000,0.00578,0.07311,0.00000,0.00000,0.00000,0.00000,0.00000,0.00000,0.03502,0.10454,0.00000,0.00000,0.00000,0.17111,0.02966,0.00000,0.00000,0.00000,0.00000,0.00000,0.20413,0.00000,0.00000,0.00000,0.00000,0.00006,0.20814,0.00000,0.00000,0.00000,0.00000,0.16350,0.05831,0.00000,0.00000,0.00000,0.00000,0.00000,0.07588,0.12877,0.00000,0.00000,0.06627,0.14705,0.00000,0.00000,0.00000,0.00000,0.00000,0.00000,0.00000,0.19705,0.01592,0.00000,0.00000,0.00000,2.63700,2.21400,1.60700,3.80350,5.00000,0,0.00000,0.00000,0.00000,0.00000,0.00000,1.63600,1.60700,2.29200
83,0.00000,0.00000,0.00000,0.00000,0.00000,0.00000,0.00000,0.00000,0.00000,0.00000,0.00000,0.00000,0.00000,0.00000,0.00000,0.00000,0.00000,0.00000,0.00000,0.00000,0.00000,0.00000,0.00000,0.00000,0.00000,0.00000,0.00000,0.00000,0.00000,0.00000,0.00000,0.00000,0.00000,0.00000,0.00000,0.00000,0.00000,0.00000,0.00000,0.00000,0.00000,0.00000,0.00000,0.00000,0.00000,0.00000,0.00000,0.00000,0.00000,0.00000,0.00000,0.00000,0.00000,0.00000,0.00000,0.01928,0.00000,0.00000,0.01840,0.09800,0.00000,0.00000,0.00000,0.00000,0.00000,0.00000,0.03697,0.09074,0.00000,0.00000,0.00000,0.17058,0.02842,0.00000,0.00000,0.00000,0.00000,0.00000,0.20360,0.00000,0.00000,0.00000,0.00000,0.00035,0.20767,0.00000,0.00000,0.00000,0.00000,0.16403,0.05902,0.00000,0.00000,0.00000,0.00000,0.00000,0.07765,0.13337,0.00000,0.00000,0.06557,0.14670,0.00000,0.00000,0.00000,0.00000,0.00000,0.00000,0.00000,0.19687,0.01450,0.00000,0.00000,0.00000,2.63000,2.21600,1.60900,3.82150,5.00000,0,0.00000,0.00000,0.00000,0.00000,0.00000,1.64000,1.60900,2.26700
84,0.00000,0.00000,0.00000,0.00000,0.00000,0.00000,0.00000,0.00000,0.00000,0.00000,0.00000,0.00000,0.00000,0.00000,0.00000,0.00000,0.00000,0.00000,0.00000,0.00000,0.00000,0.00000,0.00000,0.00000,0.00000,0.00000,0.00000,0.00000,0.00000,0.00000,0.00000,0.00000,0.00000,0.00000,0.00000,0.00000,0.00000,0.00000,0.00000,0.00000,0.00000,0.00000,0.00000,0.00000,0.00000,0.00000,0.00000,0.00000,0.00000,0.00000,0.00000,0.00000,0.00000,0.00000,0.00000,0.01539,0.00000,0.00000,0.01515,0.09257,0.00000,0.00000,0.00000,0.00000,0.00000,0.00000,0.03838,0.09570,0.00000,0.00000,0.00000,0.17388,0.03219,0.00000,0.00000,0.00000,0.00000,0.00000,0.20395,0.00000,0.00000,0.00000,0.00000,0.00006,0.20053,0.00000,0.00000,0.00000,0.00000,0.16350,0.05955,0.00000,0.00000,0.00000,0.00000,0.00000,0.08243,0.12736,0.00000,0.00000,0.06486,0.14776,0.00000,0.00000,0.00000,0.00000,0.00000,0.00000,0.00000,0.20024,0.01557,0.00000,0.00000,0.00000,2.63800,2.21300,1.61000,3.81550,5.00000,0,0.00000,0.00000,0.00000,0.00000,0.00000,1.63400,1.61000,2.27800
85,0.00000,0.00000,0.00000,0.00000,0.00000,0.00000,0.00000,0.00000,0.00000,0.00000,0.00000,0.00000,0.00000,0.00000,0.00000,0.00000,0.00000,0.00000,0.00000,0.00000,0.00000,0.00000,0.00000,0.00000,0.00000,0.00000,0.00000,0.00000,0.00000,0.00000,0.00000,0.00000,0.00000,0.00000,0.00000,0.00000,0.00000,0.00000,0.00000,0.00000,0.00000,0.00000,0.00000,0.00000,0.00000,0.00000,0.00088,0.00000,0.00000,0.00000,0.00000,0.00000,0.00000,0.00000,0.00000,0.01840,0.00000,0.00000,0.01963,0.10596,0.00000,0.00000,0.00000,0.00000,0.00000,0.00000,0.03980,0.10118,0.00000,0.00000,0.00000,0.17093,0.02754,0.00000,0.00000,0.00000,0.00000,0.00000,0.20448,0.00000,0.00000,0.00000,0.00000,0.00035,0.21032,0.00000,0.00000,0.00000,0.00000,0.16386,0.05902,0.00000,0.00000,0.00000,0.00000,0.00000,0.08880,0.12488,0.00000,0.00000,0.06639,0.14693,0.00000,0.00000,0.00000,0.00000,0.00000,0.00000,0.00000,0.19440,0.01521,0.00000,0.00000,0.00000,2.62900,2.21650,1.61000,3.84750,5.00000,0,0.00000,0.00000,0.00000,0.00000,0.00000,1.62600,1.61000,2.26800
86,0.00000,0.00000,0.00000,0.00000,0.00000,0.00000,0.00000,0.00000,0.00000,0.00000,0.00000,0.00000,0.00000,0.00000,0.00000,0.00000,0.00000,0.00000,0.00000,0.00000,0.00000,0.00000,0.00000,0.00000,0.00000,0.00000,0.00000,0.00000,0.00000,0.00000,0.00000,0.00000,0.00000,0.00000,0.00000,0.00000,0.00000,0.00000,0.00000,0.00000,0.00000,0.00000,0.00000,0.00000,0.00000,0.00000,0.00000,0.00000,0.00000,0.00000,0.00000,0.00000,0.00000,0.00000,0.00000,0.01733,0.00000,0.00000,0.01256,0.09587,0.00000,0.00000,0.00000,0.00000,0.00000,0.00000,0.03591,0.10047,0.00000,0.00000,0.00000,0.17518,0.02895,0.00000,0.00000,0.00000,0.00000,0.00000,0.20466,0.00000,0.00000,0.00000,0.00000,0.00012,0.21091,0.00000,0.00000,0.00000,0.00000,0.16439,0.06008,0.00000,0.00000,0.00000,0.00000,0.00000,0.07748,0.13072,0.00000,0.00000,0.06675,0.14623,0.00000,0.00000,0.00000,0.00000,0.00000,0.00000,0.00000,0.19481,0.01356,0.00000,0.00000,0.00000,2.62500,1.62850,1.61000,3.83850,5.00000,0,0.00000,0.23863,0.00000,0.00000,0.00000,1.63000,1.61000,2.29000
87,0.00000,0.00000,0.00000,0.00000,0.00000,0.00000,0.00000,0.00000,0.00000,0.00000,0.00000,0.00000,0.00000,0.00000,0.00000,0.00000,0.00000,0.00000,0.00000,0.00000,0.00000,0.00000,0.00000,0.00000,0.00000,0.00000,0.00000,0.00000,0.00000,0.00000,0.00000,0.00000,0.00000,0.00000,0.00000,0.00000,0.00000,0.00000,0.00000,0.00000,0.00000,0.00000,0.00000,0.00000,0.00000,0.00000,0.00548,0.00000,0.00000,0.00000,0.00000,0.00000,0.00000,0.00000,0.00000,0.01663,0.00000,0.00000,0.01958,0.10654,0.00000,0.00000,0.00000,0.00000,0.00000,0.00000,0.03750,0.09216,0.00000,0.00000,0.00000,0.17229,0.02813,0.00000,0.00000,0.00000,0.00000,0.00000,0.20466,0.00000,0.00000,0.00000,0.00000,0.00006,0.21061,0.00000,0.00000,0.00000,0.00000,0.16421,0.05867,0.00000,0.00000,0.00000,0.00000,0.00000,0.07854,0.12152,0.00000,0.00000,0.06675,0.14640,0.00000,0.00000,0.00000,0.00000,0.00000,0.00000,0.00000,0.19192,0.01397,0.00000,0.00000,0.23863,2.63700,2.21400,1.60700,3.82750,5.00000,0,0.00000,0.64354,0.00000,0.00000,0.00000,1.63500,1.60700,2.26600
88,0.00000,0.00000,0.00000,0.00000,0.00000,0.00000,0.00000,0.00000,0.00000,0.00000,0.00000,0.00000,0.00000,0.00000,0.00000,0.00000,0.00000,0.00000,0.00000,0.00000,0.00000,0.00000,0.00000,0.00000,0.00000,0.00000,0.00000,0.00000,0.00000,0.00000,0.00000,0.00000,0.00000,0.00000,0.00000,0.00000,0.00000,0.00000,0.00000,0.00000,0.00000,0.00000,0.00000,0.00000,0.00000,0.00000,0.00159,0.00000,0.00000,0.00000,0.00000,0.00000,0.00000,0.00000,0.00000,0.01592,0.00000,0.00000,0.01751,0.08827,0.00000,0.00000,0.00000,0.00000,0.00000,0.00000,0.03538,0.08597,0.00000,0.00000,0.00000,0.16999,0.02512,0.00000,0.00000,0.00000,0.00000,0.00000,0.20395,0.00000,0.00000,0.00000,0.00000,0.00059,0.21344,0.00000,0.00000,0.00000,0.00000,0.16456,0.05867,0.00000,0.00000,0.00000,0.00000,0.00000,0.07217,0.13744,0.00000,0.00000,0.06680,0.14688,0.00000,0.00000,0.00000,0.00000,0.00000,0.00000,0.00000,0.19369,0.01539,0.00000,0.00000,0.64354,2.64400,2.21300,1.60600,3.87650,5.00000,0,0.00000,0.73029,0.00000,0.00000,0.00000,1.63200,1.60600,2.26900
89,0.00000,0.00000,0.00000,0.00000,0.00000,0.00000,0.00000,0.00000,0.00000,0.00000,0.00000,0.00000,0.00000,0.00000,0.00000,0.00000,0.00000,0.00000,0.00000,0.00000,0.00000,0.00000,0.00000,0.00000,0.00000,0.00000,0.00000,0.00000,0.00000,0.00000,0.00000,0.00000,0.00000,0.00000,0.00000,0.00000,0.00000,0.00000,0.00000,0.00000,0.00000,0.00000,0.00000,0.00000,0.00000,0.00000,0.00000,0.00000,0.00000,0.00000,0.00000,0.00000,0.00000,0.00000,0.00000,0.01504,0.00000,0.00000,0.01698,0.09463,0.00000,0.00000,0.00000,0.00000,0.00000,0.00000,0.03414,0.10083,0.00000,0.00000,0.00000,0.17553,0.03143,0.00000,0.00000,0.00000,0.00000,0.00000,0.20537,0.00000,0.00000,0.00000,0.00000,0.00006,0.21079,0.00000,0.00000,0.00000,0.00000,0.16350,0.06132,0.00000,0.00000,0.00000,0.00000,0.00000,0.07447,0.13496,0.00000,0.00000,0.07129,0.14823,0.00000,0.00000,0.00000,0.00000,0.00000,0.00000,0.00000,0.19192,0.01415,0.00000,0.00000,0.73029,2.65100,2.21000,1.59900,4.08150,5.00000,0,0.00000,0.71584,0.00000,0.00000,0.00000,1.62800,1.59900,2.27000
90,0.00000,0.00000,0.00000,0.00000,0.00000,0.00000,0.00000,0.00000,0.00000,0.00000,0.00000,0.00000,0.00000,0.00000,0.00000,0.00000,0.00000,0.00000,0.00000,0.00000,0.00000,0.00000,0.00000,0.00000,0.00000,0.00000,0.00000,0.00000,0.00000,0.00000,0.00000,0.00000,0.00000,0.00000,0.00000,0.00000,0.00000,0.00000,0.00000,0.00000,0.00000,0.00000,0.00000,0.00000,0.00000,0.00000,0.05077,0.00000,0.00000,0.00000,0.00000,0.00000,0.00000,0.00000,0.00000,0.00265,0.00000,0.00000,0.05961,0.11781,0.00000,0.00000,0.00000,0.00000,0.00000,0.00000,0.01433,0.08561,0.00000,0.00000,0.00000,0.17571,0.02612,0.00000,0.00000,0.00212,0.00000,0.00000,0.19935,0.00000,0.00000,0.00000,0.00000,0.00000,0.21138,0.00000,0.00000,0.00000,0.00000,0.15425,0.06138,0.00000,0.00000,0.00000,0.00000,0.00000,0.08544,0.12665,0.00000,0.00000,0.07229,0.14033,0.00000,0.00000,0.00000,0.00000,0.00000,0.00000,0.00000,0.18379,0.00867,0.00000,0.00000,0.71584,2.68200,2.18650,1.56900,2.31000,5.00000,0,0.00000,0.68692,0.00000,0.00000,0.00000,1.58600,1.56900,2.25700
91,0.00000,0.00000,0.00000,0.00000,0.00000,0.00000,0.00000,0.00000,0.00000,0.00000,0.00000,0.00000,0.00000,0.00000,0.00000,0.00000,0.00000,0.00000,0.00000,0.00000,0.00000,0.00000,0.00000,0.00000,0.00000,0.00000,0.00000,0.00000,0.00000,0.00000,0.00000,0.00000,0.00000,0.00000,0.00000,0.00000,0.00000,0.00000,0.00000,0.00000,0.00000,0.00000,0.00000,0.00000,0.00000,0.00000,0.05961,0.00000,0.00000,0.00000,0.00000,0.00000,0.00000,0.00000,0.00000,0.00000,0.00000,0.00000,0.07942,0.12435,0.00000,0.00000,0.00000,0.00000,0.00000,0.00000,0.03042,0.05006,0.00000,0.00000,0.00000,0.19794,0.02140,0.00000,0.00000,0.00000,0.00000,0.00000,0.09092,0.00000,0.00000,0.00000,0.00000,0.00165,0.21840,0.00000,0.00000,0.00000,0.00000,0.14558,0.06492,0.00000,0.00000,0.00000,0.00000,0.00000,0.08438,0.12471,0.00000,0.00000,0.06763,0.14375,0.00000,0.00000,0.00000,0.00000,0.00000,0.00000,0.00000,0.19186,0.01757,0.00000,0.00000,0.68692,2.64300,2.10650,1.48900,2.23400,5.00000,0,0.00000,0.56399,0.00000,0.00000,0.00000,1.50500,1.48900,2.18500
92,0.00000,0.00000,0.00000,0.00000,0.00000,0.00000,0.00000,0.00000,0.00000,0.00000,0.00000,0.00000,0.00000,0.00000,0.00000,0.00000,0.00000,0.00000,0.00000,0.00000,0.00000,0.00000,0.00000,0.00000,0.00000,0.00000,0.00000,0.00000,0.00000,0.00000,0.00000,0.00000,0.00000,0.00000,0.00000,0.00000,0.00000,0.00000,0.00000,0.00000,0.00000,0.00000,0.00000,0.00000,0.00000,0.00000,0.06173,0.00000,0.00000,0.00000,0.00000,0.00000,0.00000,0.00000,0.00000,0.00000,0.00000,0.00000,0.06869,0.13650,0.00000,0.00000,0.00000,0.00000,0.00000,0.00000,0.00000,0.05466,0.00000,0.00000,0.00000,0.18042,0.02282,0.00000,0.00000,0.00991,0.00000,0.00000,0.07288,0.00000,0.00000,0.00000,0.00000,0.00100,0.14723,0.00000,0.00000,0.00000,0.00000,0.10702,0.00000,0.00000,0.00000,0.00000,0.00000,0.00000,0.06403,0.12754,0.00000,0.00000,0.05725,0.13998,0.00000,0.00000,0.00000,0.00000,0.00000,0.00000,0.00000,0.18202,0.02123,0.00000,0.00000,0.56399,2.77100,1.40250,1.38700,2.10700,5.00000,0,0.00000,0.55676,0.00000,0.00000,0.00000,1.40200,1.38700,2.08500
93,0.00000,0.00000,0.00000,0.00000,0.00000,0.00000,0.00000,0.00000,0.00000,0.00000,0.00000,0.00000,0.00000,0.00000,0.00000,0.00000,0.00000,0.00000,0.00000,0.00000,0.00000,0.00000,0.00000,0.00000,0.00000,0.00000,0.00000,0.00000,0.00000,0.00000,0.00000,0.00000,0.00000,0.00000,0.00000,0.00000,0.00000,0.00000,0.00000,0.00000,0.00000,0.00000,0.00000,0.00000,0.00000,0.00000,0.01167,0.00000,0.00000,0.00000,0.00000,0.00000,0.00000,0.00000,0.00000,0.00000,0.00000,0.00000,0.01468,0.10631,0.00000,0.00000,0.00000,0.00000,0.00000,0.00000,0.02476,0.07765,0.00000,0.00000,0.00000,0.18137,0.03196,0.00000,0.00000,0.00124,0.00000,0.00000,0.12453,0.00000,0.00000,0.00000,0.00000,0.00029,0.20896,0.00000,0.00000,0.00000,0.00000,0.04139,0.03573,0.00000,0.00000,0.00000,0.00000,0.00000,0.03998,0.00000,0.00000,0.00000,0.00389,0.00053,0.00000,0.00000,0.00000,0.00000,0.00000,0.00000,0.00000,0.00000,0.00000,0.00814,0.00000,0.55676,2.57800,1.34650,1.33200,2.05000,5.00000,0,0.00000,0.62185,0.00000,0.00000,0.00000,1.34500,1.33200,2.02400
94,0.00000,0.00000,0.00000,0.00000,0.00000,0.00000,0.00000,0.00000,0.00000,0.00000,0.00000,0.00000,0.00000,0.00000,0.00000,0.00000,0.00000,0.00000,0.00000,0.00000,0.00000,0.00000,0.00000,0.00000,0.00000,0.00000,0.00000,0.00000,0.00000,0.00000,0.00000,0.00000,0.00000,0.00000,0.00000,0.00000,0.00000,0.00000,0.00000,0.00000,0.00000,0.00000,0.00000,0.00000,0.00000,0.00000,0.02724,0.00000,0.00000,0.00000,0.00000,0.00000,0.00000,0.00000,0.00000,0.00371,0.00000,0.00000,0.05666,0.07689,0.00000,0.00000,0.00000,0.00000,0.00000,0.00000,0.03325,0.11515,0.00000,0.00000,0.00000,0.19534,0.01480,0.00000,0.00000,0.00000,0.00000,0.00000,0.12877,0.00000,0.00000,0.00000,0.00000,0.00195,0.21191,0.00000,0.00000,0.00000,0.00000,0.18019,0.04287,0.00000,0.00000,0.00000,0.00000,0.00000,0.09481,0.10100,0.00000,0.00000,0.00242,0.07011,0.00000,0.00000,0.00000,0.00000,0.00000,0.00000,0.00000,0.08172,0.00000,0.00000,0.00000,0.62185,2.62500,1.89500,1.28200,2.00100,5.00000,0,0.00000,0.69415,0.00000,0.00000,0.00000,1.29400,1.28200,1.97150
95,0.00000,0.00000,0.00000,0.00000,0.00000,0.00000,0.00000,0.00000,0.00000,0.00000,0.00000,0.00000,0.00000,0.00000,0.00000,0.00000,0.00000,0.00000,0.00000,0.00000,0.00000,0.00000,0.00000,0.00000,0.00000,0.00000,0.00000,0.00000,0.00000,0.00000,0.00000,0.00000,0.00000,0.00000,0.00000,0.00000,0.00000,0.00000,0.00000,0.00000,0.00000,0.00000,0.00000,0.00000,0.00000,0.00000,0.00283,0.00000,0.00000,0.00000,0.00000,0.00000,0.00000,0.00000,0.00000,0.00000,0.00000,0.00000,0.03526,0.06840,0.00000,0.00000,0.00000,0.00000,0.00000,0.00000,0.02636,0.10560,0.00000,0.00000,0.00000,0.19151,0.01775,0.00000,0.00000,0.00000,0.00000,0.00000,0.14399,0.00000,0.00000,0.00000,0.00000,0.00224,0.18632,0.00000,0.00000,0.00000,0.00000,0.15843,0.03278,0.00000,0.00000,0.00000,0.00000,0.00000,0.11268,0.09145,0.00000,0.00000,0.12535,0.10407,0.00000,0.00000,0.00000,0.00000,0.00000,0.00000,0.00000,0.20088,0.01138,0.00000,0.00000,0.69415,2.58000,1.26150,1.25300,1.97000,5.00000,0,0.00000,0.69415,0.00000,0.00000,0.00000,1.26700,1.25300,1.94150
96,0.00000,0.00000,0.00000,0.00000,0.00000,0.00000,0.00000,0.00000,0.00000,0.00000,0.00000,0.00000,0.00000,0.00000,0.00000,0.00000,0.00000,0.00000,0.00000,0.00000,0.00000,0.00000,0.00000,0.00000,0.00000,0.00000,0.00000,0.00000,0.00000,0.00000,0.00000,0.00000,0.00000,0.00000,0.00000,0.00000,0.00000,0.00000,0.00000,0.00000,0.00000,0.00000,0.00000,0.00000,0.00000,0.00000,0.02246,0.00000,0.00000,0.00000,0.00000,0.00000,0.00000,0.00000,0.00000,0.00000,0.00000,0.00000,0.06468,0.13007,0.00000,0.00000,0.00000,0.00000,0.00000,0.00000,0.02636,0.07093,0.00000,0.00000,0.00000,0.19104,0.02070,0.00000,0.00000,0.00000,0.00000,0.00000,0.16504,0.00000,0.00000,0.00000,0.00000,0.00147,0.18603,0.00000,0.00000,0.00000,0.00000,0.11527,0.04127,0.00000,0.00000,0.00000,0.00000,0.00000,0.09375,0.11409,0.00000,0.00000,0.10495,0.11509,0.00000,0.00000,0.00000,0.00000,0.00000,0.00000,0.00000,0.19015,0.00442,0.00000,0.00000,0.69415,2.57150,1.20950,1.19900,1.91700,5.00000,0,0.00000,0.68692,0.00000,0.00000,0.00000,1.21400,1.19900,1.89550
97,0.00000,0.00000,0.00000,0.00000,0.00000,0.00000,0.00000,0.00000,0.00000,0.00000,0.00000,0.00000,0.00000,0.00000,0.00000,0.00000,0.00000,0.00000,0.00000,0.00000,0.00000,0.00000,0.00000,0.00000,0.00000,0.00000,0.00000,0.00000,0.00000,0.00000,0.00000,0.00000,0.00000,0.00000,0.00000,0.00000,0.00000,0.00000,0.00000,0.00000,0.00000,0.00000,0.00000,0.00000,0.00000,0.00000,0.01539,0.00000,0.00000,0.00000,0.00000,0.00000,0.00000,0.00000,0.00000,0.00000,0.00000,0.00000,0.05808,0.13526,0.00000,0.00000,0.00000,0.00000,0.00000,0.00000,0.00831,0.07465,0.00000,0.00000,0.00000,0.18426,0.02093,0.00000,0.00000,0.00708,0.00000,0.00000,0.20395,0.00000,0.00000,0.00000,0.00000,0.00224,0.19092,0.00000,0.00000,0.00000,0.00000,0.05643,0.04440,0.00000,0.00000,0.00000,0.00000,0.00000,0.00000,0.00000,0.00000,0.00000,0.01733,0.01663,0.00000,0.00000,0.00000,0.00000,0.00000,0.00000,0.00000,0.00212,0.00000,0.00000,0.00000,0.68692,2.65050,1.15150,1.14100,1.86600,5.00000,0,0.00000,0.68692,0.00000,0.00000,0.00000,1.15300,1.14100,1.83350
98,0.00000,0.00000,0.00000,0.00000,0.00000,0.00000,0.00000,0.00000,0.00000,0.00000,0.00000,0.00000,0.00000,0.00000,0.00000,0.00000,0.00000,0.00000,0.00000,0.00000,0.00000,0.00000,0.00000,0.00000,0.00000,0.00000,0.00000,0.00000,0.00000,0.00000,0.00000,0.00000,0.00000,0.00000,0.00000,0.00000,0.00000,0.00000,0.00000,0.00000,0.00000,0.00000,0.00000,0.00000,0.00000,0.00000,0.00000,0.00000,0.00000,0.00000,0.00000,0.00000,0.00000,0.00000,0.00000,0.00000,0.00000,0.00000,0.00189,0.09929,0.00000,0.00000,0.00000,0.00000,0.00000,0.00000,0.01610,0.12347,0.00000,0.00000,0.00000,0.13349,0.03101,0.00000,0.00000,0.00000,0.00000,0.00000,0.15195,0.00000,0.00000,0.00000,0.00000,0.00059,0.20000,0.00000,0.00000,0.00000,0.00000,0.12087,0.05460,0.00000,0.00000,0.00000,0.00000,0.00000,0.09976,0.00814,0.00000,0.00000,0.00000,0.00000,0.00000,0.00000,0.00000,0.00000,0.00000,0.00000,0.00000,0.00000,0.00000,0.00000,0.00000,0.68692,2.79200,1.07600,1.07400,1.79100,5.00000,0,0.00000,0.69415,0.00000,0.00000,0.00000,1.08600,1.07400,1.78600
99,0.00000,0.00000,0.00000,0.00000,0.00000,0.00000,0.00000,0.00000,0.00000,0.00000,0.00000,0.00000,0.00000,0.00000,0.00000,0.00000,0.00000,0.00000,0.00000,0.00000,0.00000,0.00000,0.00000,0.00000,0.00000,0.00000,0.00000,0.00000,0.00000,0.00000,0.00000,0.00000,0.00000,0.00000,0.00000,0.00000,0.00000,0.00000,0.00000,0.00000,0.00000,0.00000,0.00000,0.00000,0.00000,0.00000,0.00000,0.00000,0.00000,0.00000,0.00000,0.00000,0.00000,0.00000,0.00000,0.00000,0.00000,0.00000,0.00012,0.03915,0.00000,0.00000,0.00000,0.00000,0.00000,0.00000,0.01592,0.11073,0.00000,0.00000,0.00000,0.10029,0.03485,0.00000,0.00000,0.00000,0.00000,0.00000,0.13833,0.00071,0.00000,0.00000,0.00000,0.00059,0.20849,0.00000,0.00000,0.00000,0.00000,0.15637,0.05024,0.00000,0.00000,0.00000,0.00000,0.00000,0.09393,0.08402,0.00000,0.00000,0.05566,0.12742,0.00000,0.00000,0.00000,0.00000,0.00000,0.00000,0.00000,0.06651,0.00000,0.00000,0.00000,0.69415,2.76900,1.00100,1.00500,1.71600,5.00000,0,0.00000,0.65800,0.00000,0.00000,0.00000,1.01800,1.00100,1.73150
100,0.00000,0.00000,0.00000,0.00000,0.00000,0.00000,0.00000,0.00000,0.00000,0.00000,0.00000,0.00000,0.00000,0.00000,0.00000,0.00000,0.00000,0.00000,0.00000,0.00000,0.00000,0.00000,0.00000,0.00000,0.00000,0.00000,0.00000,0.00000,0.00000,0.00000,0.00000,0.00000,0.00000,0.00000,0.00000,0.00000,0.00000,0.00000,0.00000,0.00000,0.00000,0.00000,0.00000,0.00000,0.00000,0.00000,0.00000,0.00000,0.00000,0.00000,0.00000,0.00000,0.00000,0.00000,0.00000,0.01238,0.00000,0.00000,0.00000,0.00000,0.00000,0.00000,0.00000,0.00000,0.00000,0.00000,0.02317,0.07447,0.00000,0.00000,0.00000,0.01026,0.00000,0.00000,0.00000,0.00000,0.00000,0.00000,0.18379,0.00000,0.00000,0.00000,0.00000,0.00000,0.01875,0.00000,0.00000,0.00000,0.00000,0.11822,0.02187,0.00000,0.00000,0.00000,0.00000,0.00000,0.08880,0.12187,0.00000,0.00000,0.08809,0.12824,0.00000,0.00000,0.00000,0.00000,0.00000,0.00000,0.00000,0.18897,0.00366,0.00000,0.00000,0.65800,2.51450,0.92100,0.92200,1.63700,5.00000,0,0.00000,0.66523,0.00000,0.00000,0.00000,0.93000,0.92100,5.00000
101,0.00000,0.00000,0.00000,0.00000,0.00000,0.00000,0.00000,0.00000,0.00000,0.00000,0.00000,0.00000,0.00000,0.00000,0.00000,0.00000,0.00000,0.00000,0.00000,0.00000,0.00000,0.00000,0.00000,0.00000,0.00000,0.00000,0.00000,0.00000,0.00000,0.00000,0.00000,0.00000,0.00000,0.00000,0.00000,0.00000,0.00000,0.00000,0.00000,0.00000,0.00000,0.00000,0.00000,0.00000,0.00000,0.00000,0.00000,0.00000,0.00000,0.00000,0.00000,0.00000,0.00000,0.00000,0.00000,0.00000,0.00000,0.00000,0.00000,0.02547,0.00000,0.00000,0.00000,0.00000,0.00000,0.00000,0.02512,0.12099,0.00000,0.00000,0.00000,0.11462,0.04688,0.00000,0.00000,0.00000,0.00000,0.00000,0.20147,0.00000,0.00000,0.00000,0.00000,0.00000,0.05324,0.00000,0.00000,0.00000,0.00000,0.03644,0.04794,0.00000,0.00000,0.00000,0.00000,0.00000,0.00000,0.00000,0.00000,0.00000,0.00672,0.00000,0.00000,0.00000,0.00000,0.00000,0.00000,0.00000,0.00000,0.04688,0.00000,0.00000,0.00000,0.66523,2.51650,0.84000,0.84700,1.55500,5.00000,0,-0.90000,0.66523,0.00000,0.00000,0.00000,0.85300,0.84000,5.00000
102,0.00000,0.00000,0.00000,0.00000,0.00000,0.00000,0.00000,0.00000,0.00000,0.00000,0.00000,0.00000,0.00000,0.00000,0.00000,0.00000,0.00000,0.00000,0.00000,0.00000,0.00000,0.00000,0.00000,0.00000,0.00000,0.00000,0.00000,0.00000,0.00000,0.00000,0.00000,0.00000,0.00000,0.00000,0.00000,0.00000,0.00000,0.00000,0.00000,0.00000,0.00000,0.00000,0.00000,0.00000,0.00000,0.00000,0.00000,0.00000,0.00000,0.00000,0.00000,0.00000,0.00000,0.00000,0.00000,0.00000,0.00000,0.00000,0.00000,0.04988,0.00000,0.00000,0.00000,0.00000,0.00000,0.00000,0.03750,0.12559,0.00000,0.00000,0.00000,0.15065,0.05153,0.00000,0.00000,0.00053,0.00000,0.00006,0.22087,0.00000,0.00000,0.00000,0.00000,0.00000,0.19581,0.00000,0.00000,0.00000,0.00000,0.18962,0.03414,0.00000,0.00000,0.00000,0.00000,0.00000,0.01238,0.00000,0.00000,0.00000,0.07246,0.10955,0.00000,0.00000,0.00000,0.00000,0.00000,0.00000,0.00000,0.00000,0.00000,0.00000,-0.90000,0.66523,2.75450,0.76000,0.76700,1.47500,5.00000,0,-0.90000,0.66523,0.00000,0.00000,0.00000,0.76700,0.76000,3.31650
103,0.00000,0.00000,0.00000,0.00000,0.00000,0.00000,0.00000,0.00000,0.00000,0.00000,0.00000,0.00000,0.00000,0.00000,0.00000,0.00000,0.00000,0.00000,0.00000,0.00000,0.00000,0.00000,0.00000,0.00000,0.00000,0.00000,0.00000,0.00000,0.00000,0.00000,0.00000,0.00000,0.00000,0.00000,0.00000,0.00000,0.00000,0.00000,0.00000,0.00000,0.00000,0.00000,0.00000,0.00000,0.00000,0.00000,0.00000,0.00000,0.00000,0.00000,0.00000,0.00000,0.00000,0.00000,0.00000,0.00012,0.00466,0.00000,0.00000,0.01067,0.00772,0.00000,0.00000,0.00000,0.08579,0.00000,0.00000,0.17453,0.01509,0.00000,0.00000,0.00566,0.19387,0.00000,0.00000,0.00000,0.00000,0.00000,0.13072,0.09340,0.00000,0.00000,0.00000,0.00000,0.10684,0.10419,0.00000,0.00000,0.00000,0.04858,0.18208,0.00000,0.00000,0.00000,0.00000,0.00000,0.00000,0.20542,0.00100,0.00000,0.00000,0.21916,0.00000,0.00000,0.00000,0.00000,0.00000,0.00000,0.00000,0.02571,0.05867,0.00000,-0.90000,0.66523,3.28100,1.30000,0.68100,0.75200,3.08250,0,-0.90000,0.66523,0.00000,0.00000,0.00000,0.68100,1.30000,0.74600
104,0.00000,0.00000,0.00000,0.00000,0.00000,0.00000,0.00000,0.00000,0.00000,0.00000,0.00000,0.00000,0.00000,0.00000,0.00000,0.00000,0.00000,0.00000,0.00000,0.00000,0.00000,0.00000,0.00000,0.00000,0.00000,0.00000,0.00000,0.00000,0.00000,0.00000,0.00000,0.00000,0.00000,0.00000,0.00000,0.00000,0.00000,0.00000,0.00000,0.00000,0.00000,0.00000,0.00000,0.00000,0.00000,0.00000,0.00000,0.00000,0.00000,0.00000,0.00000,0.00000,0.00000,0.00000,0.00000,0.00000,0.00265,0.00000,0.00000,0.00000,0.00000,0.00000,0.00000,0.00000,0.10454,0.00000,0.00000,0.00000,0.18874,0.00000,0.00000,0.00000,0.00478,0.16504,0.00000,0.00000,0.00000,0.00000,0.00000,0.19092,0.03090,0.00000,0.00000,0.00000,0.00000,0.10354,0.06680,0.00000,0.00000,0.00000,0.12276,0.10525,0.00000,0.00000,0.00000,0.00000,0.00000,0.00000,0.20979,0.00000,0.00000,0.03096,0.19139,0.00000,0.00000,0.00000,0.00000,0.00000,0.00000,0.00000,0.03715,0.16486,-0.90000,0.66523,2.66900,1.29800,0.64600,0.65700,1.37700,0,-0.90000,0.65800,0.00000,0.00000,0.00000,0.64600,1.26600,0.65700
105,0.00000,0.00000,0.00000,0.00000,0.00000,0.00000,0.00000,0.00000,0.00000,0.00000,0.00000,0.00000,0.00000,0.00000,0.00000,0.00000,0.00000,0.00000,0.00000,0.00000,0.00000,0.00000,0.00000,0.00000,0.00000,0.00000,0.00000,0.00000,0.00000,0.00000,0.00000,0.00000,0.00000,0.00000,0.00000,0.00000,0.00000,0.00000,0.00000,0.00000,0.00000,0.00000,0.00000,0.00000,0.00000,0.00000,0.00000,0.00000,0.00000,0.00000,0.00000,0.00000,0.00000,0.00000,0.00000,0.00000,0.00000,0.00071,0.00000,0.00000,0.00000,0.00000,0.00000,0.00000,0.12524,0.12270,0.00147,0.00000,0.00649,0.20312,0.00000,0.00000,0.00000,0.01209,0.13190,0.00000,0.01999,0.00000,0.00000,0.00000,0.21539,0.01191,0.00000,0.00000,0.00000,0.00000,0.13019,0.09888,0.00000,0.00000,0.00000,0.13461,0.09039,0.00000,0.00000,0.00000,0.00000,0.00000,0.00000,0.08261,0.00000,0.00000,0.03184,0.17954,0.00000,0.00000,0.00000,0.00000,0.00000,0.00000,0.00000,0.00000,-0.90000,0.65800,2.88600,1.28650,0.61400,0.62900,1.32800,0,-0.90000,0.68692,0.00000,0.00000,0.00000,0.61400,1.24450,0.62900
106,0.00000,0.00000,0.00000,0.00000,0.00000,0.00000,0.00000,0.00000,0.00000,0.00000,0.00000,0.00000,0.00000,0.00000,0.00000,0.00000,0.00000,0.00000,0.00000,0.00000,0.00000,0.00000,0.00000,0.00000,0.00000,0.00000,0.00000,0.00000,0.00000,0.00000,0.00000,0.00000,0.00000,0.00000,0.00000,0.00000,0.00000,0.00000,0.00000,0.00000,0.00000,0.00000,0.00000,0.00000,0.00000,0.00000,0.00000,0.00000,0.00000,0.00000,0.00000,0.00000,0.00000,0.00000,0.00000,0.00000,0.00000,0.00000,0.00000,0.00000,0.00000,0.00000,0.00000,0.00000,0.02618,0.14009,0.01468,0.00000,0.00000,0.04334,0.12807,0.00000,0.00000,0.00000,0.00000,0.00000,0.08703,0.00000,0.00000,0.00000,0.00000,0.22288,0.00000,0.00000,0.00000,0.00000,0.00000,0.02087,0.00000,0.00000,0.00000,0.00000,0.16975,0.04976,0.00000,0.00000,0.00000,0.00000,0.00000,0.00000,0.00000,0.00000,0.00000,0.07441,0.14351,0.00000,0.00000,0.00000,0.00000,0.00000,0.00000,0.00000,-0.90000,0.68692,2.58500,2.82650,0.18100,0.55600,0.60500,0,0.00000,0.69415,0.00000,0.00000,0.00000,0.18100,5.00000,0.55600
107,0.00000,0.00000,0.00000,0.00000,0.00000,0.00000,0.00000,0.00000,0.00000,0.00000,0.00000,0.00000,0.00000,0.00000,0.00000,0.00000,0.00000,0.00000,0.00000,0.00000,0.00000,0.00000,0.00000,0.00000,0.00000,0.00000,0.00000,0.00000,0.00000,0.00000,0.00000,0.00000,0.00000,0.00000,0.00000,0.00000,0.00000,0.00000,0.00000,0.00000,0.00000,0.00000,0.00000,0.00000,0.00000,0.00000,0.00000,0.00000,0.00000,0.00000,0.00000,0.00000,0.00000,0.00000,0.00000,0.00000,0.00000,0.00000,0.00000,0.00000,0.00000,0.00000,0.00000,0.00000,0.00000,0.06580,0.09870,0.00000,0.00000,0.00000,0.02960,0.10855,0.00000,0.00000,0.00000,0.00000,0.12258,0.08031,0.00000,0.00000,0.00000,0.00000,0.22134,0.00012,0.00000,0.00000,0.00000,0.00000,0.00000,0.00000,0.00000,0.00000,0.00000,0.07376,0.05908,0.00000,0.00000,0.00000,0.00000,0.00000,0.00000,0.00000,0.00000,0.00000,0.03384,0.17930,0.00000,0.00000,0.00000,0.00000,0.00000,0.00000,0.00000,0.69415,2.13700,2.30900,1.13450,0.47400,0.52300,0,0.00000,0.68692,0.00000,0.00000,0.00000,1.17000,2.94000,0.47400
108,0.00000,0.00000,0.00000,0.00000,0.00000,0.00000,0.00000,0.00000,0.00000,0.00000,0.00000,0.00000,0.00000,0.00000,0.00000,0.00000,0.00000,0.00000,0.00000,0.00000,0.00000,0.00000,0.00000,0.00000,0.00000,0.00000,0.00000,0.00000,0.00000,0.00000,0.00000,0.00000,0.00000,0.00000,0.00000,0.00000,0.00000,0.00000,0.00000,0.00000,0.00000,0.00000,0.00000,0.00000,0.00000,0.00000,0.00000,0.00000,0.00000,0.00000,0.00000,0.00000,0.00000,0.00000,0.00000,0.00000,0.00000,0.00000,0.00000,0.00000,0.00000,0.00000,0.00000,0.00000,0.00000,0.00006,0.12553,0.08384,0.00000,0.00000,0.00000,0.00283,0.14027,0.00000,0.00000,0.00000,0.13261,0.16085,0.01928,0.00000,0.00000,0.00000,0.00000,0.20189,0.01126,0.00000,0.00000,0.00106,0.00088,0.00000,0.00000,0.00000,0.00000,0.00000,0.06221,0.13042,0.00000,0.00000,0.00000,0.00000,0.00000,0.00000,0.00000,0.00000,0.00000,0.00000,0.00142,0.00000,0.00000,0.00000,0.00000,0.00000,0.00000,0.68692,2.22300,2.35500,1.10550,0.46300,0.46000,0,0.00000,0.68692,0.00000,0.00000,0.00000,3.14000,3.04100,0.46000
109,0.00000,0.00000,0.00000,0.00000,0.00000,0.00000,0.00000,0.00000,0.00000,0.00000,0.00000,0.00000,0.00000,0.00000,0.00000,0.00000,0.00000,0.00000,0.00000,0.00000,0.00000,0.00000,0.00000,0.00000,0.00000,0.00000,0.00000,0.00000,0.00000,0.00000,0.00000,0.00000,0.00000,0.00000,0.00000,0.00000,0.00000,0.00000,0.00000,0.00000,0.00000,0.00000,0.00000,0.00000,0.00000,0.00000,0.00000,0.00000,0.00000,0.00000,0.00000,0.00000,0.00000,0.00000,0.00000,0.00000,0.00000,0.00000,0.00000,0.00000,0.00000,0.00000,0.00000,0.00000,0.00000,0.00000,0.04351,0.06067,0.00000,0.00000,0.00000,0.00000,0.07129,0.00000,0.00000,0.00000,0.06545,0.14004,0.07223,0.00000,0.00000,0.00000,0.00000,0.00000,0.10118,0.00000,0.00000,0.00000,0.07447,0.00000,0.00000,0.00000,0.00000,0.00000,0.00000,0.13143,0.03042,0.00000,0.00000,0.00000,0.00000,0.00000,0.00000,0.00000,0.00000,0.00000,0.00000,0.10755,0.00000,0.00000,0.00000,0.00000,0.00000,0.68692,2.18800,2.31600,1.08450,1.06300,0.43100,0,0.00000,0.68692,0.00000,0.00000,0.00000,3.00300,2.83000,0.43100
110,0.00000,0.00000,0.00000,0.00000,0.00000,0.00000,0.00000,0.00000,0.00000,0.00000,0.00000,0.00000,0.00000,0.00000,0.00000,0.00000,0.00000,0.00000,0.00000,0.00000,0.00000,0.00000,0.00000,0.00000,0.00000,0.00000,0.00000,0.00000,0.00000,0.00000,0.00000,0.00000,0.00000,0.00000,0.00000,0.00000,0.00000,0.00000,0.00000,0.00000,0.00000,0.00000,0.00000,0.00000,0.00000,0.00000,0.00000,0.00000,0.00000,0.00000,0.00000,0.00000,0.00000,0.00000,0.00000,0.00000,0.00000,0.00000,0.00000,0.00000,0.00000,0.00000,0.00000,0.00000,0.00000,0.00000,0.00124,0.03945,0.00000,0.00000,0.00000,0.00000,0.00000,0.00000,0.00000,0.00000,0.00519,0.14245,0.10265,0.00000,0.00000,0.00000,0.00000,0.00000,0.00000,0.00000,0.00000,0.00000,0.13927,0.00790,0.00000,0.00000,0.00000,0.00000,0.00000,0.00000,0.00071,0.00000,0.00000,0.00000,0.00000,0.00000,0.00000,0.00000,0.00000,0.00000,0.00000,0.06002,0.01055,0.00000,0.00000,0.00000,0.00000,0.68692,2.17000,2.35350,1.05550,0.99150,0.39600,0,0.00000,0.68692,0.00000,0.00000,0.00000,3.08600,2.90500,0.39600
111,0.00000,0.00000,0.00000,0.00000,0.00000,0.00000,0.00000,0.00000,0.00000,0.00000,0.00000,0.00000,0.00000,0.00000,0.00000,0.00000,0.00000,0.00000,0.00000,0.00000,0.00000,0.00000,0.00000,0.00000,0.00000,0.00000,0.00000,0.00000,0.00000,0.00000,0.00000,0.00000,0.00000,0.00000,0.00000,0.00000,0.00000,0.00000,0.00000,0.00000,0.00000,0.00000,0.00000,0.00000,0.00000,0.00000,0.00000,0.00000,0.00000,0.00000,0.00000,0.00000,0.00000,0.00000,0.00000,0.00000,0.00000,0.00000,0.00000,0.00000,0.00000,0.00000,0.00000,0.00000,0.00000,0.00000,0.00000,0.00000,0.00000,0.00000,0.00000,0.00000,0.00000,0.00000,0.00000,0.00000,0.00000,0.06256,0.11026,0.01309,0.00000,0.00000,0.00000,0.00000,0.00000,0.00000,0.00000,0.00000,0.15206,0.09169,0.00000,0.00000,0.00000,0.00000,0.00000,0.00000,0.00000,0.00000,0.00236,0.00224,0.00000,0.00000,0.00000,0.00000,0.00000,0.00000,0.00000,0.00000,0.00000,0.00000,0.00000,0.00000,0.00000,0.68692,2.12900,2.28700,2.68200,0.96800,0.36000,0,0.00000,0.70138,0.00000,0.00000,0.00000,2.97600,2.79400,0.36000
112,0.00000,0.00000,0.00000,0.00000,0.00000,0.00000,0.00000,0.00000,0.00000,0.00000,0.00000,0.00000,0.00000,0.00000,0.00000,0.00000,0.00000,0.00000,0.00000,0.00000,0.00000,0.00000,0.00000,0.00000,0.00000,0.00000,0.00000,0.00000,0.00000,0.00000,0.00000,0.00000,0.00000,0.00000,0.00000,0.00000,0.00000,0.00000,0.00000,0.00000,0.00000,0.00000,0.00000,0.00000,0.00000,0.00000,0.00000,0.00000,0.00000,0.00000,0.00000,0.00000,0.00000,0.00000,0.00000,0.00000,0.00000,0.00000,0.00000,0.00000,0.00000,0.00000,0.00000,0.00000,0.00000,0.00000,0.00000,0.01492,0.06456,0.00755,0.00000,0.00000,0.00000,0.00000,0.00000,0.00000,0.00000,0.01380,0.13620,0.06757,0.00000,0.00000,0.00000,0.00000,0.00000,0.00000,0.00000,0.00000,0.15206,0.14275,0.00094,0.00000,0.00000,0.00000,0.00000,0.00000,0.00000,0.00000,0.00000,0.00495,0.00159,0.00000,0.00000,0.00000,0.00000,0.00000,0.00000,0.00000,0.00000,0.00000,0.00000,0.00000,0.00000,0.70138,1.95300,2.07000,2.49600,0.93900,0.35800,0,0.00000,0.70138,0.00000,0.00000,0.00000,2.75300,2.61000,0.35800
113,0.00000,0.00000,0.00000,0.00000,0.00000,0.00000,0.00000,0.00000,0.00000,0.00000,0.00000,0.00000,0.00000,0.00000,0.00000,0.00000,0.00000,0.00000,0.00000,0.00000,0.00000,0.00000,0.00000,0.00000,0.00000,0.00000,0.00000,0.00000,0.00000,0.00000,0.00000,0.00000,0.00000,0.00000,0.00000,0.00000,0.00000,0.00000,0.00000,0.00000,0.00000,0.00000,0.00000,0.00000,0.00000,0.00000,0.00000,0.00000,0.00000,0.00000,0.00000,0.00000,0.00000,0.00000,0.00000,0.00000,0.00000,0.00000,0.00000,0.00000,0.00000,0.00000,0.00000,0.00000,0.00000,0.00000,0.00000,0.00153,0.02358,0.00000,0.00000,0.00000,0.00000,0.00000,0.00000,0.00000,0.00000,0.00000,0.11887,0.13491,0.00183,0.00000,0.00000,0.00000,0.00000,0.00000,0.00000,0.00000,0.10696,0.16014,0.03379,0.00000,0.00000,0.00000,0.00000,0.00000,0.00000,0.00000,0.00000,0.00000,0.05537,0.00000,0.00000,0.00000,0.00000,0.00000,0.00000,0.00000,0.00000,0.01710,0.00448,0.00000,0.00000,0.70138,1.89900,2.00800,2.39600,0.88500,0.33800,0,0.00000,0.70138,0.00000,0.00000,0.00000,2.61400,2.48500,0.33800
114,0.00000,0.00000,0.00000,0.00000,0.00000,0.00000,0.00000,0.00000,0.00000,0.00000,0.00000,0.00000,0.00000,0.00000,0.00000,0.00000,0.00000,0.00000,0.00000,0.00000,0.00000,0.00000,0.00000,0.00000,0.00000,0.00000,0.00000,0.00000,0.00000,0.00000,0.00000,0.00000,0.00000,0.00000,0.00000,0.00000,0.00000,0.00000,0.00000,0.00000,0.00000,0.00000,0.00000,0.00000,0.00000,0.00000,0.00000,0.00000,0.00000,0.00000,0.00000,0.00000,0.00000,0.00000,0.00000,0.00000,0.00000,0.00000,0.00000,0.00000,0.00000,0.00000,0.00000,0.00000,0.00000,0.00000,0.00000,0.00000,0.05643,0.03025,0.00000,0.00000,0.00000,0.00000,0.00000,0.00000,0.00000,0.00000,0.03255,0.14546,0.04558,0.00000,0.00000,0.00000,0.00000,0.00000,0.00000,0.00000,0.00189,0.15195,0.13096,0.00000,0.00000,0.00000,0.00000,0.00000,0.00000,0.00000,0.00000,0.00000,0.14440,0.01038,0.00000,0.00000,0.00000,0.00000,0.00000,0.00000,0.00000,0.00000,0.00000,0.00000,0.00000,0.70138,1.90300,2.00600,2.41000,0.88750,0.31500,0,0.00000,0.70138,0.00000,0.00000,0.00000,2.60900,2.47500,0.31500
115,0.00000,0.00000,0.00000,0.00000,0.00000,0.00000,0.00000,0.00000,0.00000,0.00000,0.00000,0.00000,0.00000,0.00000,0.00000,0.00000,0.00000,0.00000,0.00000,0.00000,0.00000,0.00000,0.00000,0.00000,0.00000,0.00000,0.00000,0.00000,0.00000,0.00000,0.00000,0.00000,0.00000,0.00000,0.00000,0.00000,0.00000,0.00000,0.00000,0.00000,0.00000,0.00000,0.00000,0.00000,0.00000,0.00000,0.00000,0.00000,0.00000,0.00000,0.00000,0.00000,0.00000,0.00000,0.00000,0.00000,0.00000,0.00000,0.00000,0.00000,0.00000,0.00000,0.00000,0.00000,0.00000,0.00000,0.00000,0.00000,0.01162,0.09133,0.00000,0.00000,0.00000,0.00000,0.00000,0.00000,0.00000,0.00035,0.00000,0.12518,0.12022,0.00029,0.00000,0.00000,0.00000,0.00000,0.00000,0.00000,0.00000,0.06173,0.15708,0.04741,0.00000,0.00000,0.00000,0.00000,0.00000,0.00000,0.00000,0.00000,0.13697,0.08520,0.00000,0.00000,0.00000,0.00000,0.00000,0.00000,0.00000,0.00000,0.00000,0.00000,0.00000,0.70138,1.91000,2.00200,2.31800,0.85950,0.85700,0,0.90000,0.70138,0.00000,0.00000,0.00000,2.50100,2.36700,0.89650
116,0.00000,0.00000,0.00000,0.00000,0.00000,0.00000,0.00000,0.00000,0.00000,0.00000,0.00000,0.00000,0.00000,0.00000,0.00000,0.00000,0.00000,0.00000,0.00000,0.00000,0.00000,0.00000,0.00000,0.00000,0.00000,0.00000,0.00000,0.00000,0.00000,0.00000,0.00000,0.00000,0.00000,0.00000,0.00000,0.00000,0.00000,0.00000,0.00000,0.00000,0.00000,0.00000,0.00000,0.00000,0.00000,0.00000,0.00000,0.00000,0.00000,0.00000,0.00000,0.00000,0.00000,0.00000,0.00000,0.00000,0.00000,0.00000,0.00000,0.00000,0.00000,0.00000,0.00000,0.00000,0.00000,0.00000,0.00301,0.00000,0.00000,0.08314,0.00318,0.00000,0.00000,0.00000,0.00000,0.00000,0.00106,0.00000,0.00000,0.05371,0.16268,0.04416,0.00000,0.00000,0.00000,0.00000,0.00000,0.00000,0.00000,0.00029,0.15537,0.12205,0.00000,0.00000,0.00000,0.00000,0.00000,0.00000,0.00000,0.00000,0.08284,0.16598,0.01456,0.00000,0.00000,0.00000,0.00000,0.00000,0.00000,0.00000,0.00000,0.00000,0.90000,0.70138,1.83700,1.96750,2.44500,0.82900,0.81800,0,0.90000,0.70138,0.00000,0.00000,0.00000,2.61300,2.53300,2.65800
117,0.00000,0.00000,0.00000,0.00000,0.00000,0.00000,0.00000,0.00000,0.00000,0.00000,0.00000,0.00000,0.00000,0.00000,0.00000,0.00000,0.00000,0.00000,0.00000,0.00000,0.00000,0.00000,0.00000,0.00000,0.00000,0.00000,0.00000,0.00000,0.00000,0.00000,0.00000,0.00000,0.00000,0.00000,0.00000,0.00000,0.00000,0.00000,0.00000,0.00000,0.00000,0.00000,0.00000,0.00000,0.00000,0.00000,0.00000,0.00000,0.00000,0.00000,0.00000,0.00000,0.00000,0.00000,0.00000,0.00000,0.00000,0.00000,0.00000,0.00000,0.00000,0.00000,0.00000,0.00000,0.00000,0.02052,0.00442,0.00831,0.00000,0.08933,0.06474,0.00000,0.00000,0.00000,0.00000,0.00000,0.00000,0.00000,0.00000,0.01250,0.17512,0.07524,0.00000,0.00000,0.00000,0.00000,0.00000,0.00000,0.00000,0.00000,0.10507,0.16904,0.00200,0.00000,0.00000,0.00000,0.00000,0.00000,0.00000,0.00000,0.01103,0.18868,0.07995,0.00000,0.00000,0.00000,0.00000,0.00000,0.00000,0.00000,0.00000,0.00000,0.90000,0.70138,1.88900,2.10000,2.58900,0.81650,0.80100,0,0.00000,0.70138,0.00000,0.00000,0.00000,2.92600,2.77600,0.81800
118,0.00000,0.00000,0.00000,0.00000,0.00000,0.00000,0.00000,0.00000,0.00000,0.00000,0.00000,0.00000,0.00000,0.00000,0.00000,0.00000,0.00000,0.00000,0.00000,0.00000,0.00000,0.00000,0.00000,0.00000,0.00000,0.00000,0.00000,0.00000,0.00000,0.00000,0.00000,0.00000,0.00000,0.00000,0.00000,0.00000,0.00000,0.00000,0.00000,0.00000,0.00000,0.00000,0.00000,0.00000,0.00000,0.00000,0.00000,0.00000,0.00000,0.00000,0.00000,0.00000,0.00000,0.00000,0.00000,0.00000,0.00000,0.00000,0.00000,0.00000,0.00000,0.00000,0.00000,0.00000,0.00000,0.00501,0.06167,0.00531,0.00000,0.13638,0.02193,0.00000,0.00000,0.00000,0.00000,0.00000,0.00000,0.00619,0.00000,0.01840,0.18113,0.03874,0.00000,0.00000,0.00000,0.00000,0.00000,0.00000,0.00000,0.00000,0.09092,0.17311,0.00024,0.00000,0.00000,0.00000,0.00000,0.00000,0.00000,0.00318,0.00000,0.16421,0.10271,0.00000,0.00000,0.00000,0.00000,0.00000,0.00000,0.00000,0.00000,0.00000,0.00000,0.70138,1.83900,2.09800,2.64400,0.72200,2.34550,0,0.00000,0.70138,0.00000,0.00000,0.00000,5.00000,2.78900,0.78300
119,0.00000,0.00000,0.00000,0.00000,0.00000,0.00000,0.00000,0.00000,0.00000,0.00000,0.00000,0.00000,0.00000,0.00000,0.00000,0.00000,0.00000,0.00000,0.00000,0.00000,0.00000,0.00000,0.00000,0.00000,0.00000,0.00000,0.00000,0.00000,0.00000,0.00000,0.00000,0.00000,0.00000,0.00000,0.00000,0.00000,0.00000,0.00000,0.00000,0.00000,0.00000,0.00000,0.00000,0.00000,0.00000,0.00000,0.00000,0.00000,0.00000,0.00000,0.00000,0.00000,0.00000,0.00000,0.00000,0.00000,0.00000,0.00000,0.00000,0.00000,0.00000,0.00000,0.00000,0.00000,0.00000,0.03815,0.02447,0.00000,0.00619,0.14876,0.00000,0.00000,0.00000,0.00000,0.00000,0.00000,0.01044,0.01910,0.00000,0.04676,0.19033,0.00525,0.00000,0.00000,0.00000,0.00000,0.00000,0.00000,0.00000,0.00000,0.10312,0.14823,0.00000,0.00000,0.00000,0.00000,0.00000,0.00000,0.00000,0.00000,0.00000,0.15401,0.10531,0.00000,0.00000,0.00000,0.00000,0.00000,0.00000,0.00000,0.00000,0.00071,0.00000,0.70138,1.97400,2.20150,2.60000,0.71800,2.30400,0,0.32015,0.70138,0.00000,0.00000,0.00000,5.00000,2.69900,0.72100
120,0.00000,0.00000,0.00000,0.00000,0.00000,0.00000,0.00000,0.00000,0.00000,0.00000,0.00000,0.00000,0.00000,0.00000,0.00000,0.00000,0.00000,0.00000,0.00000,0.00000,0.00000,0.00000,0.00000,0.00000,0.00000,0.00000,0.00000,0.00000,0.00000,0.00000,0.00000,0.00000,0.00000,0.00000,0.00000,0.00000,0.00000,0.00000,0.00000,0.00000,0.00000,0.00000,0.00000,0.00000,0.00000,0.00000,0.00000,0.00000,0.00000,0.00000,0.00000,0.00000,0.00000,0.00000,0.00000,0.00000,0.00000,0.00000,0.00000,0.00000,0.00000,0.00000,0.00000,0.00000,0.00000,0.02264,0.03962,0.00000,0.00071,0.17529,0.00725,0.00000,0.00000,0.00000,0.00000,0.00000,0.01397,0.01733,0.00000,0.01468,0.21221,0.01616,0.00000,0.00000,0.00000,0.00000,0.00000,0.00035,0.00000,0.00000,0.04298,0.20419,0.00171,0.00000,0.00000,0.00000,0.00000,0.00000,0.00000,0.00000,0.00000,0.07588,0.18096,0.00000,0.00000,0.00000,0.00000,0.00000,0.00000,0.00000,0.00000,0.00000,0.32015,0.70138,1.96900,2.20500,2.58900,0.60550,2.26850,0,0.90000,0.70138,0.00000,0.00000,0.00000,5.00000,2.68800,0.60550
121,0.00000,0.00000,0.00000,0.00000,0.00000,0.00000,0.00000,0.00000,0.00000,0.00000,0.00000,0.00000,0.00000,0.00000,0.00000,0.00000,0.00000,0.00000,0.00000,0.00000,0.00000,0.00000,0.00000,0.00000,0.00000,0.00000,0.00000,0.00000,0.00000,0.00000,0.00000,0.00000,0.00000,0.00000,0.00000,0.00000,0.00000,0.00000,0.00000,0.00000,0.00000,0.00000,0.00000,0.00000,0.00000,0.00000,0.00000,0.00000,0.00000,0.00000,0.00000,0.00000,0.00000,0.00000,0.00000,0.00000,0.00000,0.00000,0.00000,0.00000,0.00000,0.00000,0.00000,0.00000,0.00000,0.01521,0.03432,0.00248,0.00077,0.16321,0.00000,0.00000,0.00000,0.00000,0.00000,0.00000,0.01409,0.03897,0.00000,0.00660,0.22241,0.01545,0.00000,0.00000,0.00000,0.00000,0.00955,0.00088,0.00000,0.00000,0.01857,0.22211,0.00855,0.00000,0.00000,0.00000,0.00000,0.00000,0.00000,0.00035,0.00000,0.03355,0.20985,0.00177,0.00000,0.00000,0.00000,0.00000,0.00000,0.00000,0.00000,0.00000,0.90000,0.70138,1.94200,2.20350,0.69700,0.66700,2.25650,0,0.90000,0.70138,0.00000,0.00000,0.00000,0.69700,2.69000,0.66700
122,0.00000,0.00000,0.00000,0.00000,0.00000,0.00000,0.00000,0.00000,0.00000,0.00000,0.00000,0.00000,0.00000,0.00000,0.00000,0.00000,0.00000,0.00000,0.00000,0.00000,0.00000,0.00000,0.00000,0.00000,0.00000,0.00000,0.00000,0.00000,0.00000,0.00000,0.00000,0.00000,0.00000,0.00000,0.00000,0.00000,0.00000,0.00000,0.00000,0.00000,0.00000,0.00000,0.00000,0.00000,0.00000,0.00000,0.00000,0.00000,0.00000,0.00000,0.00000,0.00000,0.00000,0.00000,0.00000,0.00000,0.00000,0.00000,0.00000,0.00000,0.00000,0.00000,0.00000,0.00000,0.00000,0.06627,0.01757,0.00000,0.02447,0.11209,0.00000,0.00000,0.00000,0.00000,0.02866,0.00000,0.02028,0.00625,0.00000,0.03349,0.20690,0.00000,0.00000,0.00000,0.00000,0.00000,0.17070,0.00407,0.00000,0.00000,0.02742,0.21881,0.00000,0.00000,0.00000,0.00000,0.00000,0.00000,0.01374,0.05560,0.00000,0.03090,0.21356,0.00000,0.00000,0.00000,0.00000,0.00000,0.00000,0.00000,0.00000,0.00000,0.90000,0.70138,1.91000,2.24600,0.63100,0.63200,0.93700,0,0.90000,0.70138,0.00000,0.00000,0.00000,0.63300,5.00000,0.63100
123,0.00000,0.00000,0.00000,0.00000,0.00000,0.00000,0.00000,0.00000,0.00000,0.00000,0.00000,0.00000,0.00000,0.00000,0.00000,0.00000,0.00000,0.00000,0.00000,0.00000,0.00000,0.00000,0.00000,0.00000,0.00000,0.00000,0.00000,0.00000,0.00000,0.00000,0.00000,0.00000,0.00000,0.00000,0.00000,0.00000,0.00000,0.00000,0.00000,0.00000,0.00000,0.00000,0.00000,0.00000,0.00000,0.00000,0.00000,0.00000,0.00000,0.00000,0.00000,0.00000,0.00000,0.00000,0.00000,0.00000,0.00000,0.00000,0.00000,0.00000,0.00000,0.00000,0.00000,0.00000,0.00000,0.04829,0.00000,0.00000,0.10077,0.02854,0.00000,0.00000,0.00000,0.00000,0.00000,0.00000,0.05065,0.01144,0.00000,0.09858,0.13261,0.00000,0.00000,0.00000,0.00000,0.00000,0.15778,0.00000,0.00000,0.00000,0.08473,0.15690,0.00000,0.00000,0.00000,0.00000,0.00000,0.00000,0.11409,0.00000,0.00000,0.06108,0.16604,0.00000,0.00000,0.00000,0.00000,0.00000,0.00000,0.00000,0.00000,0.00000,0.90000,0.70138,1.92750,2.30150,0.59700,0.60000,0.91300,0,0.90000,0.70138,0.00000,0.00000,0.00000,0.59700,5.00000,0.60000
124,0.00000,0.00000,0.00000,0.00000,0.00000,0.00000,0.00000,0.00000,0.00000,0.00000,0.00000,0.00000,0.00000,0.00000,0.00000,0.00000,0.00000,0.00000,0.00000,0.00000,0.00000,0.00000,0.00000,0.00000,0.00000,0.00000,0.00000,0.00000,0.00000,0.00000,0.00000,0.00000,0.00000,0.00000,0.00000,0.00000,0.00000,0.00000,0.00000,0.00000,0.00000,0.00000,0.00000,0.00000,0.00000,0.00000,0.00000,0.00000,0.00000,0.00000,0.00000,0.00142,0.00000,0.00000,0.00000,0.00000,0.00000,0.00000,0.00000,0.00000,0.00000,0.00000,0.00000,0.00000,0.00000,0.00407,0.00000,0.00136,0.08992,0.00000,0.00000,0.00000,0.00000,0.11250,0.00000,0.00000,0.02689,0.00000,0.00000,0.21574,0.01899,0.00000,0.00000,0.00000,0.00000,0.18721,0.00100,0.00000,0.00000,0.00000,0.19670,0.04705,0.00000,0.00000,0.00000,0.00000,0.00000,0.03143,0.13078,0.00000,0.00000,0.15295,0.07700,0.00000,0.00000,0.00000,0.00000,0.00000,0.00000,0.00000,0.00000,0.00000,0.90000,0.70138,2.03450,0.56800,0.54800,0.56100,0.89100,0,0.90000,0.70138,0.00000,0.00000,0.00000,0.54800,0.56800,0.56100
125,0.00000,0.00000,0.00000,0.00000,0.00000,0.00000,0.00000,0.00000,0.00000,0.00000,0.00000,0.00000,0.00000,0.00000,0.00000,0.00000,0.00000,0.00000,0.00000,0.00000,0.00000,0.00000,0.00000,0.00000,0.00000,0.00000,0.00000,0.00000,0.00000,0.00000,0.00000,0.00000,0.00000,0.00000,0.00000,0.00000,0.00000,0.00000,0.00000,0.00000,0.00000,0.00000,0.00000,0.00000,0.00000,0.00000,0.00000,0.00000,0.00000,0.00000,0.00000,0.00000,0.00000,0.00000,0.00000,0.00000,0.00000,0.00000,0.00000,0.00000,0.00000,0.00000,0.00000,0.00000,0.03237,0.00425,0.00000,0.04475,0.00000,0.00000,0.00000,0.00000,0.01981,0.00000,0.00000,0.00000,0.00354,0.00000,0.05183,0.17848,0.00000,0.00000,0.00000,0.00000,0.00000,0.16238,0.00000,0.00000,0.00000,0.01739,0.21999,0.00000,0.00000,0.00000,0.00000,0.00000,0.00000,0.17972,0.00000,0.00000,0.00130,0.23001,0.00289,0.00000,0.00000,0.00000,0.00000,0.00000,0.00000,0.00814,0.00000,0.00000,0.90000,0.70138,2.13250,0.50600,0.50400,2.63350,0.87200,0,0.90000,0.70138,0.00000,0.00000,0.00000,0.50400,0.52700,3.77450
126,0.00000,0.00000,0.00000,0.00000,0.00000,0.00000,0.00000,0.00000,0.00000,0.00000,0.00000,0.00000,0.00000,0.00000,0.00000,0.00000,0.00000,0.00000,0.00000,0.00000,0.00000,0.00000,0.00000,0.00000,0.00000,0.00000,0.00000,0.00000,0.00000,0.00000,0.00000,0.00000,0.00000,0.00000,0.00000,0.00000,0.00000,0.00000,0.00000,0.00000,0.00000,0.00000,0.00000,0.00000,0.00000,0.00000,0.00000,0.00000,0.00000,0.00000,0.00000,0.00000,0.00000,0.00000,0.00000,0.00000,0.00000,0.00000,0.00000,0.00000,0.00000,0.00000,0.00000,0.00000,0.00000,0.00000,0.00000,0.00000,0.00000,0.00000,0.00000,0.00000,0.00000,0.00000,0.00000,0.00000,0.00000,0.00000,0.16893,0.03485,0.00000,0.00000,0.00000,0.00000,0.12665,0.00000,0.00000,0.00000,0.00000,0.14210,0.09068,0.00000,0.00000,0.00000,0.00000,0.00000,0.04581,0.16061,0.00000,0.00000,0.09693,0.13496,0.00000,0.00000,0.00000,0.00000,0.00000,0.00000,0.00000,0.08774,0.00000,0.00000,0.90000,0.70138,2.09150,0.49100,0.48050,2.14350,0.88000,0,0.90000,0.70138,0.00000,0.00000,0.00000,0.48050,0.49200,5.00000
127,0.00000,0.00000,0.00000,0.00000,0.00000,0.00000,0.00000,0.00000,0.00000,0.00000,0.00000,0.00000,0.00000,0.00000,0.00000,0.00000,0.00000,0.00000,0.00000,0.00000,0.00000,0.00000,0.00000,0.00000,0.00000,0.00000,0.00000,0.00000,0.00000,0.00000,0.00000,0.00000,0.00000,0.00000,0.00000,0.00000,0.00000,0.00000,0.00000,0.00000,0.00000,0.00000,0.00000,0.00000,0.00000,0.00000,0.00000,0.00000,0.00000,0.00000,0.00000,0.00000,0.00000,0.00000,0.00000,0.00000,0.00000,0.00000,0.00000,0.00000,0.00000,0.00000,0.00000,0.00000,0.00000,0.00000,0.00000,0.00000,0.00000,0.00000,0.00000,0.00725,0.00000,0.00000,0.00000,0.00000,0.00000,0.02736,0.11504,0.00000,0.00000,0.00000,0.00000,0.00000,0.09233,0.00000,0.00000,0.00000,0.00195,0.22695,0.00000,0.00000,0.00000,0.00000,0.00000,0.00000,0.20254,0.00124,0.00000,0.00000,0.19988,0.01592,0.00000,0.00000,0.00000,0.00000,0.00000,0.00000,0.02671,0.13779,0.00000,0.00000,0.90000,0.70138,2.24650,0.46500,0.46000,2.06850,0.79300,0,0.90000,0.67969,0.00000,0.00000,0.00000,0.46000,0.46500,5.00000
128,0.00000,0.00000,0.00000,0.00000,0.00000,0.00000,0.00000,0.00000,0.00000,0.00000,0.00000,0.00000,0.00000,0.00000,0.00000,0.00000,0.00000,0.00000,0.00000,0.00000,0.00000,0.00000,0.00000,0.00000,0.00000,0.00000,0.00000,0.00000,0.00000,0.00000,0.00000,0.00000,0.00000,0.00000,0.00000,0.00000,0.00000,0.00000,0.00000,0.00000,0.00000,0.00000,0.00000,0.00000,0.00000,0.00000,0.00000,0.00000,0.00000,0.00000,0.00000,0.00000,0.00000,0.00000,0.00000,0.00000,0.00000,0.00000,0.00000,0.00000,0.00000,0.00000,0.00000,0.00000,0.00000,0.00000,0.00000,0.00000,0.00000,0.00000,0.00000,0.04387,0.00000,0.00000,0.00000,0.01504,0.00000,0.09410,0.00106,0.00000,0.00000,0.00000,0.00000,0.07524,0.04027,0.00000,0.00000,0.00000,0.07807,0.15914,0.00000,0.00000,0.00000,0.00000,0.00000,0.00083,0.21038,0.00000,0.00000,0.00000,0.17636,0.00000,0.00000,0.00000,0.00000,0.00000,0.00000,0.00000,0.13939,0.03396,0.00000,0.00000,0.90000,0.67969,0.48900,0.44600,0.43900,2.05600,0.78600,0,0.90000,0.68692,0.00000,0.00000,0.00000,0.43900,0.44600,3.62550
129,0.00000,0.00000,0.00000,0.00000,0.00000,0.00000,0.00000,0.00000,0.00000,0.00000,0.00000,0.00000,0.00000,0.00000,0.00000,0.00000,0.00000,0.00000,0.00000,0.00000,0.00000,0.00000,0.00000,0.00000,0.00000,0.00000,0.00000,0.00000,0.00000,0.00000,0.00000,0.00000,0.00000,0.00000,0.00000,0.00000,0.00000,0.00000,0.00000,0.00000,0.00000,0.00000,0.00000,0.00000,0.00000,0.00000,0.00000,0.00000,0.00000,0.00000,0.00000,0.00000,0.00000,0.00000,0.00000,0.00000,0.00000,0.00000,0.00000,0.00000,0.00000,0.00000,0.00000,0.00000,0.00000,0.00000,0.00000,0.00000,0.00000,0.00000,0.00000,0.02866,0.00000,0.00000,0.00371,0.00407,0.00000,0.01822,0.00000,0.00000,0.00000,0.00000,0.00000,0.08172,0.00000,0.00000,0.00000,0.00000,0.17176,0.06244,0.00000,0.00000,0.00000,0.00000,0.00000,0.10389,0.10448,0.00000,0.00000,0.00000,0.10189,0.00000,0.00000,0.00000,0.00000,0.00000,0.00000,0.00000,0.16450,0.00000,0.00000,0.00000,0.90000,0.68692,0.43700,0.42500,0.42100,4.81450,0.79100,0,0.90000,0.70138,0.00000,0.00000,0.00000,0.42100,0.42900,2.74750
130,0.00000,0.00000,0.00000,0.00000,0.00000,0.00000,0.00000,0.00000,0.00000,0.00000,0.00000,0.00000,0.00000,0.00000,0.00000,0.00000,0.00000,0.00000,0.00000,0.00000,0.00000,0.00000,0.00000,0.00000,0.00000,0.00000,0.00000,0.00000,0.00000,0.00000,0.00000,0.00000,0.00000,0.00000,0.00000,0.00000,0.00000,0.00000,0.00000,0.00000,0.00000,0.00000,0.00000,0.00000,0.00000,0.00000,0.00000,0.00000,0.00000,0.00000,0.00000,0.00000,0.00000,0.00000,0.00000,0.00000,0.00000,0.00000,0.00000,0.00000,0.00000,0.00000,0.00106,0.00000,0.00000,0.00000,0.00000,0.00000,0.00000,0.00000,0.00012,0.00006,0.00000,0.00000,0.00142,0.00000,0.00324,0.00949,0.00000,0.00000,0.00000,0.00000,0.00059,0.01268,0.00000,0.00000,0.00000,0.00000,0.21928,0.00696,0.00000,0.00000,0.00000,0.00000,0.00000,0.16504,0.01397,0.00000,0.00000,0.00000,0.03325,0.00000,0.00000,0.00000,0.00000,0.00000,0.00000,0.00601,0.08473,0.00000,0.00000,0.00000,0.90000,0.70138,0.43600,0.41400,0.41300,5.00000,0.78500,0,0.90000,0.73029,0.00000,0.00000,0.00000,0.41300,0.42200,2.25050
131,0.00000,0.00000,0.00000,0.00000,0.00000,0.00000,0.00000,0.00000,0.00000,0.00000,0.00000,0.00000,0.00000,0.00000,0.00000,0.00000,0.00000,0.00000,0.00000,0.00000,0.00000,0.00000,0.00000,0.00000,0.00000,0.00000,0.00000,0.00000,0.00000,0.00000,0.00000,0.00000,0.00000,0.00000,0.00000,0.00000,0.00000,0.00000,0.00000,0.00000,0.00000,0.00000,0.00000,0.00000,0.00000,0.00000,0.00000,0.00000,0.00000,0.00000,0.00000,0.00000,0.00000,0.00000,0.00000,0.00000,0.00000,0.00000,0.00000,0.00000,0.00000,0.00000,0.00000,0.00000,0.00000,0.00000,0.00000,0.00000,0.00000,0.00000,0.00000,0.00000,0.00000,0.00000,0.01515,0.03756,0.00000,0.00000,0.00000,0.00000,0.00000,0.00000,0.00831,0.00000,0.00000,0.00000,0.00000,0.00000,0.09658,0.00000,0.00000,0.00000,0.00000,0.00000,0.00000,0.15442,0.00000,0.00000,0.00000,0.00000,0.00000,0.00000,0.00000,0.00000,0.00000,0.00000,0.00000,0.03131,0.00000,0.00000,0.00000,0.00000,0.90000,0.73029,0.44000,0.39800,0.40300,5.00000,0.76900,0,0.90000,0.83151,0.00000,0.00000,0.00000,0.39800,0.40800,1.99450
132,0.00000,0.00000,0.00000,0.00000,0.00000,0.00000,0.00000,0.00000,0.00000,0.00000,0.00000,0.00000,0.00000,0.00000,0.00000,0.00000,0.00000,0.00000,0.00000,0.00000,0.00000,0.00000,0.00000,0.00000,0.00000,0.00000,0.00000,0.00000,0.00000,0.00000,0.00000,0.00000,0.00000,0.00000,0.00000,0.00000,0.00000,0.00000,0.00000,0.00000,0.00000,0.00000,0.00000,0.00000,0.00000,0.00000,0.00000,0.00000,0.00000,0.00000,0.00000,0.00000,0.00000,0.00000,0.00000,0.00000,0.00000,0.00000,0.00000,0.00000,0.00000,0.00861,0.01191,0.00000,0.00000,0.00000,0.00000,0.00000,0.00000,0.00000,0.08579,0.00000,0.00000,0.00000,0.03927,0.00000,0.00000,0.00000,0.00000,0.00000,0.00000,0.00000,0.07765,0.00000,0.00000,0.00000,0.00000,0.00000,0.00000,0.00000,0.00000,0.00000,0.00000,0.00000,0.00000,0.15407,0.00000,0.00000,0.00000,0.00000,0.00000,0.00000,0.00000,0.00000,0.00000,0.00000,0.00000,0.04935,0.00690,0.00000,0.00000,0.00000,0.90000,0.83151,0.41200,0.39100,0.40200,5.00000,0.76500,0,0.90000,0.91463,0.00000,0.00000,0.00000,0.39100,0.39500,1.98750
133,0.00000,0.00000,0.00000,0.00000,0.00000,0.00000,0.00000,0.00000,0.00000,0.00000,0.00000,0.00000,0.00000,0.00000,0.00000,0.00000,0.00000,0.00000,0.00000,0.00000,0.00000,0.00000,0.00000,0.00000,0.00000,0.00000,0.00000,0.00000,0.00000,0.00000,0.00000,0.00000,0.00000,0.00000,0.00000,0.00000,0.00000,0.00000,0.00000,0.00000,0.00000,0.00000,0.00000,0.00000,0.00000,0.00000,0.00000,0.00000,0.00000,0.00000,0.00000,0.00000,0.00000,0.00000,0.00000,0.00000,0.00000,0.00000,0.00000,0.00000,0.00000,0.00000,0.00000,0.00000,0.00000,0.00000,0.00000,0.00000,0.00000,0.00000,0.05077,0.00000,0.00000,0.00000,0.08897,0.00301,0.00000,0.00071,0.00000,0.00000,0.00000,0.00000,0.06669,0.00000,0.00000,0.00000,0.00000,0.00000,0.00000,0.00000,0.00000,0.00000,0.00000,0.00000,0.00000,0.06633,0.00000,0.00000,0.00000,0.00000,0.00000,0.00000,0.00000,0.00000,0.00000,0.00000,0.00000,0.02087,0.00000,0.00000,0.00000,0.00000,0.90000,0.91463,0.36400,0.34500,1.93550,5.00000,0.73700,0,0.90000,0.91103,0.00000,0.00000,0.00000,1.93550,0.34500,4.96150
134,0.00000,0.00000,0.00000,0.00000,0.00000,0.00000,0.00000,0.00000,0.00000,0.00000,0.00000,0.00000,0.00000,0.00000,0.00000,0.00000,0.00000,0.00000,0.00000,0.00000,0.00000,0.00000,0.00000,0.00000,0.00000,0.00000,0.00000,0.00000,0.00000,0.00000,0.00000,0.00000,0.00000,0.00000,0.00000,0.00000,0.00000,0.00000,0.00000,0.00000,0.00000,0.00000,0.00000,0.00000,0.00000,0.00000,0.00000,0.00000,0.00000,0.00000,0.00000,0.00000,0.00000,0.00000,0.00000,0.00000,0.03626,0.00000,0.00000,0.00000,0.02848,0.00407,0.00000,0.00000,0.01026,0.00000,0.00000,0.00000,0.09045,0.10607,0.00000,0.00000,0.00442,0.14729,0.04517,0.00000,0.03025,0.00000,0.00000,0.00000,0.00000,0.18538,0.00000,0.00000,0.00000,0.00000,0.00000,0.00000,0.00000,0.00000,0.00000,0.00000,0.00000,0.00088,0.00000,0.00000,0.00000,0.00000,0.00000,0.00000,0.00000,0.00000,0.00000,0.00000,0.00000,0.00000,0.00000,0.00000,0.00000,0.00000,0.00000,0.00000,0.90000,0.91103,0.27650,1.79500,1.89100,5.00000,0.68600,0,0.00000,0.83151,0.00000,0.00000,0.00000,4.45550,0.27650,4.73150
135,0.00000,0.00000,0.00000,0.00000,0.00000,0.00000,0.00000,0.00000,0.00000,0.00000,0.00000,0.00000,0.00000,0.00000,0.00000,0.00000,0.00000,0.00000,0.00000,0.00000,0.00000,0.00000,0.00000,0.00000,0.00000,0.00000,0.00000,0.00000,0.00000,0.00000,0.00000,0.00000,0.00000,0.00000,0.00000,0.00000,0.00000,0.00000,0.00000,0.00000,0.00000,0.00000,0.00000,0.00000,0.00000,0.00000,0.00000,0.00000,0.00000,0.00000,0.00000,0.00000,0.00000,0.00000,0.00000,0.00000,0.00000,0.00000,0.00012,0.00767,0.00000,0.00000,0.00000,0.00000,0.00000,0.00000,0.00000,0.00283,0.00000,0.00000,0.00000,0.01586,0.14263,0.09676,0.00000,0.00000,0.00000,0.00000,0.00000,0.09192,0.06922,0.00000,0.00000,0.00000,0.00000,0.03166,0.00000,0.00672,0.00000,0.00000,0.00000,0.00000,0.09693,0.00000,0.00000,0.00000,0.00000,0.00000,0.00000,0.04971,0.00000,0.00000,0.00000,0.00000,0.00000,0.00000,0.00000,0.00000,0.00000,0.00000,0.00000,0.00000,0.00000,0.83151,0.23400,1.78950,4.11650,0.58500,0.73900,0,0.00000,0.75921,0.00000,0.00000,0.00000,4.81400,0.23400,0.58500
136,0.00000,0.00000,0.00000,0.00000,0.00000,0.00000,0.00000,0.00000,0.00000,0.00000,0.00000,0.00000,0.00000,0.00000,0.00000,0.00000,0.00000,0.00000,0.00000,0.00000,0.00000,0.00000,0.00000,0.00000,0.00000,0.00000,0.00000,0.00000,0.00000,0.00000,0.00000,0.00000,0.00000,0.00000,0.00000,0.00000,0.00000,0.00000,0.00000,0.00000,0.00000,0.00000,0.00000,0.00000,0.00000,0.00000,0.00000,0.00000,0.00000,0.00000,0.00000,0.00000,0.00000,0.00000,0.00000,0.00000,0.00000,0.05961,0.00301,0.00000,0.00000,0.00000,0.00000,0.00000,0.00000,0.00000,0.00000,0.00000,0.00000,0.00442,0.09988,0.16038,0.00808,0.00000,0.00000,0.00000,0.00000,0.00000,0.00000,0.00000,0.00000,0.00000,0.00000,0.00295,0.15183,0.01344,0.00000,0.00000,0.00000,0.00000,0.00000,0.00000,0.00000,0.00000,0.00000,0.00000,0.00000,0.00000,0.03007,0.13355,0.00000,0.00000,0.00000,0.00000,0.00000,0.00000,0.00000,0.00000,0.00000,0.00000,0.00000,0.00000,0.00000,0.75921,1.65400,1.72500,4.35700,0.52500,0.67100,0,-0.83243,0.75921,0.00000,0.00000,0.00000,4.88700,4.68000,0.52500
137,0.00000,0.00000,0.00000,0.00000,0.00000,0.00000,0.00000,0.00000,0.00000,0.00000,0.00000,0.00000,0.00000,0.00000,0.00000,0.00000,0.00000,0.00000,0.00000,0.00000,0.00000,0.00000,0.00000,0.00000,0.00000,0.00000,0.00000,0.00000,0.00000,0.00000,0.00000,0.00000,0.00000,0.00000,0.00000,0.00000,0.00000,0.00000,0.00000,0.00000,0.00000,0.00000,0.00000,0.00000,0.00000,0.00000,0.00000,0.00000,0.00000,0.00000,0.00000,0.00000,0.00000,0.00000,0.00000,0.00000,0.00000,0.02317,0.00000,0.00000,0.00000,0.00000,0.00000,0.00000,0.00000,0.00000,0.00000,0.00000,0.00000,0.13267,0.15254,0.02099,0.00000,0.00000,0.00000,0.00000,0.00000,0.00000,0.00000,0.00000,0.00000,0.00000,0.00059,0.14440,0.15254,0.00142,0.00000,0.00000,0.00000,0.00000,0.00000,0.00000,0.00000,0.00000,0.00000,0.00000,0.01822,0.05041,0.00000,0.00000,0.00000,0.00000,0.00000,0.00000,0.00000,0.00000,0.00000,0.00000,0.00000,0.00000,0.00000,0.03608,-0.83243,0.75921,0.23800,1.71450,4.30700,0.48600,0.62200,0,-0.90000,0.75198,0.00000,0.00000,0.00000,4.71500,0.23800,0.48600
138,0.00000,0.00000,0.00000,0.00000,0.00000,0.00000,0.00000,0.00000,0.00000,0.00000,0.00000,0.00000,0.00000,0.00000,0.00000,0.00000,0.00000,0.00000,0.00000,0.00000,0.00000,0.00000,0.00000,0.00000,0.00000,0.00000,0.00000,0.00000,0.00000,0.00000,0.00000,0.00000,0.00000,0.00000,0.00000,0.00000,0.00000,0.00000,0.00000,0.00000,0.00000,0.00000,0.00000,0.00000,0.00000,0.00000,0.00000,0.00000,0.00000,0.00000,0.00000,0.00000,0.00000,0.00000,0.00000,0.00000,0.08614,0.00000,0.00000,0.00000,0.00000,0.00000,0.00000,0.00000,0.00000,0.00000,0.00000,0.00000,0.02783,0.18443,0.09145,0.00000,0.00000,0.00000,0.00000,0.00000,0.00000,0.00000,0.00000,0.00000,0.00000,0.00000,0.05448,0.18662,0.03467,0.00000,0.00000,0.00000,0.00000,0.00000,0.00000,0.00000,0.00000,0.00000,0.00000,0.00000,0.14629,0.13691,0.00000,0.00000,0.00000,0.00000,0.00000,0.00000,0.00000,0.00000,0.00000,0.00000,0.00000,0.02435,0.03031,0.00000,-0.90000,0.75198,1.50300,1.53750,3.87600,4.32100,0.37500,0,-0.90000,0.74475,0.00000,0.00000,0.00000,4.18200,4.11300,0.37500
139,0.00000,0.00000,0.00000,0.00000,0.00000,0.00000,0.00000,0.00000,0.00000,0.00000,0.00000,0.00000,0.00000,0.00000,0.00000,0.00000,0.00000,0.00000,0.00000,0.00000,0.00000,0.00000,0.00000,0.00000,0.00000,0.00000,0.00000,0.00000,0.00000,0.00000,0.00000,0.00000,0.00000,0.00000,0.00000,0.00000,0.00000,0.00000,0.00000,0.00000,0.00000,0.00000,0.00000,0.00000,0.00000,0.00000,0.00000,0.00000,0.00000,0.00000,0.00000,0.00000,0.00000,0.00000,0.00000,0.00000,0.00000,0.10401,0.00265,0.00000,0.00000,0.00000,0.00000,0.00000,0.00000,0.00000,0.00000,0.00000,0.00000,0.01221,0.20702,0.02983,0.00000,0.00000,0.00000,0.00000,0.00000,0.00000,0.00000,0.00000,0.00000,0.00000,0.00000,0.18709,0.05879,0.00000,0.00000,0.00000,0.00000,0.00000,0.00000,0.00000,0.00000,0.00000,0.00000,0.00000,0.11904,0.00000,0.00000,0.00000,0.00000,0.00000,0.00000,0.00000,0.00000,0.00000,0.00000,0.00000,0.00000,0.00000,0.02034,0.00000,-0.90000,0.74475,3.38900,1.38100,1.41000,4.92000,5.00000,0,0.00000,0.73029,0.00000,0.00000,0.00000,4.42800,1.41000,4.43700
140,0.00000,0.00000,0.00000,0.00000,0.00000,0.00000,0.00000,0.00000,0.00000,0.00000,0.00000,0.00000,0.00000,0.00000,0.00000,0.00000,0.00000,0.00000,0.00000,0.00000,0.00000,0.00000,0.00000,0.00000,0.00000,0.00000,0.00000,0.00000,0.00000,0.00000,0.00000,0.00000,0.00000,0.00000,0.00000,0.00000,0.00000,0.00000,0.00000,0.00000,0.00000,0.00000,0.00000,0.00000,0.00000,0.01397,0.04121,0.00000,0.00000,0.00000,0.00000,0.00000,0.00000,0.00000,0.00000,0.00000,0.00000,0.00000,0.19599,0.04121,0.00000,0.00000,0.00000,0.00000,0.00000,0.00000,0.00000,0.00000,0.00000,0.00000,0.00000,0.20867,0.03296,0.00000,0.00000,0.00000,0.00000,0.00000,0.00000,0.00000,0.00000,0.00000,0.00000,0.00000,0.21527,0.02406,0.00000,0.00000,0.00000,0.00000,0.00000,0.00000,0.00000,0.00000,0.00000,0.00000,0.00106,0.22406,0.01969,0.00000,0.00000,0.00000,0.00000,0.00000,0.00000,0.00000,0.00000,0.00000,0.00000,0.00088,0.21291,0.01297,0.00000,0.73029,2.85900,1.30000,2.53750,4.39900,5.00000,0,0.00000,0.70861,0.00000,0.00000,0.00000,2.53750,3.01750,5.00000
141,0.00000,0.00000,0.00000,0.00000,0.00000,0.00000,0.00000,0.00000,0.00000,0.00000,0.00000,0.00000,0.00000,0.00000,0.00000,0.00000,0.00000,0.00000,0.00000,0.00000,0.00000,0.00000,0.00000,0.00000,0.00000,0.00000,0.00000,0.00000,0.00000,0.00000,0.00000,0.00000,0.00000,0.00000,0.00000,0.00000,0.00000,0.00000,0.00000,0.00000,0.00000,0.00000,0.00000,0.00000,0.00000,0.00000,0.03838,0.00761,0.00000,0.00000,0.00000,0.00000,0.00000,0.00000,0.00000,0.00000,0.00000,0.00000,0.00719,0.22264,0.00118,0.00000,0.00000,0.00000,0.00000,0.00000,0.00000,0.00000,0.00000,0.00000,0.00000,0.01869,0.21816,0.00000,0.00000,0.00000,0.00000,0.00000,0.00000,0.00000,0.00000,0.00000,0.00000,0.00000,0.03803,0.19670,0.00000,0.00000,0.00000,0.00000,0.00000,0.00000,0.00000,0.00000,0.00000,0.00000,0.00000,0.06250,0.05248,0.00000,0.00000,0.00000,0.00000,0.00000,0.00000,0.00000,0.00000,0.00000,0.00000,0.00000,0.00000,0.00000,0.00000,0.70861,2.52100,1.22800,1.30450,4.28900,5.00000,0,0.25610,0.67969,0.00000,0.00000,0.00000,1.30450,1.22800,1.31200
142,0.00000,0.00000,0.00000,0.00000,0.00000,0.00000,0.00000,0.00000,0.00000,0.00000,0.00000,0.00000,0.00000,0.00000,0.00000,0.00000,0.00000,0.00000,0.00000,0.00000,0.00000,0.00000,0.00000,0.00000,0.00000,0.00000,0.00000,0.00000,0.00000,0.00000,0.00000,0.00000,0.00000,0.00000,0.00000,0.00000,0.00000,0.00000,0.00000,0.00000,0.00000,0.00000,0.00000,0.00000,0.00000,0.00000,0.00000,0.00000,0.00000,0.00000,0.00000,0.00000,0.00000,0.00000,0.00000,0.00000,0.00000,0.00000,0.00000,0.13190,0.07364,0.00000,0.00000,0.00000,0.00513,0.00000,0.00000,0.00000,0.00000,0.00000,0.00000,0.00000,0.18821,0.04829,0.00000,0.00000,0.00000,0.00000,0.00000,0.00000,0.00000,0.00000,0.00000,0.00000,0.00000,0.21621,0.01409,0.00000,0.00000,0.00000,0.02565,0.00000,0.00000,0.00000,0.00000,0.00000,0.00000,0.00348,0.22854,0.00183,0.00000,0.00000,0.09534,0.00000,0.00000,0.00000,0.00000,0.00000,0.00000,0.00000,0.01633,0.17205,0.25610,0.67969,2.39800,1.19200,1.26850,4.21850,5.00000,0,0.00000,0.68692,0.00000,0.00000,0.00000,2.91050,1.19200,1.50450
143,0.00000,0.00000,0.00000,0.00000,0.00000,0.00000,0.00000,0.00000,0.00000,0.00000,0.00000,0.00000,0.00000,0.00000,0.00000,0.00000,0.00000,0.00000,0.00000,0.00000,0.00000,0.00000,0.00000,0.00000,0.00000,0.00000,0.00000,0.00000,0.00000,0.00000,0.00000,0.00000,0.00000,0.00000,0.00000,0.00000,0.00000,0.00000,0.00000,0.00000,0.00000,0.00000,0.00000,0.00000,0.00000,0.00000,0.00000,0.00000,0.00000,0.00000,0.00000,0.00000,0.00000,0.00000,0.00000,0.00000,0.00000,0.00000,0.00000,0.07659,0.08066,0.00000,0.00000,0.00000,0.02123,0.00000,0.00000,0.00000,0.00000,0.00000,0.00000,0.00000,0.17529,0.05377,0.00000,0.00000,0.00000,0.00000,0.00000,0.00000,0.00000,0.00000,0.00000,0.00000,0.00000,0.20318,0.02659,0.00000,0.00000,0.00000,0.00000,0.00000,0.00000,0.00000,0.00000,0.00000,0.00000,0.00088,0.23225,0.00301,0.00000,0.00000,0.00000,0.00000,0.00000,0.00000,0.00000,0.00000,0.00000,0.00000,0.01468,0.20643,0.00000,0.68692,2.35500,1.13000,1.17950,4.71850,5.00000,0,0.00000,0.67969,0.00000,0.00000,0.00000,2.87450,1.13000,1.17950
144,0.00000,0.00000,0.00000,0.00000,0.00000,0.00000,0.00000,0.00000,0.00000,0.00000,0.00000,0.00000,0.00000,0.00000,0.00000,0.00000,0.00000,0.00000,0.00000,0.00000,0.00000,0.00000,0.00000,0.00000,0.00000,0.00000,0.00000,0.00000,0.00000,0.00000,0.00000,0.00000,0.00000,0.00000,0.00000,0.00000,0.00000,0.00000,0.00000,0.00000,0.00000,0.00000,0.00000,0.00000,0.00000,0.00000,0.00000,0.00000,0.00000,0.00000,0.00000,0.00000,0.00000,0.00000,0.00000,0.00000,0.00000,0.00000,0.00000,0.11580,0.01739,0.00000,0.00000,0.00000,0.00000,0.00000,0.00000,0.00000,0.00000,0.00000,0.00000,0.00171,0.22134,0.00053,0.00000,0.00000,0.00000,0.00000,0.00000,0.00000,0.00000,0.00000,0.00000,0.00000,0.02158,0.21509,0.00000,0.00000,0.00000,0.00000,0.00000,0.00000,0.00000,0.00000,0.00000,0.00000,0.00000,0.03632,0.19540,0.00000,0.00000,0.00000,0.00000,0.00000,0.00000,0.00000,0.00000,0.00000,0.00000,0.00000,0.08379,0.14245,0.00000,0.67969,2.52050,1.06900,1.31550,4.69150,5.00000,0,0.00000,0.67969,0.00000,0.00000,0.00000,2.28850,1.06900,1.31550
145,0.00000,0.00000,0.00000,0.00000,0.00000,0.00000,0.00000,0.00000,0.00000,0.00000,0.00000,0.00000,0.00000,0.00000,0.00000,0.00000,0.00000,0.00000,0.00000,0.00000,0.00000,0.00000,0.00000,0.00000,0.00000,0.00000,0.00000,0.00000,0.00000,0.00000,0.00000,0.00000,0.00000,0.00000,0.00000,0.00000,0.00000,0.00000,0.00000,0.00000,0.00000,0.00000,0.00000,0.00000,0.00000,0.00000,0.00000,0.00000,0.00000,0.00000,0.00000,0.00000,0.00000,0.00000,0.00000,0.00000,0.00000,0.00000,0.00000,0.15631,0.00519,0.00000,0.00000,0.00000,0.00000,0.00000,0.00000,0.00000,0.00000,0.00000,0.00000,0.01055,0.22046,0.00000,0.00000,0.00000,0.00000,0.00000,0.00000,0.00000,0.00000,0.00000,0.00000,0.00000,0.04351,0.18927,0.00000,0.00000,0.00000,0.00000,0.00000,0.00000,0.00000,0.00000,0.00000,0.00000,0.00000,0.07978,0.14823,0.00000,0.00000,0.00000,0.00000,0.00000,0.00000,0.00000,0.00000,0.00000,0.00000,0.00000,0.10796,0.10519,0.00000,0.67969,2.46750,1.01500,1.08750,4.93350,5.00000,0,0.00000,0.67969,0.00000,0.00000,0.00000,1.13550,1.01800,1.08750
146,0.00000,0.00000,0.00000,0.00000,0.00000,0.00000,0.00000,0.00000,0.00000,0.00000,0.00000,0.00000,0.00000,0.00000,0.00000,0.00000,0.00000,0.00000,0.00000,0.00000,0.00000,0.00000,0.00000,0.00000,0.00000,0.00000,0.00000,0.00000,0.00000,0.00000,0.00000,0.00000,0.00000,0.00000,0.00000,0.00000,0.00000,0.00000,0.00000,0.00000,0.00000,0.00000,0.00000,0.00000,0.00000,0.00000,0.00000,0.00000,0.00000,0.00000,0.00000,0.00000,0.00000,0.00000,0.00000,0.00000,0.00000,0.00000,0.00000,0.12877,0.00000,0.00000,0.00000,0.00000,0.00336,0.00000,0.00000,0.00000,0.00000,0.00000,0.00000,0.08125,0.15348,0.00000,0.00000,0.00000,0.00000,0.00000,0.00000,0.00000,0.00000,0.00000,0.00000,0.00000,0.11568,0.11480,0.00000,0.00000,0.00000,0.00000,0.00000,0.00000,0.00000,0.00000,0.00000,0.00000,0.00000,0.15855,0.07583,0.00000,0.00000,0.00000,0.00000,0.00000,0.00000,0.00000,0.00000,0.00000,0.00000,0.00000,0.00743,0.00000,0.00000,0.67969,2.59600,0.98900,1.04850,4.96150,5.00000,0,0.00000,0.68692,0.00000,0.00000,0.00000,1.04850,2.71750,5.00000
147,0.00000,0.00000,0.00000,0.00000,0.00000,0.00000,0.00000,0.00000,0.00000,0.00000,0.00000,0.00000,0.00000,0.00000,0.00000,0.00000,0.00000,0.00000,0.00000,0.00000,0.00000,0.00000,0.00000,0.00000,0.00000,0.00000,0.00000,0.00000,0.00000,0.00000,0.00000,0.00000,0.00000,0.00000,0.00000,0.00000,0.00000,0.00000,0.00000,0.00000,0.00000,0.00000,0.00000,0.00000,0.00000,0.00000,0.00000,0.00000,0.00000,0.00000,0.00000,0.00000,0.00000,0.00000,0.00000,0.00000,0.00000,0.00000,0.00000,0.10436,0.00000,0.00000,0.00000,0.00000,0.03166,0.00000,0.00000,0.00000,0.00000,0.00000,0.00000,0.13697,0.09758,0.00000,0.00000,0.00000,0.00000,0.00000,0.00000,0.00000,0.00000,0.00000,0.00000,0.00000,0.16716,0.05483,0.00000,0.00000,0.00000,0.00000,0.00000,0.00000,0.00000,0.00000,0.00000,0.00000,0.00000,0.22005,0.01468,0.00000,0.00000,0.08550,0.00153,0.00000,0.00000,0.00000,0.00000,0.00000,0.00000,0.00401,0.19764,0.00000,0.00000,0.68692,2.64950,0.94400,0.99650,5.00000,5.00000,0,0.00000,0.69415,0.00000,0.00000,0.00000,0.99650,2.45150,5.00000
148,0.00000,0.00000,0.00000,0.00000,0.00000,0.00000,0.00000,0.00000,0.00000,0.00000,0.00000,0.00000,0.00000,0.00000,0.00000,0.00000,0.00000,0.00000,0.00000,0.00000,0.00000,0.00000,0.00000,0.00000,0.00000,0.00000,0.00000,0.00000,0.00000,0.00000,0.00000,0.00000,0.00000,0.00000,0.00000,0.00000,0.00000,0.00000,0.00000,0.00000,0.00000,0.00000,0.00000,0.00000,0.00000,0.00000,0.00000,0.00000,0.00000,0.00000,0.00000,0.00000,0.00000,0.00000,0.00000,0.00000,0.00000,0.00000,0.01020,0.08090,0.00000,0.00000,0.00000,0.00000,0.01291,0.00354,0.00000,0.00000,0.00000,0.00000,0.00000,0.18125,0.04517,0.00000,0.00000,0.00000,0.00000,0.00000,0.00000,0.00000,0.00000,0.00000,0.00000,0.00000,0.21846,0.01468,0.00000,0.00000,0.00000,0.00000,0.00000,0.00000,0.00000,0.00000,0.00000,0.00000,0.00248,0.22394,0.00000,0.00000,0.00000,0.05607,0.00000,0.00000,0.00000,0.00000,0.00000,0.00000,0.00000,0.04829,0.17353,0.00000,0.00000,0.69415,2.63650,0.90100,0.94400,5.00000,5.00000,0,0.00000,0.72307,0.00000,0.00000,0.00000,0.94400,2.27150,5.00000
149,0.00000,0.00000,0.00000,0.00000,0.00000,0.00000,0.00000,0.00000,0.00000,0.00000,0.00000,0.00000,0.00000,0.00000,0.00000,0.00000,0.00000,0.00000,0.00000,0.00000,0.00000,0.00000,0.00000,0.00000,0.00000,0.00000,0.00000,0.00000,0.00000,0.00000,0.00000,0.00000,0.00000,0.00000,0.00000,0.00000,0.00000,0.00000,0.00000,0.00000,0.00000,0.00000,0.00000,0.00000,0.00000,0.00000,0.00000,0.00000,0.00000,0.00000,0.00000,0.00000,0.00000,0.00000,0.00000,0.00000,0.00000,0.00000,0.03927,0.03290,0.00000,0.00000,0.00000,0.00000,0.00000,0.00000,0.00000,0.00000,0.00000,0.00000,0.00000,0.23160,0.00118,0.00000,0.00000,0.00000,0.00000,0.00000,0.00000,0.00000,0.00000,0.00000,0.00000,0.02300,0.20413,0.00000,0.00000,0.00000,0.00000,0.00000,0.00000,0.00000,0.00000,0.00000,0.00000,0.00000,0.06686,0.16114,0.00000,0.00000,0.00142,0.07394,0.00000,0.00000,0.00000,0.00000,0.00000,0.00000,0.00000,0.12305,0.09204,0.00000,0.00000,0.72307,2.92600,0.85800,0.89850,5.00000,5.00000,0,0.00000,0.70861,0.00000,0.00000,0.00000,0.89850,1.98150,5.00000
150,0.00000,0.00000,0.00000,0.00000,0.00000,0.00000,0.00000,0.00000,0.00000,0.00000,0.00000,0.00000,0.00000,0.00000,0.00000,0.00000,0.00000,0.00000,0.00000,0.00000,0.00000,0.00000,0.00000,0.00000,0.00000,0.00000,0.00000,0.00000,0.00000,0.00000,0.00000,0.00000,0.00000,0.00000,0.00000,0.00000,0.00000,0.00000,0.00000,0.00000,0.00000,0.00000,0.00000,0.00000,0.00000,0.00000,0.00000,0.00000,0.00000,0.00000,0.00000,0.00000,0.00000,0.00000,0.00000,0.00000,0.00000,0.00000,0.03184,0.00000,0.00000,0.00000,0.00000,0.00000,0.00000,0.00000,0.00000,0.00000,0.00000,0.00000,0.03390,0.19428,0.00000,0.00000,0.00000,0.00000,0.00000,0.00000,0.00000,0.00000,0.00000,0.00000,0.00000,0.09363,0.12836,0.00000,0.00000,0.00000,0.00000,0.00000,0.00000,0.00000,0.00000,0.00000,0.00000,0.00000,0.16309,0.07040,0.00000,0.00000,0.03868,0.00041,0.00000,0.00000,0.00000,0.00000,0.00000,0.00000,0.00000,0.19145,0.01462,0.00000,0.00000,0.70861,2.72500,0.81800,0.85100,5.00000,5.00000,0,0.00000,0.72307,0.00000,0.00000,0.00000,0.85100,1.75350,5.00000
151,0.00000,0.00000,0.00000,0.00000,0.00000,0.00000,0.00000,0.00000,0.00000,0.00000,0.00000,0.00000,0.00000,0.00000,0.00000,0.00000,0.00000,0.00000,0.00000,0.00000,0.00000,0.00000,0.00000,0.00000,0.00000,0.00000,0.00000,0.00000,0.00000,0.00000,0.00000,0.00000,0.00000,0.00000,0.00000,0.00000,0.00000,0.00000,0.00000,0.00000,0.00000,0.00000,0.00000,0.00000,0.00000,0.00000,0.00000,0.00000,0.00000,0.00000,0.00000,0.00000,0.00000,0.00000,0.00000,0.00000,0.00000,0.00000,0.00177,0.00000,0.00000,0.00000,0.00000,0.00000,0.00000,0.00000,0.00000,0.00000,0.00000,0.00000,0.08414,0.13149,0.00000,0.00000,0.00000,0.00000,0.00000,0.00124,0.00000,0.00000,0.00000,0.00000,0.00000,0.16521,0.05607,0.00000,0.00000,0.00000,0.00000,0.00000,0.00000,0.00000,0.00000,0.00000,0.00000,0.00000,0.22535,0.00248,0.00000,0.00000,0.04015,0.00000,0.00000,0.00000,0.00000,0.00000,0.00000,0.00000,0.01680,0.19758,0.00000,0.00000,0.00000,0.72307,2.57350,0.78600,0.80600,5.00000,5.00000,0,0.00000,0.73029,0.00000,0.00000,0.00000,0.80600,1.59350,5.00000
152,0.00000,0.00000,0.00000,0.00000,0.00000,0.00000,0.00000,0.00000,0.00000,0.00000,0.00000,0.00000,0.00000,0.00000,0.00000,0.00000,0.00000,0.00000,0.00000,0.00000,0.00000,0.00000,0.00000,0.00000,0.00000,0.00000,0.00000,0.00000,0.00000,0.00000,0.00000,0.00000,0.00000,0.00000,0.00000,0.00000,0.00000,0.00000,0.00000,0.00000,0.00000,0.00000,0.00000,0.00000,0.00000,0.00000,0.00000,0.00000,0.00000,0.00000,0.00000,0.00000,0.00000,0.00000,0.00000,0.00000,0.00000,0.00000,0.00000,0.00000,0.00000,0.00000,0.00000,0.00000,0.00000,0.00666,0.00979,0.00000,0.00000,0.00000,0.13172,0.06657,0.00000,0.00000,0.00000,0.00000,0.00000,0.12341,0.00041,0.00000,0.00000,0.00000,0.00000,0.21739,0.00088,0.00000,0.00000,0.00000,0.03656,0.07559,0.00000,0.00000,0.00000,0.00000,0.00000,0.01439,0.19487,0.00000,0.00000,0.00000,0.00000,0.00000,0.00000,0.00000,0.00000,0.00000,0.00000,0.00000,0.10312,0.10631,0.00000,0.00000,0.00000,0.73029,2.62650,0.87800,0.73400,5.00000,5.00000,0,-0.29172,0.71584,0.00000,0.00000,0.00000,0.73400,1.46950,5.00000
153,0.00000,0.00000,0.00000,0.00000,0.00000,0.00000,0.00000,0.00000,0.00000,0.00000,0.00000,0.00000,0.00000,0.00000,0.00000,0.00000,0.00000,0.00000,0.00000,0.00000,0.00000,0.00000,0.00000,0.00000,0.00000,0.00000,0.00000,0.00000,0.00000,0.00000,0.00000,0.00000,0.00000,0.00000,0.00000,0.00000,0.00000,0.00000,0.00000,0.00000,0.00000,0.00000,0.00000,0.00000,0.00000,0.00000,0.00000,0.00000,0.00000,0.00000,0.00000,0.00000,0.00000,0.00000,0.00000,0.00000,0.00000,0.00000,0.00000,0.00000,0.00000,0.00000,0.00000,0.00000,0.00000,0.00000,0.00000,0.00000,0.00000,0.00000,0.16486,0.01079,0.00000,0.00000,0.00000,0.00000,0.00012,0.08656,0.00000,0.00000,0.00000,0.00000,0.00831,0.21969,0.00000,0.00000,0.00000,0.00000,0.18054,0.02129,0.00000,0.00000,0.00000,0.00000,0.00000,0.07099,0.00436,0.00000,0.00000,0.00000,0.07978,0.00000,0.00000,0.00000,0.00000,0.00000,0.00000,0.00000,0.01822,0.00000,0.00000,0.00000,-0.29172,0.71584,0.65900,0.96600,0.68100,5.00000,5.00000,0,-0.47671,0.71584,0.00000,0.00000,0.00000,0.68100,1.49150,5.00000
154,0.00000,0.00000,0.00000,0.00000,0.00000,0.00000,0.00000,0.00000,0.00000,0.00000,0.00000,0.00000,0.00000,0.00000,0.00000,0.00000,0.00000,0.00000,0.00000,0.00000,0.00000,0.00000,0.00000,0.00000,0.00000,0.00000,0.00000,0.00000,0.00000,0.00000,0.00000,0.00000,0.00000,0.00000,0.00000,0.00000,0.00000,0.00000,0.00000,0.00000,0.00000,0.00000,0.00000,0.00000,0.00000,0.00000,0.00000,0.00000,0.00000,0.00000,0.00000,0.00000,0.00000,0.00000,0.00000,0.00000,0.00000,0.00000,0.00000,0.00000,0.00000,0.00000,0.00000,0.00000,0.00000,0.00672,0.00106,0.00000,0.00000,0.00000,0.10171,0.00142,0.00000,0.00000,0.00000,0.00000,0.00218,0.10537,0.00000,0.00000,0.00000,0.00000,0.02406,0.19670,0.00000,0.00000,0.00000,0.00354,0.19705,0.01044,0.00000,0.00000,0.00000,0.00000,0.00000,0.13320,0.08703,0.00000,0.00000,0.00000,0.06651,0.00000,0.00000,0.00000,0.00000,0.00000,0.00000,0.00000,0.00814,0.00000,0.00000,0.00000,-0.47671,0.71584,0.60600,0.78600,0.65700,5.00000,5.00000,0,0.00000,0.71584,0.00000,0.00000,0.00000,0.65700,1.66350,5.00000
155,0.00000,0.00000,0.00000,0.00000,0.00000,0.00000,0.00000,0.00000,0.00000,0.00000,0.00000,0.00000,0.00000,0.00000,0.00000,0.00000,0.00000,0.00000,0.00000,0.00000,0.00000,0.00000,0.00000,0.00000,0.00000,0.00000,0.00000,0.00000,0.00000,0.00000,0.00000,0.00000,0.00000,0.00000,0.00000,0.00000,0.00000,0.00000,0.00000,0.00000,0.00000,0.00000,0.00000,0.00000,0.00000,0.00000,0.00000,0.00000,0.00000,0.00000,0.00000,0.00000,0.00000,0.00000,0.00000,0.00000,0.00000,0.00000,0.00000,0.00000,0.00000,0.00000,0.00000,0.00000,0.00000,0.00000,0.00336,0.00000,0.00000,0.00000,0.00000,0.05342,0.00000,0.00000,0.00000,0.00000,0.00000,0.10507,0.00053,0.00000,0.00000,0.00000,0.00000,0.21521,0.00130,0.00000,0.00142,0.00000,0.09051,0.11698,0.00000,0.00000,0.00000,0.00000,0.00000,0.02783,0.18691,0.00000,0.00000,0.00000,0.16893,0.00000,0.00000,0.00000,0.00000,0.00000,0.00000,0.00000,0.15265,0.05059,0.00000,0.00000,0.00000,0.71584,2.65000,0.59800,0.94450,4.95750,5.00000,0,0.00000,0.71584,0.00000,0.00000,0.00000,0.94450,0.60200,5.00000
156,0.00000,0.00000,0.00000,0.00000,0.00000,0.00000,0.00000,0.00000,0.00000,0.00000,0.00000,0.00000,0.00000,0.00000,0.00000,0.00000,0.00000,0.00000,0.00000,0.00000,0.00000,0.00000,0.00000,0.00000,0.00000,0.00000,0.00000,0.00000,0.00000,0.00000,0.00000,0.00000,0.00000,0.00000,0.00000,0.00000,0.00000,0.00000,0.00000,0.00000,0.00000,0.00000,0.00000,0.00000,0.00000,0.00000,0.00000,0.00000,0.00000,0.00000,0.00000,0.00000,0.00000,0.00000,0.00000,0.00000,0.00000,0.00000,0.00000,0.00000,0.00000,0.00000,0.00000,0.00000,0.00000,0.00000,0.00000,0.00000,0.00000,0.00000,0.00000,0.00000,0.00000,0.00000,0.00000,0.00000,0.00000,0.03732,0.01963,0.00000,0.00000,0.00000,0.00000,0.04263,0.11710,0.00171,0.03479,0.00348,0.00118,0.20790,0.00000,0.00000,0.00000,0.00000,0.00000,0.00000,0.21421,0.00088,0.00336,0.10100,0.19298,0.02158,0.00000,0.00000,0.00000,0.00000,0.00000,0.00000,0.02123,0.18060,0.00000,0.00000,0.00000,0.71584,2.44350,0.56500,0.56300,0.56700,5.00000,0,0.00000,0.71584,0.00000,0.00000,0.00000,0.56300,0.56500,0.56700
157,0.00000,0.00000,0.00000,0.00000,0.00000,0.00000,0.00000,0.00000,0.00000,0.00000,0.00000,0.00000,0.00000,0.00000,0.00000,0.00000,0.00000,0.00000,0.00000,0.00000,0.00000,0.00000,0.00000,0.00000,0.00000,0.00000,0.00000,0.00000,0.00000,0.00000,0.00000,0.00000,0.00000,0.00000,0.00000,0.00000,0.00000,0.00000,0.00000,0.00000,0.00000,0.00000,0.00000,0.00000,0.00000,0.00000,0.00000,0.00000,0.00000,0.00000,0.00000,0.00000,0.00000,0.00000,0.00000,0.00000,0.00000,0.00000,0.00000,0.00000,0.00000,0.00000,0.00000,0.00000,0.00000,0.00000,0.00000,0.00000,0.00000,0.00000,0.00000,0.00000,0.00000,0.00000,0.00000,0.00000,0.00000,0.00259,0.00590,0.00000,0.00000,0.00000,0.00000,0.00000,0.03166,0.00018,0.00000,0.00000,0.00000,0.19239,0.00749,0.00000,0.00000,0.00000,0.00000,0.00000,0.15619,0.03750,0.09098,0.13243,0.14033,0.07812,0.00000,0.00000,0.00000,0.00000,0.00000,0.00000,0.00000,0.19511,0.00000,0.00000,0.00000,0.71584,0.44350,0.58300,0.64800,0.47100,5.00000,0,0.00000,0.71584,0.00000,0.00000,0.00000,1.78050,0.44350,0.47100
158,0.00000,0.00000,0.00000,0.00000,0.00000,0.00000,0.00000,0.00000,0.00000,0.00000,0.00000,0.00000,0.00000,0.00000,0.00000,0.00000,0.00000,0.00000,0.00000,0.00000,0.00000,0.00000,0.00000,0.00000,0.00000,0.00000,0.00000,0.00000,0.00000,0.00000,0.00000,0.00000,0.00000,0.00000,0.00000,0.00000,0.00000,0.00000,0.00000,0.00000,0.00000,0.00000,0.00000,0.00000,0.00000,0.00000,0.00000,0.00000,0.00000,0.00000,0.00000,0.00000,0.00000,0.00000,0.00000,0.00000,0.00000,0.00000,0.00000,0.00000,0.00000,0.00000,0.00000,0.00000,0.00000,0.00000,0.00000,0.00000,0.00000,0.00000,0.00000,0.00000,0.00000,0.00000,0.00000,0.00000,0.00000,0.00000,0.00000,0.00000,0.00000,0.00000,0.00000,0.00000,0.00000,0.00000,0.00000,0.00000,0.00000,0.12046,0.00000,0.00000,0.00000,0.00000,0.00000,0.00000,0.00000,0.00000,0.00000,0.00000,0.07818,0.13019,0.00000,0.00000,0.00000,0.00000,0.00000,0.00000,0.00000,0.01008,0.00000,0.05430,0.00000,0.71584,0.38900,0.52200,0.93850,0.42500,5.00000,0,0.00000,0.70138,0.00000,0.00000,0.00000,2.08250,0.38900,0.42500
159,0.00000,0.00000,0.00000,0.00000,0.00000,0.00000,0.00000,0.00000,0.00000,0.00000,0.00000,0.00000,0.00000,0.00000,0.00000,0.00000,0.00000,0.00000,0.00000,0.00000,0.00000,0.00000,0.00000,0.00000,0.00000,0.00000,0.00000,0.00000,0.00000,0.00000,0.00000,0.00000,0.00000,0.00000,0.00000,0.00000,0.00000,0.00000,0.00000,0.00000,0.00000,0.00000,0.00000,0.00000,0.00000,0.00000,0.00000,0.00000,0.00000,0.00000,0.00000,0.00000,0.00000,0.00000,0.00000,0.00000,0.00000,0.00000,0.00000,0.00000,0.00000,0.00000,0.00000,0.00000,0.00000,0.00000,0.00000,0.00000,0.00000,0.00000,0.00000,0.00000,0.00000,0.00000,0.00000,0.00000,0.00000,0.00000,0.00000,0.00000,0.00000,0.00000,0.00000,0.00000,0.00000,0.00000,0.00000,0.00000,0.00000,0.00000,0.00000,0.00000,0.00000,0.00000,0.00000,0.00000,0.00000,0.00000,0.00000,0.00000,0.05884,0.11963,0.00000,0.00000,0.00000,0.00000,0.00000,0.00000,0.00000,0.00566,0.01610,0.00955,0.00000,0.70138,0.31500,0.44100,1.06900,0.31150,0.33000,0,0.00000,0.69415,0.00000,0.00000,0.00000,2.18150,0.31500,0.31150
160,0.00000,0.00000,0.00000,0.00000,0.00000,0.00000,0.00000,0.00000,0.00000,0.00000,0.00000,0.00000,0.00000,0.00000,0.00000,0.00000,0.00000,0.00000,0.00000,0.00000,0.00000,0.00000,0.00000,0.00000,0.00000,0.00000,0.00000,0.00000,0.00000,0.00000,0.00000,0.00000,0.00000,0.00000,0.00000,0.00000,0.00000,0.00000,0.00000,0.00000,0.00000,0.00000,0.00000,0.00000,0.00000,0.00000,0.00000,0.00000,0.00000,0.00000,0.00000,0.00000,0.00000,0.00000,0.00000,0.00000,0.00000,0.00000,0.00000,0.00000,0.00000,0.00000,0.00000,0.00000,0.00000,0.00000,0.00000,0.00000,0.00000,0.00000,0.00000,0.00000,0.00000,0.00000,0.00000,0.00000,0.02972,0.00000,0.00000,0.00000,0.00000,0.00000,0.00000,0.00000,0.00000,0.00000,0.00000,0.00000,0.00584,0.04281,0.00000,0.00000,0.00000,0.00000,0.00000,0.00000,0.00000,0.02476,0.00000,0.00000,0.00000,0.02535,0.00047,0.00000,0.00000,0.00000,0.00000,0.00000,0.00000,0.00000,0.00000,0.00000,0.00000,0.69415,0.26100,0.48300,0.98600,0.27600,0.26300,0,0.00000,0.69415,0.00000,0.00000,0.00000,2.41050,0.26100,0.26300
161,0.00000,0.00000,0.00000,0.00000,0.00000,0.00000,0.00000,0.00000,0.00000,0.00000,0.00000,0.00000,0.00000,0.00000,0.00000,0.00000,0.00000,0.00000,0.00000,0.00000,0.00000,0.00000,0.00000,0.00000,0.00000,0.00000,0.00000,0.00000,0.00000,0.00000,0.00000,0.00000,0.00000,0.00000,0.00000,0.00000,0.00000,0.00000,0.00000,0.00000,0.00000,0.00000,0.00000,0.00000,0.00000,0.00000,0.00000,0.00000,0.00000,0.00000,0.00000,0.00000,0.00000,0.00000,0.00000,0.00000,0.00000,0.00000,0.00000,0.00000,0.00000,0.00000,0.00000,0.00000,0.00000,0.00000,0.00000,0.00000,0.00000,0.00000,0.00000,0.00000,0.00000,0.00000,0.00000,0.00000,0.00000,0.00000,0.00000,0.00000,0.00000,0.00000,0.00000,0.00000,0.00000,0.00000,0.00000,0.00000,0.00000,0.00000,0.00000,0.00000,0.00000,0.00000,0.00000,0.00000,0.00000,0.00000,0.00000,0.00000,0.00000,0.00000,0.00000,0.00000,0.00000,0.00000,0.00000,0.00000,0.00000,0.00000,0.00000,0.08950,0.00000,0.69415,0.27100,0.38400,0.80050,0.47500,0.20000,0,0.90000,0.70138,0.00000,0.00000,0.00000,0.88300,0.27100,0.20000
162,0.00000,0.00000,0.00000,0.00000,0.00000,0.00000,0.00000,0.00000,0.00000,0.00000,0.00000,0.00000,0.00000,0.00000,0.00000,0.00000,0.00000,0.00000,0.00000,0.00000,0.00000,0.00000,0.00000,0.00000,0.00000,0.00000,0.00000,0.00000,0.00000,0.00000,0.00000,0.00000,0.00000,0.00000,0.00000,0.00000,0.00000,0.00000,0.00000,0.00000,0.00000,0.00000,0.00000,0.00000,0.00000,0.00000,0.00000,0.00000,0.00000,0.00000,0.00000,0.00000,0.00000,0.00000,0.00000,0.00000,0.00000,0.00000,0.00000,0.00000,0.00000,0.00000,0.00000,0.00000,0.00000,0.00000,0.00000,0.00000,0.00000,0.00000,0.00000,0.00000,0.00000,0.00000,0.00000,0.00000,0.00000,0.00000,0.00000,0.00000,0.00000,0.00000,0.00000,0.00000,0.00000,0.00000,0.00000,0.00000,0.00000,0.00035,0.00035,0.00000,0.00000,0.00000,0.00000,0.00000,0.00000,0.00000,0.02972,0.00000,0.00000,0.00000,0.00000,0.00000,0.00000,0.00000,0.00000,0.00000,0.00000,0.00000,0.00000,0.00000,0.90000,0.70138,0.24200,0.35100,0.70800,0.47200,0.19200,0,0.00000,0.69415,0.00000,0.00000,0.00000,0.84800,0.24200,0.19200
163,0.00000,0.00000,0.00000,0.00000,0.00000,0.00000,0.00000,0.00000,0.00000,0.00000,0.00000,0.00000,0.00000,0.00000,0.00000,0.00000,0.00000,0.00000,0.00000,0.00000,0.00000,0.00000,0.00000,0.00000,0.00000,0.00000,0.00000,0.00000,0.00000,0.00000,0.00000,0.00000,0.00000,0.00000,0.00000,0.00000,0.00000,0.00000,0.00000,0.00000,0.00000,0.00000,0.00000,0.00000,0.00000,0.00000,0.00000,0.00000,0.00000,0.00000,0.00000,0.00000,0.00000,0.00000,0.00000,0.00000,0.00000,0.00000,0.00000,0.00000,0.00000,0.00000,0.00000,0.00000,0.00000,0.00000,0.00000,0.00000,0.00000,0.00000,0.00000,0.00000,0.00000,0.00000,0.00000,0.00000,0.00000,0.00000,0.00000,0.00000,0.00000,0.00000,0.00000,0.00000,0.00000,0.00000,0.00000,0.00000,0.00000,0.00000,0.00000,0.00000,0.00000,0.00000,0.00000,0.00000,0.00000,0.00000,0.00000,0.05112,0.00000,0.00000,0.00000,0.00000,0.00000,0.00000,0.00000,0.00000,0.00000,0.00000,0.02075,0.10430,0.00000,0.69415,0.21450,0.46300,1.31950,0.42150,0.25150,0,0.00000,0.69415,0.00000,0.00000,0.00000,2.21150,0.21450,0.25150
164,0.00000,0.00000,0.00000,0.00000,0.00000,0.00000,0.00000,0.00000,0.00000,0.00000,0.00000,0.00000,0.00000,0.00000,0.00000,0.00000,0.00000,0.00000,0.00000,0.00000,0.00000,0.00000,0.00000,0.00000,0.00000,0.00000,0.00000,0.00000,0.00000,0.00000,0.00000,0.00000,0.00000,0.00000,0.00000,0.00000,0.00000,0.00000,0.00000,0.00000,0.00000,0.00000,0.00000,0.00000,0.00000,0.00000,0.00000,0.00000,0.00000,0.00000,0.00000,0.00000,0.00000,0.00000,0.00000,0.00000,0.00000,0.00000,0.00000,0.00000,0.00000,0.00000,0.00000,0.00000,0.00000,0.00000,0.00000,0.00000,0.00000,0.00000,0.00000,0.00000,0.00000,0.00000,0.00000,0.00000,0.00000,0.00000,0.00000,0.00000,0.00000,0.00000,0.00000,0.00000,0.00000,0.00000,0.00000,0.00000,0.03909,0.00000,0.00000,0.00000,0.00000,0.00000,0.00000,0.00000,0.00000,0.00000,0.00000,0.00000,0.00000,0.00000,0.00000,0.00000,0.00000,0.00000,0.00000,0.00000,0.00000,0.00000,0.00000,0.10843,0.00000,0.69415,0.26300,0.58300,1.09150,0.35900,0.21550,0,0.00000,0.69415,0.00000,0.00000,0.00000,1.65400,0.26300,0.21550
165,0.00000,0.00000,0.00000,0.00000,0.00000,0.00000,0.00000,0.00000,0.00000,0.00000,0.00000,0.00000,0.00000,0.00000,0.00000,0.00000,0.00000,0.00000,0.00000,0.00000,0.00000,0.00000,0.00000,0.00000,0.00000,0.00000,0.00000,0.00000,0.00000,0.00000,0.00000,0.00000,0.00000,0.00000,0.00000,0.00000,0.00000,0.00000,0.00000,0.00000,0.00000,0.00000,0.00000,0.00000,0.00000,0.00000,0.00000,0.00000,0.00000,0.00000,0.00000,0.00000,0.00000,0.00000,0.00000,0.00000,0.00000,0.00000,0.00000,0.00000,0.00000,0.00000,0.00000,0.00000,0.00000,0.00000,0.00000,0.00000,0.00000,0.00000,0.00000,0.00000,0.00000,0.00000,0.00000,0.00000,0.00000,0.00000,0.00000,0.00000,0.00000,0.00000,0.00000,0.00000,0.00000,0.00000,0.00000,0.00000,0.00000,0.00000,0.00000,0.00000,0.00000,0.00000,0.00000,0.00000,0.00000,0.05218,0.00000,0.00000,0.00000,0.00000,0.00000,0.00000,0.00000,0.00000,0.00000,0.00000,0.00000,0.00000,0.00000,0.00000,0.00000,0.69415,0.35100,0.53200,0.83950,0.29550,0.17100,0,0.00000,0.69415,0.00000,0.00000,0.00000,1.20750,0.35100,0.17100
166,0.00000,0.00000,0.00000,0.00000,0.00000,0.00000,0.00000,0.00000,0.00000,0.00000,0.00000,0.00000,0.00000,0.00000,0.00000,0.00000,0.00000,0.00000,0.00000,0.00000,0.00000,0.00000,0.00000,0.00000,0.00000,0.00000,0.00000,0.00000,0.00000,0.00000,0.00000,0.00000,0.00000,0.00000,0.00000,0.00000,0.00000,0.00000,0.00000,0.00000,0.00000,0.00000,0.00000,0.00000,0.00000,0.00000,0.00000,0.00000,0.00000,0.00000,0.00000,0.00000,0.00000,0.00000,0.00000,0.00000,0.00000,0.00000,0.00000,0.00000,0.00000,0.00000,0.00000,0.00000,0.00000,0.00000,0.00000,0.00000,0.00000,0.00000,0.00000,0.00000,0.00000,0.00000,0.00000,0.00000,0.00000,0.00000,0.00000,0.00000,0.00000,0.00000,0.00000,0.00000,0.00000,0.00000,0.00000,0.00000,0.01775,0.00702,0.00000,0.00000,0.00000,0.00000,0.00000,0.00000,0.00000,0.00000,0.00478,0.03290,0.00000,0.00106,0.00000,0.00000,0.00000,0.00000,0.00000,0.00000,0.00000,0.08514,0.02329,0.00000,0.00000,0.69415,0.31400,0.61100,0.78600,0.39100,0.24300,0,0.00000,0.67969,0.00000,0.00000,0.00000,0.98750,0.31400,0.24300
167,0.00000,0.00000,0.00000,0.00000,0.00000,0.00000,0.00000,0.00000,0.00000,0.00000,0.00000,0.00000,0.00000,0.00000,0.00000,0.00000,0.00000,0.00000,0.00000,0.00000,0.00000,0.00000,0.00000,0.00000,0.00000,0.00000,0.00000,0.00000,0.00000,0.00000,0.00000,0.00000,0.00000,0.00000,0.00000,0.00000,0.00000,0.00000,0.00000,0.00000,0.00000,0.00000,0.00000,0.00000,0.00000,0.00000,0.00000,0.00000,0.00000,0.00000,0.00000,0.00000,0.00000,0.00000,0.00000,0.00000,0.00000,0.00000,0.00000,0.00000,0.00000,0.00000,0.00000,0.00000,0.00000,0.00000,0.00000,0.00000,0.00000,0.00000,0.00000,0.00000,0.00000,0.00000,0.00000,0.00000,0.00000,0.00000,0.00000,0.00000,0.00000,0.00000,0.00000,0.00000,0.00000,0.00000,0.00000,0.00000,0.00000,0.00000,0.00000,0.00000,0.00000,0.00000,0.00000,0.00000,0.00000,0.00000,0.00000,0.00000,0.00000,0.00000,0.00000,0.00000,0.00000,0.00000,0.00000,0.00000,0.00000,0.00000,0.00000,0.11798,0.00000,0.67969,0.28300,0.59000,0.73200,0.33700,0.20450,0,0.00000,0.00000,0.00000,0.00000,0.00000,0.92550,0.28300,0.20450
168,0.00000,0.00000,0.00000,0.00000,0.00000,0.00000,0.00000,0.00000,0.00000,0.00000,0.00000,0.00000,0.00000,0.00000,0.00000,0.00000,0.00000,0.00000,0.00000,0.00000,0.00000,0.00000,0.00000,0.00000,0.00000,0.00000,0.00000,0.00000,0.00000,0.00000,0.00000,0.00000,0.00000,0.00000,0.00000,0.00000,0.00000,0.00000,0.00000,0.00000,0.00000,0.00000,0.00000,0.00000,0.00000,0.00000,0.00000,0.00000,0.00000,0.00000,0.00000,0.00000,0.00000,0.00000,0.00000,0.00000,0.00000,0.00000,0.00000,0.00000,0.00000,0.00000,0.00000,0.00000,0.00000,0.00000,0.00000,0.00000,0.00000,0.00000,0.00000,0.00000,0.00000,0.00000,0.00000,0.00000,0.00000,0.00000,0.00000,0.00000,0.00000,0.00000,0.00000,0.00000,0.00000,0.00000,0.00000,0.00000,0.00000,0.00000,0.00000,0.00000,0.00000,0.00000,0.00000,0.00000,0.00000,0.00000,0.00000,0.00000,0.00000,0.00000,0.00000,0.00000,0.00000,0.00000,0.00000,0.00000,0.00000,0.00000,0.00000,0.00000,0.00000,0.00000,0.39000,0.75500,0.68400,0.29850,0.17900,0,0.00000,0.00000,0.00000,0.00000,0.00000,0.87400,0.39000,0.17900
169,0.00000,0.00000,0.00000,0.00000,0.00000,0.00000,0.00000,0.00000,0.00000,0.00000,0.00000,0.00000,0.00000,0.00000,0.00000,0.00000,0.00000,0.00000,0.00000,0.00000,0.00000,0.00000,0.00000,0.00000,0.00000,0.00000,0.00000,0.00000,0.00000,0.00000,0.00000,0.00000,0.00000,0.00000,0.00000,0.00000,0.00000,0.00000,0.00000,0.00000,0.00000,0.00000,0.00000,0.00000,0.00000,0.00000,0.00000,0.00000,0.00000,0.00000,0.00000,0.00000,0.00000,0.00000,0.00000,0.00000,0.00000,0.00000,0.00000,0.00000,0.00000,0.00000,0.00000,0.00000,0.00000,0.00000,0.00000,0.00000,0.00000,0.00000,0.00000,0.00000,0.00000,0.00000,0.00000,0.00000,0.00000,0.00000,0.00000,0.00000,0.00000,0.00000,0.00000,0.00000,0.00000,0.00000,0.00000,0.00000,0.00000,0.00000,0.00000,0.00000,0.00000,0.00000,0.00000,0.00000,0.00000,0.00000,0.00000,0.00000,0.00000,0.00000,0.00000,0.00000,0.00000,0.00000,0.00000,0.00000,0.00000,0.00000,0.00000,0.00000,0.00000,0.00000,0.38700,0.75400,0.66400,0.29300,0.16800,0,0.00000,0.00000,0.00000,0.00000,0.00000,0.84700,0.38700,0.16800
170,0.00000,0.00000,0.00000,0.00000,0.00000,0.00000,0.00000,0.00000,0.00000,0.00000,0.00000,0.00000,0.00000,0.00000,0.00000,0.00000,0.00000,0.00000,0.00000,0.00000,0.00000,0.00000,0.00000,0.00000,0.00000,0.00000,0.00000,0.00000,0.00000,0.00000,0.00000,0.00000,0.00000,0.00000,0.00000,0.00000,0.00000,0.00000,0.00000,0.00000,0.00000,0.00000,0.00000,0.00000,0.00000,0.00000,0.00000,0.00000,0.00000,0.00000,0.00000,0.00000,0.00000,0.00000,0.00000,0.00000,0.00000,0.00000,0.00000,0.00000,0.00000,0.00000,0.00000,0.00000,0.00000,0.00000,0.00000,0.00000,0.00000,0.00000,0.00000,0.00000,0.00000,0.00000,0.00000,0.00000,0.00000,0.00000,0.00000,0.00000,0.00000,0.00000,0.00000,0.00000,0.00000,0.00000,0.00000,0.00000,0.00000,0.00000,0.00000,0.00000,0.00000,0.00000,0.00000,0.00000,0.00000,0.00000,0.00000,0.00000,0.00000,0.00000,0.00000,0.00000,0.00000,0.00000,0.00000,0.00000,0.00000,0.00000,0.00000,0.00000,0.00000,0.00000,0.38700,0.75500,0.66700,0.29300,0.16900,0,0.00000,0.00000,0.00000,0.00000,0.00000,0.84900,0.38700,0.16900
171,0.00000,0.00000,0.00000,0.00000,0.00000,0.00000,0.00000,0.00000,0.00000,0.00000,0.00000,0.00000,0.00000,0.00000,0.00000,0.00000,0.00000,0.00000,0.00000,0.00000,0.00000,0.00000,0.00000,0.00000,0.00000,0.00000,0.00000,0.00000,0.00000,0.00000,0.00000,0.00000,0.00000,0.00000,0.00000,0.00000,0.00000,0.00000,0.00000,0.00000,0.00000,0.00000,0.00000,0.00000,0.00000,0.00000,0.00000,0.00000,0.00000,0.00000,0.00000,0.00000,0.00000,0.00000,0.00000,0.00000,0.00000,0.00000,0.00000,0.00000,0.00000,0.00000,0.00000,0.00000,0.00000,0.00000,0.00000,0.00000,0.00000,0.00000,0.00000,0.00000,0.00000,0.00000,0.00000,0.00000,0.00000,0.00000,0.00000,0.00000,0.00000,0.00000,0.00000,0.00000,0.00000,0.00000,0.00000,0.00000,0.00000,0.00000,0.00000,0.00000,0.00000,0.00000,0.00000,0.00000,0.00000,0.00000,0.00000,0.00000,0.00000,0.00000,0.00000,0.00000,0.00000,0.00000,0.00000,0.00000,0.00000,0.00000,0.00000,0.00000,0.00000,0.00000,0.38700,0.75500,0.66700,0.29300,0.16900,0,0.00000,0.00000,0.00000,0.00000,0.00000,0.84800,0.38700,0.16900
172,0.00000,0.00000,0.00000,0.00000,0.00000,0.00000,0.00000,0.00000,0.00000,0.00000,0.00000,0.00000,0.00000,0.00000,0.00000,0.00000,0.00000,0.00000,0.00000,0.00000,0.00000,0.00000,0.00000,0.00000,0.00000,0.00000,0.00000,0.00000,0.00000,0.00000,0.00000,0.00000,0.00000,0.00000,0.00000,0.00000,0.00000,0.00000,0.00000,0.00000,0.00000,0.00000,0.00000,0.00000,0.00000,0.00000,0.00000,0.00000,0.00000,0.00000,0.00000,0.00000,0.00000,0.00000,0.00000,0.00000,0.00000,0.00000,0.00000,0.00000,0.00000,0.00000,0.00000,0.00000,0.00000,0.00000,0.00000,0.00000,0.00000,0.00000,0.00000,0.00000,0.00000,0.00000,0.00000,0.00000,0.00000,0.00000,0.00000,0.00000,0.00000,0.00000,0.00000,0.00000,0.00000,0.00000,0.00000,0.00000,0.00000,0.00000,0.00000,0.00000,0.00000,0.00000,0.00000,0.00000,0.00000,0.00000,0.00000,0.00000,0.00000,0.00000,0.00000,0.00000,0.00000,0.00000,0.00000,0.00000,0.00000,0.00000,0.00000,0.00000,0.00000,0.00000,0.38700,0.75400,0.66700,0.28750,0.16900,0,0.00000,0.00000,0.00000,0.00000,0.00000,0.84900,0.38700,0.16900
173,0.00000,0.00000,0.00000,0.00000,0.00000,0.00000,0.00000,0.00000,0.00000,0.00000,0.00000,0.00000,0.00000,0.00000,0.00000,0.00000,0.00000,0.00000,0.00000,0.00000,0.00000,0.00000,0.00000,0.00000,0.00000,0.00000,0.00000,0.00000,0.00000,0.00000,0.00000,0.00000,0.00000,0.00000,0.00000,0.00000,0.00000,0.00000,0.00000,0.00000,0.00000,0.00000,0.00000,0.00000,0.00000,0.00000,0.02140,0.00000,0.00000,0.00000,0.00000,0.00000,0.00000,0.00000,0.00000,0.00000,0.00000,0.00000,0.04328,0.12759,0.00000,0.00000,0.00000,0.00000,0.00000,0.00000,0.04121,0.05430,0.00000,0.00000,0.00000,0.14688,0.06150,0.00000,0.00000,0.00000,0.00000,0.00000,0.21156,0.00000,0.00000,0.00000,0.00000,0.00000,0.20218,0.00000,0.00000,0.00000,0.00000,0.18844,0.03567,0.00000,0.00000,0.00000,0.00000,0.00000,0.07270,0.13213,0.00000,0.00000,0.09982,0.11545,0.00000,0.00000,0.00000,0.00000,0.00000,0.00000,0.00000,0.18838,0.00212,0.00000,0.00000,0.00000,2.67400,2.27100,1.66000,2.48150,3.66350,0,0.00000,0.00000,0.00000,0.00000,0.00000,1.68100,1.66000,2.32300
174,0.00000,0.00000,0.00000,0.00000,0.00000,0.00000,0.00000,0.00000,0.00000,0.00000,0.00000,0.00000,0.00000,0.00000,0.00000,0.00000,0.00000,0.00000,0.00000,0.00000,0.00000,0.00000,0.00000,0.00000,0.00000,0.00000,0.00000,0.00000,0.00000,0.00000,0.00000,0.00000,0.00000,0.00000,0.00000,0.00000,0.00000,0.00000,0.00000,0.00000,0.00000,0.00000,0.00000,0.00000,0.00000,0.00000,0.03555,0.00000,0.00000,0.00000,0.00000,0.00000,0.00000,0.00000,0.00000,0.00000,0.00000,0.00000,0.04145,0.12358,0.00000,0.00000,0.00000,0.00000,0.00000,0.00000,0.04015,0.05324,0.00000,0.00000,0.00000,0.14823,0.06226,0.00000,0.00000,0.00000,0.00000,0.00000,0.21244,0.00000,0.00000,0.00000,0.00000,0.00000,0.20890,0.00000,0.00000,0.00000,0.00000,0.18756,0.03620,0.00000,0.00000,0.00000,0.00000,0.00000,0.07571,0.12913,0.00000,0.00000,0.10124,0.11616,0.00000,0.00000,0.00000,0.00000,0.00000,0.00000,0.00000,0.18007,0.00035,0.00000,0.00000,0.00000,2.67500,2.27100,1.66200,2.72250,3.66350,0,0.00000,0.00000,0.00000,0.00000,0.00000,1.67900,1.66200,2.32350
175,0.00000,0.00000,0.00000,0.00000,0.00000,0.00000,0.00000,0.00000,0.00000,0.00000,0.00000,0.00000,0.00000,0.00000,0.00000,0.00000,0.00000,0.00000,0.00000,0.00000,0.00000,0.00000,0.00000,0.00000,0.00000,0.00000,0.00000,0.00000,0.00000,0.00000,0.00000,0.00000,0.00000,0.00000,0.00000,0.00000,0.00000,0.00000,0.00000,0.00000,0.00000,0.00000,0.00000,0.00000,0.00000,0.00000,0.03502,0.00000,0.00000,0.00000,0.00000,0.00000,0.00000,0.00000,0.00000,0.00000,0.00000,0.00000,0.04233,0.12129,0.00000,0.00000,0.00000,0.00000,0.00000,0.00000,0.04192,0.05430,0.00000,0.00000,0.00000,0.14463,0.06639,0.00000,0.00000,0.00000,0.00000,0.00000,0.20890,0.00000,0.00000,0.00000,0.00000,0.00000,0.20926,0.00000,0.00000,0.00000,0.00000,0.18785,0.03467,0.00000,0.00000,0.00000,0.00000,0.00000,0.08508,0.12276,0.00000,0.00000,0.10248,0.11509,0.00000,0.00000,0.00000,0.00000,0.00000,0.00000,0.00000,0.18078,0.00018,0.00000,0.00000,0.00000,2.67100,2.27200,1.66100,2.71650,3.65050,0,0.00000,0.00000,0.00000,0.00000,0.00000,1.67900,1.66100,2.31900
176,0.00000,0.00000,0.00000,0.00000,0.00000,0.00000,0.00000,0.00000,0.00000,0.00000,0.00000,0.00000,0.00000,0.00000,0.00000,0.00000,0.00000,0.00000,0.00000,0.00000,0.00000,0.00000,0.00000,0.00000,0.00000,0.00000,0.00000,0.00000,0.00000,0.00000,0.00000,0.00000,0.00000,0.00000,0.00000,0.00000,0.00000,0.00000,0.00000,0.00000,0.00000,0.00000,0.00000,0.00000,0.00000,0.00000,0.03644,0.00000,0.00000,0.00000,0.00000,0.00000,0.00000,0.00000,0.00000,0.00000,0.00000,0.00000,0.04528,0.15619,0.00000,0.00000,0.00000,0.00000,0.00000,0.00000,0.04157,0.05537,0.00000,0.00000,0.00000,0.14340,0.06604,0.00000,0.00000,0.00000,0.00000,0.00000,0.20820,0.00000,0.00000,0.00000,0.00000,0.00000,0.18980,0.00000,0.00000,0.00000,0.00000,0.18697,0.03485,0.00000,0.00000,0.00000,0.00000,0.00000,0.06952,0.11445,0.00000,0.00000,0.10159,0.11509,0.00000,0.00000,0.00000,0.00000,0.00000,0.00000,0.00000,0.17435,0.00006,0.00000,0.00000,0.00000,2.69300,2.27200,1.66100,2.35900,3.66350,0,0.00000,0.00000,0.00000,0.00000,0.00000,1.68000,1.66100,2.32000
177,0.00000,0.00000,0.00000,0.00000,0.00000,0.00000,0.00000,0.00000,0.00000,0.00000,0.00000,0.00000,0.00000,0.00000,0.00000,0.00000,0.00000,0.00000,0.00000,0.00000,0.00000,0.00000,0.00000,0.00000,0.00000,0.00000,0.00000,0.00000,0.00000,0.00000,0.00000,0.00000,0.00000,0.00000,0.00000,0.00000,0.00000,0.00000,0.00000,0.00000,0.00000,0.00000,0.00000,0.00000,0.00000,0.00000,0.01787,0.00000,0.00000,0.00000,0.00000,0.00000,0.00000,0.00000,0.00000,0.00000,0.00000,0.00000,0.04116,0.11822,0.00000,0.00000,0.00000,0.00000,0.00000,0.00000,0.04033,0.04829,0.00000,0.00000,0.00000,0.14375,0.05967,0.00000,0.00000,0.00000,0.00000,0.00000,0.20713,0.00000,0.00000,0.00000,0.00000,0.00000,0.20147,0.00000,0.00000,0.00000,0.00000,0.18579,0.03496,0.00000,0.00000,0.00000,0.00000,0.00000,0.07677,0.12683,0.00000,0.00000,0.10024,0.11468,0.00000,0.00000,0.00000,0.00000,0.00000,0.00000,0.00000,0.18355,0.00059,0.00000,0.00000,0.00000,2.69200,2.27000,1.66100,2.36500,3.65050,0,0.00000,0.00000,0.00000,0.00000,0.00000,1.67700,1.66100,2.32000
178,0.00000,0.00000,0.00000,0.00000,0.00000,0.00000,0.00000,0.00000,0.00000,0.00000,0.00000,0.00000,0.00000,0.00000,0.00000,0.00000,0.00000,0.00000,0.00000,0.00000,0.00000,0.00000,0.00000,0.00000,0.00000,0.00000,0.00000,0.00000,0.00000,0.00000,0.00000,0.00000,0.00000,0.00000,0.00000,0.00000,0.00000,0.00000,0.00000,0.00000,0.00000,0.00000,0.00000,0.00000,0.00000,0.00000,0.02653,0.00000,0.00000,0.00000,0.00000,0.00000,0.00000,0.00000,0.00000,0.00000,0.00000,0.00000,0.04169,0.12565,0.00000,0.00000,0.00000,0.00000,0.00000,0.00000,0.04051,0.04917,0.00000,0.00000,0.00000,0.14593,0.06297,0.00000,0.00000,0.00000,0.00000,0.00000,0.20855,0.00000,0.00000,0.00000,0.00000,0.00000,0.20572,0.00000,0.00000,0.00000,0.00000,0.18679,0.03485,0.00000,0.00000,0.00000,0.00000,0.00000,0.08243,0.12223,0.00000,0.00000,0.10265,0.11456,0.00000,0.00000,0.00000,0.00000,0.00000,0.00000,0.00000,0.17529,0.00035,0.00000,0.00000,0.00000,2.66700,2.27250,1.66100,2.36600,3.68850,0,0.00000,0.00000,0.00000,0.00000,0.00000,1.68300,1.66100,2.32000
179,0.00000,0.00000,0.00000,0.00000,0.00000,0.00000,0.00000,0.00000,0.00000,0.00000,0.00000,0.00000,0.00000,0.00000,0.00000,0.00000,0.00000,0.00000,0.00000,0.00000,0.00000,0.00000,0.00000,0.00000,0.00000,0.00000,0.00000,0.00000,0.00000,0.00000,0.00000,0.00000,0.00000,0.00000,0.00000,0.00000,0.00000,0.00000,0.00000,0.00000,0.00000,0.00000,0.00000,0.00000,0.00000,0.00000,0.01645,0.00000,0.00000,0.00000,0.00000,0.00000,0.00000,0.00000,0.00000,0.00000,0.00000,0.00000,0.04051,0.14381,0.00000,0.00000,0.00000,0.00000,0.00000,0.00000,0.03998,0.05094,0.00000,0.00000,0.00000,0.14169,0.06722,0.00000,0.00000,0.00000,0.00000,0.00000,0.20749,0.00000,0.00000,0.00000,0.00000,0.00000,0.18732,0.00000,0.00000,0.00000,0.00000,0.18667,0.03532,0.00000,0.00000,0.00000,0.00000,0.00000,0.07022,0.12895,0.00000,0.00000,0.10248,0.11616,0.00000,0.00000,0.00000,0.00000,0.00000,0.00000,0.00000,0.18361,0.00035,0.00000,0.00000,0.00000,2.69600,2.27550,1.66200,2.36300,3.63950,0,0.00000,0.85320,0.00000,0.00000,0.00000,1.68200,1.66200,2.31900
180,0.00000,0.00000,0.00000,0.00000,0.00000,0.00000,0.00000,0.00000,0.00000,0.00000,0.00000,0.00000,0.00000,0.00000,0.00000,0.00000,0.00000,0.00000,0.00000,0.00000,0.00000,0.00000,0.00000,0.00000,0.00000,0.00000,0.00000,0.00000,0.00000,0.00000,0.00000,0.00000,0.00000,0.00000,0.00000,0.00000,0.00000,0.00000,0.00000,0.00000,0.00000,0.00000,0.00000,0.00000,0.00000,0.00000,0.03237,0.00000,0.00000,0.00000,0.00000,0.00000,0.00000,0.00000,0.00000,0.00000,0.00000,0.00000,0.04163,0.11704,0.00000,0.00000,0.00000,0.00000,0.00000,0.00000,0.04104,0.05130,0.00000,0.00000,0.00000,0.13738,0.06126,0.00000,0.00000,0.00000,0.00000,0.00000,0.20996,0.00000,0.00000,0.00000,0.00000,0.00000,0.17848,0.00000,0.00000,0.00000,0.00000,0.18809,0.03496,0.00000,0.00000,0.00000,0.00000,0.00000,0.06368,0.12647,0.00000,0.00000,0.10035,0.11456,0.00000,0.00000,0.00000,0.00000,0.00000,0.00000,0.00000,0.17706,0.00018,0.00000,0.00000,0.85320,2.67800,2.26800,1.65800,2.72850,3.70650,0,0.00000,0.73029,0.00000,0.00000,0.00000,1.67800,1.65800,2.32200
181,0.00000,0.00000,0.00000,0.00000,0.00000,0.00000,0.00000,0.00000,0.00000,0.00000,0.00000,0.00000,0.00000,0.00000,0.00000,0.00000,0.00000,0.00000,0.00000,0.00000,0.00000,0.00000,0.00000,0.00000,0.00000,0.00000,0.00000,0.00000,0.00000,0.00000,0.00000,0.00000,0.00000,0.00000,0.00000,0.00000,0.00000,0.00000,0.00000,0.00000,0.00000,0.00000,0.00000,0.00000,0.00000,0.00000,0.00230,0.00000,0.00000,0.00000,0.00000,0.00000,0.00000,0.00000,0.00000,0.00018,0.00000,0.00000,0.01409,0.11521,0.00000,0.00000,0.00000,0.00000,0.00000,0.00000,0.03149,0.06881,0.00000,0.00000,0.00000,0.15702,0.04906,0.00000,0.00000,0.00088,0.00000,0.00000,0.21598,0.00000,0.00000,0.00000,0.00000,0.00000,0.20731,0.00000,0.00000,0.00000,0.00000,0.17488,0.04375,0.00000,0.00000,0.00000,0.00000,0.00000,0.08508,0.10914,0.00000,0.00000,0.09139,0.12529,0.00000,0.00000,0.00000,0.00000,0.00000,0.00000,0.00000,0.18732,0.00000,0.00000,0.00000,0.73029,2.72200,2.24900,1.63100,3.21550,4.70250,0,0.00000,0.67969,0.00000,0.00000,0.00000,1.65100,1.63100,2.31700
182,0.00000,0.00000,0.00000,0.00000,0.00000,0.00000,0.00000,0.00000,0.00000,0.00000,0.00000,0.00000,0.00000,0.00000,0.00000,0.00000,0.00000,0.00000,0.00000,0.00000,0.00000,0.00000,0.00000,0.00000,0.00000,0.00000,0.00000,0.00000,0.00000,0.00000,0.00000,0.00000,0.00000,0.00000,0.00000,0.00000,0.00000,0.00000,0.00000,0.00000,0.00000,0.00000,0.00000,0.00000,0.00000,0.00000,0.06828,0.00000,0.00000,0.00000,0.00000,0.00000,0.00000,0.00000,0.00000,0.01645,0.00000,0.00000,0.06969,0.12471,0.00000,0.00000,0.00000,0.00000,0.00000,0.00000,0.06439,0.07093,0.00000,0.00000,0.00000,0.18196,0.02182,0.00000,0.00000,0.00371,0.00000,0.00489,0.20702,0.00000,0.00000,0.00000,0.00000,0.00218,0.20672,0.00000,0.00000,0.00000,0.00000,0.20973,0.01244,0.00000,0.00000,0.00000,0.00000,0.00000,0.10649,0.08950,0.00000,0.00000,0.12759,0.08838,0.00000,0.00000,0.00000,0.00000,0.00000,0.00000,0.00000,0.16893,0.00000,0.00000,0.00000,0.67969,2.78500,1.60550,1.58500,3.03050,4.57450,0,0.00000,0.54230,0.00000,0.00000,0.00000,1.61100,1.58500,2.27800
183,0.00000,0.00000,0.00000,0.00000,0.00000,0.00000,0.00000,0.00000,0.00000,0.00000,0.00000,0.00000,0.00000,0.00000,0.00000,0.00000,0.00000,0.00000,0.00000,0.00000,0.00000,0.00000,0.00000,0.00000,0.00000,0.00000,0.00000,0.00000,0.00000,0.00000,0.00000,0.00000,0.00000,0.00000,0.00000,0.00000,0.00000,0.00000,0.00000,0.00000,0.00000,0.00000,0.00000,0.00000,0.00000,0.00000,0.02370,0.00000,0.00000,0.00000,0.00000,0.00000,0.00000,0.00000,0.00000,0.00000,0.00000,0.00000,0.11692,0.06545,0.00000,0.00000,0.00000,0.00000,0.00000,0.00000,0.06775,0.02335,0.00000,0.00000,0.00000,0.20772,0.00100,0.00000,0.00000,0.00000,0.00000,0.03644,0.13373,0.00000,0.00000,0.00000,0.00000,0.01934,0.17736,0.00000,0.00000,0.00000,0.00100,0.22046,0.00000,0.00000,0.00000,0.00000,0.00000,0.00000,0.16893,0.03980,0.00000,0.00000,0.19570,0.02311,0.00000,0.00000,0.00000,0.00000,0.00000,0.00000,0.00000,0.19086,0.00000,0.00000,0.00000,0.54230,2.53200,1.49700,1.50700,2.91900,4.69150,0,0.00000,0.58568,0.00000,0.00000,0.00000,1.52300,1.49900,2.19750
184,0.00000,0.00000,0.00000,0.00000,0.00000,0.00000,0.00000,0.00000,0.00000,0.00000,0.00000,0.00000,0.00000,0.00000,0.00000,0.00000,0.00000,0.00000,0.00000,0.00000,0.00000,0.00000,0.00000,0.00000,0.00000,0.00000,0.00000,0.00000,0.00000,0.00000,0.00000,0.00000,0.00000,0.00000,0.00000,0.00000,0.00000,0.00000,0.00000,0.00000,0.00000,0.00000,0.00000,0.00000,0.00000,0.00000,0.05996,0.00000,0.00000,0.00000,0.00000,0.00000,0.00000,0.00000,0.00000,0.00000,0.00000,0.00000,0.16621,0.02659,0.00000,0.00000,0.00000,0.00000,0.00000,0.00000,0.08950,0.00000,0.00000,0.00000,0.00012,0.20330,0.00000,0.00000,0.00000,0.00000,0.00000,0.02211,0.08101,0.00000,0.00000,0.00000,0.00000,0.08367,0.11126,0.00000,0.00000,0.00000,0.03603,0.15784,0.00000,0.00000,0.00000,0.00000,0.00000,0.00000,0.21297,0.00035,0.00000,0.00000,0.21226,0.00000,0.00000,0.00000,0.00000,0.00000,0.00000,0.00000,0.02353,0.11392,0.00000,0.00000,0.00000,0.58568,2.76200,1.44500,1.45500,3.11300,5.00000,0,0.00000,0.64354,0.00000,0.00000,0.00000,1.47000,1.45200,2.13900
185,0.00000,0.00000,0.00000,0.00000,0.00000,0.00000,0.00000,0.00000,0.00000,0.00000,0.00000,0.00000,0.00000,0.00000,0.00000,0.00000,0.00000,0.00000,0.00000,0.00000,0.00000,0.00000,0.00000,0.00000,0.00000,0.00000,0.00000,0.00000,0.00000,0.00000,0.00000,0.00000,0.00000,0.00000,0.00000,0.00000,0.00000,0.00000,0.00000,0.00000,0.00000,0.00000,0.00000,0.00000,0.00000,0.00000,0.00000,0.00000,0.00000,0.00000,0.00000,0.00000,0.00000,0.00000,0.00000,0.00000,0.00000,0.00000,0.13408,0.00000,0.00000,0.00000,0.00000,0.00000,0.00000,0.00000,0.08420,0.00000,0.00000,0.00000,0.03673,0.15908,0.00000,0.00000,0.00000,0.00000,0.00000,0.16002,0.01987,0.00000,0.00000,0.00000,0.00000,0.13355,0.00035,0.00000,0.00000,0.00000,0.00000,0.00884,0.00000,0.00000,0.00000,0.00000,0.00000,0.00000,0.00513,0.00000,0.00000,0.00000,0.10631,0.00000,0.00000,0.00000,0.00000,0.00000,0.00000,0.00000,0.00354,0.00018,0.00000,0.00000,0.00000,0.64354,2.76250,1.39600,1.40800,3.31600,5.00000,0,-0.90000,0.63631,0.00000,0.00000,0.00000,1.42300,1.40800,2.09200
186,0.00000,0.00000,0.00000,0.00000,0.00000,0.00000,0.00000,0.00000,0.00000,0.00000,0.00000,0.00000,0.00000,0.00000,0.00000,0.00000,0.00000,0.00000,0.00000,0.00000,0.00000,0.00000,0.00000,0.00000,0.00000,0.00000,0.00000,0.00000,0.00000,0.00000,0.00000,0.00000,0.00000,0.00000,0.00000,0.00000,0.00000,0.00000,0.00000,0.00000,0.00000,0.00000,0.00000,0.00000,0.00000,0.00000,0.00000,0.00000,0.00000,0.00000,0.00000,0.00000,0.00000,0.00000,0.00000,0.00000,0.00000,0.00000,0.12188,0.00000,0.00000,0.00000,0.00000,0.00000,0.00000,0.00000,0.08402,0.00000,0.00000,0.00000,0.11232,0.09552,0.00000,0.00000,0.00000,0.06757,0.00000,0.12818,0.02642,0.00000,0.00000,0.00000,0.00000,0.20130,0.00000,0.00000,0.00000,0.00000,0.14817,0.07064,0.00000,0.00000,0.00000,0.00000,0.00000,0.03007,0.01610,0.00000,0.00000,0.00000,0.00743,0.00000,0.00000,0.00000,0.00000,0.00000,0.00000,0.00000,0.00000,0.00000,0.00000,0.00000,-0.90000,0.63631,3.16100,1.34900,1.35900,3.75400,5.00000,0,0.00000,0.63631,0.00000,0.00000,0.00000,1.37300,1.35600,2.03800
187,0.00000,0.00000,0.00000,0.00000,0.00000,0.00000,0.00000,0.00000,0.00000,0.00000,0.00000,0.00000,0.00000,0.00000,0.00000,0.00000,0.00000,0.00000,0.00000,0.00000,0.00000,0.00000,0.00000,0.00000,0.00000,0.00000,0.00000,0.00000,0.00000,0.00000,0.00000,0.00000,0.00000,0.00000,0.00000,0.00000,0.00000,0.00000,0.00000,0.00000,0.00000,0.00000,0.00000,0.00000,0.00000,0.00000,0.04935,0.00000,0.00000,0.00000,0.00000,0.00000,0.00000,0.00000,0.00000,0.00831,0.00000,0.00000,0.06138,0.05289,0.00000,0.00000,0.00000,0.00088,0.00000,0.00000,0.08278,0.05749,0.00000,0.00000,0.00000,0.20360,0.00000,0.00000,0.00000,0.01362,0.00000,0.02807,0.11663,0.00000,0.00000,0.00000,0.00000,0.04375,0.15436,0.00000,0.00000,0.00000,0.01303,0.21321,0.00000,0.00000,0.00000,0.00000,0.00000,0.00000,0.16804,0.00000,0.00000,0.00000,0.12111,0.00395,0.00000,0.00000,0.00000,0.00000,0.00000,0.00000,0.00212,0.04741,0.00000,0.00000,0.00000,0.63631,2.99800,1.91200,1.29600,1.99900,4.74550,0,0.00000,0.63631,0.00000,0.00000,0.00000,1.30600,1.29600,1.97700
188,0.00000,0.00000,0.00000,0.00000,0.00000,0.00000,0.00000,0.00000,0.00000,0.00000,0.00000,0.00000,0.00000,0.00000,0.00000,0.00000,0.00000,0.00000,0.00000,0.00000,0.00000,0.00000,0.00000,0.00000,0.00000,0.00000,0.00000,0.00000,0.00000,0.00000,0.00000,0.00000,0.00000,0.00000,0.00000,0.00000,0.00000,0.00000,0.00000,0.00000,0.00000,0.00000,0.00000,0.00000,0.00000,0.00000,0.00000,0.00018,0.00000,0.00000,0.00000,0.00000,0.00000,0.00000,0.00000,0.01521,0.00000,0.00000,0.00000,0.09888,0.00000,0.00000,0.00000,0.00000,0.00000,0.00000,0.00531,0.17246,0.00000,0.00000,0.00000,0.09169,0.10943,0.00000,0.00000,0.00000,0.00000,0.00000,0.16008,0.00884,0.00000,0.00000,0.00000,0.00000,0.12913,0.00000,0.00000,0.00000,0.00000,0.17317,0.05236,0.00000,0.00000,0.00000,0.00000,0.00000,0.04422,0.15478,0.00000,0.00000,0.13461,0.07270,0.00000,0.00000,0.00000,0.00000,0.00000,0.00000,0.00000,0.16627,0.00778,0.00000,0.00000,0.63631,2.23800,1.87200,1.25300,1.94600,5.00000,0,0.00000,0.63631,0.00000,0.00000,0.00000,1.26100,1.25300,1.31600
189,0.00000,0.00000,0.00000,0.00000,0.00000,0.00000,0.00000,0.00000,0.00000,0.00000,0.00000,0.00000,0.00000,0.00000,0.00000,0.00000,0.00000,0.00000,0.00000,0.00000,0.00000,0.00000,0.00000,0.00000,0.00000,0.00000,0.00000,0.00000,0.00000,0.00000,0.00000,0.00000,0.00000,0.00000,0.00000,0.00000,0.00000,0.00000,0.00000,0.00000,0.00000,0.00000,0.00000,0.00000,0.00000,0.00000,0.00000,0.01167,0.00000,0.00000,0.00000,0.00000,0.00000,0.00000,0.00000,0.00283,0.00000,0.00000,0.00000,0.13862,0.00024,0.00000,0.00000,0.00000,0.00000,0.00000,0.00000,0.14434,0.00000,0.00000,0.00000,0.02577,0.17164,0.00000,0.00000,0.00000,0.00000,0.00000,0.16256,0.03414,0.00000,0.00000,0.00000,0.00000,0.07535,0.00000,0.00000,0.00000,0.00000,0.13980,0.06716,0.00000,0.00000,0.00000,0.00000,0.00000,0.00000,0.04688,0.00000,0.00000,0.12017,0.11775,0.00000,0.00000,0.00000,0.00000,0.00000,0.00000,0.00000,0.09746,0.01751,0.00000,0.00000,0.63631,2.30400,1.85050,1.22200,1.90800,5.00000,0,-0.14233,0.63631,0.00000,0.00000,0.00000,1.22200,1.23750,1.27550
190,0.00000,0.00000,0.00000,0.00000,0.00000,0.00000,0.00000,0.00000,0.00000,0.00000,0.00000,0.00000,0.00000,0.00000,0.00000,0.00000,0.00000,0.00000,0.00000,0.00000,0.00000,0.00000,0.00000,0.00000,0.00000,0.00000,0.00000,0.00000,0.00000,0.00000,0.00000,0.00000,0.00000,0.00000,0.00000,0.00000,0.00000,0.00000,0.00000,0.00000,0.00000,0.00000,0.00000,0.00000,0.00000,0.00000,0.00000,0.00000,0.00000,0.00000,0.00000,0.00000,0.00000,0.00000,0.00000,0.00000,0.00000,0.00000,0.00000,0.05360,0.00035,0.00000,0.00000,0.00000,0.00035,0.00000,0.00000,0.15772,0.00024,0.00000,0.00000,0.00000,0.16150,0.00000,0.00000,0.00000,0.00000,0.00000,0.15124,0.06403,0.00000,0.00000,0.00000,0.00000,0.10596,0.00000,0.00000,0.00000,0.00000,0.09446,0.11533,0.00000,0.00000,0.00000,0.00000,0.00000,0.00000,0.07535,0.00000,0.00000,0.07370,0.15731,0.00000,0.00000,0.00000,0.00000,0.00000,0.00000,0.00000,0.07913,0.05407,0.00000,-0.14233,0.63631,2.26700,1.81850,1.18700,1.86100,5.00000,0,-0.29172,0.91463,0.00000,0.00000,0.00000,1.18700,1.80600,2.96350
191,0.00000,0.00000,0.00000,0.00000,0.00000,0.00000,0.00000,0.00000,0.00000,0.00000,0.00000,0.00000,0.00000,0.00000,0.00000,0.00000,0.00000,0.00000,0.00000,0.00000,0.00000,0.00000,0.00000,0.00000,0.00000,0.00000,0.00000,0.00000,0.00000,0.00000,0.00000,0.00000,0.00000,0.00000,0.00000,0.00000,0.00000,0.00000,0.00000,0.00000,0.00000,0.00000,0.00000,0.00000,0.00000,0.00000,0.00000,0.00000,0.00000,0.00000,0.00000,0.00000,0.00000,0.00000,0.00000,0.00000,0.00000,0.00000,0.00000,0.06763,0.05301,0.00000,0.00000,0.00000,0.02176,0.00000,0.00000,0.10725,0.01692,0.00000,0.00000,0.00000,0.19369,0.00000,0.00000,0.00000,0.00000,0.00000,0.10454,0.11073,0.00000,0.00000,0.00000,0.00000,0.08703,0.08791,0.00000,0.00000,0.00000,0.02329,0.16014,0.00000,0.00000,0.00000,0.00000,0.00000,0.00000,0.00053,0.00000,0.00000,0.00301,0.19086,0.00000,0.00000,0.00000,0.00000,0.00000,0.00000,0.00000,0.00000,0.00000,0.00000,-0.29172,0.91463,2.37200,1.75100,1.11000,1.17900,5.00000,0,-0.29172,0.91103,0.00000,0.00000,0.00000,1.11000,1.72900,1.16400
192,0.00000,0.00000,0.00000,0.00000,0.00000,0.00000,0.00000,0.00000,0.00000,0.00000,0.00000,0.00000,0.00000,0.00000,0.00000,0.00000,0.00000,0.00000,0.00000,0.00000,0.00000,0.00000,0.00000,0.00000,0.00000,0.00000,0.00000,0.00000,0.00000,0.00000,0.00000,0.00000,0.00000,0.00000,0.00000,0.00000,0.00000,0.00000,0.00000,0.00000,0.00000,0.00000,0.00000,0.00000,0.00000,0.00000,0.00000,0.00000,0.00000,0.00000,0.00000,0.00000,0.00000,0.00000,0.00000,0.00000,0.00513,0.00000,0.00000,0.00000,0.05660,0.00000,0.00000,0.00000,0.08449,0.00307,0.00000,0.01415,0.18202,0.00000,0.00000,0.00000,0.05289,0.07712,0.00000,0.00000,0.00000,0.00000,0.00000,0.20596,0.00047,0.00000,0.00000,0.00000,0.00000,0.21138,0.00000,0.00000,0.00000,0.00000,0.08384,0.05130,0.00000,0.00000,0.00000,0.00000,0.00000,0.04575,0.16916,0.00000,0.00000,0.00000,0.00000,0.00000,0.00000,0.00000,0.00000,0.00000,0.00000,0.00000,0.07129,0.00000,-0.29172,0.91103,2.38900,1.69450,1.06900,1.10300,5.00000,0,-0.42691,0.88934,0.00000,0.00000,0.00000,1.06900,1.66000,1.08150
193,0.00000,0.00000,0.00000,0.00000,0.00000,0.00000,0.00000,0.00000,0.00000,0.00000,0.00000,0.00000,0.00000,0.00000,0.00000,0.00000,0.00000,0.00000,0.00000,0.00000,0.00000,0.00000,0.00000,0.00000,0.00000,0.00000,0.00000,0.00000,0.00000,0.00000,0.00000,0.00000,0.00000,0.00000,0.00000,0.00000,0.00000,0.00000,0.00000,0.00000,0.00000,0.00000,0.00000,0.00000,0.00000,0.00000,0.00000,0.00000,0.00000,0.00000,0.00000,0.00000,0.00000,0.00000,0.00000,0.00000,0.00000,0.00000,0.00000,0.00000,0.00000,0.00000,0.00000,0.00000,0.13042,0.08980,0.00000,0.00000,0.03962,0.14858,0.00000,0.00000,0.00000,0.00012,0.05348,0.00000,0.00000,0.00000,0.00000,0.00000,0.21085,0.00000,0.00000,0.00000,0.00000,0.00000,0.00000,0.00000,0.00000,0.00000,0.00000,0.17494,0.05483,0.00000,0.00000,0.00000,0.00000,0.00000,0.00000,0.16627,0.00000,0.00000,0.08296,0.13373,0.00000,0.00000,0.00000,0.00000,0.00000,0.00000,0.00000,0.01132,-0.42691,0.88934,2.50000,2.62300,0.95250,0.98100,1.69700,0,0.00000,0.83151,0.00000,0.00000,0.00000,1.54850,1.58050,0.95250
194,0.00000,0.00000,0.00000,0.00000,0.00000,0.00000,0.00000,0.00000,0.00000,0.00000,0.00000,0.00000,0.00000,0.00000,0.00000,0.00000,0.00000,0.00000,0.00000,0.00000,0.00000,0.00000,0.00000,0.00000,0.00000,0.00000,0.00000,0.00000,0.00000,0.00000,0.00000,0.00000,0.00000,0.00000,0.00000,0.00000,0.00000,0.00000,0.00000,0.00000,0.00000,0.00000,0.00000,0.00000,0.00000,0.00000,0.00000,0.00000,0.00000,0.00000,0.00000,0.00000,0.00000,0.00000,0.00000,0.00000,0.00000,0.00000,0.01769,0.00000,0.00000,0.00000,0.12429,0.00041,0.04805,0.15448,0.03856,0.00000,0.00000,0.05024,0.14682,0.00000,0.00000,0.00000,0.02353,0.20660,0.08880,0.00000,0.00000,0.00000,0.00000,0.18202,0.00000,0.00000,0.00000,0.00000,0.00000,0.04882,0.00000,0.00000,0.00000,0.00000,0.08208,0.00318,0.00000,0.00000,0.00000,0.00000,0.00000,0.00000,0.00000,0.00000,0.00000,0.01904,0.18614,0.00000,0.00000,0.00000,0.00000,0.00000,0.00000,0.00000,0.00000,0.83151,2.32500,2.48500,1.45650,0.84100,0.89600,0,0.00000,0.66523,0.00000,0.00000,0.00000,1.50100,5.00000,0.88650
195,0.00000,0.00000,0.00000,0.00000,0.00000,0.00000,0.00000,0.00000,0.00000,0.00000,0.00000,0.00000,0.00000,0.00000,0.00000,0.00000,0.00000,0.00000,0.00000,0.00000,0.00000,0.00000,0.00000,0.00000,0.00000,0.00000,0.00000,0.00000,0.00000,0.00000,0.00000,0.00000,0.00000,0.00000,0.00000,0.00000,0.00000,0.00000,0.00000,0.00000,0.00000,0.00000,0.00000,0.00000,0.00000,0.00000,0.00000,0.00000,0.00000,0.00000,0.00000,0.00000,0.00000,0.00000,0.00000,0.00000,0.00000,0.00000,0.00000,0.00000,0.00000,0.00000,0.00000,0.00000,0.00000,0.00666,0.13078,0.02070,0.00000,0.00000,0.00000,0.11427,0.00000,0.00000,0.00000,0.00000,0.08939,0.10407,0.00059,0.00000,0.00000,0.00000,0.00914,0.09505,0.00000,0.00000,0.00000,0.00000,0.00000,0.00000,0.00000,0.00000,0.00000,0.00000,0.04935,0.00371,0.00000,0.00000,0.00000,0.00000,0.00000,0.00000,0.00000,0.00000,0.00000,0.00000,0.00000,0.00000,0.00000,0.00000,0.00000,0.00000,0.00000,0.66523,2.13100,2.30150,1.35150,0.69350,0.75600,0,0.90000,0.57122,0.00000,0.00000,0.00000,2.95850,2.83200,1.33900
196,0.00000,0.00000,0.00000,0.00000,0.00000,0.00000,0.00000,0.00000,0.00000,0.00000,0.00000,0.00000,0.00000,0.00000,0.00000,0.00000,0.00000,0.00000,0.00000,0.00000,0.00000,0.00000,0.00000,0.00000,0.00000,0.00000,0.00000,0.00000,0.00000,0.00000,0.00000,0.00000,0.00000,0.00000,0.00000,0.00000,0.00000,0.00000,0.00000,0.00000,0.00000,0.00000,0.00000,0.00000,0.00000,0.00000,0.00000,0.00000,0.00000,0.00000,0.00000,0.00000,0.00000,0.00000,0.00000,0.00000,0.00000,0.00000,0.00000,0.00000,0.00000,0.00000,0.00000,0.00000,0.00000,0.00000,0.03007,0.07889,0.00460,0.00000,0.00000,0.00000,0.00000,0.00000,0.00000,0.00000,0.00466,0.14805,0.07706,0.00000,0.00000,0.00000,0.00000,0.00000,0.00000,0.00000,0.00000,0.00000,0.14204,0.00902,0.00000,0.00000,0.00000,0.00000,0.00000,0.00000,0.00000,0.00000,0.00000,0.00000,0.00000,0.00000,0.00000,0.00000,0.00000,0.00000,0.00000,0.00000,0.00000,0.00000,0.00000,0.00000,0.90000,0.57122,1.83100,2.05100,1.22950,1.21300,0.61100,0,0.00000,0.58568,0.00000,0.00000,0.00000,3.05900,2.83400,1.21300
197,0.00000,0.00000,0.00000,0.00000,0.00000,0.00000,0.00000,0.00000,0.00000,0.00000,0.00000,0.00000,0.00000,0.00000,0.00000,0.00000,0.00000,0.00000,0.00000,0.00000,0.00000,0.00000,0.00000,0.00000,0.00000,0.00000,0.00000,0.00000,0.00000,0.00000,0.00000,0.00000,0.00000,0.00000,0.00000,0.00000,0.00000,0.00000,0.00000,0.00000,0.00000,0.00000,0.00000,0.00000,0.00000,0.00000,0.00000,0.00000,0.00000,0.00000,0.00000,0.00000,0.00000,0.00000,0.00000,0.00000,0.00000,0.00000,0.00000,0.00000,0.00000,0.00000,0.00000,0.00000,0.00000,0.00000,0.00230,0.12877,0.00407,0.00000,0.00000,0.00000,0.00000,0.00000,0.00000,0.00000,0.00000,0.09988,0.15713,0.00460,0.00000,0.00000,0.00000,0.00000,0.00000,0.00000,0.00000,0.00000,0.17765,0.08113,0.00000,0.00000,0.00000,0.00000,0.00000,0.00000,0.00000,0.00000,0.00000,0.00000,0.00000,0.00000,0.00000,0.00000,0.00000,0.00000,0.00000,0.00000,0.00000,0.00000,0.00000,0.00000,0.00000,0.58568,1.86300,2.30250,1.08850,0.53150,0.52500,0,0.00000,0.62908,0.00000,0.00000,0.00000,1.08850,5.00000,0.52500
198,0.00000,0.00000,0.00000,0.00000,0.00000,0.00000,0.00000,0.00000,0.00000,0.00000,0.00000,0.00000,0.00000,0.00000,0.00000,0.00000,0.00000,0.00000,0.00000,0.00000,0.00000,0.00000,0.00000,0.00000,0.00000,0.00000,0.00000,0.00000,0.00000,0.00000,0.00000,0.00000,0.00000,0.00000,0.00000,0.00000,0.00000,0.00000,0.00000,0.00000,0.00000,0.00000,0.00000,0.00000,0.00000,0.00000,0.00000,0.00000,0.00000,0.00000,0.00000,0.00000,0.00000,0.00000,0.00000,0.00000,0.00000,0.00000,0.00000,0.00000,0.00000,0.00000,0.00000,0.00000,0.00000,0.00000,0.06987,0.03980,0.00000,0.00000,0.00000,0.00000,0.00000,0.00000,0.00000,0.00000,0.00000,0.14646,0.10118,0.00000,0.00000,0.00000,0.00000,0.00000,0.00000,0.00000,0.00000,0.00000,0.19440,0.04988,0.00000,0.00000,0.00000,0.00000,0.00000,0.00000,0.00000,0.00000,0.00000,0.00000,0.00000,0.00000,0.00000,0.00000,0.00000,0.00000,0.00000,0.00000,0.00000,0.00000,0.00000,0.00000,0.00000,0.62908,1.96900,2.37950,1.01100,0.47100,0.46900,0,0.00000,0.72307,0.00000,0.00000,0.00000,1.01100,1.03000,0.46900
199,0.00000,0.00000,0.00000,0.00000,0.00000,0.00000,0.00000,0.00000,0.00000,0.00000,0.00000,0.00000,0.00000,0.00000,0.00000,0.00000,0.00000,0.00000,0.00000,0.00000,0.00000,0.00000,0.00000,0.00000,0.00000,0.00000,0.00000,0.00000,0.00000,0.00000,0.00000,0.00000,0.00000,0.00000,0.00000,0.00000,0.00000,0.00000,0.00000,0.00000,0.00000,0.00000,0.00000,0.00000,0.00000,0.00000,0.00000,0.00000,0.00000,0.00000,0.00000,0.00000,0.00000,0.00000,0.00000,0.00000,0.00000,0.00000,0.00000,0.00000,0.00000,0.00000,0.00000,0.00000,0.00000,0.00000,0.08915,0.04705,0.00000,0.00000,0.00000,0.00000,0.00000,0.00000,0.00000,0.00000,0.00000,0.16834,0.08213,0.00000,0.00000,0.00000,0.00000,0.00000,0.00000,0.00000,0.00000,0.00000,0.19670,0.03078,0.00000,0.00000,0.00000,0.00000,0.00000,0.00000,0.00000,0.00000,0.00000,0.00000,0.00000,0.00000,0.00000,0.00000,0.00000,0.00000,0.00000,0.00000,0.00000,0.00000,0.00000,0.00000,0.00000,0.72307,2.00200,0.97700,0.95600,0.41100,0.41000,0,0.00000,0.71584,0.00000,0.00000,0.00000,0.95600,0.97600,0.41000
200,0.00000,0.00000,0.00000,0.00000,0.00000,0.00000,0.00000,0.00000,0.00000,0.00000,0.00000,0.00000,0.00000,0.00000,0.00000,0.00000,0.00000,0.00000,0.00000,0.00000,0.00000,0.00000,0.00000,0.00000,0.00000,0.00000,0.00000,0.00000,0.00000,0.00000,0.00000,0.00000,0.00000,0.00000,0.00000,0.00000,0.00000,0.00000,0.00000,0.00000,0.00000,0.00000,0.00000,0.00000,0.00000,0.00000,0.00000,0.00000,0.00000,0.00000,0.00000,0.00000,0.00000,0.00000,0.00000,0.00000,0.00000,0.00000,0.00000,0.00000,0.00000,0.00000,0.00000,0.00000,0.00000,0.00000,0.10560,0.04033,0.00000,0.00000,0.00000,0.00000,0.00000,0.00000,0.00000,0.00000,0.00088,0.18243,0.06185,0.00000,0.00000,0.00000,0.00000,0.00000,0.00000,0.00000,0.00000,0.00000,0.20525,0.01816,0.00000,0.00000,0.00000,0.00000,0.00000,0.00000,0.00000,0.00000,0.00000,0.00000,0.00000,0.00000,0.00000,0.00000,0.00000,0.00000,0.00000,0.00000,0.00000,0.00000,0.00000,0.00000,0.00000,0.71584,1.95650,0.91900,0.89700,0.35700,0.35600,0,0.00000,0.71584,0.00000,0.00000,0.00000,0.89900,0.89700,0.35600
201,0.00000,0.00000,0.00000,0.00000,0.00000,0.00000,0.00000,0.00000,0.00000,0.00000,0.00000,0.00000,0.00000,0.00000,0.00000,0.00000,0.00000,0.00000,0.00000,0.00000,0.00000,0.00000,0.00000,0.00000,0.00000,0.00000,0.00000,0.00000,0.00000,0.00000,0.00000,0.00000,0.00000,0.00000,0.00000,0.00000,0.00000,0.00000,0.00000,0.00000,0.00000,0.00000,0.00000,0.00000,0.00000,0.00000,0.00000,0.00000,0.00000,0.00000,0.00000,0.00000,0.00000,0.00000,0.00000,0.00000,0.00000,0.00000,0.00000,0.00000,0.00000,0.00000,0.00000,0.00000,0.00000,0.00000,0.13072,0.01380,0.00000,0.00000,0.00000,0.00000,0.00000,0.00000,0.00000,0.00000,0.00478,0.19817,0.03850,0.00000,0.00000,0.00000,0.00000,0.06403,0.00000,0.00000,0.00000,0.00000,0.19965,0.00961,0.00000,0.00000,0.00000,0.00000,0.00000,0.01521,0.00000,0.00000,0.00000,0.00000,0.00000,0.00000,0.00000,0.00000,0.00000,0.00000,0.00000,0.00000,0.00000,0.00000,0.00000,0.00000,0.00000,0.71584,2.03050,0.83700,0.82200,0.31650,0.30400,0,0.00000,0.71584,0.00000,0.00000,0.00000,0.82200,0.83600,0.30400
202,0.00000,0.00000,0.00000,0.00000,0.00000,0.00000,0.00000,0.00000,0.00000,0.00000,0.00000,0.00000,0.00000,0.00000,0.00000,0.00000,0.00000,0.00000,0.00000,0.00000,0.00000,0.00000,0.00000,0.00000,0.00000,0.00000,0.00000,0.00000,0.00000,0.00000,0.00000,0.00000,0.00000,0.00000,0.00000,0.00000,0.00000,0.00000,0.00000,0.00000,0.00000,0.00000,0.00000,0.00000,0.00000,0.00000,0.00000,0.00000,0.00000,0.00000,0.00000,0.00000,0.00000,0.00000,0.00000,0.00000,0.00000,0.00000,0.00000,0.00000,0.00000,0.00000,0.00000,0.00212,0.00000,0.00548,0.10808,0.00000,0.00000,0.00000,0.00000,0.00000,0.00000,0.00000,0.00000,0.01097,0.03343,0.20183,0.00654,0.00000,0.00000,0.00000,0.00000,0.00000,0.00000,0.00000,0.00000,0.00000,0.17795,0.00000,0.00000,0.00000,0.00000,0.00000,0.00000,0.00000,0.00000,0.00000,0.00000,0.10560,0.00000,0.00000,0.00000,0.00000,0.00000,0.00000,0.00000,0.00000,0.00000,0.00000,0.00000,0.00000,0.00000,0.71584,2.05350,0.76800,0.75300,2.34250,0.24400,0,0.00000,0.71584,0.00000,0.00000,0.00000,0.75300,0.76800,0.24400
203,0.00000,0.00000,0.00000,0.00000,0.00000,0.00000,0.00000,0.00000,0.00000,0.00000,0.00000,0.00000,0.00000,0.00000,0.00000,0.00000,0.00000,0.00000,0.00000,0.00000,0.00000,0.00000,0.00000,0.00000,0.00000,0.00000,0.00000,0.00000,0.00000,0.00000,0.00000,0.00000,0.00000,0.00000,0.00000,0.00000,0.00000,0.00000,0.00000,0.00000,0.00000,0.00000,0.00000,0.00000,0.00000,0.00000,0.00000,0.00000,0.00000,0.00000,0.00000,0.00000,0.00000,0.00000,0.00000,0.00000,0.00000,0.00000,0.00000,0.00000,0.00000,0.00000,0.00248,0.00548,0.00000,0.03768,0.05448,0.00000,0.00000,0.00000,0.00000,0.00000,0.00000,0.00000,0.00000,0.13797,0.06686,0.17229,0.00000,0.00000,0.00000,0.00000,0.00000,0.00000,0.00000,0.00000,0.00000,0.00000,0.14682,0.00000,0.00000,0.00000,0.00000,0.00000,0.00000,0.00000,0.00000,0.00000,0.00000,0.00000,0.00000,0.00000,0.00000,0.00000,0.00000,0.00000,0.00000,0.00000,0.00000,0.00000,0.00000,0.04776,0.00000,0.71584,2.08750,0.69700,0.68000,2.27350,0.20000,0,0.00000,0.71584,0.00000,0.00000,0.00000,0.68000,0.69700,0.20000
204,0.00000,0.00000,0.00000,0.00000,0.00000,0.00000,0.00000,0.00000,0.00000,0.00000,0.00000,0.00000,0.00000,0.00000,0.00000,0.00000,0.00000,0.00000,0.00000,0.00000,0.00000,0.00000,0.00000,0.00000,0.00000,0.00000,0.00000,0.00000,0.00000,0.00000,0.00000,0.00000,0.00000,0.00000,0.00000,0.00000,0.00000,0.00000,0.00000,0.00000,0.00000,0.00000,0.00000,0.00000,0.00000,0.00000,0.00000,0.00000,0.00000,0.00000,0.00000,0.00000,0.00000,0.00000,0.00000,0.00000,0.00000,0.00000,0.00000,0.00000,0.00000,0.00000,0.00708,0.00000,0.00000,0.08903,0.03426,0.00000,0.00000,0.00000,0.00000,0.00000,0.00000,0.00000,0.00112,0.09175,0.13101,0.11167,0.00000,0.00000,0.00000,0.00000,0.00000,0.00000,0.00000,0.00000,0.00000,0.00000,0.07889,0.00000,0.00000,0.00000,0.00000,0.00000,0.00000,0.00000,0.00000,0.00000,0.00000,0.00000,0.00000,0.00000,0.00000,0.00000,0.00000,0.00000,0.00000,0.00000,0.00000,0.00000,0.00000,0.00000,0.00000,0.71584,2.15400,0.57200,0.58700,2.95550,0.85900,0,0.90000,0.71584,0.00000,0.00000,0.00000,0.58700,0.57200,2.72700
205,0.00000,0.00000,0.00000,0.00000,0.00000,0.00000,0.00000,0.00000,0.00000,0.00000,0.00000,0.00000,0.00000,0.00000,0.00000,0.00000,0.00000,0.00000,0.00000,0.00000,0.00000,0.00000,0.00000,0.00000,0.00000,0.00000,0.00000,0.00000,0.00000,0.00000,0.00000,0.00000,0.00000,0.00000,0.00000,0.00000,0.00000,0.00000,0.00000,0.00000,0.00000,0.00000,0.00000,0.00000,0.00000,0.00000,0.00000,0.00000,0.00000,0.00000,0.00000,0.00000,0.00000,0.00000,0.00000,0.00000,0.00000,0.00000,0.00000,0.00000,0.00000,0.00000,0.00000,0.00000,0.00000,0.02830,0.00000,0.00000,0.00000,0.00000,0.00000,0.00000,0.00000,0.00000,0.01002,0.11238,0.20071,0.01775,0.00000,0.00000,0.00000,0.00000,0.00000,0.00000,0.00000,0.00000,0.00000,0.00902,0.00018,0.00000,0.00000,0.00000,0.00000,0.00000,0.00000,0.00000,0.00000,0.00000,0.00000,0.00000,0.00000,0.00000,0.00000,0.00000,0.00000,0.00000,0.00000,0.00000,0.00000,0.00000,0.00000,0.00000,0.90000,0.71584,0.56300,0.49700,1.99300,3.44800,0.79700,0,0.90000,0.70861,0.00000,0.00000,0.00000,2.97500,0.49700,2.21950
206,0.00000,0.00000,0.00000,0.00000,0.00000,0.00000,0.00000,0.00000,0.00000,0.00000,0.00000,0.00000,0.00000,0.00000,0.00000,0.00000,0.00000,0.00000,0.00000,0.00000,0.00000,0.00000,0.00000,0.00000,0.00000,0.00000,0.00000,0.00000,0.00000,0.00000,0.00000,0.00000,0.00000,0.00000,0.00000,0.00000,0.00000,0.00000,0.00000,0.00000,0.00000,0.00000,0.00000,0.00000,0.00000,0.00000,0.00000,0.00000,0.00000,0.00000,0.00000,0.00000,0.00000,0.00000,0.00000,0.00000,0.00000,0.00000,0.00000,0.00000,0.00637,0.03007,0.00000,0.00000,0.00000,0.00000,0.00000,0.00000,0.00000,0.00000,0.00000,0.00000,0.00000,0.03149,0.08432,0.00802,0.00000,0.00000,0.00000,0.00000,0.00000,0.04511,0.00000,0.00000,0.00000,0.00000,0.00012,0.16509,0.00000,0.00000,0.00000,0.00000,0.00000,0.01008,0.00000,0.00000,0.00000,0.00000,0.00000,0.00000,0.00000,0.00000,0.00000,0.00000,0.00000,0.00000,0.00000,0.00000,0.00000,0.00000,0.00000,0.00000,0.90000,0.70861,0.44900,0.44100,1.98850,4.94350,0.73700,0,0.90000,0.68692,0.00000,0.00000,0.00000,3.62350,0.44100,3.80150
207,0.00000,0.00000,0.00000,0.00000,0.00000,0.00000,0.00000,0.00000,0.00000,0.00000,0.00000,0.00000,0.00000,0.00000,0.00000,0.00000,0.00000,0.00000,0.00000,0.00000,0.00000,0.00000,0.00000,0.00000,0.00000,0.00000,0.00000,0.00000,0.00000,0.00000,0.00000,0.00000,0.00000,0.00000,0.00000,0.00000,0.00000,0.00000,0.00000,0.00000,0.00000,0.00000,0.00000,0.00000,0.00000,0.00000,0.00248,0.00000,0.00000,0.00000,0.00000,0.00000,0.00000,0.00000,0.00000,0.00000,0.00000,0.00000,0.00130,0.05955,0.02052,0.00000,0.00000,0.00000,0.00000,0.00000,0.00000,0.00000,0.00000,0.00000,0.00000,0.00000,0.09110,0.14564,0.00277,0.00000,0.00000,0.00000,0.00000,0.00000,0.00000,0.00000,0.00000,0.00000,0.00000,0.00330,0.17954,0.07966,0.00000,0.00000,0.00000,0.00000,0.00000,0.00000,0.00000,0.00000,0.00000,0.00000,0.00000,0.09729,0.00000,0.00000,0.00000,0.00000,0.00000,0.00000,0.00000,0.00000,0.00000,0.00000,0.00000,0.00000,0.90000,0.68692,0.39700,1.89800,1.95700,0.66600,0.80300,0,0.00000,0.68692,0.00000,0.00000,0.00000,3.51700,0.39700,3.92300
208,0.00000,0.00000,0.00000,0.00000,0.00000,0.00000,0.00000,0.00000,0.00000,0.00000,0.00000,0.00000,0.00000,0.00000,0.00000,0.00000,0.00000,0.00000,0.00000,0.00000,0.00000,0.00000,0.00000,0.00000,0.00000,0.00000,0.00000,0.00000,0.00000,0.00000,0.00000,0.00000,0.00000,0.00000,0.00000,0.00000,0.00000,0.00000,0.00000,0.00000,0.00000,0.00000,0.00000,0.00000,0.00000,0.00000,0.00000,0.00000,0.00000,0.00000,0.00000,0.00000,0.00000,0.00000,0.00000,0.00000,0.00000,0.00000,0.00831,0.01504,0.00000,0.00000,0.00000,0.00000,0.00000,0.00000,0.00000,0.00000,0.00000,0.00000,0.00000,0.08850,0.16745,0.00442,0.00000,0.00000,0.00000,0.00053,0.00000,0.00000,0.00000,0.00000,0.00000,0.00000,0.00460,0.15371,0.10366,0.00000,0.00000,0.00053,0.00000,0.00000,0.00000,0.00000,0.00000,0.00000,0.00000,0.00000,0.08272,0.18473,0.00000,0.00000,0.00000,0.00000,0.00000,0.00000,0.00000,0.00000,0.00000,0.00000,0.00000,0.00000,0.00000,0.68692,0.37400,1.90600,3.07200,0.63900,0.76200,0,0.00000,0.68692,0.00000,0.00000,0.00000,3.80950,0.37400,0.63900
209,0.00000,0.00000,0.00000,0.00000,0.00000,0.00000,0.00000,0.00000,0.00000,0.00000,0.00000,0.00000,0.00000,0.00000,0.00000,0.00000,0.00000,0.00000,0.00000,0.00000,0.00000,0.00000,0.00000,0.00000,0.00000,0.00000,0.00000,0.00000,0.00000,0.00000,0.00000,0.00000,0.00000,0.00000,0.00000,0.00000,0.00000,0.00000,0.00000,0.00000,0.00000,0.00000,0.00000,0.00000,0.00000,0.00000,0.00000,0.00000,0.00000,0.00000,0.00000,0.00000,0.00000,0.00000,0.00000,0.00000,0.00000,0.01026,0.05377,0.00000,0.00000,0.00000,0.00000,0.00000,0.00000,0.00000,0.00000,0.00000,0.00000,0.00000,0.05206,0.16604,0.02919,0.00000,0.00000,0.00000,0.00000,0.00000,0.00000,0.00000,0.00000,0.00000,0.00000,0.00000,0.06315,0.14593,0.00000,0.00000,0.00000,0.00000,0.00000,0.00000,0.00000,0.00000,0.00000,0.00000,0.00000,0.04110,0.17960,0.06692,0.00000,0.00000,0.00000,0.00000,0.00000,0.00000,0.00000,0.00000,0.00000,0.00000,0.00000,0.08915,0.00000,0.68692,0.34800,1.85950,3.03800,0.60000,0.79700,0,0.00000,0.69415,0.00000,0.00000,0.00000,3.49300,3.29600,0.60000
210,0.00000,0.00000,0.00000,0.00000,0.00000,0.00000,0.00000,0.00000,0.00000,0.00000,0.00000,0.00000,0.00000,0.00000,0.00000,0.00000,0.00000,0.00000,0.00000,0.00000,0.00000,0.00000,0.00000,0.00000,0.00000,0.00000,0.00000,0.00000,0.00000,0.00000,0.00000,0.00000,0.00000,0.00000,0.00000,0.00000,0.00000,0.00000,0.00000,0.00000,0.00000,0.00000,0.00000,0.00000,0.00000,0.00000,0.00000,0.00000,0.00000,0.00000,0.00000,0.00000,0.00000,0.00000,0.00000,0.00000,0.00000,0.07907,0.01999,0.00000,0.00000,0.00000,0.00000,0.00000,0.00000,0.00000,0.00000,0.00000,0.00000,0.00000,0.14623,0.12353,0.00000,0.00000,0.00000,0.00000,0.00000,0.00000,0.00000,0.00000,0.00000,0.00000,0.00000,0.05542,0.11209,0.04758,0.00000,0.00000,0.00000,0.00000,0.00000,0.00000,0.00000,0.00000,0.00000,0.00000,0.00000,0.14369,0.14499,0.00000,0.00000,0.00000,0.00000,0.00000,0.00000,0.00000,0.00000,0.00000,0.00000,0.00000,0.03638,0.17942,0.00000,0.69415,0.15550,1.82050,3.28100,0.55000,0.75600,0,-0.50517,0.69415,0.00000,0.00000,0.00000,3.88050,0.15550,0.55000
211,0.00000,0.00000,0.00000,0.00000,0.00000,0.00000,0.00000,0.00000,0.00000,0.00000,0.00000,0.00000,0.00000,0.00000,0.00000,0.00000,0.00000,0.00000,0.00000,0.00000,0.00000,0.00000,0.00000,0.00000,0.00000,0.00000,0.00000,0.00000,0.00000,0.00000,0.00000,0.00000,0.00000,0.00000,0.00000,0.00000,0.00000,0.00000,0.00000,0.00000,0.00000,0.00000,0.00000,0.00000,0.00000,0.00000,0.00000,0.00000,0.00000,0.00000,0.00000,0.00000,0.00000,0.00000,0.00000,0.00000,0.04051,0.12559,0.00000,0.00000,0.00000,0.00000,0.00000,0.00000,0.00000,0.00000,0.00000,0.00000,0.00000,0.05307,0.17978,0.03426,0.00000,0.00000,0.00000,0.00000,0.00000,0.00000,0.00000,0.00000,0.00000,0.00000,0.00000,0.15124,0.07783,0.00000,0.00000,0.00000,0.00000,0.00000,0.00000,0.00000,0.00000,0.00000,0.00000,0.00000,0.00124,0.16692,0.03066,0.00000,0.00000,0.00000,0.00000,0.00000,0.00000,0.00000,0.00000,0.00000,0.00000,0.00000,0.15501,0.12571,-0.50517,0.69415,1.75600,1.80000,3.48800,0.52700,0.73700,0,-0.90000,0.68692,0.00000,0.00000,0.00000,4.23200,3.95300,0.52700
212,0.00000,0.00000,0.00000,0.00000,0.00000,0.00000,0.00000,0.00000,0.00000,0.00000,0.00000,0.00000,0.00000,0.00000,0.00000,0.00000,0.00000,0.00000,0.00000,0.00000,0.00000,0.00000,0.00000,0.00000,0.00000,0.00000,0.00000,0.00000,0.00000,0.00000,0.00000,0.00000,0.00000,0.00000,0.00000,0.00000,0.00000,0.00000,0.00000,0.00000,0.00000,0.00000,0.00000,0.01014,0.01232,0.00000,0.00000,0.00000,0.00000,0.00000,0.00000,0.00000,0.00000,0.00000,0.00000,0.00000,0.01645,0.10419,0.00000,0.00000,0.00000,0.00000,0.00000,0.00000,0.00000,0.00000,0.00000,0.00000,0.00000,0.07730,0.18042,0.00867,0.00000,0.00000,0.00000,0.00000,0.00000,0.00000,0.00000,0.00000,0.00000,0.00000,0.00407,0.18278,0.08042,0.00000,0.00000,0.00000,0.00000,0.00000,0.00000,0.00000,0.00000,0.00000,0.00000,0.00000,0.04564,0.00000,0.00000,0.00000,0.00000,0.00000,0.00000,0.00000,0.00000,0.00000,0.00000,0.00000,0.00000,0.01079,0.16156,0.04363,-0.90000,0.68692,3.10450,1.72050,3.57600,0.43800,0.57100,0,0.00000,0.68692,0.00000,0.00000,0.00000,3.83700,3.72000,0.43800
213,0.00000,0.00000,0.00000,0.00000,0.00000,0.00000,0.00000,0.00000,0.00000,0.00000,0.00000,0.00000,0.00000,0.00000,0.00000,0.00000,0.00000,0.00000,0.00000,0.00000,0.00000,0.00000,0.00000,0.00000,0.00000,0.00000,0.00000,0.00000,0.00000,0.00000,0.00000,0.00000,0.00000,0.00000,0.00000,0.00000,0.00000,0.00000,0.00000,0.00000,0.00000,0.00000,0.00000,0.00000,0.03903,0.00342,0.00000,0.00000,0.00000,0.00000,0.00000,0.00000,0.00000,0.00000,0.00000,0.00000,0.00336,0.14186,0.05130,0.00000,0.00000,0.00000,0.00000,0.00000,0.00000,0.00000,0.00000,0.00000,0.00000,0.00000,0.15554,0.09564,0.00000,0.00000,0.00000,0.00000,0.00000,0.00000,0.00000,0.00000,0.00000,0.00000,0.00000,0.10926,0.14281,0.00000,0.00000,0.00000,0.00000,0.00000,0.00000,0.00000,0.00000,0.00000,0.00000,0.00000,0.06421,0.18272,0.00000,0.00000,0.00000,0.00000,0.00000,0.00000,0.00000,0.00000,0.00000,0.00000,0.00000,0.00814,0.00000,0.00000,0.00000,0.68692,2.91150,1.65300,3.49000,0.43750,0.42500,0,0.00000,0.68692,0.00000,0.00000,0.00000,3.82800,3.66900,0.42500
214,0.00000,0.00000,0.00000,0.00000,0.00000,0.00000,0.00000,0.00000,0.00000,0.00000,0.00000,0.00000,0.00000,0.00000,0.00000,0.00000,0.00000,0.00000,0.00000,0.00000,0.00000,0.00000,0.00000,0.00000,0.00000,0.00000,0.00000,0.00000,0.00000,0.00000,0.00000,0.00000,0.00000,0.00000,0.00000,0.00000,0.00000,0.00000,0.00000,0.00000,0.00000,0.00000,0.00000,0.00000,0.00000,0.06085,0.00000,0.00000,0.00000,0.00000,0.00000,0.00000,0.00000,0.00000,0.00000,0.00000,0.00000,0.10489,0.12134,0.00000,0.00000,0.00000,0.00000,0.00000,0.00000,0.00000,0.00000,0.00000,0.00000,0.00000,0.09629,0.15649,0.00000,0.00000,0.00000,0.00000,0.00000,0.00000,0.00000,0.00000,0.00000,0.00000,0.00000,0.05914,0.18850,0.00000,0.00000,0.00000,0.00000,0.00000,0.00000,0.00000,0.00000,0.00000,0.00000,0.00000,0.03432,0.20525,0.00472,0.00000,0.00000,0.00000,0.00000,0.00000,0.00000,0.00000,0.00000,0.00000,0.00000,0.00896,0.19888,0.00460,0.00000,0.68692,2.70800,1.62200,3.42350,4.81400,0.40300,0,0.00000,0.68692,0.00000,0.00000,0.00000,3.87650,1.67500,0.40300
215,0.00000,0.00000,0.00000,0.00000,0.00000,0.00000,0.00000,0.00000,0.00000,0.00000,0.00000,0.00000,0.00000,0.00000,0.00000,0.00000,0.00000,0.00000,0.00000,0.00000,0.00000,0.00000,0.00000,0.00000,0.00000,0.00000,0.00000,0.00000,0.00000,0.00000,0.00000,0.00000,0.00000,0.00000,0.00000,0.00000,0.00000,0.00000,0.00000,0.00000,0.00000,0.00000,0.00000,0.00000,0.00000,0.05094,0.00000,0.00000,0.00000,0.00000,0.00000,0.00000,0.00000,0.00000,0.00000,0.00000,0.00000,0.07394,0.12700,0.00000,0.00000,0.00000,0.00000,0.00000,0.00000,0.00000,0.00000,0.00000,0.00000,0.00000,0.09104,0.15572,0.00000,0.00000,0.00000,0.00000,0.00000,0.00000,0.00000,0.00000,0.00000,0.00000,0.00000,0.06521,0.18438,0.00000,0.00000,0.00000,0.00000,0.00000,0.00000,0.00000,0.00000,0.00000,0.00000,0.00000,0.04741,0.19346,0.00006,0.00000,0.00000,0.00000,0.00000,0.00000,0.00000,0.00000,0.00000,0.00000,0.00000,0.02500,0.21126,0.00767,0.00000,0.68692,2.69550,1.59900,1.65400,5.00000,0.37600,0,0.00000,0.69415,0.00000,0.00000,0.00000,3.81500,1.63300,0.37600
216,0.00000,0.00000,0.00000,0.00000,0.00000,0.00000,0.00000,0.00000,0.00000,0.00000,0.00000,0.00000,0.00000,0.00000,0.00000,0.00000,0.00000,0.00000,0.00000,0.00000,0.00000,0.00000,0.00000,0.00000,0.00000,0.00000,0.00000,0.00000,0.00000,0.00000,0.00000,0.00000,0.00000,0.00000,0.00000,0.00000,0.00000,0.00000,0.00000,0.00000,0.00000,0.00000,0.00000,0.00000,0.00000,0.00000,0.00000,0.00000,0.00000,0.00000,0.00000,0.00000,0.00000,0.00000,0.00000,0.00000,0.00000,0.05483,0.14045,0.00000,0.00000,0.00000,0.00000,0.00000,0.00000,0.00000,0.00000,0.00000,0.00000,0.00000,0.08420,0.16645,0.00000,0.00000,0.00000,0.00000,0.00000,0.00000,0.00000,0.00000,0.00000,0.00000,0.00000,0.06963,0.17429,0.00000,0.00000,0.00000,0.00000,0.00000,0.00000,0.00000,0.00000,0.00000,0.00000,0.00000,0.05289,0.18626,0.00000,0.00000,0.00000,0.00000,0.00000,0.00000,0.00000,0.00000,0.00000,0.00000,0.00000,0.03921,0.18243,0.00000,0.00000,0.69415,2.56050,1.57600,1.61400,4.92800,0.35000,0,0.00000,0.69415,0.00000,0.00000,0.00000,3.73100,1.60950,0.35000
217,0.00000,0.00000,0.00000,0.00000,0.00000,0.00000,0.00000,0.00000,0.00000,0.00000,0.00000,0.00000,0.00000,0.00000,0.00000,0.00000,0.00000,0.00000,0.00000,0.00000,0.00000,0.00000,0.00000,0.00000,0.00000,0.00000,0.00000,0.00000,0.00000,0.00000,0.00000,0.00000,0.00000,0.00000,0.00000,0.00000,0.00000,0.00000,0.00000,0.00000,0.00000,0.00000,0.00000,0.00000,0.00000,0.02370,0.00000,0.00000,0.00000,0.00000,0.00000,0.00000,0.00000,0.00000,0.00000,0.00000,0.00000,0.06775,0.14646,0.00000,0.00000,0.00000,0.00000,0.00000,0.00000,0.00000,0.00000,0.00000,0.00000,0.00000,0.08314,0.16344,0.00000,0.00000,0.00000,0.00000,0.00000,0.00000,0.00000,0.00000,0.00000,0.00000,0.00000,0.07630,0.16303,0.00000,0.00000,0.00000,0.00000,0.00000,0.00000,0.00000,0.00000,0.00000,0.00000,0.00000,0.06757,0.17936,0.00000,0.00000,0.00000,0.00000,0.00000,0.00000,0.00000,0.00000,0.00000,0.00000,0.00000,0.05377,0.17176,0.00000,0.00000,0.69415,2.46050,1.55600,1.59000,5.00000,0.35800,0,0.00000,0.75921,0.00000,0.00000,0.00000,3.71500,1.58750,0.35800
218,0.00000,0.00000,0.00000,0.00000,0.00000,0.00000,0.00000,0.00000,0.00000,0.00000,0.00000,0.00000,0.00000,0.00000,0.00000,0.00000,0.00000,0.00000,0.00000,0.00000,0.00000,0.00000,0.00000,0.00000,0.00000,0.00000,0.00000,0.00000,0.00000,0.00000,0.00000,0.00000,0.00000,0.00000,0.00000,0.00000,0.00000,0.00000,0.00000,0.00000,0.00000,0.00000,0.00000,0.00000,0.00000,0.00513,0.00000,0.00000,0.00000,0.00000,0.00000,0.00000,0.00000,0.00000,0.00000,0.00000,0.00000,0.03007,0.13939,0.00000,0.00000,0.00000,0.00000,0.00000,0.00000,0.00000,0.00000,0.00000,0.00000,0.00000,0.09157,0.15324,0.00000,0.00000,0.00000,0.00000,0.00000,0.00000,0.00000,0.00000,0.00000,0.00000,0.00000,0.09051,0.14086,0.00000,0.00000,0.00000,0.00000,0.00000,0.00000,0.00000,0.00000,0.00000,0.00000,0.00000,0.08579,0.15071,0.00000,0.00000,0.00000,0.00000,0.00000,0.00000,0.00000,0.00000,0.00000,0.00000,0.00000,0.07594,0.14976,0.00000,0.00000,0.75921,2.44550,1.53400,1.56400,5.00000,0.34300,0,0.00000,0.83874,0.00000,0.00000,0.00000,4.16000,1.56400,0.34300
219,0.00000,0.00000,0.00000,0.00000,0.00000,0.00000,0.00000,0.00000,0.00000,0.00000,0.00000,0.00000,0.00000,0.00000,0.00000,0.00000,0.00000,0.00000,0.00000,0.00000,0.00000,0.00000,0.00000,0.00000,0.00000,0.00000,0.00000,0.00000,0.00000,0.00000,0.00000,0.00000,0.00000,0.00000,0.00000,0.00000,0.00000,0.00000,0.00000,0.00000,0.00000,0.00000,0.00000,0.00000,0.00000,0.01468,0.00000,0.00000,0.00000,0.00000,0.00000,0.00000,0.00000,0.00000,0.00000,0.00000,0.00000,0.03732,0.13567,0.00000,0.00000,0.00000,0.00000,0.00000,0.00000,0.00000,0.00000,0.00000,0.00000,0.00000,0.09735,0.14481,0.00000,0.00000,0.00000,0.00000,0.00000,0.00000,0.00000,0.00000,0.00000,0.00000,0.00000,0.10743,0.13314,0.00000,0.00000,0.00000,0.00000,0.00000,0.00000,0.00000,0.00000,0.00000,0.00000,0.00000,0.09074,0.07429,0.00000,0.00000,0.00000,0.00000,0.00000,0.00000,0.00000,0.00000,0.00000,0.00000,0.00000,0.09263,0.08284,0.00000,0.00000,0.83874,2.50050,1.50300,1.52950,5.00000,0.32800,0,0.00000,0.72307,0.00000,0.00000,0.00000,4.30000,1.52950,0.32800
220,0.00000,0.00000,0.00000,0.00000,0.00000,0.00000,0.00000,0.00000,0.00000,0.00000,0.00000,0.00000,0.00000,0.00000,0.00000,0.00000,0.00000,0.00000,0.00000,0.00000,0.00000,0.00000,0.00000,0.00000,0.00000,0.00000,0.00000,0.00000,0.00000,0.00000,0.00000,0.00000,0.00000,0.00000,0.00000,0.00000,0.00000,0.00000,0.00000,0.00000,0.00000,0.00000,0.00000,0.00000,0.00000,0.00000,0.00000,0.00000,0.00000,0.00000,0.00000,0.00000,0.00000,0.00000,0.00000,0.00000,0.00000,0.00000,0.09800,0.00000,0.00000,0.00000,0.00000,0.00000,0.00000,0.00000,0.01433,0.00000,0.00000,0.00000,0.10531,0.12871,0.00000,0.00000,0.00000,0.00495,0.00000,0.00000,0.00000,0.00000,0.00000,0.00000,0.00000,0.12624,0.11256,0.00000,0.00000,0.00000,0.00000,0.00000,0.00000,0.00000,0.00000,0.00000,0.00000,0.00000,0.12789,0.00761,0.00000,0.00000,0.00000,0.00000,0.00000,0.00000,0.00000,0.00000,0.00000,0.00000,0.00000,0.00000,0.00000,0.00000,0.00000,0.72307,2.61150,1.45000,1.47650,5.00000,0.31300,0,0.00000,0.68692,0.00000,0.00000,0.00000,4.28600,1.47650,0.31300
221,0.00000,0.00000,0.00000,0.00000,0.00000,0.00000,0.00000,0.00000,0.00000,0.00000,0.00000,0.00000,0.00000,0.00000,0.00000,0.00000,0.00000,0.00000,0.00000,0.00000,0.00000,0.00000,0.00000,0.00000,0.00000,0.00000,0.00000,0.00000,0.00000,0.00000,0.00000,0.00000,0.00000,0.00000,0.00000,0.00000,0.00000,0.00000,0.00000,0.00000,0.00000,0.00000,0.00000,0.00000,0.00000,0.00000,0.00000,0.00000,0.00000,0.00000,0.00000,0.00000,0.00000,0.00000,0.00000,0.00000,0.00000,0.00318,0.13550,0.00000,0.00000,0.00000,0.00000,0.00000,0.00000,0.00000,0.00336,0.00000,0.00000,0.00000,0.10802,0.12353,0.00000,0.00000,0.00000,0.00407,0.00000,0.02919,0.00000,0.00000,0.00000,0.00000,0.00000,0.15071,0.08632,0.00000,0.00000,0.00000,0.00000,0.00000,0.00000,0.00000,0.00000,0.00000,0.00000,0.00000,0.17317,0.05466,0.00000,0.00000,0.03432,0.00000,0.00000,0.00000,0.00000,0.00000,0.00000,0.00000,0.00000,0.13691,0.00000,0.00000,0.00000,0.68692,2.53650,1.37000,1.39050,5.00000,5.00000,0,0.00000,0.68692,0.00000,0.00000,0.00000,1.41400,1.39050,4.35750
222,0.00000,0.00000,0.00000,0.00000,0.00000,0.00000,0.00000,0.00000,0.00000,0.00000,0.00000,0.00000,0.00000,0.00000,0.00000,0.00000,0.00000,0.00000,0.00000,0.00000,0.00000,0.00000,0.00000,0.00000,0.00000,0.00000,0.00000,0.00000,0.00000,0.00000,0.00000,0.00000,0.00000,0.00000,0.00000,0.00000,0.00000,0.00000,0.00000,0.00000,0.00000,0.00000,0.00000,0.00000,0.00000,0.00000,0.00000,0.00000,0.00000,0.00000,0.00000,0.00000,0.00000,0.00000,0.00000,0.00000,0.00000,0.00000,0.12011,0.00000,0.00000,0.00000,0.00000,0.00000,0.00000,0.00000,0.00407,0.00000,0.00000,0.00000,0.07535,0.15654,0.00000,0.00000,0.00000,0.00336,0.00000,0.04410,0.00171,0.00000,0.00000,0.00000,0.00000,0.12883,0.09404,0.00000,0.00000,0.00000,0.00000,0.10596,0.00000,0.00000,0.00000,0.00000,0.00000,0.00000,0.16663,0.03538,0.00000,0.00000,0.01026,0.00000,0.00000,0.00000,0.00000,0.00000,0.00000,0.00000,0.00000,0.19192,0.00000,0.00000,0.00000,0.68692,2.56900,1.31500,1.33650,5.00000,5.00000,0,0.00000,0.69415,0.00000,0.00000,0.00000,1.33700,1.33650,4.19400
223,0.00000,0.00000,0.00000,0.00000,0.00000,0.00000,0.00000,0.00000,0.00000,0.00000,0.00000,0.00000,0.00000,0.00000,0.00000,0.00000,0.00000,0.00000,0.00000,0.00000,0.00000,0.00000,0.00000,0.00000,0.00000,0.00000,0.00000,0.00000,0.00000,0.00000,0.00000,0.00000,0.00000,0.00000,0.00000,0.00000,0.00000,0.00000,0.00000,0.00000,0.00000,0.00000,0.00000,0.00000,0.00000,0.00000,0.00000,0.00000,0.00000,0.00000,0.00000,0.00000,0.00000,0.00000,0.00000,0.00000,0.00000,0.00071,0.17512,0.00000,0.00000,0.00000,0.00000,0.00000,0.00000,0.00000,0.00283,0.00000,0.00000,0.00000,0.07017,0.16138,0.00000,0.00000,0.00000,0.02229,0.00000,0.05289,0.00142,0.00000,0.00000,0.00000,0.00000,0.12972,0.09210,0.00000,0.00000,0.00000,0.00000,0.16468,0.00000,0.00000,0.00000,0.00000,0.00000,0.00000,0.13691,0.00000,0.00000,0.00000,0.05472,0.00649,0.00000,0.00000,0.00000,0.00000,0.00000,0.00000,0.00000,0.00212,0.00000,0.00000,0.00000,0.69415,2.51950,1.26100,1.27700,4.89900,5.00000,0,0.00000,0.69415,0.00000,0.00000,0.00000,1.27700,1.44350,3.98050
224,0.00000,0.00000,0.00000,0.00000,0.00000,0.00000,0.00000,0.00000,0.00000,0.00000,0.00000,0.00000,0.00000,0.00000,0.00000,0.00000,0.00000,0.00000,0.00000,0.00000,0.00000,0.00000,0.00000,0.00000,0.00000,0.00000,0.00000,0.00000,0.00000,0.00000,0.00000,0.00000,0.00000,0.00000,0.00000,0.00000,0.00000,0.00000,0.00000,0.00000,0.00000,0.00000,0.00000,0.00000,0.00000,0.00000,0.00000,0.00000,0.00000,0.00000,0.00000,0.00000,0.00000,0.00000,0.00000,0.00000,0.00000,0.00000,0.11238,0.00012,0.00000,0.00000,0.00000,0.00000,0.00000,0.00000,0.00000,0.00000,0.00000,0.00000,0.03084,0.19699,0.00000,0.00000,0.00000,0.00000,0.00000,0.00000,0.00000,0.00000,0.00000,0.00000,0.00000,0.10507,0.11834,0.00000,0.00000,0.00000,0.00000,0.06969,0.00000,0.00000,0.00000,0.00000,0.00000,0.00000,0.18255,0.04617,0.00000,0.00000,0.15684,0.02323,0.00000,0.00000,0.00000,0.00000,0.00000,0.00000,0.00000,0.05890,0.00000,0.00000,0.00000,0.69415,2.39600,1.20600,1.22100,4.44500,5.00000,0,0.00000,0.69415,0.00000,0.00000,0.00000,1.22100,2.19450,5.00000
225,0.00000,0.00000,0.00000,0.00000,0.00000,0.00000,0.00000,0.00000,0.00000,0.00000,0.00000,0.00000,0.00000,0.00000,0.00000,0.00000,0.00000,0.00000,0.00000,0.00000,0.00000,0.00000,0.00000,0.00000,0.00000,0.00000,0.00000,0.00000,0.00000,0.00000,0.00000,0.00000,0.00000,0.00000,0.00000,0.00000,0.00000,0.00000,0.00000,0.00000,0.00000,0.00000,0.00000,0.00000,0.00000,0.00000,0.00000,0.00000,0.00000,0.00000,0.00000,0.00000,0.00000,0.00000,0.00000,0.00000,0.00000,0.00000,0.10820,0.00713,0.00000,0.00000,0.00000,0.00000,0.00000,0.00000,0.00000,0.00000,0.00000,0.00000,0.00937,0.21297,0.00000,0.00000,0.00000,0.00000,0.00000,0.00000,0.00000,0.00000,0.00000,0.00000,0.00000,0.07836,0.14062,0.00000,0.00000,0.00000,0.00000,0.04493,0.00000,0.00000,0.00000,0.00000,0.00000,0.00000,0.18060,0.04670,0.00000,0.00000,0.15336,0.02017,0.00000,0.00000,0.00000,0.00000,0.00000,0.00000,0.00000,0.20643,0.00000,0.00000,0.00000,0.69415,2.42000,1.18000,1.19350,4.51850,5.00000,0,0.00000,0.68692,0.00000,0.00000,0.00000,1.19350,2.38650,5.00000
226,0.00000,0.00000,0.00000,0.00000,0.00000,0.00000,0.00000,0.00000,0.00000,0.00000,0.00000,0.00000,0.00000,0.00000,0.00000,0.00000,0.00000,0.00000,0.00000,0.00000,0.00000,0.00000,0.00000,0.00000,0.00000,0.00000,0.00000,0.00000,0.00000,0.00000,0.00000,0.00000,0.00000,0.00000,0.00000,0.00000,0.00000,0.00000,0.00000,0.00000,0.00000,0.00000,0.00000,0.00000,0.00000,0.00000,0.00000,0.00000,0.00000,0.00000,0.00000,0.00000,0.00000,0.00000,0.00000,0.00000,0.00000,0.00000,0.14440,0.01179,0.00000,0.00000,0.00000,0.00000,0.00000,0.00000,0.06934,0.00000,0.00000,0.00000,0.00784,0.20654,0.00000,0.00000,0.00000,0.00000,0.00000,0.02913,0.07736,0.00000,0.00000,0.00000,0.00000,0.09068,0.12883,0.00000,0.00000,0.00000,0.00000,0.01380,0.00000,0.00000,0.00000,0.00000,0.00000,0.00000,0.19068,0.03414,0.00000,0.00000,0.14493,0.01851,0.00000,0.00000,0.00000,0.00000,0.00000,0.00000,0.00000,0.19776,0.00000,0.00000,0.00000,0.68692,2.29650,1.12800,1.17400,4.70400,5.00000,0,0.00000,0.69415,0.00000,0.00000,0.00000,1.17400,2.47950,5.00000
227,0.00000,0.00000,0.00000,0.00000,0.00000,0.00000,0.00000,0.00000,0.00000,0.00000,0.00000,0.00000,0.00000,0.00000,0.00000,0.00000,0.00000,0.00000,0.00000,0.00000,0.00000,0.00000,0.00000,0.00000,0.00000,0.00000,0.00000,0.00000,0.00000,0.00000,0.00000,0.00000,0.00000,0.00000,0.00000,0.00000,0.00000,0.00000,0.00000,0.00000,0.00000,0.00000,0.00000,0.00000,0.00000,0.00000,0.00000,0.00000,0.00000,0.00000,0.00000,0.00000,0.00000,0.00000,0.00000,0.00000,0.00000,0.00000,0.06887,0.02081,0.00000,0.00000,0.00000,0.00000,0.00000,0.00000,0.09587,0.00778,0.00000,0.00000,0.00212,0.21173,0.00000,0.00000,0.00000,0.00000,0.00000,0.06993,0.08361,0.00000,0.00000,0.00000,0.00000,0.08597,0.13160,0.00000,0.00000,0.00000,0.00000,0.06244,0.00000,0.00000,0.00000,0.00000,0.00000,0.00000,0.17335,0.03361,0.00000,0.00000,0.06474,0.00000,0.00000,0.00000,0.00000,0.00000,0.00000,0.00000,0.00000,0.19741,0.00000,0.00000,0.00000,0.69415,2.35350,1.07900,1.11800,4.94350,5.00000,0,0.00000,0.69415,0.00000,0.00000,0.00000,1.11800,2.33750,5.00000
228,0.00000,0.00000,0.00000,0.00000,0.00000,0.00000,0.00000,0.00000,0.00000,0.00000,0.00000,0.00000,0.00000,0.00000,0.00000,0.00000,0.00000,0.00000,0.00000,0.00000,0.00000,0.00000,0.00000,0.00000,0.00000,0.00000,0.00000,0.00000,0.00000,0.00000,0.00000,0.00000,0.00000,0.00000,0.00000,0.00000,0.00000,0.00000,0.00000,0.00000,0.00000,0.00000,0.00000,0.00000,0.00000,0.00000,0.00000,0.00000,0.00000,0.00000,0.00000,0.00000,0.00000,0.00000,0.00000,0.00000,0.00000,0.00000,0.07476,0.02305,0.00000,0.00000,0.00000,0.00000,0.00000,0.00000,0.09393,0.00354,0.00000,0.00000,0.00118,0.21409,0.00000,0.00000,0.00000,0.00000,0.00000,0.07005,0.08190,0.00000,0.00000,0.00000,0.00000,0.08042,0.13555,0.00000,0.00000,0.00000,0.00277,0.20825,0.00000,0.00000,0.00000,0.00000,0.00000,0.00000,0.16114,0.00195,0.00000,0.00000,0.03573,0.01415,0.00000,0.00000,0.00000,0.00000,0.00000,0.00000,0.00000,0.01574,0.00000,0.00000,0.00000,0.69415,2.48050,1.02900,1.06250,5.00000,5.00000,0,0.00000,0.69415,0.00000,0.00000,0.00000,1.06250,2.72450,5.00000
229,0.00000,0.00000,0.00000,0.00000,0.00000,0.00000,0.00000,0.00000,0.00000,0.00000,0.00000,0.00000,0.00000,0.00000,0.00000,0.00000,0.00000,0.00000,0.00000,0.00000,0.00000,0.00000,0.00000,0.00000,0.00000,0.00000,0.00000,0.00000,0.00000,0.00000,0.00000,0.00000,0.00000,0.00000,0.00000,0.00000,0.00000,0.00000,0.00000,0.00000,0.00000,0.00000,0.00000,0.00000,0.00000,0.00000,0.00000,0.00000,0.00000,0.00000,0.00000,0.00000,0.00000,0.00000,0.00000,0.00000,0.00000,0.00000,0.03732,0.03555,0.00000,0.00000,0.00000,0.00000,0.00000,0.00000,0.02972,0.00000,0.00000,0.00000,0.00000,0.22005,0.00000,0.00000,0.00000,0.00000,0.00000,0.04287,0.12465,0.00000,0.00000,0.00000,0.00000,0.06433,0.15466,0.00000,0.00000,0.00000,0.00000,0.21757,0.00000,0.00000,0.00000,0.00000,0.00000,0.00000,0.19404,0.02901,0.00000,0.00000,0.17583,0.03785,0.00000,0.00000,0.00000,0.00000,0.00000,0.00000,0.00071,0.06881,0.00000,0.00000,0.00000,0.69415,2.45650,0.98200,1.01200,5.00000,5.00000,0,0.00000,0.69415,0.00000,0.00000,0.00000,1.01200,2.79450,5.00000
230,0.00000,0.00000,0.00000,0.00000,0.00000,0.00000,0.00000,0.00000,0.00000,0.00000,0.00000,0.00000,0.00000,0.00000,0.00000,0.00000,0.00000,0.00000,0.00000,0.00000,0.00000,0.00000,0.00000,0.00000,0.00000,0.00000,0.00000,0.00000,0.00000,0.00000,0.00000,0.00000,0.00000,0.00000,0.00000,0.00000,0.00000,0.00000,0.00000,0.00000,0.00000,0.00000,0.00000,0.00000,0.00000,0.00000,0.00000,0.00000,0.00000,0.00000,0.00000,0.00000,0.00000,0.00000,0.00000,0.00000,0.00000,0.00000,0.00637,0.06085,0.00000,0.00000,0.00000,0.00000,0.00000,0.00000,0.04811,0.00425,0.00000,0.00000,0.00000,0.22199,0.00000,0.00000,0.00000,0.00000,0.00000,0.00943,0.14605,0.00000,0.00000,0.00000,0.00000,0.03520,0.18308,0.00000,0.00000,0.00000,0.00000,0.20896,0.00419,0.00000,0.00000,0.00000,0.00000,0.00000,0.15955,0.06067,0.00000,0.00000,0.13662,0.07494,0.00000,0.00000,0.00000,0.00000,0.00000,0.00000,0.00000,0.20448,0.00000,0.00000,0.00000,0.69415,2.43750,0.94200,0.96950,5.00000,5.00000,0,0.00000,0.69415,0.00000,0.00000,0.00000,0.96950,2.84150,5.00000
231,0.00000,0.00000,0.00000,0.00000,0.00000,0.00000,0.00000,0.00000,0.00000,0.00000,0.00000,0.00000,0.00000,0.00000,0.00000,0.00000,0.00000,0.00000,0.00000,0.00000,0.00000,0.00000,0.00000,0.00000,0.00000,0.00000,0.00000,0.00000,0.00000,0.00000,0.00000,0.00000,0.00000,0.00000,0.00000,0.00000,0.00000,0.00000,0.00000,0.00000,0.00000,0.00000,0.00000,0.00000,0.00000,0.00000,0.00000,0.00000,0.00000,0.00000,0.00000,0.00000,0.00000,0.00000,0.00000,0.00000,0.00000,0.00000,0.00000,0.00867,0.00000,0.00000,0.00000,0.00000,0.00000,0.00000,0.00018,0.02193,0.00000,0.00000,0.00000,0.18962,0.01787,0.00000,0.00000,0.00000,0.00000,0.00000,0.08650,0.00000,0.00000,0.00000,0.00000,0.00277,0.21586,0.00000,0.00000,0.00000,0.00000,0.16362,0.04192,0.00000,0.00000,0.00000,0.00000,0.00000,0.09711,0.11108,0.00000,0.00000,0.08915,0.13143,0.00000,0.00000,0.00000,0.00000,0.00000,0.00000,0.00000,0.19841,0.00024,0.00000,0.00000,0.69415,2.50550,0.88000,1.10050,5.00000,5.00000,0,0.00000,0.80259,0.00000,0.00000,0.00000,1.16650,0.88000,1.10050
232,0.00000,0.00000,0.00000,0.00000,0.00000,0.00000,0.00000,0.00000,0.00000,0.00000,0.00000,0.00000,0.00000,0.00000,0.00000,0.00000,0.00000,0.00000,0.00000,0.00000,0.00000,0.00000,0.00000,0.00000,0.00000,0.00000,0.00000,0.00000,0.00000,0.00000,0.00000,0.00000,0.00000,0.00000,0.00000,0.00000,0.00000,0.00000,0.00000,0.00000,0.00000,0.00000,0.00000,0.00000,0.00000,0.00000,0.00000,0.00000,0.00000,0.00000,0.00000,0.00000,0.00000,0.00000,0.00000,0.00000,0.00000,0.00000,0.00000,0.02423,0.00000,0.00000,0.00000,0.00000,0.00000,0.00000,0.00000,0.05059,0.00000,0.00000,0.00000,0.15820,0.05690,0.00000,0.00000,0.00000,0.00000,0.00000,0.04458,0.00000,0.00000,0.00000,0.00000,0.00000,0.21209,0.00000,0.00000,0.00000,0.00000,0.12966,0.05890,0.00000,0.00000,0.00000,0.00000,0.00000,0.06492,0.15566,0.00000,0.00000,0.04912,0.16792,0.00000,0.00000,0.00000,0.00000,0.00000,0.00000,0.00000,0.14581,0.03284,0.00000,0.00000,0.80259,2.44850,0.83600,0.85050,5.00000,5.00000,0,0.00000,0.80259,0.00000,0.00000,0.00000,2.54750,0.83600,0.85050
233,0.00000,0.00000,0.00000,0.00000,0.00000,0.00000,0.00000,0.00000,0.00000,0.00000,0.00000,0.00000,0.00000,0.00000,0.00000,0.00000,0.00000,0.00000,0.00000,0.00000,0.00000,0.00000,0.00000,0.00000,0.00000,0.00000,0.00000,0.00000,0.00000,0.00000,0.00000,0.00000,0.00000,0.00000,0.00000,0.00000,0.00000,0.00000,0.00000,0.00000,0.00000,0.00000,0.00000,0.00000,0.00000,0.00000,0.00000,0.00000,0.00000,0.00000,0.00000,0.00000,0.00000,0.00000,0.00000,0.00000,0.00000,0.00000,0.00000,0.00000,0.00000,0.00000,0.00000,0.00000,0.00000,0.00000,0.00000,0.02512,0.00000,0.00000,0.00000,0.06303,0.11350,0.00000,0.00000,0.04281,0.00000,0.00000,0.00000,0.01008,0.00000,0.00000,0.00000,0.00000,0.20430,0.00124,0.00000,0.00018,0.00000,0.08591,0.02182,0.00000,0.00000,0.00000,0.00000,0.00000,0.02388,0.20041,0.00000,0.00000,0.00961,0.18779,0.00000,0.00000,0.00000,0.00000,0.00000,0.00000,0.00000,0.12978,0.07417,0.00000,0.00000,0.80259,2.33550,0.81000,0.82950,0.84800,5.00000,0,0.00000,0.72307,0.00000,0.00000,0.00000,2.53150,0.81000,0.82950
234,0.00000,0.00000,0.00000,0.00000,0.00000,0.00000,0.00000,0.00000,0.00000,0.00000,0.00000,0.00000,0.00000,0.00000,0.00000,0.00000,0.00000,0.00000,0.00000,0.00000,0.00000,0.00000,0.00000,0.00000,0.00000,0.00000,0.00000,0.00000,0.00000,0.00000,0.00000,0.00000,0.00000,0.00000,0.00000,0.00000,0.00000,0.00000,0.00000,0.00000,0.00000,0.00000,0.00000,0.00000,0.00000,0.00000,0.00000,0.00000,0.00000,0.00000,0.00000,0.00000,0.00000,0.00000,0.00000,0.00000,0.00000,0.00000,0.00000,0.00000,0.00000,0.00000,0.00000,0.00000,0.00000,0.00000,0.00000,0.06828,0.00000,0.00000,0.00000,0.00183,0.16498,0.00242,0.05672,0.02170,0.00000,0.00000,0.02795,0.08066,0.00000,0.00000,0.00000,0.00000,0.16114,0.04369,0.00000,0.00000,0.00000,0.01751,0.00000,0.00000,0.00000,0.00000,0.00000,0.00000,0.00000,0.13320,0.00000,0.00000,0.00000,0.16557,0.00000,0.00000,0.00000,0.00000,0.00000,0.00000,0.00000,0.06191,0.13160,0.00000,0.00000,0.72307,2.32350,0.75100,0.95900,0.78500,5.00000,0,0.00000,0.73029,0.00000,0.00000,0.00000,2.76150,0.75100,0.78500
235,0.00000,0.00000,0.00000,0.00000,0.00000,0.00000,0.00000,0.00000,0.00000,0.00000,0.00000,0.00000,0.00000,0.00000,0.00000,0.00000,0.00000,0.00000,0.00000,0.00000,0.00000,0.00000,0.00000,0.00000,0.00000,0.00000,0.00000,0.00000,0.00000,0.00000,0.00000,0.00000,0.00000,0.00000,0.00000,0.00000,0.00000,0.00000,0.00000,0.00000,0.00000,0.00000,0.00000,0.00000,0.00000,0.00000,0.00000,0.00000,0.00000,0.00000,0.00000,0.00000,0.00000,0.00000,0.00000,0.00000,0.00000,0.00000,0.00000,0.00000,0.00000,0.00000,0.00000,0.00000,0.00000,0.00000,0.00000,0.06651,0.00000,0.00000,0.00000,0.00000,0.12081,0.00000,0.00460,0.00000,0.00000,0.00000,0.04316,0.12789,0.00000,0.00000,0.00000,0.00000,0.09074,0.12488,0.00000,0.10136,0.00000,0.00000,0.04617,0.00000,0.00000,0.00000,0.00000,0.00000,0.00000,0.13337,0.00000,0.00000,0.00000,0.00000,0.00000,0.00000,0.00000,0.00000,0.00000,0.00000,0.00000,0.00000,0.00283,0.00000,0.00000,0.73029,2.22050,0.68600,1.13150,0.72200,5.00000,0,0.64742,0.70138,0.00000,0.00000,0.00000,2.92650,0.68600,0.72200
236,0.00000,0.00000,0.00000,0.00000,0.00000,0.00000,0.00000,0.00000,0.00000,0.00000,0.00000,0.00000,0.00000,0.00000,0.00000,0.00000,0.00000,0.00000,0.00000,0.00000,0.00000,0.00000,0.00000,0.00000,0.00000,0.00000,0.00000,0.00000,0.00000,0.00000,0.00000,0.00000,0.00000,0.00000,0.00000,0.00000,0.00000,0.00000,0.00000,0.00000,0.00000,0.00000,0.00000,0.00000,0.00000,0.00000,0.00000,0.00000,0.00000,0.00000,0.00000,0.00000,0.00000,0.00000,0.00000,0.00000,0.00000,0.00000,0.00000,0.00000,0.00000,0.00000,0.00000,0.00000,0.00000,0.00000,0.00000,0.03432,0.00000,0.00000,0.00000,0.00000,0.06562,0.00000,0.00000,0.00000,0.03555,0.00000,0.01468,0.19475,0.00000,0.00000,0.00000,0.00000,0.03715,0.18308,0.02565,0.12913,0.00000,0.00000,0.20784,0.00230,0.00000,0.00000,0.00000,0.00000,0.00000,0.15195,0.06952,0.00000,0.00000,0.00000,0.01362,0.00000,0.00000,0.00000,0.00000,0.00000,0.00000,0.00000,0.12541,0.00000,0.64742,0.70138,2.07400,0.61900,1.06300,0.83300,5.00000,0,0.00000,0.70861,0.00000,0.00000,0.00000,2.02350,0.61900,0.83300
237,0.00000,0.00000,0.00000,0.00000,0.00000,0.00000,0.00000,0.00000,0.00000,0.00000,0.00000,0.00000,0.00000,0.00000,0.00000,0.00000,0.00000,0.00000,0.00000,0.00000,0.00000,0.00000,0.00000,0.00000,0.00000,0.00000,0.00000,0.00000,0.00000,0.00000,0.00000,0.00000,0.00000,0.00000,0.00000,0.00000,0.00000,0.00000,0.00000,0.00000,0.00000,0.00000,0.00000,0.00000,0.00000,0.00000,0.00000,0.00000,0.00000,0.00000,0.00000,0.00000,0.00000,0.00000,0.00000,0.00000,0.00000,0.00000,0.00000,0.00000,0.00000,0.00000,0.00000,0.00000,0.00000,0.00000,0.00000,0.00761,0.00000,0.00000,0.00000,0.00000,0.00672,0.00000,0.00000,0.00000,0.00000,0.00000,0.09729,0.09180,0.00000,0.00000,0.00000,0.00000,0.12983,0.06545,0.02241,0.08638,0.00000,0.01038,0.20914,0.00000,0.00000,0.00000,0.00000,0.00000,0.00000,0.22182,0.00000,0.02706,0.00000,0.17842,0.00713,0.00000,0.00000,0.00000,0.00000,0.00000,0.00000,0.04245,0.16733,0.00000,0.00000,0.70861,2.07950,0.56500,1.12550,0.59800,5.00000,0,0.00000,0.69415,0.00000,0.00000,0.00000,2.25450,0.56500,0.59800
238,0.00000,0.00000,0.00000,0.00000,0.00000,0.00000,0.00000,0.00000,0.00000,0.00000,0.00000,0.00000,0.00000,0.00000,0.00000,0.00000,0.00000,0.00000,0.00000,0.00000,0.00000,0.00000,0.00000,0.00000,0.00000,0.00000,0.00000,0.00000,0.00000,0.00000,0.00000,0.00000,0.00000,0.00000,0.00000,0.00000,0.00000,0.00000,0.00000,0.00000,0.00000,0.00000,0.00000,0.00000,0.00000,0.00000,0.00000,0.00000,0.00000,0.00000,0.00000,0.00000,0.00000,0.00000,0.00000,0.00000,0.00000,0.00000,0.00000,0.00000,0.00000,0.00000,0.00000,0.00000,0.00000,0.00000,0.00000,0.00000,0.00000,0.00000,0.00000,0.00147,0.00454,0.00000,0.00000,0.00000,0.00000,0.00000,0.06881,0.00000,0.00000,0.00000,0.00000,0.00218,0.18656,0.00000,0.00024,0.00596,0.00000,0.15342,0.04682,0.00000,0.00000,0.00000,0.00000,0.00000,0.09180,0.12789,0.00000,0.03697,0.05914,0.13897,0.00000,0.00000,0.00000,0.00000,0.00000,0.00000,0.00000,0.18838,0.02105,0.00000,0.00000,0.69415,0.54500,0.54900,1.08150,0.54200,5.00000,0,0.00000,0.70138,0.00000,0.00000,0.00000,1.08150,0.54500,0.54200
239,0.00000,0.00000,0.00000,0.00000,0.00000,0.00000,0.00000,0.00000,0.00000,0.00000,0.00000,0.00000,0.00000,0.00000,0.00000,0.00000,0.00000,0.00000,0.00000,0.00000,0.00000,0.00000,0.00000,0.00000,0.00000,0.00000,0.00000,0.00000,0.00000,0.00000,0.00000,0.00000,0.00000,0.00000,0.00000,0.00000,0.00000,0.00000,0.00000,0.00000,0.00000,0.00000,0.00000,0.00000,0.00000,0.00000,0.00000,0.00000,0.00000,0.00000,0.00000,0.00000,0.00000,0.00000,0.00000,0.00000,0.00000,0.00000,0.00000,0.00000,0.00000,0.00000,0.00000,0.00000,0.00000,0.00000,0.00000,0.00000,0.00000,0.00000,0.00000,0.00000,0.00000,0.00000,0.00000,0.00000,0.00000,0.01044,0.01875,0.00000,0.00000,0.00000,0.00000,0.00572,0.12818,0.00000,0.00018,0.00000,0.00000,0.17547,0.00000,0.00000,0.00000,0.00000,0.00000,0.00000,0.17972,0.04263,0.04428,0.06999,0.13939,0.06810,0.00000,0.00000,0.00000,0.00000,0.00000,0.00000,0.00000,0.20360,0.00000,0.00000,0.00000,0.70138,0.44900,0.70600,0.46600,0.46300,5.00000,0,0.00000,0.70138,0.00000,0.00000,0.00000,0.46300,0.44900,0.46400
240,0.00000,0.00000,0.00000,0.00000,0.00000,0.00000,0.00000,0.00000,0.00000,0.00000,0.00000,0.00000,0.00000,0.00000,0.00000,0.00000,0.00000,0.00000,0.00000,0.00000,0.00000,0.00000,0.00000,0.00000,0.00000,0.00000,0.00000,0.00000,0.00000,0.00000,0.00000,0.00000,0.00000,0.00000,0.00000,0.00000,0.00000,0.00000,0.00000,0.00000,0.00000,0.00000,0.00000,0.00000,0.00000,0.00000,0.00000,0.00000,0.00000,0.00000,0.00000,0.00000,0.00000,0.00000,0.00000,0.00000,0.00000,0.00000,0.00000,0.00000,0.00000,0.00000,0.00000,0.00000,0.00000,0.00000,0.00000,0.00000,0.00000,0.00000,0.00000,0.00000,0.00000,0.00000,0.00000,0.00000,0.00000,0.00725,0.00000,0.00000,0.00000,0.00000,0.00000,0.02105,0.01450,0.00000,0.00000,0.00000,0.03638,0.03526,0.00000,0.00000,0.00000,0.00000,0.00000,0.00000,0.21439,0.00000,0.00000,0.00000,0.13249,0.00000,0.00000,0.00000,0.00000,0.00000,0.00000,0.00000,0.07305,0.12807,0.00000,0.00000,0.00000,0.70138,0.40800,0.70000,0.41300,0.41000,5.00000,0,-0.30598,0.70138,0.00000,0.00000,0.00000,0.41000,0.40800,0.41800
241,0.00000,0.00000,0.00000,0.00000,0.00000,0.00000,0.00000,0.00000,0.00000,0.00000,0.00000,0.00000,0.00000,0.00000,0.00000,0.00000,0.00000,0.00000,0.00000,0.00000,0.00000,0.00000,0.00000,0.00000,0.00000,0.00000,0.00000,0.00000,0.00000,0.00000,0.00000,0.00000,0.00000,0.00000,0.00000,0.00000,0.00000,0.00000,0.00000,0.00000,0.00000,0.00000,0.00000,0.00000,0.00000,0.00000,0.00000,0.00000,0.00000,0.00000,0.00000,0.00000,0.00000,0.00000,0.00000,0.00000,0.00000,0.00000,0.00000,0.00000,0.00000,0.00000,0.00000,0.00000,0.00000,0.00000,0.00000,0.00000,0.00000,0.00000,0.00000,0.00000,0.00000,0.00000,0.00000,0.00000,0.00000,0.00000,0.00000,0.00000,0.00000,0.00000,0.00000,0.00000,0.00000,0.00000,0.00000,0.00000,0.00000,0.00000,0.00000,0.00000,0.00000,0.00000,0.00000,0.00000,0.00035,0.00000,0.00000,0.00000,0.00000,0.00000,0.00000,0.00000,0.00000,0.00000,0.00000,0.00000,0.02476,0.00371,0.01875,0.04652,-0.30598,0.70138,0.38900,0.82200,0.38800,0.38400,5.00000,0,0.00000,0.70138,0.00000,0.00000,0.00000,0.38400,0.39000,0.39600
242,0.00000,0.00000,0.00000,0.00000,0.00000,0.00000,0.00000,0.00000,0.00000,0.00000,0.00000,0.00000,0.00000,0.00000,0.00000,0.00000,0.00000,0.00000,0.00000,0.00000,0.00000,0.00000,0.00000,0.00000,0.00000,0.00000,0.00000,0.00000,0.00000,0.00000,0.00000,0.00000,0.00000,0.00000,0.00000,0.00000,0.00000,0.00000,0.00000,0.00000,0.00000,0.00000,0.00000,0.00000,0.00000,0.00000,0.00000,0.00000,0.00000,0.00000,0.00000,0.00000,0.00000,0.00000,0.00000,0.00000,0.00000,0.00000,0.00000,0.00000,0.00000,0.00000,0.00000,0.00000,0.00000,0.00000,0.00000,0.00000,0.00000,0.00000,0.00000,0.00000,0.00000,0.00000,0.00000,0.00000,0.00000,0.00000,0.00000,0.00000,0.00000,0.00000,0.00000,0.00000,0.00000,0.00000,0.00000,0.00000,0.00000,0.00000,0.00000,0.00000,0.00000,0.00000,0.00000,0.00000,0.00000,0.00000,0.00000,0.00000,0.00000,0.00000,0.00000,0.00000,0.00000,0.00000,0.00000,0.00000,0.01787,0.00000,0.00000,0.00000,0.00000,0.70138,0.33200,0.74800,0.48000,0.30900,5.00000,0,0.00000,0.70138,0.00000,0.00000,0.00000,0.30900,0.33200,5.00000
243,0.00000,0.00000,0.00000,0.00000,0.00000,0.00000,0.00000,0.00000,0.00000,0.00000,0.00000,0.00000,0.00000,0.00000,0.00000,0.00000,0.00000,0.00000,0.00000,0.00000,0.00000,0.00000,0.00000,0.00000,0.00000,0.00000,0.00000,0.00000,0.00000,0.00000,0.00000,0.00000,0.00000,0.00000,0.00000,0.00000,0.00000,0.00000,0.00000,0.00000,0.00000,0.00000,0.00000,0.00000,0.00000,0.00000,0.00000,0.00000,0.00000,0.00000,0.00000,0.00000,0.00000,0.00000,0.00000,0.00000,0.00000,0.00000,0.00000,0.00000,0.00000,0.00000,0.00000,0.00000,0.00000,0.00000,0.00000,0.00000,0.00000,0.00000,0.00000,0.00000,0.00000,0.00000,0.00000,0.00000,0.00000,0.00000,0.00000,0.00000,0.00000,0.00000,0.00000,0.00000,0.00000,0.00000,0.00000,0.00000,0.00000,0.00000,0.00000,0.00000,0.00000,0.00000,0.00000,0.00000,0.00000,0.00000,0.00000,0.00000,0.00000,0.00000,0.00000,0.00000,0.00000,0.00000,0.00000,0.00000,0.00000,0.00000,0.00000,0.00000,0.00000,0.70138,0.31200,0.72500,0.44900,0.28900,5.00000,0,-0.59765,0.70138,0.00000,0.00000,0.00000,0.28900,0.31200,0.29000
244,0.00000,0.00000,0.00000,0.00000,0.00000,0.00000,0.00000,0.00000,0.00000,0.00000,0.00000,0.00000,0.00000,0.00000,0.00000,0.00000,0.00000,0.00000,0.00000,0.00000,0.00000,0.00000,0.00000,0.00000,0.00000,0.00000,0.00000,0.00000,0.00000,0.00000,0.00000,0.00000,0.00000,0.00000,0.00000,0.00000,0.00000,0.00000,0.00000,0.00000,0.00000,0.00000,0.00000,0.00000,0.00000,0.00000,0.00000,0.00000,0.00000,0.00000,0.00000,0.00000,0.00000,0.00000,0.00000,0.00000,0.00000,0.00000,0.00000,0.00000,0.00000,0.00000,0.00000,0.00000,0.00000,0.00000,0.00000,0.00000,0.00000,0.00000,0.00000,0.00000,0.00000,0.00000,0.00000,0.00000,0.00000,0.00000,0.00000,0.00000,0.00000,0.00000,0.00000,0.00000,0.00000,0.00000,0.00890,0.00914,0.00000,0.00000,0.00000,0.00000,0.00000,0.00000,0.00000,0.00000,0.00000,0.00000,0.00000,0.00000,0.00000,0.00000,0.00000,0.00000,0.00000,0.00000,0.00000,0.00596,0.00660,0.00000,0.00000,0.00000,-0.59765,0.70138,0.37300,0.67700,0.96400,0.24000,0.25850,0,0.00000,0.70138,0.00000,0.00000,0.00000,0.39700,0.37300,0.24000
245,0.00000,0.00000,0.00000,0.00000,0.00000,0.00000,0.00000,0.00000,0.00000,0.00000,0.00000,0.00000,0.00000,0.00000,0.00000,0.00000,0.00000,0.00000,0.00000,0.00000,0.00000,0.00000,0.00000,0.00000,0.00000,0.00000,0.00000,0.00000,0.00000,0.00000,0.00000,0.00000,0.00000,0.00000,0.00000,0.00000,0.00000,0.00000,0.00000,0.00000,0.00000,0.00000,0.00000,0.00000,0.00000,0.00000,0.00000,0.00000,0.00000,0.00000,0.00000,0.00000,0.00000,0.00000,0.00000,0.00000,0.00000,0.00000,0.00000,0.00000,0.00000,0.00000,0.00000,0.00000,0.00000,0.00000,0.00000,0.00000,0.00000,0.00000,0.00000,0.00000,0.00000,0.00000,0.00000,0.00000,0.00000,0.00000,0.00000,0.00000,0.00000,0.00000,0.00000,0.00000,0.00000,0.00000,0.00000,0.00000,0.00000,0.00000,0.00000,0.00000,0.00000,0.00000,0.00000,0.00000,0.00000,0.00000,0.00000,0.00000,0.00000,0.00053,0.00000,0.00000,0.00000,0.00000,0.00000,0.00000,0.00000,0.00000,0.03803,0.00000,0.00000,0.70138,0.28200,0.55200,1.22750,0.29900,0.16200,0,0.00000,0.70138,0.00000,0.00000,0.00000,2.10250,0.28200,0.16200
246,0.00000,0.00000,0.00000,0.00000,0.00000,0.00000,0.00000,0.00000,0.00000,0.00000,0.00000,0.00000,0.00000,0.00000,0.00000,0.00000,0.00000,0.00000,0.00000,0.00000,0.00000,0.00000,0.00000,0.00000,0.00000,0.00000,0.00000,0.00000,0.00000,0.00000,0.00000,0.00000,0.00000,0.00000,0.00000,0.00000,0.00000,0.00000,0.00000,0.00000,0.00000,0.00000,0.00000,0.00000,0.00000,0.00000,0.00000,0.00000,0.00000,0.00000,0.00000,0.00000,0.00000,0.00000,0.00000,0.00000,0.00000,0.00000,0.00000,0.00000,0.00000,0.00000,0.00000,0.00000,0.00000,0.00000,0.00000,0.00000,0.00000,0.00000,0.00000,0.00000,0.00000,0.00000,0.00000,0.00000,0.00000,0.00000,0.00000,0.00000,0.00000,0.00000,0.00000,0.00000,0.00000,0.00000,0.00000,0.00000,0.00000,0.00000,0.00000,0.00000,0.00000,0.00000,0.00000,0.00000,0.00000,0.00000,0.03107,0.06869,0.00000,0.00000,0.00000,0.00000,0.00000,0.00000,0.00000,0.00000,0.00000,0.06663,0.02925,0.00000,0.00000,0.70138,0.23050,0.46600,0.99450,0.38900,0.22500,0,0.00000,0.70138,0.00000,0.00000,0.00000,1.44850,0.23050,0.22500
247,0.00000,0.00000,0.00000,0.00000,0.00000,0.00000,0.00000,0.00000,0.00000,0.00000,0.00000,0.00000,0.00000,0.00000,0.00000,0.00000,0.00000,0.00000,0.00000,0.00000,0.00000,0.00000,0.00000,0.00000,0.00000,0.00000,0.00000,0.00000,0.00000,0.00000,0.00000,0.00000,0.00000,0.00000,0.00000,0.00000,0.00000,0.00000,0.00000,0.00000,0.00000,0.00000,0.00000,0.00000,0.00000,0.00000,0.00000,0.00000,0.00000,0.00000,0.00000,0.00000,0.00000,0.00000,0.00000,0.00000,0.00000,0.00000,0.00000,0.00000,0.00000,0.00000,0.00000,0.00000,0.00000,0.00000,0.00000,0.00000,0.00000,0.00000,0.00000,0.00000,0.00000,0.00000,0.00000,0.00000,0.00171,0.01350,0.00000,0.00000,0.00000,0.00000,0.00000,0.00000,0.00000,0.00124,0.00000,0.00000,0.00000,0.09564,0.01191,0.00000,0.00000,0.00000,0.00000,0.00000,0.00000,0.01450,0.00000,0.00000,0.00000,0.00112,0.02170,0.00000,0.00000,0.00000,0.00000,0.00000,0.00000,0.00000,0.00000,0.00000,0.00000,0.70138,0.26000,0.40900,0.72800,0.51900,0.20000,0,0.90000,0.70138,0.00000,0.00000,0.00000,1.12900,0.26000,0.20000
248,0.00000,0.00000,0.00000,0.00000,0.00000,0.00000,0.00000,0.00000,0.00000,0.00000,0.00000,0.00000,0.00000,0.00000,0.00000,0.00000,0.00000,0.00000,0.00000,0.00000,0.00000,0.00000,0.00000,0.00000,0.00000,0.00000,0.00000,0.00000,0.00000,0.00000,0.00000,0.00000,0.00000,0.00000,0.00000,0.00000,0.00000,0.00000,0.00000,0.00000,0.00000,0.00000,0.00000,0.00000,0.00000,0.00000,0.00000,0.00000,0.00000,0.00000,0.00000,0.00000,0.00000,0.00000,0.00000,0.00000,0.00000,0.00000,0.00000,0.00000,0.00000,0.00000,0.00000,0.00000,0.00000,0.00000,0.00000,0.00000,0.00000,0.00000,0.00000,0.00000,0.00000,0.00000,0.00000,0.00000,0.00000,0.00000,0.00000,0.00000,0.00000,0.00000,0.00000,0.00000,0.00000,0.00000,0.00000,0.00018,0.01486,0.00000,0.00000,0.00000,0.00000,0.00000,0.00000,0.00000,0.00000,0.00000,0.03892,0.12258,0.00336,0.05236,0.00000,0.00000,0.00000,0.00000,0.00000,0.00000,0.00000,0.00000,0.00654,0.00000,0.90000,0.70138,0.21400,0.35600,0.87350,0.63200,0.28700,0,0.00000,0.67969,0.00000,0.00000,0.00000,0.89050,0.21400,0.28700
249,0.00000,0.00000,0.00000,0.00000,0.00000,0.00000,0.00000,0.00000,0.00000,0.00000,0.00000,0.00000,0.00000,0.00000,0.00000,0.00000,0.00000,0.00000,0.00000,0.00000,0.00000,0.00000,0.00000,0.00000,0.00000,0.00000,0.00000,0.00000,0.00000,0.00000,0.00000,0.00000,0.00000,0.00000,0.00000,0.00000,0.00000,0.00000,0.00000,0.00000,0.00000,0.00000,0.00000,0.00000,0.00000,0.00000,0.00000,0.00000,0.00000,0.00000,0.00000,0.00000,0.00000,0.00000,0.00000,0.00000,0.00000,0.00000,0.00000,0.00000,0.00000,0.00000,0.00000,0.00000,0.00000,0.00000,0.00000,0.00000,0.00000,0.00000,0.00000,0.00000,0.00000,0.00000,0.00000,0.00000,0.00000,0.00000,0.00000,0.00000,0.00000,0.00000,0.00000,0.00000,0.00000,0.00000,0.00000,0.00000,0.00000,0.00000,0.00000,0.00000,0.00000,0.00000,0.00000,0.00000,0.00000,0.00000,0.00000,0.00000,0.00000,0.00000,0.00000,0.00000,0.00000,0.00000,0.00000,0.00000,0.00000,0.00000,0.00000,0.15548,0.00000,0.67969,0.30800,0.46500,1.34650,0.41350,0.25800,0,0.00000,0.69415,0.00000,0.00000,0.00000,1.89750,0.30800,0.25800
250,0.00000,0.00000,0.00000,0.00000,0.00000,0.00000,0.00000,0.00000,0.00000,0.00000,0.00000,0.00000,0.00000,0.00000,0.00000,0.00000,0.00000,0.00000,0.00000,0.00000,0.00000,0.00000,0.00000,0.00000,0.00000,0.00000,0.00000,0.00000,0.00000,0.00000,0.00000,0.00000,0.00000,0.00000,0.00000,0.00000,0.00000,0.00000,0.00000,0.00000,0.00000,0.00000,0.00000,0.00000,0.00000,0.00000,0.00000,0.00000,0.00000,0.00000,0.00000,0.00000,0.00000,0.00000,0.00000,0.00000,0.00000,0.00000,0.00000,0.00000,0.00000,0.00000,0.00000,0.00000,0.00000,0.00000,0.00000,0.00000,0.00000,0.00000,0.00000,0.00000,0.00000,0.00000,0.00000,0.00000,0.00000,0.00000,0.00000,0.00000,0.00000,0.00000,0.00000,0.00000,0.00000,0.00000,0.00000,0.00000,0.00000,0.00000,0.00000,0.00000,0.00000,0.00000,0.00000,0.00000,0.00000,0.00000,0.00000,0.00000,0.00000,0.05855,0.00212,0.00000,0.00000,0.00000,0.00000,0.00000,0.00000,0.00000,0.00000,0.03361,0.00000,0.69415,0.28900,0.45900,1.11550,0.38750,0.23600,0,0.00000,0.65077,0.00000,0.00000,0.00000,1.50150,0.28900,0.23600
251,0.00000,0.00000,0.00000,0.00000,0.00000,0.00000,0.00000,0.00000,0.00000,0.00000,0.00000,0.00000,0.00000,0.00000,0.00000,0.00000,0.00000,0.00000,0.00000,0.00000,0.00000,0.00000,0.00000,0.00000,0.00000,0.00000,0.00000,0.00000,0.00000,0.00000,0.00000,0.00000,0.00000,0.00000,0.00000,0.00000,0.00000,0.00000,0.00000,0.00000,0.00000,0.00000,0.00000,0.00000,0.00000,0.00000,0.00000,0.00000,0.00000,0.00000,0.00000,0.00000,0.00000,0.00000,0.00000,0.00000,0.00000,0.00000,0.00000,0.00000,0.00000,0.00000,0.00000,0.00000,0.00000,0.00000,0.00000,0.00000,0.00000,0.00000,0.00000,0.00000,0.00000,0.00000,0.00000,0.00000,0.00000,0.00000,0.00000,0.00000,0.00000,0.00000,0.00000,0.00000,0.00000,0.02246,0.02176,0.00000,0.00000,0.00000,0.00000,0.00000,0.00000,0.00000,0.00000,0.00000,0.00000,0.03679,0.00000,0.00000,0.00000,0.00000,0.00000,0.00000,0.00000,0.00000,0.00000,0.00000,0.00000,0.00000,0.00000,0.00000,0.00000,0.65077,0.25300,0.53000,0.89700,0.34100,0.20300,0,0.00000,0.65800,0.00000,0.00000,0.00000,1.44350,0.25300,0.20300
252,0.00000,0.00000,0.00000,0.00000,0.00000,0.00000,0.00000,0.00000,0.00000,0.00000,0.00000,0.00000,0.00000,0.00000,0.00000,0.00000,0.00000,0.00000,0.00000,0.00000,0.00000,0.00000,0.00000,0.00000,0.00000,0.00000,0.00000,0.00000,0.00000,0.00000,0.00000,0.00000,0.00000,0.00000,0.00000,0.00000,0.00000,0.00000,0.00000,0.00000,0.00000,0.00000,0.00000,0.00000,0.00000,0.00000,0.00000,0.00000,0.00000,0.00000,0.00000,0.00000,0.00000,0.00000,0.00000,0.00000,0.00000,0.00000,0.00000,0.00000,0.00000,0.00000,0.00000,0.00000,0.00000,0.00000,0.00000,0.00000,0.00000,0.00000,0.00000,0.00000,0.00000,0.00000,0.00000,0.00000,0.00000,0.00000,0.00000,0.00000,0.00000,0.00000,0.00000,0.00000,0.00000,0.00000,0.00106,0.00000,0.00000,0.00000,0.00000,0.00000,0.00000,0.00000,0.00000,0.00000,0.00000,0.00513,0.00849,0.00000,0.00000,0.00000,0.00000,0.00000,0.00000,0.00000,0.00000,0.00000,0.00000,0.00000,0.00796,0.00000,0.00000,0.65800,0.32800,0.66600,0.80050,0.44600,0.26300,0,0.00000,0.00000,0.00000,0.00000,0.00000,1.01050,0.32800,0.26300
253,0.00000,0.00000,0.00000,0.00000,0.00000,0.00000,0.00000,0.00000,0.00000,0.00000,0.00000,0.00000,0.00000,0.00000,0.00000,0.00000,0.00000,0.00000,0.00000,0.00000,0.00000,0.00000,0.00000,0.00000,0.00000,0.00000,0.00000,0.00000,0.00000,0.00000,0.00000,0.00000,0.00000,0.00000,0.00000,0.00000,0.00000,0.00000,0.00000,0.00000,0.00000,0.00000,0.00000,0.00000,0.00000,0.00000,0.00000,0.00000,0.00000,0.00000,0.00000,0.00000,0.00000,0.00000,0.00000,0.00000,0.00000,0.00000,0.00000,0.00000,0.00000,0.00000,0.00000,0.00000,0.00000,0.00000,0.00000,0.00000,0.00000,0.00000,0.00000,0.00000,0.00000,0.00000,0.00000,0.00000,0.00000,0.00000,0.00000,0.00000,0.00000,0.00000,0.00000,0.00000,0.00000,0.00000,0.00000,0.00000,0.04599,0.00000,0.00000,0.00000,0.00000,0.00000,0.00000,0.00000,0.00000,0.00000,0.00000,0.00000,0.00000,0.00000,0.00000,0.00000,0.00000,0.00000,0.00000,0.00000,0.00000,0.00000,0.02936,0.17264,0.00000,0.00000,0.30600,0.64700,0.76900,0.39800,0.23150,0,0.00000,0.00000,0.00000,0.00000,0.00000,0.95150,0.30600,0.23150
254,0.00000,0.00000,0.00000,0.00000,0.00000,0.00000,0.00000,0.00000,0.00000,0.00000,0.00000,0.00000,0.00000,0.00000,0.00000,0.00000,0.00000,0.00000,0.00000,0.00000,0.00000,0.00000,0.00000,0.00000,0.00000,0.00000,0.00000,0.00000,0.00000,0.00000,0.00000,0.00000,0.00000,0.00000,0.00000,0.00000,0.00000,0.00000,0.00000,0.00000,0.00000,0.00000,0.00000,0.00000,0.00000,0.00000,0.00000,0.00000,0.00000,0.00000,0.00000,0.00000,0.00000,0.00000,0.00000,0.00000,0.00000,0.00000,0.00000,0.00000,0.00000,0.00000,0.00000,0.00000,0.00000,0.00000,0.00000,0.00000,0.00000,0.00000,0.00000,0.00000,0.00000,0.00000,0.00000,0.00000,0.00000,0.00000,0.00000,0.00000,0.00000,0.00000,0.00000,0.00000,0.00000,0.00000,0.00000,0.00000,0.00000,0.00000,0.00000,0.00000,0.00000,0.00000,0.00000,0.00000,0.00000,0.00000,0.00000,0.00000,0.00000,0.00000,0.00000,0.00000,0.00000,0.00000,0.00000,0.00000,0.00000,0.00000,0.00000,0.13443,0.00000,0.00000,0.30600,0.64800,0.75800,0.39100,0.22850,0,0.00000,0.00000,0.00000,0.00000,0.00000,0.94500,0.30600,0.22850
255,0.00000,0.00000,0.00000,0.00000,0.00000,0.00000,0.00000,0.00000,0.00000,0.00000,0.00000,0.00000,0.00000,0.00000,0.00000,0.00000,0.00000,0.00000,0.00000,0.00000,0.00000,0.00000,0.00000,0.00000,0.00000,0.00000,0.00000,0.00000,0.00000,0.00000,0.00000,0.00000,0.00000,0.00000,0.00000,0.00000,0.00000,0.00000,0.00000,0.00000,0.00000,0.00000,0.00000,0.00000,0.00000,0.00000,0.00000,0.00000,0.00000,0.00000,0.00000,0.00000,0.00000,0.00000,0.00000,0.00000,0.00000,0.00000,0.00000,0.00000,0.00000,0.00000,0.00000,0.00000,0.00000,0.00000,0.00000,0.00000,0.00000,0.00000,0.00000,0.00000,0.00000,0.00000,0.00000,0.00000,0.00000,0.00000,0.00000,0.00000,0.00000,0.00000,0.00000,0.00000,0.00000,0.00000,0.00000,0.00000,0.00000,0.00000,0.00000,0.00000,0.00000,0.00000,0.00000,0.00000,0.00000,0.00000,0.00000,0.00000,0.00000,0.00000,0.00000,0.00000,0.00000,0.00000,0.00000,0.00000,0.00000,0.00000,0.00000,0.13797,0.00000,0.00000,0.30600,0.64800,0.76200,0.39400,0.22550,0,0.00000,0.00000,0.00000,0.00000,0.00000,0.94550,0.30600,0.22550
256,0.00000,0.00000,0.00000,0.00000,0.00000,0.00000,0.00000,0.00000,0.00000,0.00000,0.00000,0.00000,0.00000,0.00000,0.00000,0.00000,0.00000,0.00000,0.00000,0.00000,0.00000,0.00000,0.00000,0.00000,0.00000,0.00000,0.00000,0.00000,0.00000,0.00000,0.00000,0.00000,0.00000,0.00000,0.00000,0.00000,0.00000,0.00000,0.00000,0.00000,0.00000,0.00000,0.00000,0.00000,0.00000,0.00000,0.00000,0.00000,0.00000,0.00000,0.00000,0.00000,0.00000,0.00000,0.00000,0.00601,0.00000,0.00000,0.04027,0.07011,0.00000,0.00000,0.00000,0.00000,0.00000,0.00000,0.08084,0.04617,0.00000,0.00000,0.00000,0.19228,0.00000,0.00000,0.00000,0.00000,0.00000,0.03791,0.17435,0.00000,0.00000,0.00000,0.00000,0.08190,0.12223,0.00000,0.00000,0.00000,0.00430,0.22246,0.00000,0.00000,0.00000,0.00000,0.00000,0.00000,0.16592,0.00000,0.00000,0.00000,0.21108,0.01250,0.00000,0.00000,0.00000,0.00000,0.00000,0.00000,0.06704,0.02547,0.00000,0.00000,0.00000,0.00000,3.13300,2.24400,1.62900,2.32600,5.00000,0,0.00000,0.00000,0.00000,0.00000,0.00000,1.65500,1.62900,2.28400
257,0.00000,0.00000,0.00000,0.00000,0.00000,0.00000,0.00000,0.00000,0.00000,0.00000,0.00000,0.00000,0.00000,0.00000,0.00000,0.00000,0.00000,0.00000,0.00000,0.00000,0.00000,0.00000,0.00000,0.00000,0.00000,0.00000,0.00000,0.00000,0.00000,0.00000,0.00000,0.00000,0.00000,0.00000,0.00000,0.00000,0.00000,0.00000,0.00000,0.00000,0.00000,0.00000,0.00000,0.00000,0.00000,0.00000,0.00000,0.00000,0.00000,0.00000,0.00000,0.00000,0.00000,0.00000,0.00000,0.00584,0.00000,0.00000,0.01108,0.06321,0.00000,0.00000,0.00000,0.00000,0.00000,0.00000,0.07836,0.04458,0.00000,0.00000,0.00000,0.20236,0.00000,0.00000,0.00000,0.00000,0.00000,0.03844,0.17647,0.00000,0.00000,0.00000,0.00000,0.07848,0.12989,0.00000,0.00000,0.00000,0.00483,0.22246,0.00000,0.00000,0.00000,0.00000,0.00000,0.00000,0.18856,0.00000,0.00000,0.00000,0.21002,0.01232,0.00000,0.00000,0.00000,0.00000,0.00000,0.00000,0.05837,0.02883,0.00000,0.00000,0.00000,0.00000,3.11800,2.24450,1.63000,3.46450,5.00000,0,0.00000,0.00000,0.00000,0.00000,0.00000,1.64500,1.63000,2.28800
258,0.00000,0.00000,0.00000,0.00000,0.00000,0.00000,0.00000,0.00000,0.00000,0.00000,0.00000,0.00000,0.00000,0.00000,0.00000,0.00000,0.00000,0.00000,0.00000,0.00000,0.00000,0.00000,0.00000,0.00000,0.00000,0.00000,0.00000,0.00000,0.00000,0.00000,0.00000,0.00000,0.00000,0.00000,0.00000,0.00000,0.00000,0.00000,0.00000,0.00000,0.00000,0.00000,0.00000,0.00000,0.00000,0.00000,0.00000,0.00000,0.00000,0.00000,0.00000,0.00000,0.00000,0.00000,0.00000,0.00212,0.00000,0.00000,0.04316,0.07288,0.00000,0.00000,0.00000,0.00000,0.00000,0.00000,0.07978,0.04015,0.00000,0.00000,0.00000,0.20130,0.00000,0.00000,0.00000,0.00053,0.00000,0.03868,0.17588,0.00000,0.00000,0.00000,0.00000,0.08608,0.11787,0.00000,0.00000,0.00000,0.00448,0.22300,0.00000,0.00000,0.00000,0.00000,0.00000,0.00000,0.19157,0.00000,0.00000,0.00000,0.21285,0.01338,0.00000,0.00000,0.00000,0.00000,0.00000,0.00000,0.04033,0.04652,0.00000,0.00000,0.00000,0.00000,3.14500,2.24650,1.62900,3.48550,5.00000,0,0.00000,0.00000,0.00000,0.00000,0.00000,1.65000,1.62900,2.28000
259,0.00000,0.00000,0.00000,0.00000,0.00000,0.00000,0.00000,0.00000,0.00000,0.00000,0.00000,0.00000,0.00000,0.00000,0.00000,0.00000,0.00000,0.00000,0.00000,0.00000,0.00000,0.00000,0.00000,0.00000,0.00000,0.00000,0.00000,0.00000,0.00000,0.00000,0.00000,0.00000,0.00000,0.00000,0.00000,0.00000,0.00000,0.00000,0.00000,0.00000,0.00000,0.00000,0.00000,0.00000,0.00000,0.00000,0.00000,0.00000,0.00000,0.00000,0.00000,0.00000,0.00000,0.00000,0.00000,0.00548,0.00000,0.00000,0.04605,0.07706,0.00000,0.00000,0.00000,0.00000,0.00000,0.00000,0.08331,0.04900,0.00000,0.00000,0.00000,0.20006,0.00000,0.00000,0.00000,0.00000,0.00000,0.03915,0.17506,0.00000,0.00000,0.00000,0.00000,0.07913,0.12942,0.00000,0.00000,0.00000,0.00531,0.22288,0.00000,0.00000,0.00000,0.00000,0.00000,0.00000,0.17140,0.00000,0.00000,0.00000,0.21179,0.01232,0.00000,0.00000,0.00000,0.00000,0.00000,0.00000,0.05625,0.02388,0.00000,0.00000,0.00000,0.00000,3.12500,2.24550,1.63000,3.51050,5.00000,0,0.00000,0.00000,0.00000,0.00000,0.00000,1.64600,1.63000,2.28100
260,0.00000,0.00000,0.00000,0.00000,0.00000,0.00000,0.00000,0.00000,0.00000,0.00000,0.00000,0.00000,0.00000,0.00000,0.00000,0.00000,0.00000,0.00000,0.00000,0.00000,0.00000,0.00000,0.00000,0.00000,0.00000,0.00000,0.00000,0.00000,0.00000,0.00000,0.00000,0.00000,0.00000,0.00000,0.00000,0.00000,0.00000,0.00000,0.00000,0.00000,0.00000,0.00000,0.00000,0.00000,0.00000,0.00000,0.00000,0.00000,0.00000,0.00000,0.00000,0.00000,0.00000,0.00000,0.00000,0.00814,0.00000,0.00000,0.00189,0.04888,0.00000,0.00000,0.00000,0.00000,0.00000,0.00000,0.08420,0.04458,0.00000,0.00000,0.00000,0.18396,0.00000,0.00000,0.00000,0.00035,0.00000,0.03862,0.17417,0.00000,0.00000,0.00000,0.00000,0.07765,0.12541,0.00000,0.00000,0.00000,0.00513,0.22305,0.00000,0.00000,0.00000,0.00000,0.00000,0.00000,0.19935,0.00000,0.00000,0.00000,0.21002,0.01232,0.00000,0.00000,0.00000,0.00000,0.00000,0.00000,0.06969,0.06474,0.00000,0.00000,0.00000,0.00000,3.16400,2.24650,1.63050,3.48050,5.00000,0,0.00000,0.00000,0.00000,0.00000,0.00000,1.64700,1.63050,2.28600
261,0.00000,0.00000,0.00000,0.00000,0.00000,0.00000,0.00000,0.00000,0.00000,0.00000,0.00000,0.00000,0.00000,0.00000,0.00000,0.00000,0.00000,0.00000,0.00000,0.00000,0.00000,0.00000,0.00000,0.00000,0.00000,0.00000,0.00000,0.00000,0.00000,0.00000,0.00000,0.00000,0.00000,0.00000,0.00000,0.00000,0.00000,0.00000,0.00000,0.00000,0.00000,0.00000,0.00000,0.00000,0.00000,0.00000,0.00124,0.00000,0.00000,0.00000,0.00000,0.00000,0.00000,0.00000,0.00000,0.00548,0.00000,0.00000,0.00637,0.05873,0.00000,0.00000,0.00000,0.00000,0.00000,0.00000,0.07606,0.05377,0.00000,0.00000,0.00000,0.20961,0.00000,0.00000,0.00000,0.00000,0.00000,0.03862,0.17488,0.00000,0.00000,0.00000,0.00000,0.08084,0.13125,0.00000,0.00000,0.00000,0.00466,0.22317,0.00000,0.00000,0.00000,0.00000,0.00000,0.00000,0.18909,0.00000,0.00000,0.00000,0.21091,0.01250,0.00000,0.00000,0.00000,0.00000,0.00000,0.00000,0.05590,0.04917,0.00000,0.00000,0.00000,0.00000,3.15300,2.24300,1.62900,3.50850,5.00000,0,0.00000,0.00000,0.00000,0.00000,0.00000,1.65600,1.62900,2.28200
262,0.00000,0.00000,0.00000,0.00000,0.00000,0.00000,0.00000,0.00000,0.00000,0.00000,0.00000,0.00000,0.00000,0.00000,0.00000,0.00000,0.00000,0.00000,0.00000,0.00000,0.00000,0.00000,0.00000,0.00000,0.00000,0.00000,0.00000,0.00000,0.00000,0.00000,0.00000,0.00000,0.00000,0.00000,0.00000,0.00000,0.00000,0.00000,0.00000,0.00000,0.00000,0.00000,0.00000,0.00000,0.00000,0.00000,0.00000,0.00000,0.00000,0.00000,0.00000,0.00000,0.00000,0.00000,0.00000,0.00672,0.00000,0.00000,0.00537,0.06026,0.00000,0.00000,0.00000,0.00000,0.00000,0.00000,0.07889,0.03874,0.00000,0.00000,0.00000,0.20395,0.00000,0.00000,0.00000,0.00000,0.00000,0.03827,0.17364,0.00000,0.00000,0.00000,0.00000,0.07606,0.11798,0.00000,0.00000,0.00000,0.00495,0.22288,0.00000,0.00000,0.00000,0.00000,0.00000,0.00000,0.16362,0.00000,0.00000,0.00000,0.20914,0.01232,0.00000,0.00000,0.00000,0.00000,0.00000,0.00000,0.04599,0.00354,0.00000,0.00000,0.00000,0.00000,3.13600,2.24250,1.62800,3.50050,5.00000,0,0.00000,0.88212,0.00000,0.00000,0.00000,1.64700,1.62800,2.28850
263,0.00000,0.00000,0.00000,0.00000,0.00000,0.00000,0.00000,0.00000,0.00000,0.00000,0.00000,0.00000,0.00000,0.00000,0.00000,0.00000,0.00000,0.00000,0.00000,0.00000,0.00000,0.00000,0.00000,0.00000,0.00000,0.00000,0.00000,0.00000,0.00000,0.00000,0.00000,0.00000,0.00000,0.00000,0.00000,0.00000,0.00000,0.00000,0.00000,0.00000,0.00000,0.00000,0.00000,0.00000,0.00000,0.00000,0.00000,0.00000,0.00000,0.00000,0.00000,0.00000,0.00000,0.00000,0.00000,0.00708,0.00000,0.00000,0.00000,0.04192,0.00000,0.00000,0.00000,0.00000,0.00000,0.00000,0.07588,0.04599,0.00000,0.00000,0.00000,0.19493,0.00000,0.00000,0.00000,0.00000,0.00000,0.03897,0.17488,0.00000,0.00000,0.00000,0.00000,0.07453,0.13208,0.00000,0.00000,0.00000,0.00478,0.22252,0.00000,0.00000,0.00000,0.00000,0.00000,0.00000,0.15566,0.00000,0.00000,0.00000,0.21108,0.01232,0.00000,0.00000,0.00000,0.00000,0.00000,0.00000,0.06297,0.02494,0.00000,0.00000,0.00000,0.88212,3.17600,2.24400,1.62900,2.33800,5.00000,0,0.00000,0.76644,0.00000,0.00000,0.00000,1.65100,1.62900,2.28600
264,0.00000,0.00000,0.00000,0.00000,0.00000,0.00000,0.00000,0.00000,0.00000,0.00000,0.00000,0.00000,0.00000,0.00000,0.00000,0.00000,0.00000,0.00000,0.00000,0.00000,0.00000,0.00000,0.00000,0.00000,0.00000,0.00000,0.00000,0.00000,0.00000,0.00000,0.00000,0.00000,0.00000,0.00000,0.00000,0.00000,0.00000,0.00000,0.00000,0.00000,0.00000,0.00000,0.00000,0.00000,0.00000,0.00000,0.00000,0.00000,0.00000,0.00000,0.00000,0.00000,0.00000,0.00000,0.00000,0.00177,0.00000,0.00000,0.09605,0.04917,0.00000,0.00000,0.00000,0.00000,0.00000,0.00000,0.06563,0.05377,0.00000,0.00000,0.00000,0.20979,0.00000,0.00000,0.00000,0.00619,0.00000,0.01993,0.18880,0.00000,0.00000,0.00000,0.00000,0.10407,0.10466,0.00000,0.00000,0.00000,0.00100,0.22836,0.00041,0.00000,0.00000,0.00000,0.00000,0.00000,0.20448,0.00000,0.00000,0.00000,0.20938,0.02429,0.00000,0.00000,0.00000,0.00000,0.00000,0.00000,0.03838,0.02883,0.00000,0.00000,0.00000,0.76644,3.80450,2.21700,1.60200,5.00000,5.00000,0,0.00000,0.54230,0.00000,0.00000,0.00000,1.62500,1.60200,2.28600
265,0.00000,0.00000,0.00000,0.00000,0.00000,0.00000,0.00000,0.00000,0.00000,0.00000,0.00000,0.00000,0.00000,0.00000,0.00000,0.00000,0.00000,0.00000,0.00000,0.00000,0.00000,0.00000,0.00000,0.00000,0.00000,0.00000,0.00000,0.00000,0.00000,0.00000,0.00000,0.00000,0.00000,0.00000,0.00000,0.00000,0.00000,0.00000,0.00000,0.00000,0.00000,0.00000,0.00000,0.00000,0.00000,0.00000,0.00000,0.00000,0.00000,0.00000,0.00000,0.00000,0.00000,0.00000,0.00000,0.00000,0.00000,0.00000,0.10554,0.01138,0.00000,0.00000,0.00000,0.00000,0.00000,0.00000,0.07712,0.06226,0.00000,0.00000,0.00607,0.20088,0.00000,0.00000,0.00000,0.03697,0.00000,0.04965,0.17022,0.00000,0.00000,0.00000,0.00000,0.15065,0.03862,0.00000,0.00000,0.00000,0.01663,0.21103,0.00000,0.00000,0.00000,0.00000,0.00000,0.00006,0.18673,0.00000,0.00000,0.00000,0.21338,0.00206,0.00000,0.00000,0.00000,0.00000,0.00000,0.00000,0.02883,0.00000,0.00000,0.00000,0.00000,0.54230,3.37400,1.54500,1.55500,5.00000,5.00000,0,0.00000,0.44109,0.00000,0.00000,0.00000,1.56900,1.54500,2.24650
266,0.00000,0.00000,0.00000,0.00000,0.00000,0.00000,0.00000,0.00000,0.00000,0.00000,0.00000,0.00000,0.00000,0.00000,0.00000,0.00000,0.00000,0.00000,0.00000,0.00000,0.00000,0.00000,0.00000,0.00000,0.00000,0.00000,0.00000,0.00000,0.00000,0.00000,0.00000,0.00000,0.00000,0.00000,0.00000,0.00000,0.00000,0.00000,0.00000,0.00000,0.00000,0.00000,0.00000,0.00000,0.00000,0.00000,0.00000,0.00000,0.00000,0.00000,0.00000,0.00000,0.00000,0.00000,0.00000,0.00000,0.00000,0.00000,0.15867,0.00000,0.00000,0.00000,0.00000,0.00000,0.00000,0.00000,0.09163,0.00265,0.00000,0.00000,0.02948,0.16686,0.00000,0.00000,0.00000,0.06244,0.00000,0.08768,0.07170,0.00000,0.00000,0.00000,0.00000,0.17300,0.01203,0.00000,0.00000,0.00000,0.06138,0.16574,0.00000,0.00000,0.00000,0.00000,0.00000,0.01061,0.18909,0.00000,0.00000,0.00000,0.18608,0.00000,0.00000,0.00000,0.00000,0.00000,0.00000,0.00000,0.05784,0.00018,0.00000,0.00000,0.00000,0.44109,3.19000,0.15450,1.52800,5.00000,5.00000,0,0.00000,0.57122,0.00000,0.00000,0.00000,0.15450,1.52100,2.20950
267,0.00000,0.00000,0.00000,0.00000,0.00000,0.00000,0.00000,0.00000,0.00000,0.00000,0.00000,0.00000,0.00000,0.00000,0.00000,0.00000,0.00000,0.00000,0.00000,0.00000,0.00000,0.00000,0.00000,0.00000,0.00000,0.00000,0.00000,0.00000,0.00000,0.00000,0.00000,0.00000,0.00000,0.00000,0.00000,0.00000,0.00000,0.00000,0.00000,0.00000,0.00000,0.00000,0.00000,0.00000,0.00000,0.00000,0.00000,0.00000,0.00000,0.00000,0.00000,0.00000,0.00000,0.00000,0.00000,0.00000,0.00000,0.00000,0.08208,0.00000,0.00000,0.00000,0.00000,0.00000,0.00000,0.00000,0.02830,0.00000,0.00000,0.00000,0.06958,0.12871,0.00000,0.00000,0.00000,0.05024,0.00000,0.10130,0.03597,0.00000,0.00000,0.00000,0.00000,0.09693,0.00000,0.00000,0.00000,0.00000,0.10147,0.07311,0.00000,0.00000,0.00000,0.00000,0.00000,0.03715,0.04086,0.00000,0.00000,0.00000,0.14912,0.00000,0.00000,0.00000,0.00000,0.00000,0.00000,0.00000,0.02777,0.00000,0.00000,0.00000,0.00000,0.57122,3.33000,1.46300,1.47100,4.57400,5.00000,0,0.00000,0.57845,0.00000,0.00000,0.00000,1.48500,1.47100,2.15100
268,0.00000,0.00000,0.00000,0.00000,0.00000,0.00000,0.00000,0.00000,0.00000,0.00000,0.00000,0.00000,0.00000,0.00000,0.00000,0.00000,0.00000,0.00000,0.00000,0.00000,0.00000,0.00000,0.00000,0.00000,0.00000,0.00000,0.00000,0.00000,0.00000,0.00000,0.00000,0.00000,0.00000,0.00000,0.00000,0.00000,0.00000,0.00000,0.00000,0.00000,0.00000,0.00000,0.00000,0.00000,0.00000,0.00000,0.00000,0.00000,0.00000,0.00000,0.00000,0.00000,0.00000,0.00000,0.00000,0.00000,0.00000,0.00000,0.06881,0.00000,0.00000,0.00000,0.00000,0.00000,0.00000,0.00000,0.04033,0.00000,0.00000,0.00000,0.10383,0.06952,0.00000,0.00000,0.00000,0.04581,0.00000,0.17364,0.00094,0.00000,0.00000,0.00000,0.00000,0.11940,0.00000,0.00000,0.00000,0.00000,0.01716,0.00884,0.00000,0.00000,0.00000,0.00000,0.00000,0.00000,0.00000,0.00000,0.00000,0.00000,0.09605,0.00000,0.00000,0.00000,0.00000,0.00000,0.00000,0.00000,0.00000,0.00000,0.00000,0.00000,0.00000,0.57845,3.11900,1.41600,1.42700,4.70400,5.00000,0,-0.24193,0.57845,0.00000,0.00000,0.00000,1.45300,1.42700,2.10100
269,0.00000,0.00000,0.00000,0.00000,0.00000,0.00000,0.00000,0.00000,0.00000,0.00000,0.00000,0.00000,0.00000,0.00000,0.00000,0.00000,0.00000,0.00000,0.00000,0.00000,0.00000,0.00000,0.00000,0.00000,0.00000,0.00000,0.00000,0.00000,0.00000,0.00000,0.00000,0.00000,0.00000,0.00000,0.00000,0.00000,0.00000,0.00000,0.00000,0.00000,0.00000,0.00000,0.00000,0.00000,0.00000,0.00000,0.00000,0.00000,0.00000,0.00000,0.00000,0.00000,0.00000,0.00000,0.00000,0.00000,0.00000,0.00000,0.06527,0.00000,0.00000,0.00000,0.00000,0.00000,0.00000,0.00254,0.08520,0.00000,0.00000,0.00000,0.15890,0.02223,0.00000,0.00000,0.00631,0.09646,0.00088,0.14741,0.00808,0.00000,0.00000,0.00000,0.00236,0.18567,0.00000,0.00000,0.00000,0.00000,0.15489,0.01987,0.00000,0.00000,0.00000,0.00000,0.00000,0.01026,0.00000,0.00000,0.00000,0.00000,0.00000,0.00000,0.00000,0.00000,0.00000,0.00000,0.00000,0.00000,0.00000,0.00000,0.00000,0.00000,-0.24193,0.57845,3.46400,1.37400,1.38300,5.00000,5.00000,0,-0.90000,0.63631,0.00000,0.00000,0.00000,1.40500,1.38300,2.06100
270,0.00000,0.00000,0.00000,0.00000,0.00000,0.00000,0.00000,0.00000,0.00000,0.00000,0.00000,0.00000,0.00000,0.00000,0.00000,0.00000,0.00000,0.00000,0.00000,0.00000,0.00000,0.00000,0.00000,0.00000,0.00000,0.00000,0.00000,0.00000,0.00000,0.00000,0.00000,0.00000,0.00000,0.00000,0.00000,0.00000,0.00000,0.00000,0.00000,0.00000,0.00000,0.00000,0.00000,0.00000,0.00000,0.00000,0.00000,0.00000,0.00000,0.00000,0.00000,0.00000,0.00000,0.00000,0.00195,0.00000,0.00000,0.00000,0.03467,0.00000,0.00000,0.00000,0.00000,0.00000,0.00000,0.00006,0.13314,0.00000,0.00000,0.00000,0.15371,0.02830,0.00000,0.00000,0.00000,0.04953,0.00000,0.13272,0.01798,0.00000,0.00000,0.00000,0.00000,0.19776,0.00000,0.00000,0.00000,0.00000,0.19410,0.04505,0.00000,0.00000,0.00000,0.00000,0.00000,0.13685,0.02182,0.00000,0.00000,0.00000,0.03697,0.00000,0.00000,0.00000,0.00000,0.00000,0.00000,0.00000,0.00725,0.00000,0.00000,0.00000,-0.90000,0.63631,3.61900,1.33400,1.34200,5.00000,5.00000,0,-0.90000,0.63631,0.00000,0.00000,0.00000,1.35100,1.33400,2.01200
271,0.00000,0.00000,0.00000,0.00000,0.00000,0.00000,0.00000,0.00000,0.00000,0.00000,0.00000,0.00000,0.00000,0.00000,0.00000,0.00000,0.00000,0.00000,0.00000,0.00000,0.00000,0.00000,0.00000,0.00000,0.00000,0.00000,0.00000,0.00000,0.00000,0.00000,0.00000,0.00000,0.00000,0.00000,0.00000,0.00000,0.00000,0.00000,0.00000,0.00000,0.00000,0.00000,0.00000,0.00000,0.00000,0.00000,0.00000,0.00000,0.00000,0.00000,0.00000,0.00000,0.00000,0.00000,0.00000,0.00000,0.00000,0.00000,0.00248,0.00018,0.00000,0.00000,0.00000,0.00000,0.00000,0.00000,0.07412,0.06067,0.00000,0.00000,0.00000,0.16698,0.00000,0.00000,0.00000,0.00000,0.00000,0.02948,0.14440,0.00000,0.00000,0.00000,0.00000,0.03184,0.05413,0.00000,0.00000,0.00000,0.03101,0.20265,0.00000,0.00000,0.00000,0.00000,0.00000,0.00000,0.11002,0.00000,0.00000,0.00000,0.20908,0.00000,0.00000,0.00000,0.00000,0.00000,0.00000,0.00000,0.00000,0.00000,0.00000,0.00000,-0.90000,0.63631,3.10300,1.88550,1.25700,1.94450,5.00000,0,0.00000,0.63631,0.00000,0.00000,0.00000,1.25700,1.26750,5.00000
272,0.00000,0.00000,0.00000,0.00000,0.00000,0.00000,0.00000,0.00000,0.00000,0.00000,0.00000,0.00000,0.00000,0.00000,0.00000,0.00000,0.00000,0.00000,0.00000,0.00000,0.00000,0.00000,0.00000,0.00000,0.00000,0.00000,0.00000,0.00000,0.00000,0.00000,0.00000,0.00000,0.00000,0.00000,0.00000,0.00000,0.00000,0.00000,0.00000,0.00000,0.00000,0.00000,0.00000,0.00000,0.00000,0.00000,0.00000,0.00000,0.00000,0.00000,0.00000,0.00000,0.00000,0.00000,0.00000,0.00000,0.00000,0.00000,0.00000,0.03166,0.00000,0.00000,0.00000,0.00000,0.00991,0.00000,0.00000,0.15425,0.03131,0.00000,0.00000,0.00000,0.17494,0.00000,0.00000,0.00000,0.00000,0.00000,0.13019,0.08048,0.00000,0.00000,0.00000,0.00000,0.07376,0.00000,0.00000,0.00000,0.00000,0.11439,0.07877,0.00000,0.00000,0.00000,0.00000,0.00000,0.00000,0.07624,0.00000,0.00000,0.10065,0.13213,0.00000,0.00000,0.00000,0.00000,0.00000,0.00000,0.00000,0.07058,0.00000,0.00000,0.00000,0.63631,2.89400,1.88200,1.23250,1.89200,5.00000,0,0.00000,0.63631,0.00000,0.00000,0.00000,1.23250,1.83600,1.24650
273,0.00000,0.00000,0.00000,0.00000,0.00000,0.00000,0.00000,0.00000,0.00000,0.00000,0.00000,0.00000,0.00000,0.00000,0.00000,0.00000,0.00000,0.00000,0.00000,0.00000,0.00000,0.00000,0.00000,0.00000,0.00000,0.00000,0.00000,0.00000,0.00000,0.00000,0.00000,0.00000,0.00000,0.00000,0.00000,0.00000,0.00000,0.00000,0.00000,0.00000,0.00000,0.00000,0.00000,0.00000,0.00000,0.00000,0.00000,0.00000,0.00000,0.00000,0.00000,0.00000,0.00000,0.00000,0.00000,0.00000,0.00000,0.00000,0.00000,0.00000,0.02017,0.00000,0.00000,0.00000,0.00035,0.00000,0.00000,0.06840,0.12989,0.00000,0.00000,0.00000,0.14452,0.01981,0.00000,0.00000,0.00000,0.00000,0.01840,0.19581,0.00000,0.00000,0.00000,0.00000,0.00318,0.13779,0.00000,0.00000,0.00000,0.00967,0.19729,0.00000,0.00000,0.00000,0.00000,0.00000,0.00000,0.00000,0.00000,0.00000,0.00861,0.22588,0.00590,0.00000,0.00000,0.00000,0.00000,0.00000,0.00000,0.00000,0.00000,0.00000,0.00000,0.63631,2.58100,1.85950,1.19900,1.22200,5.00000,0,0.00000,0.63631,0.00000,0.00000,0.00000,1.19900,1.82300,1.22200
274,0.00000,0.00000,0.00000,0.00000,0.00000,0.00000,0.00000,0.00000,0.00000,0.00000,0.00000,0.00000,0.00000,0.00000,0.00000,0.00000,0.00000,0.00000,0.00000,0.00000,0.00000,0.00000,0.00000,0.00000,0.00000,0.00000,0.00000,0.00000,0.00000,0.00000,0.00000,0.00000,0.00000,0.00000,0.00000,0.00000,0.00000,0.00000,0.00000,0.00000,0.00000,0.00000,0.00000,0.00000,0.00000,0.00000,0.00000,0.00000,0.00000,0.00000,0.00000,0.00000,0.00000,0.00000,0.00000,0.00000,0.00000,0.00000,0.00000,0.00000,0.00000,0.00000,0.00000,0.00000,0.01840,0.00000,0.00000,0.01321,0.14015,0.00000,0.00000,0.00000,0.00849,0.11108,0.00000,0.00000,0.00000,0.00000,0.00000,0.21993,0.00313,0.00000,0.00000,0.00000,0.00000,0.17370,0.00000,0.00000,0.00000,0.00000,0.17671,0.04652,0.00000,0.00000,0.00000,0.00000,0.00000,0.03573,0.00000,0.00000,0.00000,0.15808,0.06816,0.00000,0.00000,0.00000,0.00000,0.00000,0.00000,0.00000,0.00000,0.00000,0.00000,0.63631,2.49200,1.84850,1.17650,1.20500,5.00000,0,0.00000,0.63631,0.00000,0.00000,0.00000,1.17900,1.80300,1.17650
275,0.00000,0.00000,0.00000,0.00000,0.00000,0.00000,0.00000,0.00000,0.00000,0.00000,0.00000,0.00000,0.00000,0.00000,0.00000,0.00000,0.00000,0.00000,0.00000,0.00000,0.00000,0.00000,0.00000,0.00000,0.00000,0.00000,0.00000,0.00000,0.00000,0.00000,0.00000,0.00000,0.00000,0.00000,0.00000,0.00000,0.00000,0.00000,0.00000,0.00000,0.00000,0.00000,0.00000,0.00000,0.00000,0.00000,0.00000,0.00000,0.00000,0.00000,0.00000,0.00000,0.00000,0.00000,0.00000,0.00000,0.00000,0.00018,0.00000,0.00000,0.00000,0.00000,0.00000,0.00000,0.06580,0.00000,0.00000,0.00000,0.14004,0.00059,0.00000,0.00000,0.00000,0.05360,0.00000,0.00000,0.00000,0.00000,0.00000,0.19399,0.03508,0.00000,0.00000,0.00000,0.00000,0.17270,0.00932,0.00000,0.00000,0.00000,0.11126,0.08561,0.00000,0.00000,0.00000,0.00000,0.00000,0.00619,0.10171,0.00000,0.00000,0.10425,0.09104,0.00000,0.00000,0.00000,0.00000,0.00000,0.00000,0.00000,0.00000,0.00000,0.00000,0.63631,2.44100,2.77150,1.14400,1.15500,5.00000,0,0.00000,0.63631,0.00000,0.00000,0.00000,1.14400,1.77000,1.15500
276,0.00000,0.00000,0.00000,0.00000,0.00000,0.00000,0.00000,0.00000,0.00000,0.00000,0.00000,0.00000,0.00000,0.00000,0.00000,0.00000,0.00000,0.00000,0.00000,0.00000,0.00000,0.00000,0.00000,0.00000,0.00000,0.00000,0.00000,0.00000,0.00000,0.00000,0.00000,0.00000,0.00000,0.00000,0.00000,0.00000,0.00000,0.00000,0.00000,0.00000,0.00000,0.00000,0.00000,0.00000,0.00000,0.00000,0.00000,0.00000,0.00000,0.00000,0.00000,0.00000,0.00000,0.00000,0.00000,0.00000,0.00000,0.00018,0.00000,0.00000,0.00000,0.00000,0.00000,0.00000,0.09546,0.00784,0.00000,0.00000,0.15118,0.03667,0.00000,0.00000,0.00000,0.03555,0.00000,0.00000,0.00000,0.00000,0.00000,0.13096,0.09316,0.00000,0.00000,0.00000,0.00000,0.09292,0.11669,0.00000,0.00000,0.00000,0.06562,0.14133,0.00000,0.00000,0.00000,0.00000,0.00000,0.00000,0.20696,0.00000,0.00000,0.00094,0.06663,0.00000,0.00000,0.00000,0.00000,0.00000,0.00000,0.00000,0.03950,0.03691,0.00000,0.63631,2.45600,2.83550,1.11400,1.12500,5.00000,0,0.00000,0.73029,0.00000,0.00000,0.00000,1.11400,1.73400,1.12300
277,0.00000,0.00000,0.00000,0.00000,0.00000,0.00000,0.00000,0.00000,0.00000,0.00000,0.00000,0.00000,0.00000,0.00000,0.00000,0.00000,0.00000,0.00000,0.00000,0.00000,0.00000,0.00000,0.00000,0.00000,0.00000,0.00000,0.00000,0.00000,0.00000,0.00000,0.00000,0.00000,0.00000,0.00000,0.00000,0.00000,0.00000,0.00000,0.00000,0.00000,0.00000,0.00000,0.00000,0.00000,0.00000,0.00000,0.00000,0.00000,0.00000,0.00000,0.00000,0.00000,0.00000,0.00000,0.00000,0.00000,0.00000,0.00071,0.00000,0.00000,0.00000,0.00000,0.00000,0.00000,0.12011,0.06191,0.00000,0.00000,0.08779,0.09493,0.00000,0.00000,0.00000,0.01928,0.00000,0.00000,0.00000,0.00000,0.00000,0.05118,0.13862,0.00000,0.00000,0.00000,0.00000,0.00000,0.16256,0.00000,0.00000,0.00000,0.00000,0.17795,0.00000,0.00000,0.00000,0.00000,0.00000,0.00000,0.13007,0.08131,0.00000,0.00000,0.00035,0.01150,0.00000,0.00000,0.00000,0.00000,0.00000,0.00000,0.00000,0.20713,0.00000,0.73029,2.42200,2.80950,1.12350,1.09000,5.00000,0,0.00000,0.72307,0.00000,0.00000,0.00000,1.12350,1.70800,1.09000
278,0.00000,0.00000,0.00000,0.00000,0.00000,0.00000,0.00000,0.00000,0.00000,0.00000,0.00000,0.00000,0.00000,0.00000,0.00000,0.00000,0.00000,0.00000,0.00000,0.00000,0.00000,0.00000,0.00000,0.00000,0.00000,0.00000,0.00000,0.00000,0.00000,0.00000,0.00000,0.00000,0.00000,0.00000,0.00000,0.00000,0.00000,0.00000,0.00000,0.00000,0.00000,0.00000,0.00000,0.00000,0.00000,0.00000,0.00000,0.00000,0.00000,0.00000,0.00000,0.00000,0.00000,0.00000,0.00000,0.00000,0.00000,0.00088,0.00000,0.00000,0.00000,0.01557,0.00000,0.00000,0.11285,0.07447,0.00000,0.00000,0.03355,0.17571,0.00000,0.00000,0.00000,0.00000,0.01380,0.00000,0.00000,0.00000,0.00000,0.00000,0.21315,0.00000,0.00000,0.00000,0.00000,0.00000,0.03886,0.00200,0.00000,0.00000,0.00000,0.19758,0.03272,0.00000,0.00000,0.00000,0.00000,0.00000,0.01338,0.20065,0.00000,0.00000,0.06103,0.10472,0.00000,0.00000,0.00000,0.00000,0.00000,0.00000,0.00000,0.07305,0.00000,0.72307,2.40000,2.60950,0.99150,1.01700,1.72300,0,0.00000,0.68692,0.00000,0.00000,0.00000,1.60900,1.63300,0.99150
279,0.00000,0.00000,0.00000,0.00000,0.00000,0.00000,0.00000,0.00000,0.00000,0.00000,0.00000,0.00000,0.00000,0.00000,0.00000,0.00000,0.00000,0.00000,0.00000,0.00000,0.00000,0.00000,0.00000,0.00000,0.00000,0.00000,0.00000,0.00000,0.00000,0.00000,0.00000,0.00000,0.00000,0.00000,0.00000,0.00000,0.00000,0.00000,0.00000,0.00000,0.00000,0.00000,0.00000,0.00000,0.00000,0.00000,0.00000,0.00000,0.00000,0.00000,0.00000,0.00000,0.00000,0.00000,0.00000,0.00000,0.00000,0.00159,0.00849,0.00000,0.00000,0.03573,0.05820,0.00000,0.11792,0.12818,0.00560,0.00000,0.00000,0.18821,0.00761,0.00000,0.00000,0.00000,0.19599,0.00796,0.01238,0.00000,0.00000,0.00000,0.06851,0.10395,0.00000,0.00000,0.00000,0.00000,0.00731,0.08042,0.00000,0.00000,0.00000,0.01191,0.19186,0.00000,0.00000,0.00000,0.00000,0.00000,0.00000,0.00000,0.00000,0.00000,0.00000,0.20525,0.00631,0.00000,0.00000,0.00000,0.00000,0.00000,0.00000,0.00000,0.00000,0.68692,2.25200,2.48300,1.51850,0.90900,1.61600,0,0.00000,0.66523,0.00000,0.00000,0.00000,1.52700,3.04650,0.90900
280,0.00000,0.00000,0.00000,0.00000,0.00000,0.00000,0.00000,0.00000,0.00000,0.00000,0.00000,0.00000,0.00000,0.00000,0.00000,0.00000,0.00000,0.00000,0.00000,0.00000,0.00000,0.00000,0.00000,0.00000,0.00000,0.00000,0.00000,0.00000,0.00000,0.00000,0.00000,0.00000,0.00000,0.00000,0.00000,0.00000,0.00000,0.00000,0.00000,0.00000,0.00000,0.00000,0.00000,0.00000,0.00000,0.00000,0.00000,0.00000,0.00000,0.00000,0.00000,0.00000,0.00000,0.00000,0.00495,0.00000,0.00000,0.00000,0.01044,0.00000,0.00000,0.00000,0.06969,0.00000,0.06156,0.16162,0.07382,0.00000,0.00000,0.06474,0.14133,0.00000,0.00000,0.00000,0.07700,0.14994,0.05112,0.00000,0.00000,0.00000,0.00000,0.17282,0.00000,0.00000,0.00000,0.00000,0.00000,0.11657,0.00000,0.00000,0.00000,0.00000,0.00654,0.00000,0.00000,0.00000,0.00000,0.00000,0.00000,0.00000,0.00000,0.00000,0.00000,0.01309,0.14399,0.00000,0.00000,0.00000,0.00000,0.00000,0.00000,0.00000,0.00000,0.66523,2.60400,2.76500,1.48600,0.87350,1.57800,0,0.00000,0.65800,0.00000,0.00000,0.00000,1.48600,5.00000,0.87400
281,0.00000,0.00000,0.00000,0.00000,0.00000,0.00000,0.00000,0.00000,0.00000,0.00000,0.00000,0.00000,0.00000,0.00000,0.00000,0.00000,0.00000,0.00000,0.00000,0.00000,0.00000,0.00000,0.00000,0.00000,0.00000,0.00000,0.00000,0.00000,0.00000,0.00000,0.00000,0.00000,0.00000,0.00000,0.00000,0.00000,0.00000,0.00000,0.00000,0.00000,0.00000,0.00000,0.00000,0.00000,0.00000,0.00000,0.00000,0.00000,0.00000,0.00000,0.00000,0.00000,0.00000,0.00000,0.00000,0.00000,0.00000,0.00000,0.00000,0.00000,0.00000,0.00000,0.00000,0.00000,0.00224,0.15542,0.06238,0.00000,0.00000,0.00000,0.13196,0.00000,0.00000,0.00000,0.00000,0.11851,0.14275,0.01221,0.00000,0.00000,0.00000,0.08862,0.10542,0.00000,0.00000,0.00000,0.00000,0.00000,0.00000,0.00000,0.00000,0.00000,0.00000,0.09233,0.00000,0.00000,0.00000,0.00000,0.00000,0.00000,0.00000,0.00000,0.00000,0.00000,0.00000,0.00000,0.00000,0.00000,0.00000,0.00000,0.00000,0.00000,0.00000,0.65800,2.27500,2.51750,1.36850,0.75600,0.81800,0,0.00000,0.65800,0.00000,0.00000,0.00000,1.37400,5.00000,1.36850
282,0.00000,0.00000,0.00000,0.00000,0.00000,0.00000,0.00000,0.00000,0.00000,0.00000,0.00000,0.00000,0.00000,0.00000,0.00000,0.00000,0.00000,0.00000,0.00000,0.00000,0.00000,0.00000,0.00000,0.00000,0.00000,0.00000,0.00000,0.00000,0.00000,0.00000,0.00000,0.00000,0.00000,0.00000,0.00000,0.00000,0.00000,0.00000,0.00000,0.00000,0.00000,0.00000,0.00000,0.00000,0.00000,0.00000,0.00000,0.00000,0.00000,0.00000,0.00000,0.00000,0.00000,0.00000,0.00000,0.00000,0.00000,0.00000,0.00000,0.00000,0.00000,0.00000,0.00000,0.00000,0.00000,0.06981,0.11309,0.01592,0.00000,0.00000,0.03296,0.02506,0.00000,0.00000,0.00000,0.00000,0.10814,0.05584,0.00000,0.00000,0.00000,0.00000,0.10749,0.00006,0.00000,0.00000,0.00000,0.00000,0.00000,0.00000,0.00000,0.00000,0.00000,0.00000,0.00000,0.00000,0.00000,0.00000,0.00000,0.00000,0.00000,0.00000,0.00000,0.00000,0.00000,0.00248,0.00000,0.00000,0.00000,0.00000,0.00000,0.00000,0.00000,0.65800,2.38300,2.61600,1.32450,0.78100,0.78400,0,0.00000,0.65800,0.00000,0.00000,0.00000,1.34850,5.00000,1.32450
283,0.00000,0.00000,0.00000,0.00000,0.00000,0.00000,0.00000,0.00000,0.00000,0.00000,0.00000,0.00000,0.00000,0.00000,0.00000,0.00000,0.00000,0.00000,0.00000,0.00000,0.00000,0.00000,0.00000,0.00000,0.00000,0.00000,0.00000,0.00000,0.00000,0.00000,0.00000,0.00000,0.00000,0.00000,0.00000,0.00000,0.00000,0.00000,0.00000,0.00000,0.00000,0.00000,0.00000,0.00000,0.00000,0.00000,0.00000,0.00000,0.00000,0.00000,0.00000,0.00000,0.00000,0.00000,0.00000,0.00000,0.00000,0.00000,0.00000,0.00000,0.00000,0.00000,0.00000,0.00000,0.00000,0.01167,0.15212,0.04811,0.00000,0.00000,0.00000,0.00000,0.00000,0.00000,0.00000,0.00000,0.11822,0.13662,0.00059,0.00000,0.00000,0.00000,0.00000,0.00000,0.00000,0.00000,0.00000,0.00000,0.01327,0.00000,0.00000,0.00000,0.00000,0.00000,0.00000,0.00000,0.00000,0.00000,0.00000,0.00000,0.00000,0.00000,0.00000,0.00000,0.00000,0.00000,0.00000,0.00000,0.00000,0.00000,0.00000,0.00000,0.00000,0.65800,2.26400,2.51200,1.26250,0.65000,0.68900,0,0.00000,0.65800,0.00000,0.00000,0.00000,1.28850,5.00000,0.65000
284,0.00000,0.00000,0.00000,0.00000,0.00000,0.00000,0.00000,0.00000,0.00000,0.00000,0.00000,0.00000,0.00000,0.00000,0.00000,0.00000,0.00000,0.00000,0.00000,0.00000,0.00000,0.00000,0.00000,0.00000,0.00000,0.00000,0.00000,0.00000,0.00000,0.00000,0.00000,0.00000,0.00000,0.00000,0.00000,0.00000,0.00000,0.00000,0.00000,0.00000,0.00000,0.00000,0.00000,0.00000,0.00000,0.00000,0.00000,0.00000,0.00000,0.00000,0.00000,0.00000,0.00000,0.00000,0.00000,0.00000,0.00000,0.00000,0.00000,0.00000,0.00000,0.00000,0.00000,0.00000,0.00000,0.00000,0.08314,0.09517,0.00000,0.00000,0.00000,0.00000,0.00000,0.00000,0.00000,0.00000,0.05643,0.15802,0.02630,0.00000,0.00000,0.00000,0.00000,0.00000,0.00000,0.00000,0.00000,0.00000,0.09623,0.00000,0.00000,0.00000,0.00000,0.00000,0.00000,0.00000,0.00000,0.00000,0.00000,0.00000,0.00000,0.00000,0.00000,0.00000,0.00000,0.00000,0.00000,0.00000,0.00000,0.00000,0.00000,0.00000,0.00000,0.65800,2.36400,2.74650,1.18400,0.53700,0.56200,0,0.00000,0.65800,0.00000,0.00000,0.00000,1.18400,5.00000,0.53700
285,0.00000,0.00000,0.00000,0.00000,0.00000,0.00000,0.00000,0.00000,0.00000,0.00000,0.00000,0.00000,0.00000,0.00000,0.00000,0.00000,0.00000,0.00000,0.00000,0.00000,0.00000,0.00000,0.00000,0.00000,0.00000,0.00000,0.00000,0.00000,0.00000,0.00000,0.00000,0.00000,0.00000,0.00000,0.00000,0.00000,0.00000,0.00000,0.00000,0.00000,0.00000,0.00000,0.00000,0.00000,0.00000,0.00000,0.00000,0.00000,0.00000,0.00000,0.00000,0.00000,0.00000,0.00000,0.00000,0.00000,0.00000,0.00000,0.00000,0.00000,0.00000,0.00000,0.00000,0.00000,0.00000,0.00000,0.00000,0.10035,0.02311,0.00000,0.00000,0.00000,0.00000,0.00000,0.00000,0.00000,0.00000,0.06238,0.16969,0.03290,0.00000,0.00000,0.00000,0.00000,0.00000,0.00000,0.00000,0.00000,0.16610,0.12258,0.00000,0.00000,0.00000,0.00000,0.00000,0.00000,0.00000,0.00000,0.00000,0.00000,0.00672,0.00000,0.00000,0.00000,0.00000,0.00000,0.00000,0.00000,0.00000,0.00000,0.00000,0.00000,0.00000,0.65800,2.35350,2.76600,1.09150,1.08200,0.49500,0,0.00000,0.65800,0.00000,0.00000,0.00000,1.11900,5.00000,0.49500
286,0.00000,0.00000,0.00000,0.00000,0.00000,0.00000,0.00000,0.00000,0.00000,0.00000,0.00000,0.00000,0.00000,0.00000,0.00000,0.00000,0.00000,0.00000,0.00000,0.00000,0.00000,0.00000,0.00000,0.00000,0.00000,0.00000,0.00000,0.00000,0.00000,0.00000,0.00000,0.00000,0.00000,0.00000,0.00000,0.00000,0.00000,0.00000,0.00000,0.00000,0.00000,0.00000,0.00000,0.00000,0.00000,0.00000,0.00000,0.00000,0.00000,0.00000,0.00000,0.00000,0.00000,0.00000,0.00000,0.00000,0.00000,0.00000,0.00000,0.00000,0.00000,0.00000,0.00000,0.00000,0.00000,0.00000,0.00000,0.04410,0.04310,0.00000,0.00000,0.00000,0.00000,0.00000,0.00000,0.00000,0.00000,0.00000,0.12966,0.12913,0.00000,0.00000,0.00000,0.00000,0.00000,0.00000,0.00283,0.00000,0.03414,0.18662,0.05537,0.00000,0.00000,0.00000,0.00000,0.00000,0.00000,0.00000,0.00000,0.00000,0.15371,0.00000,0.00000,0.00000,0.00000,0.00000,0.00000,0.00000,0.00000,0.00000,0.00000,0.00000,0.00000,0.65800,2.30000,2.58750,3.08800,0.99500,0.40200,0,0.90000,0.65800,0.00000,0.00000,0.00000,5.00000,5.00000,0.40200
287,0.00000,0.00000,0.00000,0.00000,0.00000,0.00000,0.00000,0.00000,0.00000,0.00000,0.00000,0.00000,0.00000,0.00000,0.00000,0.00000,0.00000,0.00000,0.00000,0.00000,0.00000,0.00000,0.00000,0.00000,0.00000,0.00000,0.00000,0.00000,0.00000,0.00000,0.00000,0.00000,0.00000,0.00000,0.00000,0.00000,0.00000,0.00000,0.00000,0.00000,0.00000,0.00000,0.00000,0.00000,0.00000,0.00000,0.00000,0.00000,0.00000,0.00000,0.00000,0.00000,0.00000,0.00000,0.00000,0.00000,0.00000,0.00000,0.00000,0.00000,0.00000,0.00000,0.00000,0.00000,0.00000,0.00000,0.00000,0.00000,0.12689,0.01144,0.00000,0.00000,0.00000,0.00000,0.00000,0.00000,0.00000,0.00000,0.02742,0.19145,0.03337,0.00000,0.00000,0.00000,0.00000,0.00000,0.00000,0.00000,0.00000,0.09823,0.17152,0.00000,0.00000,0.00000,0.00000,0.00000,0.00000,0.00000,0.00000,0.00000,0.16551,0.10071,0.00000,0.00000,0.00000,0.00000,0.00000,0.00000,0.00000,0.00000,0.00000,0.00000,0.90000,0.65800,2.15300,2.37800,2.89600,0.96200,0.40700,0,0.90000,0.65800,0.00000,0.00000,0.00000,5.00000,3.04000,0.96200
288,0.00000,0.00000,0.00000,0.00000,0.00000,0.00000,0.00000,0.00000,0.00000,0.00000,0.00000,0.00000,0.00000,0.00000,0.00000,0.00000,0.00000,0.00000,0.00000,0.00000,0.00000,0.00000,0.00000,0.00000,0.00000,0.00000,0.00000,0.00000,0.00000,0.00000,0.00000,0.00000,0.00000,0.00000,0.00000,0.00000,0.00000,0.00000,0.00000,0.00000,0.00000,0.00000,0.00000,0.00000,0.00000,0.00000,0.00000,0.00000,0.00000,0.00000,0.00000,0.00000,0.00000,0.00000,0.00000,0.00000,0.00000,0.00000,0.00000,0.00000,0.00000,0.00000,0.00000,0.00000,0.00000,0.00000,0.00000,0.00000,0.12134,0.01504,0.00000,0.00000,0.00000,0.00000,0.00000,0.00000,0.00000,0.00000,0.01221,0.18880,0.04682,0.00000,0.00000,0.00000,0.00000,0.00000,0.00000,0.00000,0.00000,0.07229,0.18933,0.00230,0.00000,0.00000,0.00000,0.00000,0.00000,0.00000,0.00053,0.00000,0.12795,0.13420,0.00000,0.00000,0.00000,0.00000,0.00000,0.00000,0.00000,0.00000,0.00000,0.00000,0.90000,0.65800,1.76500,2.11250,0.90950,0.90200,0.36100,0,0.00000,0.65077,0.00000,0.00000,0.00000,0.93050,5.00000,0.36100
289,0.00000,0.00000,0.00000,0.00000,0.00000,0.00000,0.00000,0.00000,0.00000,0.00000,0.00000,0.00000,0.00000,0.00000,0.00000,0.00000,0.00000,0.00000,0.00000,0.00000,0.00000,0.00000,0.00000,0.00000,0.00000,0.00000,0.00000,0.00000,0.00000,0.00000,0.00000,0.00000,0.00000,0.00000,0.00000,0.00000,0.00000,0.00000,0.00000,0.00000,0.00000,0.00000,0.00000,0.00000,0.00000,0.00000,0.00000,0.00000,0.00000,0.00000,0.00000,0.00000,0.00000,0.00000,0.00000,0.00000,0.00000,0.00000,0.00000,0.00000,0.00000,0.00000,0.00000,0.00000,0.01504,0.03379,0.00000,0.04045,0.10849,0.00000,0.00000,0.00000,0.00000,0.00000,0.00000,0.00000,0.00248,0.00000,0.08101,0.16185,0.00000,0.00000,0.00000,0.00000,0.00000,0.10631,0.00000,0.00000,0.00000,0.12058,0.13255,0.00000,0.00000,0.00000,0.00000,0.00000,0.00000,0.06368,0.00000,0.00000,0.15796,0.09746,0.00000,0.00000,0.00000,0.00000,0.00000,0.00000,0.00000,0.00000,0.00000,0.00000,0.00000,0.65077,1.90750,2.37000,0.84050,0.84100,0.32200,0,0.00000,0.65077,0.00000,0.00000,0.00000,0.84050,5.00000,0.32200
290,0.00000,0.00000,0.00000,0.00000,0.00000,0.00000,0.00000,0.00000,0.00000,0.00000,0.00000,0.00000,0.00000,0.00000,0.00000,0.00000,0.00000,0.00000,0.00000,0.00000,0.00000,0.00000,0.00000,0.00000,0.00000,0.00000,0.00000,0.00000,0.00000,0.00000,0.00000,0.00000,0.00000,0.00000,0.00000,0.00000,0.00000,0.00000,0.00000,0.00000,0.00000,0.00000,0.00000,0.00000,0.00000,0.00000,0.00000,0.00000,0.00000,0.00000,0.00000,0.00000,0.00000,0.00000,0.00000,0.00000,0.00000,0.00000,0.00000,0.00000,0.00000,0.00000,0.00000,0.00000,0.03166,0.00000,0.00000,0.11038,0.00354,0.00000,0.00000,0.00000,0.00000,0.00000,0.00000,0.00000,0.00000,0.00000,0.14823,0.08597,0.00000,0.00000,0.00000,0.00000,0.06456,0.03998,0.00000,0.00000,0.00000,0.17565,0.07323,0.00000,0.00000,0.00000,0.00000,0.00000,0.00000,0.17848,0.00000,0.00000,0.19404,0.05660,0.00000,0.00000,0.00000,0.00000,0.00000,0.00000,0.00000,0.01769,0.00000,0.00000,0.00000,0.65077,1.97250,0.80750,0.78000,0.81100,0.28800,0,0.00000,0.65077,0.00000,0.00000,0.00000,0.78000,0.79700,0.28800
291,0.00000,0.00000,0.00000,0.00000,0.00000,0.00000,0.00000,0.00000,0.00000,0.00000,0.00000,0.00000,0.00000,0.00000,0.00000,0.00000,0.00000,0.00000,0.00000,0.00000,0.00000,0.00000,0.00000,0.00000,0.00000,0.00000,0.00000,0.00000,0.00000,0.00000,0.00000,0.00000,0.00000,0.00000,0.00000,0.00000,0.00000,0.00000,0.00000,0.00000,0.00000,0.00000,0.00000,0.00000,0.00000,0.00000,0.00000,0.00000,0.00000,0.00000,0.00000,0.00000,0.00000,0.00000,0.00000,0.00000,0.00000,0.00000,0.00000,0.00000,0.00000,0.00000,0.00000,0.02936,0.00000,0.00000,0.00000,0.14923,0.03614,0.00000,0.00000,0.00000,0.00000,0.00000,0.00000,0.00000,0.00000,0.00000,0.16380,0.06881,0.00000,0.00000,0.00000,0.00000,0.02583,0.00000,0.00000,0.00000,0.00000,0.18131,0.06173,0.00000,0.00000,0.00000,0.00000,0.00000,0.01716,0.14328,0.00000,0.00000,0.18738,0.05018,0.00000,0.00000,0.00000,0.00000,0.00000,0.00000,0.00000,0.07925,0.00000,0.00000,0.00000,0.65077,2.03250,0.74800,0.73100,2.24800,0.26000,0,0.19207,0.65077,0.00000,0.00000,0.00000,0.73100,0.74800,0.26000
292,0.00000,0.00000,0.00000,0.00000,0.00000,0.00000,0.00000,0.00000,0.00000,0.00000,0.00000,0.00000,0.00000,0.00000,0.00000,0.00000,0.00000,0.00000,0.00000,0.00000,0.00000,0.00000,0.00000,0.00000,0.00000,0.00000,0.00000,0.00000,0.00000,0.00000,0.00000,0.00000,0.00000,0.00000,0.00000,0.00000,0.00000,0.00000,0.00000,0.00000,0.00000,0.00000,0.00000,0.00000,0.00000,0.00000,0.00000,0.00000,0.00000,0.00000,0.00000,0.00000,0.00000,0.00000,0.00000,0.00000,0.00000,0.00000,0.00000,0.00000,0.00000,0.00000,0.00000,0.05466,0.00018,0.00000,0.00000,0.11993,0.00000,0.00000,0.00000,0.00000,0.00849,0.00000,0.00000,0.00000,0.00000,0.00000,0.18750,0.03927,0.00000,0.00000,0.00000,0.00000,0.00000,0.00000,0.00000,0.00000,0.00000,0.19888,0.04452,0.00000,0.00000,0.00000,0.00000,0.00000,0.00000,0.02300,0.00000,0.00000,0.19511,0.04051,0.00000,0.00000,0.00000,0.00000,0.00000,0.00000,0.00000,0.05360,0.00000,0.00000,0.19207,0.65077,2.14250,0.67100,0.65400,2.78650,0.93800,0,0.90000,0.65077,0.00000,0.00000,0.00000,0.65400,0.67100,5.00000
293,0.00000,0.00000,0.00000,0.00000,0.00000,0.00000,0.00000,0.00000,0.00000,0.00000,0.00000,0.00000,0.00000,0.00000,0.00000,0.00000,0.00000,0.00000,0.00000,0.00000,0.00000,0.00000,0.00000,0.00000,0.00000,0.00000,0.00000,0.00000,0.00000,0.00000,0.00000,0.00000,0.00000,0.00000,0.00000,0.00000,0.00000,0.00000,0.00000,0.00000,0.00000,0.00000,0.00000,0.00000,0.00000,0.00000,0.00000,0.00000,0.00000,0.00000,0.00000,0.00000,0.00000,0.00000,0.00000,0.00000,0.00000,0.00000,0.00000,0.00000,0.00000,0.00000,0.00324,0.02241,0.00000,0.00000,0.02583,0.05660,0.00000,0.00000,0.00000,0.00000,0.00000,0.00000,0.00000,0.00000,0.00000,0.01934,0.20460,0.00000,0.00000,0.00000,0.00000,0.00000,0.01928,0.00000,0.00000,0.00000,0.01268,0.23196,0.00088,0.00000,0.00000,0.00000,0.00000,0.00000,0.00000,0.00000,0.00000,0.00000,0.20938,0.00413,0.00000,0.00000,0.00000,0.00000,0.00000,0.00000,0.00000,0.00000,0.00000,0.00000,0.90000,0.65077,1.90950,0.60300,0.59200,2.20950,0.90200,0,0.00000,0.65077,0.00000,0.00000,0.00000,0.59200,0.60300,5.00000
294,0.00000,0.00000,0.00000,0.00000,0.00000,0.00000,0.00000,0.00000,0.00000,0.00000,0.00000,0.00000,0.00000,0.00000,0.00000,0.00000,0.00000,0.00000,0.00000,0.00000,0.00000,0.00000,0.00000,0.00000,0.00000,0.00000,0.00000,0.00000,0.00000,0.00000,0.00000,0.00000,0.00000,0.00000,0.00000,0.00000,0.00000,0.00000,0.00000,0.00000,0.00000,0.00000,0.00000,0.00000,0.00000,0.00000,0.00000,0.00000,0.00000,0.00000,0.00000,0.00000,0.00000,0.00000,0.00000,0.00000,0.00000,0.00000,0.00000,0.00000,0.00000,0.00000,0.00000,0.00000,0.00000,0.00000,0.06792,0.00000,0.00000,0.00000,0.00000,0.04546,0.00000,0.00000,0.00000,0.00000,0.00000,0.17370,0.05324,0.00000,0.00000,0.00000,0.00000,0.18909,0.00000,0.00000,0.00000,0.00000,0.18013,0.06468,0.00000,0.00000,0.00000,0.00000,0.00000,0.03821,0.00513,0.00000,0.00000,0.00000,0.07199,0.00000,0.00000,0.00000,0.00000,0.00000,0.00000,0.00000,0.00000,0.00000,0.00000,0.00000,0.00000,0.65077,2.20350,0.56100,0.54900,2.15150,0.87000,0,0.90000,0.65077,0.00000,0.00000,0.00000,0.54900,0.56100,3.30050
295,0.00000,0.00000,0.00000,0.00000,0.00000,0.00000,0.00000,0.00000,0.00000,0.00000,0.00000,0.00000,0.00000,0.00000,0.00000,0.00000,0.00000,0.00000,0.00000,0.00000,0.00000,0.00000,0.00000,0.00000,0.00000,0.00000,0.00000,0.00000,0.00000,0.00000,0.00000,0.00000,0.00000,0.00000,0.00000,0.00000,0.00000,0.00000,0.00000,0.00000,0.00000,0.00000,0.00000,0.00000,0.00000,0.00000,0.00000,0.00000,0.00000,0.00000,0.00000,0.00000,0.00000,0.00000,0.00000,0.00000,0.00000,0.00000,0.00000,0.00000,0.00000,0.00000,0.00000,0.00000,0.00000,0.00831,0.00000,0.00000,0.00000,0.00000,0.00000,0.00000,0.00000,0.00000,0.00000,0.00000,0.05348,0.16073,0.00000,0.00000,0.00000,0.00000,0.03603,0.11450,0.00000,0.00000,0.00000,0.00000,0.18662,0.00000,0.00000,0.00000,0.00000,0.00000,0.00000,0.09764,0.00000,0.00000,0.00000,0.00000,0.00000,0.00000,0.00000,0.00000,0.00000,0.00000,0.00000,0.00000,0.00000,0.00000,0.00000,0.00000,0.90000,0.65077,0.52750,0.50700,0.51100,3.84150,0.83500,0,0.90000,0.65077,0.00000,0.00000,0.00000,0.50700,0.51000,2.57550
296,0.00000,0.00000,0.00000,0.00000,0.00000,0.00000,0.00000,0.00000,0.00000,0.00000,0.00000,0.00000,0.00000,0.00000,0.00000,0.00000,0.00000,0.00000,0.00000,0.00000,0.00000,0.00000,0.00000,0.00000,0.00000,0.00000,0.00000,0.00000,0.00000,0.00000,0.00000,0.00000,0.00000,0.00000,0.00000,0.00000,0.00000,0.00000,0.00000,0.00000,0.00000,0.00000,0.00000,0.00000,0.00000,0.00000,0.00000,0.00000,0.00000,0.00000,0.00000,0.00000,0.00000,0.00000,0.00000,0.00000,0.00000,0.00000,0.00000,0.00000,0.00000,0.00000,0.00000,0.00000,0.00000,0.00000,0.00000,0.00000,0.00000,0.00000,0.00000,0.00000,0.00000,0.00000,0.00000,0.00442,0.14340,0.00236,0.00000,0.00000,0.00000,0.00000,0.11692,0.00000,0.00000,0.00000,0.00000,0.00124,0.07005,0.00000,0.00000,0.00000,0.00000,0.00000,0.05271,0.11922,0.00000,0.00000,0.00000,0.00000,0.00000,0.00000,0.00000,0.00000,0.00000,0.00000,0.00000,0.01716,0.00000,0.00000,0.00000,0.00000,0.90000,0.65077,0.52800,0.48700,1.99400,4.20150,0.81800,0,0.90000,0.65077,0.00000,0.00000,0.00000,0.50000,0.48700,2.12750
297,0.00000,0.00000,0.00000,0.00000,0.00000,0.00000,0.00000,0.00000,0.00000,0.00000,0.00000,0.00000,0.00000,0.00000,0.00000,0.00000,0.00000,0.00000,0.00000,0.00000,0.00000,0.00000,0.00000,0.00000,0.00000,0.00000,0.00000,0.00000,0.00000,0.00000,0.00000,0.00000,0.00000,0.00000,0.00000,0.00000,0.00000,0.00000,0.00000,0.00000,0.00000,0.00000,0.00000,0.00000,0.00000,0.00000,0.00000,0.00000,0.00000,0.00000,0.00000,0.00000,0.00000,0.00000,0.00000,0.00000,0.00000,0.00000,0.00000,0.00000,0.01026,0.08968,0.00000,0.00000,0.00000,0.00000,0.00000,0.00000,0.00000,0.00000,0.00000,0.00000,0.00000,0.03679,0.00000,0.02866,0.00000,0.00000,0.00000,0.00000,0.00000,0.00000,0.06899,0.00000,0.00000,0.00000,0.00000,0.08632,0.00000,0.00000,0.00000,0.00000,0.00000,0.00000,0.12506,0.00000,0.00000,0.00000,0.00000,0.00000,0.00000,0.00000,0.00000,0.00000,0.00000,0.00000,0.01893,0.00000,0.00000,0.00000,0.00000,0.00000,0.90000,0.65077,0.45800,0.45300,2.03250,4.81450,0.78200,0,0.90000,0.64354,0.00000,0.00000,0.00000,2.03250,0.45300,3.78150
298,0.00000,0.00000,0.00000,0.00000,0.00000,0.00000,0.00000,0.00000,0.00000,0.00000,0.00000,0.00000,0.00000,0.00000,0.00000,0.00000,0.00000,0.00000,0.00000,0.00000,0.00000,0.00000,0.00000,0.00000,0.00000,0.00000,0.00000,0.00000,0.00000,0.00000,0.00000,0.00000,0.00000,0.00000,0.00000,0.00000,0.00000,0.00000,0.00000,0.00000,0.00000,0.00000,0.00000,0.00000,0.00000,0.00000,0.00000,0.00000,0.00000,0.00000,0.00000,0.00000,0.00000,0.00000,0.00000,0.00000,0.00000,0.00000,0.00000,0.00000,0.01114,0.00495,0.00000,0.00000,0.00000,0.00000,0.00000,0.00000,0.00000,0.00000,0.00000,0.00000,0.00053,0.05601,0.03638,0.00012,0.00000,0.00000,0.00000,0.00000,0.00000,0.02919,0.00000,0.00000,0.00000,0.00000,0.01321,0.14369,0.00000,0.00000,0.00000,0.00000,0.00000,0.11533,0.04210,0.00000,0.00000,0.00000,0.00000,0.00000,0.00000,0.00000,0.00000,0.00000,0.00000,0.00000,0.05006,0.00000,0.00000,0.00000,0.00000,0.00000,0.90000,0.64354,0.45050,0.42400,1.99950,5.00000,0.85400,0,0.90000,0.65077,0.00000,0.00000,0.00000,3.59200,0.42400,3.84550
299,0.00000,0.00000,0.00000,0.00000,0.00000,0.00000,0.00000,0.00000,0.00000,0.00000,0.00000,0.00000,0.00000,0.00000,0.00000,0.00000,0.00000,0.00000,0.00000,0.00000,0.00000,0.00000,0.00000,0.00000,0.00000,0.00000,0.00000,0.00000,0.00000,0.00000,0.00000,0.00000,0.00000,0.00000,0.00000,0.00000,0.00000,0.00000,0.00000,0.00000,0.00000,0.00000,0.00000,0.00000,0.00000,0.00000,0.00018,0.00000,0.00000,0.00000,0.00000,0.00000,0.00000,0.00000,0.00000,0.00000,0.00000,0.00000,0.00000,0.00177,0.04086,0.00000,0.00000,0.00000,0.00000,0.00000,0.00000,0.00000,0.00000,0.00000,0.00000,0.00000,0.02423,0.02936,0.00495,0.00000,0.00000,0.00000,0.00000,0.00000,0.00000,0.00000,0.00000,0.00000,0.00000,0.00000,0.10554,0.15024,0.01026,0.00000,0.00000,0.00000,0.00000,0.00000,0.00000,0.00000,0.00000,0.00000,0.00000,0.00265,0.00000,0.00000,0.00000,0.00000,0.00000,0.00000,0.00000,0.00000,0.00000,0.00000,0.00000,0.00000,0.90000,0.65077,0.43400,1.90300,3.02250,0.69800,0.82800,0,0.00000,0.71584,0.00000,0.00000,0.00000,3.45300,3.21200,3.69500
300,0.00000,0.00000,0.00000,0.00000,0.00000,0.00000,0.00000,0.00000,0.00000,0.00000,0.00000,0.00000,0.00000,0.00000,0.00000,0.00000,0.00000,0.00000,0.00000,0.00000,0.00000,0.00000,0.00000,0.00000,0.00000,0.00000,0.00000,0.00000,0.00000,0.00000,0.00000,0.00000,0.00000,0.00000,0.00000,0.00000,0.00000,0.00000,0.00000,0.00000,0.00000,0.00000,0.00000,0.00000,0.00000,0.00000,0.00000,0.00000,0.00000,0.00000,0.00000,0.00000,0.00000,0.00000,0.00000,0.00000,0.00000,0.00000,0.00000,0.00861,0.00059,0.00000,0.00000,0.00000,0.00000,0.00000,0.00000,0.00000,0.00000,0.00000,0.00000,0.00731,0.09068,0.03325,0.00000,0.00000,0.00000,0.00000,0.00000,0.00000,0.00000,0.00000,0.00000,0.00000,0.00000,0.02317,0.16633,0.09493,0.00000,0.00000,0.00000,0.00000,0.00000,0.00000,0.00000,0.00000,0.00000,0.00000,0.00000,0.07146,0.00000,0.00000,0.00000,0.00000,0.00000,0.00000,0.00000,0.00000,0.00000,0.00000,0.00000,0.00000,0.00000,0.71584,0.38300,1.88100,3.00700,0.69400,0.81400,0,0.00000,0.76644,0.00000,0.00000,0.00000,3.47700,0.38300,0.69400
301,0.00000,0.00000,0.00000,0.00000,0.00000,0.00000,0.00000,0.00000,0.00000,0.00000,0.00000,0.00000,0.00000,0.00000,0.00000,0.00000,0.00000,0.00000,0.00000,0.00000,0.00000,0.00000,0.00000,0.00000,0.00000,0.00000,0.00000,0.00000,0.00000,0.00000,0.00000,0.00000,0.00000,0.00000,0.00000,0.00000,0.00000,0.00000,0.00000,0.00000,0.00000,0.00000,0.00000,0.00000,0.00000,0.00000,0.00000,0.00000,0.00000,0.00000,0.00000,0.00000,0.00000,0.00000,0.00000,0.00000,0.00000,0.00000,0.00000,0.00000,0.00000,0.00000,0.00000,0.00000,0.00000,0.00000,0.00000,0.00000,0.00000,0.00000,0.00000,0.00407,0.08614,0.00177,0.00000,0.00000,0.00000,0.00000,0.00000,0.00000,0.00000,0.00000,0.00000,0.00000,0.00000,0.08272,0.16834,0.03992,0.00000,0.00000,0.00000,0.00000,0.00000,0.00000,0.00000,0.00000,0.00000,0.00000,0.00000,0.13284,0.00000,0.00000,0.00000,0.00000,0.00000,0.00000,0.00000,0.00000,0.00000,0.00000,0.00000,0.00000,0.00000,0.76644,0.35000,1.90450,3.16900,0.65300,0.86100,0,0.00000,0.72307,0.00000,0.00000,0.00000,3.58600,0.35000,0.65300
302,0.00000,0.00000,0.00000,0.00000,0.00000,0.00000,0.00000,0.00000,0.00000,0.00000,0.00000,0.00000,0.00000,0.00000,0.00000,0.00000,0.00000,0.00000,0.00000,0.00000,0.00000,0.00000,0.00000,0.00000,0.00000,0.00000,0.00000,0.00000,0.00000,0.00000,0.00000,0.00000,0.00000,0.00000,0.00000,0.00000,0.00000,0.00000,0.00000,0.00000,0.00000,0.00000,0.00000,0.00000,0.00000,0.00000,0.00000,0.00000,0.00000,0.00000,0.00000,0.00000,0.00000,0.00000,0.00000,0.00000,0.00000,0.00000,0.04033,0.00000,0.00000,0.00000,0.00000,0.00000,0.00000,0.00000,0.00000,0.00000,0.00000,0.00000,0.02246,0.14682,0.07960,0.00000,0.00000,0.00000,0.00000,0.00000,0.00000,0.00000,0.00000,0.00000,0.00000,0.00000,0.02370,0.09481,0.06315,0.00000,0.00000,0.00000,0.00000,0.00000,0.00000,0.00000,0.00000,0.00000,0.00000,0.00000,0.11421,0.17305,0.00000,0.00000,0.00000,0.00000,0.00000,0.00000,0.00000,0.00000,0.00000,0.00000,0.00000,0.00000,0.00000,0.72307,1.74900,1.80100,3.79100,0.65050,0.77400,0,0.00000,0.71584,0.00000,0.00000,0.00000,4.57400,4.35700,4.57400
303,0.00000,0.00000,0.00000,0.00000,0.00000,0.00000,0.00000,0.00000,0.00000,0.00000,0.00000,0.00000,0.00000,0.00000,0.00000,0.00000,0.00000,0.00000,0.00000,0.00000,0.00000,0.00000,0.00000,0.00000,0.00000,0.00000,0.00000,0.00000,0.00000,0.00000,0.00000,0.00000,0.00000,0.00000,0.00000,0.00000,0.00000,0.00000,0.00000,0.00000,0.00000,0.00000,0.00000,0.00000,0.00000,0.00000,0.00000,0.00000,0.00000,0.00000,0.00000,0.00000,0.00000,0.00000,0.00000,0.00000,0.00000,0.07889,0.00053,0.00000,0.00000,0.00000,0.00000,0.00000,0.00000,0.00000,0.00000,0.00000,0.00000,0.01380,0.16120,0.09935,0.00000,0.00000,0.00000,0.00000,0.00000,0.00000,0.00000,0.00000,0.00000,0.00000,0.00000,0.06792,0.10312,0.00000,0.00000,0.00000,0.00000,0.00000,0.00000,0.00000,0.00000,0.00000,0.00000,0.00000,0.00000,0.03231,0.15584,0.00059,0.00000,0.00000,0.00000,0.00000,0.00000,0.00000,0.00000,0.00000,0.00000,0.00000,0.01733,0.17883,0.00000,0.71584,0.20400,1.77250,4.19550,0.62350,0.75000,0,-0.70438,0.72307,0.00000,0.00000,0.00000,4.65100,0.20400,0.62350
304,0.00000,0.00000,0.00000,0.00000,0.00000,0.00000,0.00000,0.00000,0.00000,0.00000,0.00000,0.00000,0.00000,0.00000,0.00000,0.00000,0.00000,0.00000,0.00000,0.00000,0.00000,0.00000,0.00000,0.00000,0.00000,0.00000,0.00000,0.00000,0.00000,0.00000,0.00000,0.00000,0.00000,0.00000,0.00000,0.00000,0.00000,0.00000,0.00000,0.00000,0.00000,0.00000,0.00000,0.02353,0.00000,0.00000,0.00000,0.00000,0.00000,0.00000,0.00000,0.00000,0.00000,0.00000,0.00000,0.00000,0.06769,0.03632,0.00000,0.00000,0.00000,0.00000,0.00000,0.00000,0.00000,0.00000,0.00000,0.00000,0.00000,0.14558,0.13620,0.00000,0.00000,0.00000,0.00000,0.00000,0.00000,0.00000,0.00000,0.00000,0.00000,0.00000,0.04463,0.18272,0.05389,0.00000,0.00000,0.00000,0.00407,0.00000,0.00000,0.00000,0.00000,0.00000,0.00000,0.00000,0.04068,0.00000,0.00000,0.00000,0.00000,0.00000,0.00000,0.00000,0.00000,0.00000,0.00000,0.00000,0.00000,0.00000,0.04015,0.04528,-0.70438,0.72307,1.67300,1.71800,4.35700,0.47950,0.61600,0,-0.90000,0.72307,0.00000,0.00000,0.00000,4.81400,4.63800,0.47950
305,0.00000,0.00000,0.00000,0.00000,0.00000,0.00000,0.00000,0.00000,0.00000,0.00000,0.00000,0.00000,0.00000,0.00000,0.00000,0.00000,0.00000,0.00000,0.00000,0.00000,0.00000,0.00000,0.00000,0.00000,0.00000,0.00000,0.00000,0.00000,0.00000,0.00000,0.00000,0.00000,0.00000,0.00000,0.00000,0.00000,0.00000,0.00000,0.00000,0.00000,0.00000,0.00000,0.00000,0.00000,0.00000,0.00000,0.00000,0.00000,0.00000,0.00000,0.00000,0.00000,0.00000,0.00000,0.00000,0.00000,0.09599,0.02465,0.00000,0.00000,0.00000,0.00000,0.00000,0.00000,0.00000,0.00000,0.00000,0.00000,0.00006,0.17329,0.10383,0.00000,0.00000,0.00000,0.00000,0.00000,0.00000,0.00000,0.00000,0.00000,0.00000,0.00000,0.08903,0.17807,0.00088,0.00000,0.00000,0.00000,0.00000,0.00000,0.00000,0.00000,0.00000,0.00000,0.00000,0.01863,0.19310,0.05289,0.00000,0.00000,0.00000,0.00000,0.00000,0.00000,0.00000,0.00000,0.00000,0.00000,0.00000,0.03414,0.00000,0.00000,-0.90000,0.72307,1.60800,1.64350,4.01300,0.39850,0.53600,0,0.00000,0.72307,0.00000,0.00000,0.00000,4.35700,4.25600,0.39850
306,0.00000,0.00000,0.00000,0.00000,0.00000,0.00000,0.00000,0.00000,0.00000,0.00000,0.00000,0.00000,0.00000,0.00000,0.00000,0.00000,0.00000,0.00000,0.00000,0.00000,0.00000,0.00000,0.00000,0.00000,0.00000,0.00000,0.00000,0.00000,0.00000,0.00000,0.00000,0.00000,0.00000,0.00000,0.00000,0.00000,0.00000,0.00000,0.00000,0.00000,0.00000,0.00000,0.00000,0.00000,0.02936,0.00000,0.00000,0.00000,0.00000,0.00000,0.00000,0.00000,0.00000,0.00000,0.00000,0.00000,0.06350,0.14009,0.00000,0.00000,0.00000,0.00000,0.00000,0.00000,0.00000,0.00000,0.00000,0.00000,0.00000,0.06775,0.18485,0.00000,0.00000,0.00000,0.00000,0.00000,0.00000,0.00000,0.00000,0.00000,0.00000,0.00000,0.02907,0.20336,0.01557,0.00000,0.00000,0.00000,0.00000,0.00000,0.00000,0.00000,0.00000,0.00000,0.00000,0.00206,0.19499,0.05395,0.00000,0.00000,0.00000,0.00000,0.00000,0.00000,0.00000,0.00000,0.00000,0.00000,0.00000,0.14959,0.08992,0.00000,0.00000,0.72307,3.08800,1.57250,3.75700,4.63100,0.35400,0,0.00000,0.71584,0.00000,0.00000,0.00000,4.16800,3.90800,0.35400
307,0.00000,0.00000,0.00000,0.00000,0.00000,0.00000,0.00000,0.00000,0.00000,0.00000,0.00000,0.00000,0.00000,0.00000,0.00000,0.00000,0.00000,0.00000,0.00000,0.00000,0.00000,0.00000,0.00000,0.00000,0.00000,0.00000,0.00000,0.00000,0.00000,0.00000,0.00000,0.00000,0.00000,0.00000,0.00000,0.00000,0.00000,0.00000,0.00000,0.00000,0.00000,0.00000,0.00000,0.00000,0.00000,0.03821,0.00000,0.00000,0.00000,0.00000,0.00000,0.00000,0.00000,0.00000,0.00000,0.00000,0.00000,0.15336,0.08544,0.00000,0.00000,0.00000,0.00000,0.00000,0.00000,0.00000,0.00000,0.00000,0.00000,0.00000,0.15401,0.08939,0.00000,0.00000,0.00000,0.03449,0.00000,0.00000,0.00000,0.00000,0.00000,0.00000,0.00000,0.15619,0.08349,0.00000,0.00000,0.00000,0.00000,0.00000,0.00000,0.00000,0.00000,0.00000,0.00000,0.00000,0.14664,0.01468,0.00000,0.00000,0.00053,0.00000,0.00000,0.00000,0.00000,0.00000,0.00000,0.00000,0.00000,0.09534,0.03662,0.00000,0.00000,0.71584,2.78650,1.47500,1.50150,5.00000,0.32200,0,0.00000,0.71584,0.00000,0.00000,0.00000,4.64500,1.50150,0.32200
308,0.00000,0.00000,0.00000,0.00000,0.00000,0.00000,0.00000,0.00000,0.00000,0.00000,0.00000,0.00000,0.00000,0.00000,0.00000,0.00000,0.00000,0.00000,0.00000,0.00000,0.00000,0.00000,0.00000,0.00000,0.00000,0.00000,0.00000,0.00000,0.00000,0.00000,0.00000,0.00000,0.00000,0.00000,0.00000,0.00000,0.00000,0.00000,0.00000,0.00000,0.00000,0.00000,0.00000,0.00000,0.00000,0.01857,0.00000,0.00000,0.00000,0.00000,0.00000,0.00000,0.00000,0.00000,0.00000,0.00000,0.00000,0.12064,0.09676,0.00000,0.00000,0.00000,0.00000,0.00000,0.00000,0.00000,0.00000,0.00000,0.00000,0.00000,0.15849,0.07659,0.00000,0.00000,0.00000,0.03803,0.00000,0.00000,0.00000,0.00000,0.00000,0.00000,0.00000,0.17948,0.05932,0.00000,0.00000,0.00000,0.00000,0.00000,0.00000,0.00000,0.00000,0.00000,0.00000,0.00000,0.19422,0.03432,0.00000,0.00000,0.00000,0.00000,0.00000,0.00000,0.00000,0.00000,0.00000,0.00000,0.00000,0.02123,0.00000,0.00000,0.00000,0.71584,2.63050,1.40700,1.42900,5.00000,5.00000,0,0.00000,0.71584,0.00000,0.00000,0.00000,4.49650,1.42900,4.81450
309,0.00000,0.00000,0.00000,0.00000,0.00000,0.00000,0.00000,0.00000,0.00000,0.00000,0.00000,0.00000,0.00000,0.00000,0.00000,0.00000,0.00000,0.00000,0.00000,0.00000,0.00000,0.00000,0.00000,0.00000,0.00000,0.00000,0.00000,0.00000,0.00000,0.00000,0.00000,0.00000,0.00000,0.00000,0.00000,0.00000,0.00000,0.00000,0.00000,0.00000,0.00000,0.00000,0.00000,0.00000,0.00000,0.00000,0.00000,0.00000,0.00000,0.00000,0.00000,0.00000,0.00000,0.00000,0.00000,0.00000,0.00000,0.02759,0.11356,0.00000,0.00000,0.00000,0.00000,0.00000,0.00000,0.00000,0.00000,0.00000,0.00000,0.00000,0.14729,0.08408,0.00000,0.00000,0.00000,0.04121,0.00000,0.00071,0.00000,0.00000,0.00000,0.00000,0.00000,0.18892,0.03113,0.00000,0.00000,0.00000,0.00000,0.00035,0.00000,0.00000,0.00000,0.00000,0.00000,0.00000,0.22677,0.00814,0.00000,0.00000,0.00000,0.00000,0.00000,0.00000,0.00000,0.00000,0.00000,0.00000,0.00725,0.21191,0.00000,0.00000,0.00000,0.71584,2.74150,1.33700,1.35850,5.00000,5.00000,0,0.00000,0.71584,0.00000,0.00000,0.00000,4.30650,1.35850,4.51700
310,0.00000,0.00000,0.00000,0.00000,0.00000,0.00000,0.00000,0.00000,0.00000,0.00000,0.00000,0.00000,0.00000,0.00000,0.00000,0.00000,0.00000,0.00000,0.00000,0.00000,0.00000,0.00000,0.00000,0.00000,0.00000,0.00000,0.00000,0.00000,0.00000,0.00000,0.00000,0.00000,0.00000,0.00000,0.00000,0.00000,0.00000,0.00000,0.00000,0.00000,0.00000,0.00000,0.00000,0.00000,0.00000,0.00000,0.00000,0.00000,0.00000,0.00000,0.00000,0.00000,0.00000,0.00000,0.00000,0.00000,0.00000,0.00000,0.09870,0.00000,0.00000,0.00000,0.00000,0.00000,0.00000,0.00000,0.00000,0.00000,0.00000,0.00000,0.11958,0.10454,0.00000,0.00000,0.00000,0.04688,0.00000,0.04723,0.00000,0.00000,0.00000,0.00000,0.00000,0.19505,0.03491,0.00000,0.00000,0.00000,0.05578,0.10377,0.00000,0.00000,0.00000,0.00000,0.00000,0.00000,0.10295,0.00000,0.00000,0.00000,0.11586,0.00000,0.00000,0.00000,0.00000,0.00000,0.00000,0.00000,0.00000,0.00035,0.00000,0.00000,0.00000,0.71584,2.62450,1.26700,1.27900,5.00000,5.00000,0,0.00000,0.71584,0.00000,0.00000,0.00000,1.27900,1.28650,4.21400
311,0.00000,0.00000,0.00000,0.00000,0.00000,0.00000,0.00000,0.00000,0.00000,0.00000,0.00000,0.00000,0.00000,0.00000,0.00000,0.00000,0.00000,0.00000,0.00000,0.00000,0.00000,0.00000,0.00000,0.00000,0.00000,0.00000,0.00000,0.00000,0.00000,0.00000,0.00000,0.00000,0.00000,0.00000,0.00000,0.00000,0.00000,0.00000,0.00000,0.00000,0.00000,0.00000,0.00000,0.00000,0.00000,0.00000,0.00000,0.00000,0.00000,0.00000,0.00000,0.00000,0.00000,0.00000,0.00000,0.00000,0.00000,0.00000,0.14699,0.00000,0.00000,0.00000,0.00000,0.00000,0.00000,0.00000,0.03555,0.00000,0.00000,0.00000,0.09322,0.12736,0.00000,0.00000,0.00000,0.04033,0.00000,0.00053,0.00000,0.00000,0.00000,0.00000,0.00000,0.16940,0.05419,0.00000,0.00000,0.00000,0.03797,0.02624,0.00000,0.00000,0.00000,0.00000,0.00000,0.00000,0.21899,0.00018,0.00000,0.00000,0.16415,0.00000,0.00000,0.00000,0.00000,0.00000,0.00000,0.00000,0.02706,0.04971,0.00000,0.00000,0.00000,0.71584,2.58350,1.19100,1.20300,4.47900,5.00000,0,0.00000,0.71584,0.00000,0.00000,0.00000,1.20300,2.24750,3.89750
312,0.00000,0.00000,0.00000,0.00000,0.00000,0.00000,0.00000,0.00000,0.00000,0.00000,0.00000,0.00000,0.00000,0.00000,0.00000,0.00000,0.00000,0.00000,0.00000,0.00000,0.00000,0.00000,0.00000,0.00000,0.00000,0.00000,0.00000,0.00000,0.00000,0.00000,0.00000,0.00000,0.00000,0.00000,0.00000,0.00000,0.00000,0.00000,0.00000,0.00000,0.00000,0.00000,0.00000,0.00000,0.00000,0.00000,0.00000,0.00000,0.00000,0.00000,0.00000,0.00000,0.00000,0.00000,0.00000,0.00000,0.00000,0.00000,0.12789,0.00000,0.00000,0.00000,0.00000,0.00000,0.00000,0.00077,0.09617,0.00000,0.00000,0.00000,0.08420,0.13550,0.00000,0.00000,0.00000,0.03892,0.00000,0.09198,0.01132,0.00000,0.00000,0.00000,0.00000,0.18125,0.04074,0.00000,0.00000,0.00000,0.01840,0.00000,0.00000,0.00000,0.00000,0.00000,0.00000,0.00000,0.22659,0.00000,0.00000,0.00000,0.13726,0.00000,0.00000,0.00000,0.00000,0.00000,0.00000,0.00000,0.06562,0.13231,0.00000,0.00000,0.00000,0.71584,2.39650,1.11600,1.12300,4.92850,5.00000,0,0.00000,0.71584,0.00000,0.00000,0.00000,1.12300,2.18550,3.98000
313,0.00000,0.00000,0.00000,0.00000,0.00000,0.00000,0.00000,0.00000,0.00000,0.00000,0.00000,0.00000,0.00000,0.00000,0.00000,0.00000,0.00000,0.00000,0.00000,0.00000,0.00000,0.00000,0.00000,0.00000,0.00000,0.00000,0.00000,0.00000,0.00000,0.00000,0.00000,0.00000,0.00000,0.00000,0.00000,0.00000,0.00000,0.00000,0.00000,0.00000,0.00000,0.00000,0.00000,0.00000,0.00000,0.00000,0.00000,0.00000,0.00000,0.00000,0.00000,0.00000,0.00000,0.00000,0.00000,0.00000,0.00000,0.00000,0.11091,0.00000,0.00000,0.00000,0.00000,0.00000,0.00000,0.00000,0.07907,0.00000,0.00000,0.00000,0.08001,0.13950,0.00000,0.00000,0.00000,0.04298,0.00000,0.13880,0.02182,0.00000,0.00000,0.00000,0.00000,0.19481,0.02471,0.00000,0.00000,0.00000,0.01669,0.10890,0.00000,0.00000,0.00000,0.00000,0.00000,0.00083,0.20242,0.00000,0.00000,0.00000,0.00000,0.00000,0.00000,0.00000,0.00000,0.00000,0.00000,0.00000,0.08791,0.10808,0.00000,0.00000,0.00000,0.71584,2.48750,1.04000,1.04300,5.00000,5.00000,0,0.00000,0.71584,0.00000,0.00000,0.00000,1.04300,2.11350,4.44850
314,0.00000,0.00000,0.00000,0.00000,0.00000,0.00000,0.00000,0.00000,0.00000,0.00000,0.00000,0.00000,0.00000,0.00000,0.00000,0.00000,0.00000,0.00000,0.00000,0.00000,0.00000,0.00000,0.00000,0.00000,0.00000,0.00000,0.00000,0.00000,0.00000,0.00000,0.00000,0.00000,0.00000,0.00000,0.00000,0.00000,0.00000,0.00000,0.00000,0.00000,0.00000,0.00000,0.00000,0.00000,0.00000,0.00000,0.00000,0.00000,0.00000,0.00000,0.00000,0.00000,0.00000,0.00000,0.00000,0.00000,0.00000,0.00000,0.06297,0.00000,0.00000,0.00000,0.00000,0.00000,0.00000,0.00000,0.05236,0.00000,0.00000,0.00000,0.07759,0.14228,0.00000,0.00000,0.00000,0.00000,0.00000,0.12818,0.06091,0.00000,0.00000,0.00000,0.00000,0.20525,0.01551,0.00000,0.00000,0.00000,0.07854,0.14416,0.00000,0.00000,0.00000,0.00000,0.00000,0.00601,0.21262,0.00000,0.00000,0.00000,0.18768,0.00000,0.00000,0.00000,0.00000,0.00000,0.00000,0.00000,0.11197,0.01309,0.00000,0.00000,0.00000,0.71584,2.64500,0.93400,0.96500,5.00000,5.00000,0,0.00000,0.71584,0.00000,0.00000,0.00000,0.96500,2.63450,5.00000
315,0.00000,0.00000,0.00000,0.00000,0.00000,0.00000,0.00000,0.00000,0.00000,0.00000,0.00000,0.00000,0.00000,0.00000,0.00000,0.00000,0.00000,0.00000,0.00000,0.00000,0.00000,0.00000,0.00000,0.00000,0.00000,0.00000,0.00000,0.00000,0.00000,0.00000,0.00000,0.00000,0.00000,0.00000,0.00000,0.00000,0.00000,0.00000,0.00000,0.00000,0.00000,0.00000,0.00000,0.00000,0.00000,0.00000,0.00000,0.00000,0.00000,0.00000,0.00000,0.00000,0.00000,0.00000,0.00000,0.00000,0.00000,0.00000,0.01167,0.00177,0.00000,0.00000,0.00000,0.00000,0.00000,0.00000,0.00195,0.00000,0.00000,0.00000,0.01651,0.18921,0.00000,0.00000,0.00000,0.00000,0.00000,0.06492,0.00654,0.00000,0.00000,0.00000,0.00000,0.15879,0.05825,0.00000,0.00000,0.00000,0.01981,0.19882,0.00000,0.00000,0.00000,0.00000,0.00000,0.00000,0.21226,0.00000,0.00000,0.00000,0.21392,0.00206,0.00000,0.00000,0.00000,0.00000,0.00000,0.00000,0.09092,0.10772,0.00000,0.00000,0.00000,0.71584,2.54500,0.85400,0.88600,5.00000,5.00000,0,0.00000,0.71584,0.00000,0.00000,0.00000,0.88600,2.73550,5.00000
316,0.00000,0.00000,0.00000,0.00000,0.00000,0.00000,0.00000,0.00000,0.00000,0.00000,0.00000,0.00000,0.00000,0.00000,0.00000,0.00000,0.00000,0.00000,0.00000,0.00000,0.00000,0.00000,0.00000,0.00000,0.00000,0.00000,0.00000,0.00000,0.00000,0.00000,0.00000,0.00000,0.00000,0.00000,0.00000,0.00000,0.00000,0.00000,0.00000,0.00000,0.00000,0.00000,0.00000,0.00000,0.00000,0.00000,0.00000,0.00000,0.00000,0.00000,0.00000,0.00000,0.00000,0.00000,0.00000,0.00000,0.00000,0.00000,0.00000,0.00000,0.00000,0.00000,0.00000,0.00000,0.00000,0.00000,0.05006,0.00000,0.00000,0.00000,0.00000,0.17636,0.00000,0.00000,0.00000,0.00000,0.00000,0.01822,0.05377,0.00000,0.00000,0.00000,0.00000,0.08774,0.11745,0.00000,0.00000,0.00000,0.00855,0.15896,0.00000,0.00000,0.00000,0.00000,0.00000,0.00000,0.21686,0.00000,0.00000,0.00000,0.20560,0.00737,0.00000,0.00000,0.00000,0.00000,0.00000,0.00000,0.03485,0.14116,0.00000,0.00000,0.00000,0.71584,2.47300,0.81400,0.85100,5.00000,5.00000,0,0.00000,0.71584,0.00000,0.00000,0.00000,0.85100,0.81900,5.00000
317,0.00000,0.00000,0.00000,0.00000,0.00000,0.00000,0.00000,0.00000,0.00000,0.00000,0.00000,0.00000,0.00000,0.00000,0.00000,0.00000,0.00000,0.00000,0.00000,0.00000,0.00000,0.00000,0.00000,0.00000,0.00000,0.00000,0.00000,0.00000,0.00000,0.00000,0.00000,0.00000,0.00000,0.00000,0.00000,0.00000,0.00000,0.00000,0.00000,0.00000,0.00000,0.00000,0.00000,0.00000,0.00000,0.00000,0.00000,0.00000,0.00000,0.00000,0.00000,0.00000,0.00000,0.00000,0.00000,0.00000,0.00000,0.00000,0.00000,0.00000,0.00000,0.00000,0.00000,0.00000,0.00000,0.00000,0.03078,0.00584,0.00000,0.00000,0.00000,0.11244,0.00342,0.00000,0.00501,0.00348,0.00000,0.00000,0.11763,0.00000,0.00000,0.00000,0.00000,0.01810,0.16338,0.00000,0.00000,0.07058,0.00000,0.00301,0.00000,0.00000,0.00000,0.00000,0.00000,0.00000,0.04988,0.02087,0.00000,0.00000,0.13296,0.01863,0.00000,0.00000,0.00000,0.00000,0.00000,0.00000,0.00106,0.16963,0.00000,0.00000,0.00000,0.71584,2.38700,0.69700,0.72400,0.73300,5.00000,0,0.00000,0.71584,0.00000,0.00000,0.00000,2.41350,0.69700,0.72400
318,0.00000,0.00000,0.00000,0.00000,0.00000,0.00000,0.00000,0.00000,0.00000,0.00000,0.00000,0.00000,0.00000,0.00000,0.00000,0.00000,0.00000,0.00000,0.00000,0.00000,0.00000,0.00000,0.00000,0.00000,0.00000,0.00000,0.00000,0.00000,0.00000,0.00000,0.00000,0.00000,0.00000,0.00000,0.00000,0.00000,0.00000,0.00000,0.00000,0.00000,0.00000,0.00000,0.00000,0.00000,0.00000,0.00000,0.00000,0.00000,0.00000,0.00000,0.00000,0.00000,0.00000,0.00000,0.00000,0.00991,0.00124,0.00000,0.00000,0.00000,0.00000,0.00000,0.00000,0.00000,0.00000,0.00000,0.00000,0.05837,0.00000,0.00000,0.00000,0.00000,0.05324,0.00442,0.00000,0.00000,0.00000,0.00000,0.18856,0.01574,0.00000,0.00000,0.00000,0.00000,0.21085,0.00000,0.07871,0.11710,0.00000,0.14575,0.07535,0.00000,0.00000,0.00000,0.00000,0.00000,0.07164,0.14080,0.00000,0.00000,0.00000,0.07182,0.00000,0.00000,0.00000,0.00000,0.00000,0.00000,0.00000,0.07341,0.00000,0.00000,0.00000,0.71584,2.35700,0.61800,0.82100,0.64700,5.00000,0,0.00000,0.71584,0.00000,0.00000,0.00000,2.53350,0.61800,0.64700
319,0.00000,0.00000,0.00000,0.00000,0.00000,0.00000,0.00000,0.00000,0.00000,0.00000,0.00000,0.00000,0.00000,0.00000,0.00000,0.00000,0.00000,0.00000,0.00000,0.00000,0.00000,0.00000,0.00000,0.00000,0.00000,0.00000,0.00000,0.00000,0.00000,0.00000,0.00000,0.00000,0.00000,0.00000,0.00000,0.00000,0.00000,0.00000,0.00000,0.00000,0.00000,0.00000,0.00000,0.00000,0.00000,0.00000,0.00000,0.00000,0.00000,0.00000,0.00000,0.00000,0.00000,0.00000,0.00000,0.00000,0.00000,0.00000,0.00000,0.00000,0.00000,0.00000,0.00000,0.00000,0.00000,0.00000,0.00000,0.01433,0.00000,0.00000,0.00000,0.00000,0.00000,0.00000,0.00000,0.00000,0.00000,0.00000,0.14275,0.05713,0.00000,0.00000,0.00000,0.00000,0.16627,0.00743,0.03237,0.09428,0.00000,0.08862,0.14027,0.00000,0.00000,0.00000,0.00000,0.00000,0.01167,0.19847,0.00000,0.01716,0.02588,0.18762,0.00000,0.00000,0.00000,0.00000,0.00000,0.00000,0.00000,0.15377,0.04788,0.00000,0.00000,0.71584,2.37000,0.54000,1.15300,0.57100,5.00000,0,0.00000,0.71584,0.00000,0.00000,0.00000,2.65650,0.54000,0.57100
320,0.00000,0.00000,0.00000,0.00000,0.00000,0.00000,0.00000,0.00000,0.00000,0.00000,0.00000,0.00000,0.00000,0.00000,0.00000,0.00000,0.00000,0.00000,0.00000,0.00000,0.00000,0.00000,0.00000,0.00000,0.00000,0.00000,0.00000,0.00000,0.00000,0.00000,0.00000,0.00000,0.00000,0.00000,0.00000,0.00000,0.00000,0.00000,0.00000,0.00000,0.00000,0.00000,0.00000,0.00000,0.00000,0.00000,0.00000,0.00000,0.00000,0.00000,0.00000,0.00000,0.00000,0.00000,0.00000,0.00000,0.00000,0.00000,0.00000,0.00000,0.00000,0.00000,0.00000,0.00000,0.00000,0.00000,0.00000,0.00000,0.00000,0.00000,0.00000,0.00000,0.00000,0.00000,0.00000,0.00000,0.00000,0.00000,0.07129,0.05767,0.00000,0.00000,0.00000,0.00000,0.01733,0.07358,0.02347,0.00059,0.00000,0.01386,0.21344,0.00000,0.00000,0.00000,0.00000,0.00000,0.00000,0.21297,0.01309,0.12170,0.00000,0.21509,0.00531,0.00000,0.00000,0.00000,0.00000,0.00000,0.00000,0.04463,0.15454,0.00000,0.00000,0.71584,2.31800,0.50100,1.11350,0.70600,5.00000,0,0.00000,0.71584,0.00000,0.00000,0.00000,3.75500,0.50100,0.70600
321,0.00000,0.00000,0.00000,0.00000,0.00000,0.00000,0.00000,0.00000,0.00000,0.00000,0.00000,0.00000,0.00000,0.00000,0.00000,0.00000,0.00000,0.00000,0.00000,0.00000,0.00000,0.00000,0.00000,0.00000,0.00000,0.00000,0.00000,0.00000,0.00000,0.00000,0.00000,0.00000,0.00000,0.00000,0.00000,0.00000,0.00000,0.00000,0.00000,0.00000,0.00000,0.00000,0.00000,0.00000,0.00000,0.00000,0.00000,0.00000,0.00000,0.00000,0.00000,0.00000,0.00000,0.00000,0.00000,0.00000,0.00000,0.00000,0.00000,0.00000,0.00000,0.00000,0.00000,0.00000,0.00000,0.00000,0.00000,0.00000,0.00000,0.00000,0.00000,0.00000,0.00000,0.00000,0.00000,0.00000,0.00000,0.00000,0.00495,0.04015,0.00000,0.00000,0.00000,0.00000,0.00000,0.00000,0.00000,0.00000,0.00230,0.00000,0.20554,0.00478,0.00000,0.00000,0.00000,0.00000,0.00000,0.06692,0.04328,0.02636,0.00000,0.14676,0.08125,0.00000,0.00000,0.00000,0.00000,0.00000,0.00000,0.00000,0.18626,0.00000,0.00000,0.71584,2.16700,0.42400,1.03200,0.44700,5.00000,0,0.56914,0.71584,0.00000,0.00000,0.00000,1.59700,0.42400,0.44700
322,0.00000,0.00000,0.00000,0.00000,0.00000,0.00000,0.00000,0.00000,0.00000,0.00000,0.00000,0.00000,0.00000,0.00000,0.00000,0.00000,0.00000,0.00000,0.00000,0.00000,0.00000,0.00000,0.00000,0.00000,0.00000,0.00000,0.00000,0.00000,0.00000,0.00000,0.00000,0.00000,0.00000,0.00000,0.00000,0.00000,0.00000,0.00000,0.00000,0.00000,0.00000,0.00000,0.00000,0.00000,0.00000,0.00000,0.00000,0.00000,0.00000,0.00000,0.00000,0.00000,0.00000,0.00000,0.00000,0.00000,0.00000,0.00000,0.00000,0.00000,0.00000,0.00000,0.00000,0.00000,0.00000,0.00000,0.00000,0.00000,0.00000,0.00000,0.00000,0.00000,0.00000,0.00000,0.00000,0.00000,0.00000,0.00000,0.00000,0.00000,0.00000,0.00000,0.00000,0.00000,0.00000,0.00000,0.00000,0.00000,0.00460,0.00000,0.12188,0.00000,0.00000,0.00000,0.00000,0.00000,0.00000,0.00000,0.02123,0.00000,0.02689,0.08325,0.12936,0.00000,0.00000,0.00000,0.00000,0.00000,0.00000,0.00000,0.08013,0.05678,0.56914,0.71584,0.33450,0.37000,0.99850,0.38700,0.38700,0,0.00000,0.71584,0.00000,0.00000,0.00000,3.66350,0.33450,0.38700
323,0.00000,0.00000,0.00000,0.00000,0.00000,0.00000,0.00000,0.00000,0.00000,0.00000,0.00000,0.00000,0.00000,0.00000,0.00000,0.00000,0.00000,0.00000,0.00000,0.00000,0.00000,0.00000,0.00000,0.00000,0.00000,0.00000,0.00000,0.00000,0.00000,0.00000,0.00000,0.00000,0.00000,0.00000,0.00000,0.00000,0.00000,0.00000,0.00000,0.00000,0.00000,0.00000,0.00000,0.00000,0.00000,0.00000,0.00000,0.00000,0.00000,0.00000,0.00000,0.00000,0.00000,0.00000,0.00000,0.00000,0.00000,0.00000,0.00000,0.00000,0.00000,0.00000,0.00000,0.00000,0.00000,0.00000,0.00000,0.00000,0.00000,0.00000,0.00000,0.00000,0.00000,0.00000,0.00000,0.00000,0.00000,0.00000,0.00000,0.00000,0.00000,0.00000,0.00000,0.00000,0.00000,0.00000,0.00000,0.00000,0.00000,0.00000,0.00000,0.00000,0.00000,0.00000,0.00000,0.00000,0.00071,0.00000,0.00000,0.00000,0.00725,0.12388,0.02895,0.00000,0.00000,0.00000,0.00000,0.00000,0.00000,0.00000,0.00690,0.00000,0.00000,0.71584,0.29500,0.53700,1.12550,0.31900,0.32100,0,0.00000,0.72307,0.00000,0.00000,0.00000,1.97250,0.29500,0.31900
324,0.00000,0.00000,0.00000,0.00000,0.00000,0.00000,0.00000,0.00000,0.00000,0.00000,0.00000,0.00000,0.00000,0.00000,0.00000,0.00000,0.00000,0.00000,0.00000,0.00000,0.00000,0.00000,0.00000,0.00000,0.00000,0.00000,0.00000,0.00000,0.00000,0.00000,0.00000,0.00000,0.00000,0.00000,0.00000,0.00000,0.00000,0.00000,0.00000,0.00000,0.00000,0.00000,0.00000,0.00000,0.00000,0.00000,0.00000,0.00000,0.00000,0.00000,0.00000,0.00000,0.00000,0.00000,0.00000,0.00000,0.00000,0.00000,0.00000,0.00000,0.00000,0.00000,0.00000,0.00000,0.00000,0.00000,0.00000,0.00000,0.00000,0.00000,0.00000,0.00000,0.00000,0.00000,0.00000,0.00000,0.00000,0.00000,0.00000,0.00000,0.00000,0.00000,0.00000,0.00000,0.00000,0.00000,0.00000,0.00000,0.00000,0.00000,0.00000,0.00000,0.00000,0.00000,0.00000,0.00000,0.03750,0.00000,0.01197,0.02482,0.00088,0.00000,0.00000,0.00000,0.00000,0.00000,0.00000,0.00000,0.01574,0.00000,0.00000,0.00000,0.00000,0.72307,0.34600,0.64500,1.16350,0.25200,0.25200,0,0.00000,0.71584,0.00000,0.00000,0.00000,1.23950,0.34600,0.25200
325,0.00000,0.00000,0.00000,0.00000,0.00000,0.00000,0.00000,0.00000,0.00000,0.00000,0.00000,0.00000,0.00000,0.00000,0.00000,0.00000,0.00000,0.00000,0.00000,0.00000,0.00000,0.00000,0.00000,0.00000,0.00000,0.00000,0.00000,0.00000,0.00000,0.00000,0.00000,0.00000,0.00000,0.00000,0.00000,0.00000,0.00000,0.00000,0.00000,0.00000,0.00000,0.00000,0.00000,0.00000,0.00000,0.00000,0.00000,0.00000,0.00000,0.00000,0.00000,0.00000,0.00000,0.00000,0.00000,0.00000,0.00000,0.00000,0.00000,0.00000,0.00000,0.00000,0.00000,0.00000,0.00000,0.00000,0.00000,0.00000,0.00000,0.00000,0.00000,0.00000,0.00000,0.00000,0.00000,0.00000,0.00000,0.00000,0.00000,0.00000,0.00000,0.00000,0.00000,0.00000,0.00000,0.00000,0.00000,0.00000,0.00000,0.00000,0.00000,0.00000,0.00000,0.00000,0.00000,0.00000,0.00000,0.00000,0.01928,0.00000,0.00000,0.00725,0.00000,0.00000,0.00000,0.00000,0.00000,0.00000,0.00000,0.15884,0.05678,0.08827,0.00000,0.71584,0.31800,0.63200,1.06450,0.22400,0.22000,0,0.00000,0.71584,0.00000,0.00000,0.00000,1.06450,0.31800,0.22000
326,0.00000,0.00000,0.00000,0.00000,0.00000,0.00000,0.00000,0.00000,0.00000,0.00000,0.00000,0.00000,0.00000,0.00000,0.00000,0.00000,0.00000,0.00000,0.00000,0.00000,0.00000,0.00000,0.00000,0.00000,0.00000,0.00000,0.00000,0.00000,0.00000,0.00000,0.00000,0.00000,0.00000,0.00000,0.00000,0.00000,0.00000,0.00000,0.00000,0.00000,0.00000,0.00000,0.00000,0.00000,0.00000,0.00000,0.00000,0.00000,0.00000,0.00000,0.00000,0.00000,0.00000,0.00000,0.00000,0.00000,0.00000,0.00000,0.00000,0.00000,0.00000,0.00000,0.00000,0.00000,0.00000,0.00000,0.00000,0.00000,0.00000,0.00000,0.00000,0.00000,0.00000,0.00000,0.00000,0.00000,0.00000,0.00000,0.00000,0.00000,0.00000,0.00000,0.00000,0.00000,0.00000,0.00000,0.00000,0.00000,0.00000,0.00000,0.00000,0.00000,0.00000,0.00000,0.00000,0.00000,0.00000,0.00000,0.00000,0.00000,0.00000,0.00000,0.00000,0.00000,0.00000,0.00000,0.00000,0.00000,0.00000,0.00000,0.00000,0.00000,0.00000,0.71584,0.34100,0.81700,0.80800,0.24400,0.13900,0,-0.24904,0.71584,0.00000,0.00000,0.00000,0.24400,0.34100,0.13900
327,0.00000,0.00000,0.00000,0.00000,0.00000,0.00000,0.00000,0.00000,0.00000,0.00000,0.00000,0.00000,0.00000,0.00000,0.00000,0.00000,0.00000,0.00000,0.00000,0.00000,0.00000,0.00000,0.00000,0.00000,0.00000,0.00000,0.00000,0.00000,0.00000,0.00000,0.00000,0.00000,0.00000,0.00000,0.00000,0.00000,0.00000,0.00000,0.00000,0.00000,0.00000,0.00000,0.00000,0.00000,0.00000,0.00000,0.00000,0.00000,0.00000,0.00000,0.00000,0.00000,0.00000,0.00000,0.00000,0.00000,0.00000,0.00000,0.00000,0.00000,0.00000,0.00000,0.00000,0.00000,0.00000,0.00000,0.00000,0.00000,0.00000,0.00000,0.00000,0.00000,0.00000,0.00000,0.00000,0.00053,0.00000,0.00000,0.00000,0.00000,0.00000,0.00000,0.00000,0.00000,0.00000,0.00513,0.00000,0.00000,0.00000,0.00000,0.00000,0.00000,0.00000,0.00000,0.00000,0.00000,0.00955,0.00088,0.00000,0.00000,0.00000,0.00000,0.00000,0.00000,0.00000,0.00000,0.00000,0.00000,0.07075,0.06167,0.00130,0.00000,-0.24904,0.71584,0.43800,0.97200,0.34400,0.18200,0.18300,0,0.00000,0.70861,0.00000,0.00000,0.00000,0.18200,1.24750,0.18800
328,0.00000,0.00000,0.00000,0.00000,0.00000,0.00000,0.00000,0.00000,0.00000,0.00000,0.00000,0.00000,0.00000,0.00000,0.00000,0.00000,0.00000,0.00000,0.00000,0.00000,0.00000,0.00000,0.00000,0.00000,0.00000,0.00000,0.00000,0.00000,0.00000,0.00000,0.00000,0.00000,0.00000,0.00000,0.00000,0.00000,0.00000,0.00000,0.00000,0.00000,0.00000,0.00000,0.00000,0.00000,0.00000,0.00000,0.00000,0.00000,0.00000,0.00000,0.00000,0.00000,0.00000,0.00000,0.00000,0.00000,0.00000,0.00000,0.00000,0.00000,0.00000,0.00000,0.00000,0.00000,0.00000,0.00000,0.00000,0.00000,0.00000,0.00000,0.00000,0.00000,0.00000,0.00000,0.00000,0.00000,0.00000,0.00000,0.00000,0.00000,0.00000,0.00000,0.00000,0.00000,0.00000,0.00000,0.00000,0.00000,0.00000,0.00000,0.00000,0.00000,0.00000,0.00000,0.00000,0.00000,0.00000,0.00000,0.00000,0.00000,0.00000,0.00000,0.00000,0.00000,0.00000,0.00000,0.00000,0.00000,0.00000,0.00000,0.00000,0.00000,0.00000,0.70861,0.37500,0.70200,0.42800,0.24900,0.12200,0,-0.90000,0.70861,0.00000,0.00000,0.00000,0.12200,1.52800,0.12500
329,0.00000,0.00000,0.00000,0.00000,0.00000,0.00000,0.00000,0.00000,0.00000,0.00000,0.00000,0.00000,0.00000,0.00000,0.00000,0.00000,0.00000,0.00000,0.00000,0.00000,0.00000,0.00000,0.00000,0.00000,0.00000,0.00000,0.00000,0.00000,0.00000,0.00000,0.00000,0.00000,0.00000,0.00000,0.00000,0.00000,0.00000,0.00000,0.00000,0.00000,0.00000,0.00000,0.00000,0.00000,0.00000,0.00000,0.00000,0.00000,0.00000,0.00000,0.00000,0.00000,0.00000,0.00000,0.00000,0.00000,0.00000,0.00000,0.00000,0.00000,0.00000,0.00000,0.00000,0.00000,0.00000,0.00000,0.00000,0.00000,0.00000,0.00000,0.00000,0.00000,0.00000,0.00000,0.00000,0.00000,0.00000,0.00000,0.00000,0.00000,0.00000,0.00000,0.00000,0.00000,0.00000,0.00000,0.00000,0.00000,0.00000,0.00000,0.00000,0.00000,0.00000,0.00000,0.00000,0.00000,0.00000,0.01150,0.00000,0.00000,0.00000,0.00000,0.00000,0.00000,0.00000,0.00000,0.00000,0.00000,0.09198,0.00000,0.00000,0.00000,-0.90000,0.70861,0.34400,0.83700,0.59700,0.22100,0.10800,0,0.00000,0.69415,0.00000,0.00000,0.00000,0.10800,0.34700,0.22100
330,0.00000,0.00000,0.00000,0.00000,0.00000,0.00000,0.00000,0.00000,0.00000,0.00000,0.00000,0.00000,0.00000,0.00000,0.00000,0.00000,0.00000,0.00000,0.00000,0.00000,0.00000,0.00000,0.00000,0.00000,0.00000,0.00000,0.00000,0.00000,0.00000,0.00000,0.00000,0.00000,0.00000,0.00000,0.00000,0.00000,0.00000,0.00000,0.00000,0.00000,0.00000,0.00000,0.00000,0.00000,0.00000,0.00000,0.00000,0.00000,0.00000,0.00000,0.00000,0.00000,0.00000,0.00000,0.00000,0.00000,0.00000,0.00000,0.00000,0.00000,0.00000,0.00000,0.00000,0.00000,0.00000,0.00000,0.00000,0.00000,0.00000,0.00000,0.00000,0.00000,0.00000,0.00000,0.00000,0.00000,0.00000,0.00000,0.00000,0.00000,0.00000,0.00000,0.00000,0.00000,0.00000,0.00000,0.00000,0.00000,0.00000,0.00000,0.00000,0.00000,0.00000,0.00000,0.00000,0.00000,0.00000,0.00000,0.00000,0.00000,0.00000,0.00000,0.00000,0.00000,0.00000,0.00000,0.00000,0.00000,0.00000,0.00000,0.00000,0.00000,0.00000,0.69415,0.30550,0.55100,0.70100,0.30300,0.16100,0,0.00000,0.69415,0.00000,0.00000,0.00000,0.91150,0.30550,0.16100
331,0.00000,0.00000,0.00000,0.00000,0.00000,0.00000,0.00000,0.00000,0.00000,0.00000,0.00000,0.00000,0.00000,0.00000,0.00000,0.00000,0.00000,0.00000,0.00000,0.00000,0.00000,0.00000,0.00000,0.00000,0.00000,0.00000,0.00000,0.00000,0.00000,0.00000,0.00000,0.00000,0.00000,0.00000,0.00000,0.00000,0.00000,0.00000,0.00000,0.00000,0.00000,0.00000,0.00000,0.00000,0.00000,0.00000,0.00000,0.00000,0.00000,0.00000,0.00000,0.00000,0.00000,0.00000,0.00000,0.00000,0.00000,0.00000,0.00000,0.00000,0.00000,0.00000,0.00000,0.00000,0.00000,0.00000,0.00000,0.00000,0.00000,0.00000,0.00000,0.00000,0.00000,0.00000,0.00000,0.00000,0.00000,0.00000,0.00000,0.00000,0.00000,0.00000,0.00000,0.00000,0.00000,0.00000,0.01981,0.01610,0.00000,0.00000,0.00000,0.00000,0.00000,0.00000,0.00000,0.00000,0.00000,0.00000,0.00159,0.00000,0.00000,0.00000,0.00000,0.00000,0.00000,0.00000,0.00000,0.00000,0.00000,0.01221,0.00000,0.00000,0.00000,0.69415,0.35100,0.47600,1.05700,0.43200,0.24600,0,0.55491,0.69415,0.00000,0.00000,0.00000,1.77500,0.35100,0.24600
332,0.00000,0.00000,0.00000,0.00000,0.00000,0.00000,0.00000,0.00000,0.00000,0.00000,0.00000,0.00000,0.00000,0.00000,0.00000,0.00000,0.00000,0.00000,0.00000,0.00000,0.00000,0.00000,0.00000,0.00000,0.00000,0.00000,0.00000,0.00000,0.00000,0.00000,0.00000,0.00000,0.00000,0.00000,0.00000,0.00000,0.00000,0.00000,0.00000,0.00000,0.00000,0.00000,0.00000,0.00000,0.00000,0.00000,0.00000,0.00000,0.00000,0.00000,0.00000,0.00000,0.00000,0.00000,0.00000,0.00000,0.00000,0.00000,0.00000,0.00000,0.00000,0.00000,0.00000,0.00000,0.00000,0.00000,0.00000,0.00000,0.00000,0.00000,0.00000,0.00000,0.00000,0.00000,0.00000,0.00000,0.00000,0.00761,0.00000,0.00000,0.00000,0.00000,0.00000,0.00000,0.00000,0.00000,0.00000,0.00000,0.00000,0.04853,0.01268,0.00000,0.00000,0.00000,0.00000,0.00000,0.00000,0.00000,0.00000,0.00000,0.00000,0.00000,0.00000,0.00000,0.00000,0.00000,0.00000,0.00000,0.00000,0.00000,0.00000,0.00000,0.55491,0.69415,0.29200,0.41200,1.05550,0.54500,0.21400,0,0.00000,0.69415,0.00000,0.00000,0.00000,2.91800,0.29200,0.21400
333,0.00000,0.00000,0.00000,0.00000,0.00000,0.00000,0.00000,0.00000,0.00000,0.00000,0.00000,0.00000,0.00000,0.00000,0.00000,0.00000,0.00000,0.00000,0.00000,0.00000,0.00000,0.00000,0.00000,0.00000,0.00000,0.00000,0.00000,0.00000,0.00000,0.00000,0.00000,0.00000,0.00000,0.00000,0.00000,0.00000,0.00000,0.00000,0.00000,0.00000,0.00000,0.00000,0.00000,0.00000,0.00000,0.00000,0.00000,0.00000,0.00000,0.00000,0.00000,0.00000,0.00000,0.00000,0.00000,0.00000,0.00000,0.00000,0.00000,0.00000,0.00000,0.00000,0.00000,0.00000,0.00000,0.00000,0.00000,0.00000,0.00000,0.00000,0.00000,0.00000,0.00000,0.00000,0.00000,0.00000,0.00000,0.00000,0.00000,0.00000,0.00000,0.00000,0.00000,0.00000,0.00000,0.00000,0.00000,0.00000,0.00000,0.00000,0.00000,0.00000,0.00000,0.00000,0.00000,0.00000,0.00000,0.01380,0.00000,0.00000,0.00000,0.00000,0.00000,0.00000,0.00000,0.00000,0.00000,0.00000,0.00000,0.00000,0.00000,0.00000,0.00000,0.69415,0.35600,0.57800,0.87250,0.33300,0.18400,0,0.00000,0.69415,0.00000,0.00000,0.00000,1.23950,0.35600,0.18400
334,0.00000,0.00000,0.00000,0.00000,0.00000,0.00000,0.00000,0.00000,0.00000,0.00000,0.00000,0.00000,0.00000,0.00000,0.00000,0.00000,0.00000,0.00000,0.00000,0.00000,0.00000,0.00000,0.00000,0.00000,0.00000,0.00000,0.00000,0.00000,0.00000,0.00000,0.00000,0.00000,0.00000,0.00000,0.00000,0.00000,0.00000,0.00000,0.00000,0.00000,0.00000,0.00000,0.00000,0.00000,0.00000,0.00000,0.00000,0.00000,0.00000,0.00000,0.00000,0.00000,0.00000,0.00000,0.00000,0.00000,0.00000,0.00000,0.00000,0.00000,0.00000,0.00000,0.00000,0.00000,0.00000,0.00000,0.00000,0.00000,0.00000,0.00000,0.00000,0.00000,0.00000,0.00000,0.00000,0.00000,0.02565,0.00000,0.00000,0.00000,0.00000,0.00000,0.00000,0.00000,0.00000,0.00000,0.00265,0.00000,0.10808,0.04086,0.00000,0.00000,0.00000,0.00000,0.00000,0.00000,0.00000,0.00000,0.00000,0.00000,0.00000,0.00584,0.00000,0.00000,0.00000,0.00000,0.00000,0.00000,0.00000,0.00000,0.00000,0.00000,0.00000,0.69415,0.29200,0.67100,0.59200,0.40500,0.24300,0,0.00000,0.69415,0.00000,0.00000,0.00000,0.94600,0.29200,0.24300
335,0.00000,0.00000,0.00000,0.00000,0.00000,0.00000,0.00000,0.00000,0.00000,0.00000,0.00000,0.00000,0.00000,0.00000,0.00000,0.00000,0.00000,0.00000,0.00000,0.00000,0.00000,0.00000,0.00000,0.00000,0.00000,0.00000,0.00000,0.00000,0.00000,0.00000,0.00000,0.00000,0.00000,0.00000,0.00000,0.00000,0.00000,0.00000,0.00000,0.00000,0.00000,0.00000,0.00000,0.00000,0.00000,0.00000,0.00000,0.00000,0.00000,0.00000,0.00000,0.00000,0.00000,0.00000,0.00000,0.00000,0.00000,0.00000,0.00000,0.00000,0.00000,0.00000,0.00000,0.00000,0.00000,0.00000,0.00000,0.00000,0.00000,0.00000,0.00000,0.00000,0.00000,0.00000,0.00000,0.00000,0.00708,0.00000,0.00000,0.00000,0.00000,0.00000,0.00000,0.00000,0.00000,0.00000,0.00000,0.00000,0.00000,0.00000,0.00000,0.00000,0.00000,0.00000,0.00000,0.00000,0.00000,0.00000,0.00000,0.00000,0.00000,0.00000,0.00000,0.00000,0.00000,0.00000,0.00000,0.00000,0.00000,0.00000,0.00000,0.04422,0.00000,0.69415,0.42500,0.77900,0.52600,0.33400,0.20000,0,0.00000,0.69415,0.00000,0.00000,0.00000,0.52200,1.23650,0.20000
336,0.00000,0.00000,0.00000,0.00000,0.00000,0.00000,0.00000,0.00000,0.00000,0.00000,0.00000,0.00000,0.00000,0.00000,0.00000,0.00000,0.00000,0.00000,0.00000,0.00000,0.00000,0.00000,0.00000,0.00000,0.00000,0.00000,0.00000,0.00000,0.00000,0.00000,0.00000,0.00000,0.00000,0.00000,0.00000,0.00000,0.00000,0.00000,0.00000,0.00000,0.00000,0.00000,0.00000,0.00000,0.00000,0.00000,0.00000,0.00000,0.00000,0.00000,0.00000,0.00000,0.00000,0.00000,0.00000,0.00000,0.00000,0.00000,0.00000,0.00000,0.00000,0.00000,0.00000,0.00000,0.00000,0.00212,0.00000,0.00000,0.00000,0.00000,0.00000,0.00000,0.00000,0.00000,0.00000,0.00000,0.00000,0.00000,0.00000,0.00000,0.00000,0.00000,0.00000,0.00000,0.00000,0.00000,0.00000,0.00000,0.00000,0.00000,0.00000,0.00000,0.00000,0.00000,0.00000,0.00000,0.00000,0.00000,0.00000,0.00000,0.00035,0.00000,0.00000,0.00000,0.00000,0.00000,0.00000,0.00000,0.00000,0.00000,0.00000,0.00000,0.00000,0.69415,0.38000,0.91500,0.45600,0.27100,0.16100,0,-0.90000,0.67969,0.00000,0.00000,0.00000,0.45600,1.17000,0.16100
337,0.00000,0.00000,0.00000,0.00000,0.00000,0.00000,0.00000,0.00000,0.00000,0.00000,0.00000,0.00000,0.00000,0.00000,0.00000,0.00000,0.00000,0.00000,0.00000,0.00000,0.00000,0.00000,0.00000,0.00000,0.00000,0.00000,0.00000,0.00000,0.00000,0.00000,0.00000,0.00000,0.00000,0.00000,0.00000,0.00000,0.00000,0.00000,0.00000,0.00000,0.00000,0.00000,0.00000,0.00000,0.00000,0.00000,0.00000,0.00000,0.00000,0.00000,0.00000,0.00000,0.00000,0.00000,0.00000,0.00000,0.00000,0.00000,0.00000,0.00000,0.00000,0.00000,0.00000,0.00000,0.00000,0.00000,0.00000,0.00000,0.00000,0.00000,0.00000,0.00000,0.00000,0.00000,0.00000,0.00000,0.00000,0.00053,0.00000,0.00000,0.00000,0.00000,0.00000,0.00000,0.00000,0.00159,0.00000,0.00000,0.00000,0.00000,0.00000,0.00000,0.00000,0.00000,0.00000,0.00000,0.01327,0.03202,0.00000,0.00000,0.00000,0.00000,0.00000,0.00000,0.00000,0.00000,0.00000,0.00000,0.04157,0.00000,0.00000,0.00000,-0.90000,0.67969,0.49400,1.11450,0.39100,0.23000,0.23400,0,0.00000,0.65077,0.00000,0.00000,0.00000,0.39100,0.91650,0.23000
338,0.00000,0.00000,0.00000,0.00000,0.00000,0.00000,0.00000,0.00000,0.00000,0.00000,0.00000,0.00000,0.00000,0.00000,0.00000,0.00000,0.00000,0.00000,0.00000,0.00000,0.00000,0.00000,0.00000,0.00000,0.00000,0.00000,0.00000,0.00000,0.00000,0.00000,0.00000,0.00000,0.00000,0.00000,0.00000,0.00000,0.00000,0.00000,0.00000,0.00000,0.00000,0.00000,0.00000,0.00000,0.00000,0.00000,0.00000,0.00000,0.00000,0.00000,0.00000,0.00000,0.00000,0.00000,0.00000,0.00000,0.00000,0.00000,0.00000,0.00000,0.00000,0.00000,0.00000,0.00000,0.00000,0.00000,0.00000,0.00000,0.00000,0.00000,0.00000,0.00000,0.00000,0.00000,0.00000,0.00000,0.00000,0.00000,0.00000,0.00000,0.00000,0.00000,0.00000,0.00000,0.00000,0.00000,0.00000,0.00000,0.00000,0.00000,0.00000,0.00000,0.00000,0.00000,0.00000,0.00000,0.00000,0.00000,0.00000,0.00000,0.00000,0.00000,0.00000,0.00000,0.00000,0.00000,0.00000,0.00000,0.00000,0.05489,0.04416,0.00000,0.00000,0.65077,0.44200,0.78600,0.51900,0.33400,0.17300,0,0.00000,0.64354,0.00000,0.00000,0.00000,0.33400,1.25100,0.17300
339,0.00000,0.00000,0.00000,0.00000,0.00000,0.00000,0.00000,0.00000,0.00000,0.00000,0.00000,0.00000,0.00000,0.00000,0.00000,0.00000,0.00000,0.00000,0.00000,0.00000,0.00000,0.00000,0.00000,0.00000,0.00000,0.00000,0.00000,0.00000,0.00000,0.00000,0.00000,0.00000,0.00000,0.00000,0.00000,0.00000,0.00000,0.00000,0.00000,0.00000,0.00000,0.00000,0.00000,0.00000,0.00000,0.00000,0.00000,0.00000,0.00000,0.00000,0.00000,0.00000,0.00000,0.00000,0.00000,0.00000,0.00000,0.00000,0.00000,0.00000,0.00000,0.00000,0.00000,0.00000,0.00000,0.00000,0.00000,0.00000,0.00000,0.00000,0.00000,0.00000,0.00000,0.00000,0.00000,0.00000,0.00000,0.00000,0.00000,0.00000,0.00000,0.00000,0.00000,0.00000,0.00000,0.00000,0.00000,0.00000,0.00000,0.00000,0.00000,0.00000,0.00000,0.00000,0.00000,0.00000,0.00000,0.00000,0.00000,0.00000,0.00000,0.00000,0.00000,0.00000,0.00000,0.00000,0.00000,0.00000,0.00000,0.00000,0.00000,0.00000,0.00000,0.64354,0.41700,0.75000,0.48500,0.29700,0.16800,0,0.00000,0.64354,0.00000,0.00000,0.00000,0.48400,1.22350,0.16800
340,0.00000,0.00000,0.00000,0.00000,0.00000,0.00000,0.00000,0.00000,0.00000,0.00000,0.00000,0.00000,0.00000,0.00000,0.00000,0.00000,0.00000,0.00000,0.00000,0.00000,0.00000,0.00000,0.00000,0.00000,0.00000,0.00000,0.00000,0.00000,0.00000,0.00000,0.00000,0.00000,0.00000,0.00000,0.00000,0.00000,0.00000,0.00000,0.00000,0.00000,0.00000,0.00000,0.00000,0.00000,0.00000,0.00000,0.00000,0.00000,0.00000,0.00000,0.00000,0.00000,0.00000,0.00000,0.00000,0.00000,0.00000,0.00000,0.00000,0.00000,0.00000,0.00000,0.00000,0.00000,0.00000,0.00000,0.00000,0.00000,0.00000,0.00000,0.00000,0.00000,0.00000,0.00000,0.00000,0.00000,0.00000,0.00000,0.00000,0.00000,0.00000,0.00000,0.00000,0.00000,0.00000,0.00000,0.00000,0.00000,0.00000,0.00000,0.00000,0.00000,0.00000,0.00000,0.00000,0.00000,0.00000,0.00000,0.00000,0.00000,0.00000,0.00000,0.00000,0.00000,0.00000,0.00000,0.00000,0.00000,0.00000,0.00000,0.00000,0.00000,0.00000,0.64354,0.35600,0.67500,0.58300,0.23900,0.23700,0,0.00000,0.64354,0.00000,0.00000,0.00000,0.76800,0.35600,0.23700
341,0.00000,0.00000,0.00000,0.00000,0.00000,0.00000,0.00000,0.00000,0.00000,0.00000,0.00000,0.00000,0.00000,0.00000,0.00000,0.00000,0.00000,0.00000,0.00000,0.00000,0.00000,0.00000,0.00000,0.00000,0.00000,0.00000,0.00000,0.00000,0.00000,0.00000,0.00000,0.00000,0.00000,0.00000,0.00000,0.00000,0.00000,0.00000,0.00000,0.00000,0.00000,0.00000,0.00000,0.00000,0.00000,0.00000,0.00000,0.00000,0.00000,0.00000,0.00000,0.00000,0.00000,0.00000,0.00000,0.00000,0.00000,0.00000,0.00000,0.00000,0.00000,0.00000,0.00000,0.00000,0.00000,0.00000,0.00000,0.00000,0.00000,0.00000,0.00000,0.00000,0.00000,0.00000,0.00000,0.00000,0.00000,0.00000,0.00000,0.00000,0.00000,0.00000,0.00000,0.00000,0.00000,0.00000,0.00000,0.00000,0.00000,0.00000,0.00000,0.00000,0.00000,0.00000,0.00000,0.00000,0.00000,0.00000,0.00000,0.00000,0.00000,0.00000,0.00000,0.00000,0.00000,0.00000,0.00000,0.00000,0.00000,0.00000,0.00483,0.00242,0.00000,0.64354,0.32000,0.63100,0.72100,0.35600,0.18900,0,0.00000,0.00000,0.00000,0.00000,0.00000,0.72100,0.32000,0.18900
342,0.00000,0.00000,0.00000,0.00000,0.00000,0.00000,0.00000,0.00000,0.00000,0.00000,0.00000,0.00000,0.00000,0.00000,0.00000,0.00000,0.00000,0.00000,0.00000,0.00000,0.00000,0.00000,0.00000,0.00000,0.00000,0.00000,0.00000,0.00000,0.00000,0.00000,0.00000,0.00000,0.00000,0.00000,0.00000,0.00000,0.00000,0.00000,0.00000,0.00000,0.00000,0.00000,0.00000,0.00000,0.00000,0.00000,0.00000,0.00000,0.00000,0.00000,0.00000,0.00000,0.00000,0.00000,0.00000,0.00000,0.00000,0.00000,0.00000,0.00000,0.00000,0.00000,0.00000,0.00000,0.00000,0.00000,0.00000,0.00000,0.00000,0.00000,0.00000,0.00000,0.00000,0.00000,0.00000,0.00000,0.00000,0.00000,0.00000,0.00000,0.00000,0.00000,0.00000,0.00000,0.00000,0.00000,0.00000,0.00000,0.00000,0.00000,0.00000,0.00000,0.00000,0.00000,0.00000,0.00000,0.00000,0.00000,0.00000,0.00000,0.00000,0.00000,0.00000,0.00000,0.00000,0.00000,0.00000,0.00000,0.00000,0.00000,0.00000,0.00000,0.00000,0.00000,0.31200,0.61100,0.88600,0.32300,0.18300,0,0.00000,0.00000,0.00000,0.00000,0.00000,0.88600,0.31200,0.18300
343,0.00000,0.00000,0.00000,0.00000,0.00000,0.00000,0.00000,0.00000,0.00000,0.00000,0.00000,0.00000,0.00000,0.00000,0.00000,0.00000,0.00000,0.00000,0.00000,0.00000,0.00000,0.00000,0.00000,0.00000,0.00000,0.00000,0.00000,0.00000,0.00000,0.00000,0.00000,0.00000,0.00000,0.00000,0.00000,0.00000,0.00000,0.00000,0.00000,0.00000,0.00000,0.00000,0.00000,0.00000,0.00000,0.00000,0.00000,0.00000,0.00000,0.00000,0.00000,0.00000,0.00000,0.00000,0.00000,0.00000,0.00000,0.00000,0.00000,0.00000,0.00000,0.00000,0.00000,0.00000,0.00000,0.00000,0.00000,0.00000,0.00000,0.00000,0.00000,0.00000,0.00000,0.00000,0.00000,0.00000,0.00000,0.00000,0.00000,0.00000,0.00000,0.00000,0.00000,0.00000,0.00000,0.00000,0.00000,0.00000,0.00000,0.00000,0.00000,0.00000,0.00000,0.00000,0.00000,0.00000,0.00000,0.00000,0.00000,0.00000,0.00000,0.00000,0.00000,0.00000,0.00000,0.00000,0.00000,0.00000,0.00000,0.00000,0.00000,0.00000,0.00000,0.00000,0.43400,0.60400,0.85900,0.29700,0.17000,0,0.00000,0.00000,0.00000,0.00000,0.00000,0.85900,0.43400,0.17000
344,0.00000,0.00000,0.00000,0.00000,0.00000,0.00000,0.00000,0.00000,0.00000,0.00000,0.00000,0.00000,0.00000,0.00000,0.00000,0.00000,0.00000,0.00000,0.00000,0.00000,0.00000,0.00000,0.00000,0.00000,0.00000,0.00000,0.00000,0.00000,0.00000,0.00000,0.00000,0.00000,0.00000,0.00000,0.00000,0.00000,0.00000,0.00000,0.00000,0.00000,0.00000,0.00000,0.00000,0.00000,0.00000,0.00000,0.00000,0.00000,0.00000,0.00000,0.00000,0.00000,0.00000,0.00000,0.00000,0.00000,0.00000,0.00000,0.00000,0.00000,0.00000,0.00000,0.00000,0.00000,0.00000,0.00000,0.00000,0.00000,0.00000,0.00000,0.00000,0.00000,0.00000,0.00000,0.00000,0.00000,0.00000,0.00000,0.00000,0.00000,0.00000,0.00000,0.00000,0.00000,0.00000,0.00000,0.00000,0.00000,0.00000,0.00000,0.00000,0.00000,0.00000,0.00000,0.00000,0.00000,0.00000,0.00000,0.00000,0.00000,0.00000,0.00000,0.00000,0.00000,0.00000,0.00000,0.00000,0.00000,0.00000,0.00000,0.00000,0.00000,0.00000,0.00000,0.43400,0.60400,0.66600,0.29350,0.17000,0,0.00000,0.00000,0.00000,0.00000,0.00000,0.85800,0.43400,0.17000
345,0.00000,0.00000,0.00000,0.00000,0.00000,0.00000,0.00000,0.00000,0.00000,0.00000,0.00000,0.00000,0.00000,0.00000,0.00000,0.00000,0.00000,0.00000,0.00000,0.00000,0.00000,0.00000,0.00000,0.00000,0.00000,0.00000,0.00000,0.00000,0.00000,0.00000,0.00000,0.00000,0.00000,0.00000,0.00000,0.00000,0.00000,0.00000,0.00000,0.00000,0.00000,0.00000,0.00000,0.00000,0.00000,0.00000,0.00000,0.00000,0.00000,0.00000,0.00000,0.00000,0.00000,0.00000,0.00000,0.00000,0.00000,0.00000,0.00000,0.00000,0.00000,0.00000,0.00000,0.00000,0.00000,0.00000,0.00000,0.00000,0.00000,0.00000,0.00000,0.00000,0.00000,0.00000,0.00000,0.00000,0.00000,0.00000,0.00000,0.00000,0.00000,0.00000,0.00000,0.00000,0.00000,0.00000,0.00000,0.00000,0.00000,0.00000,0.00000,0.00000,0.00000,0.00000,0.00000,0.00000,0.00000,0.00000,0.00000,0.00000,0.00000,0.00000,0.00000,0.00000,0.00000,0.00000,0.00000,0.00000,0.00000,0.00000,0.00000,0.00000,0.00000,0.00000,0.43400,0.60500,0.85800,0.29900,0.17000,0,0.00000,0.00000,0.00000,0.00000,0.00000,0.85800,0.43400,0.17000
