frame_id,obj0_valid,obj0_class_norm,obj0_conf,obj0_dist_norm,obj0_lat_offset,obj0_width_norm,obj0_height_norm,obj0_lane_overlap,obj1_valid,obj1_class_norm,obj1_conf,obj1_dist_norm,obj1_lat_offset,obj1_width_norm,obj1_height_norm,obj1_lane_overlap,obj2_valid,obj2_class_norm,obj2_conf,obj2_dist_norm,obj2_lat_offset,obj2_width_norm,obj2_height_norm,obj2_lane_overlap,obj3_valid,obj3_class_norm,obj3_conf,obj3_dist_norm,obj3_lat_offset,obj3_width_norm,obj3_height_norm,obj3_lane_overlap,obj4_valid,obj4_class_norm,obj4_conf,obj4_dist_norm,obj4_lat_offset,obj4_width_norm,obj4_height_norm,obj4_lane_overlap,lane_r0c0,lane_r0c1,lane_r0c2,lane_r0c3,lane_r0c4,lane_r0c5,lane_r0c6,lane_r0c7,lane_r0c8,lane_r0c9,lane_r0c10,lane_r0c11,lane_r1c0,lane_r1c1,lane_r1c2,lane_r1c3,lane_r1c4,lane_r1c5,lane_r1c6,lane_r1c7,lane_r1c8,lane_r1c9,lane_r1c10,lane_r1c11,lane_r2c0,lane_r2c1,lane_r2c2,lane_r2c3,lane_r2c4,lane_r2c5,lane_r2c6,lane_r2c7,lane_r2c8,lane_r2c9,lane_r2c10,lane_r2c11,lane_r3c0,lane_r3c1,lane_r3c2,lane_r3c3,lane_r3c4,lane_r3c5,lane_r3c6,lane_r3c7,lane_r3c8,lane_r3c9,lane_r3c10,lane_r3c11,lane_r4c0,lane_r4c1,lane_r4c2,lane_r4c3,lane_r4c4,lane_r4c5,lane_r4c6,lane_r4c7,lane_r4c8,lane_r4c9,lane_r4c10,lane_r4c11,lane_r5c0,lane_r5c1,lane_r5c2,lane_r5c3,lane_r5c4,lane_r5c5,lane_r5c6,lane_r5c7,lane_r5c8,lane_r5c9,lane_r5c10,lane_r5c11,ego_steering,ego_throttle,lidar_s0,lidar_s1,lidar_s2,lidar_s3,lidar_s4,scenario,target_steering,target_throttle,imu_motion,imu_yaw_rate,imu_accel_fwd
1,0.00000,0.00000,0.00000,0.00000,0.00000,0.00000,0.00000,0.00000,0.00000,0.00000,0.00000,0.00000,0.00000,0.00000,0.00000,0.00000,0.00000,0.00000,0.00000,0.00000,0.00000,0.00000,0.00000,0.00000,0.00000,0.00000,0.00000,0.00000,0.00000,0.00000,0.00000,0.00000,0.00000,0.00000,0.00000,0.00000,0.00000,0.00000,0.00000,0.00000,0.00000,0.00000,0.00000,0.00000,0.00000,0.00000,0.00000,0.00000,0.00000,0.00000,0.00000,0.00000,0.00000,0.00000,0.00000,0.00124,0.00000,0.00000,0.00000,0.13585,0.00000,0.00000,0.00000,0.03007,0.00000,0.00000,0.00000,0.02459,0.00000,0.00000,0.00000,0.06038,0.15489,0.00000,0.00000,0.00619,0.00000,0.00000,0.09782,0.00000,0.00000,0.00000,0.00000,0.00000,0.13585,0.07765,0.00000,0.00000,0.00000,0.05336,0.12547,0.00000,0.00000,0.00000,0.00000,0.00000,0.00000,0.22075,0.00407,0.00000,0.00000,0.15654,0.00000,0.00000,0.00000,0.00000,0.00000,0.00000,0.00000,0.01616,0.18496,0.00000,0.00000,0.00000,1.89750,2.08250,1.18050,2.19800,5.00000,0,0.00000,0.00000,0.00000,0.00000,0.00000
2,0.00000,0.00000,0.00000,0.00000,0.00000,0.00000,0.00000,0.00000,0.00000,0.00000,0.00000,0.00000,0.00000,0.00000,0.00000,0.00000,0.00000,0.00000,0.00000,0.00000,0.00000,0.00000,0.00000,0.00000,0.00000,0.00000,0.00000,0.00000,0.00000,0.00000,0.00000,0.00000,0.00000,0.00000,0.00000,0.00000,0.00000,0.00000,0.00000,0.00000,0.00000,0.00000,0.00000,0.00000,0.00000,0.00000,0.00000,0.00000,0.00000,0.00000,0.00000,0.00000,0.00000,0.00000,0.00000,0.00071,0.00000,0.00000,0.00000,0.13355,0.00000,0.00000,0.00000,0.02919,0.00000,0.00000,0.00000,0.04068,0.00000,0.00000,0.00000,0.06103,0.15389,0.00000,0.00000,0.00637,0.00000,0.00000,0.10684,0.00248,0.00000,0.00000,0.00000,0.00000,0.13567,0.07748,0.00000,0.00000,0.00000,0.05136,0.11987,0.00000,0.00000,0.00000,0.00000,0.00000,0.00000,0.22129,0.00354,0.00000,0.00000,0.14045,0.00000,0.00000,0.00000,0.00000,0.00000,0.00000,0.00000,0.01751,0.18520,0.00000,0.00000,0.00000,1.89650,1.18050,1.18300,2.19700,5.00000,0,0.00000,0.00000,0.00000,0.00000,0.00000
3,0.00000,0.00000,0.00000,0.00000,0.00000,0.00000,0.00000,0.00000,0.00000,0.00000,0.00000,0.00000,0.00000,0.00000,0.00000,0.00000,0.00000,0.00000,0.00000,0.00000,0.00000,0.00000,0.00000,0.00000,0.00000,0.00000,0.00000,0.00000,0.00000,0.00000,0.00000,0.00000,0.00000,0.00000,0.00000,0.00000,0.00000,0.00000,0.00000,0.00000,0.00000,0.00000,0.00000,0.00000,0.00000,0.00000,0.00000,0.00000,0.00000,0.00000,0.00000,0.00000,0.00000,0.00000,0.00000,0.00159,0.00000,0.00000,0.00000,0.14080,0.00000,0.00000,0.00000,0.02441,0.00000,0.00000,0.00000,0.04440,0.00000,0.00000,0.00000,0.06073,0.15542,0.00000,0.00000,0.00442,0.00000,0.00000,0.10861,0.00265,0.00000,0.00000,0.00000,0.00000,0.13638,0.07783,0.00000,0.00000,0.00000,0.05012,0.12199,0.00000,0.00000,0.00000,0.00000,0.00000,0.00000,0.22058,0.00371,0.00000,0.00000,0.13974,0.00000,0.00000,0.00000,0.00000,0.00000,0.00000,0.00000,0.01645,0.18432,0.00000,0.00000,0.00000,1.89350,1.17950,1.18300,2.19900,5.00000,0,0.00000,0.00000,0.00000,0.00000,0.00000
4,0.00000,0.00000,0.00000,0.00000,0.00000,0.00000,0.00000,0.00000,0.00000,0.00000,0.00000,0.00000,0.00000,0.00000,0.00000,0.00000,0.00000,0.00000,0.00000,0.00000,0.00000,0.00000,0.00000,0.00000,0.00000,0.00000,0.00000,0.00000,0.00000,0.00000,0.00000,0.00000,0.00000,0.00000,0.00000,0.00000,0.00000,0.00000,0.00000,0.00000,0.00000,0.00000,0.00000,0.00000,0.00000,0.00000,0.00000,0.00000,0.00000,0.00000,0.00000,0.00000,0.00000,0.00000,0.00000,0.00124,0.00000,0.00000,0.00000,0.13514,0.00000,0.00000,0.00000,0.03060,0.00000,0.00000,0.00000,0.01751,0.00000,0.00000,0.00000,0.06103,0.15442,0.00000,0.00000,0.00654,0.00000,0.00000,0.10330,0.00000,0.00000,0.00000,0.00000,0.00000,0.13744,0.07748,0.00000,0.00000,0.00000,0.05289,0.12524,0.00000,0.00000,0.00000,0.00000,0.00000,0.00000,0.22093,0.00389,0.00000,0.00000,0.14611,0.00000,0.00000,0.00000,0.00000,0.00000,0.00000,0.00000,0.01627,0.18449,0.00000,0.00000,0.00000,1.89350,1.18050,1.18300,2.20900,5.00000,0,0.00000,0.00000,0.00000,0.00000,0.00000
5,0.00000,0.00000,0.00000,0.00000,0.00000,0.00000,0.00000,0.00000,0.00000,0.00000,0.00000,0.00000,0.00000,0.00000,0.00000,0.00000,0.00000,0.00000,0.00000,0.00000,0.00000,0.00000,0.00000,0.00000,0.00000,0.00000,0.00000,0.00000,0.00000,0.00000,0.00000,0.00000,0.00000,0.00000,0.00000,0.00000,0.00000,0.00000,0.00000,0.00000,0.00000,0.00000,0.00000,0.00000,0.00000,0.00000,0.00000,0.00000,0.00000,0.00000,0.00000,0.00000,0.00000,0.00000,0.00000,0.00177,0.00000,0.00000,0.00000,0.13903,0.00000,0.00000,0.00000,0.02848,0.00000,0.00000,0.00000,0.03520,0.00000,0.00000,0.00000,0.06085,0.15478,0.00000,0.00000,0.00654,0.00000,0.00000,0.09304,0.00000,0.00000,0.00000,0.00000,0.00000,0.13496,0.07730,0.00000,0.00000,0.00000,0.05029,0.11562,0.00000,0.00000,0.00000,0.00000,0.00000,0.00000,0.22146,0.00389,0.00000,0.00000,0.14239,0.00000,0.00000,0.00000,0.00000,0.00000,0.00000,0.00000,0.01663,0.18290,0.00000,0.00000,0.00000,1.90750,1.17950,1.18400,2.21200,5.00000,0,0.00000,0.00000,0.00000,0.00000,0.00000
6,0.00000,0.00000,0.00000,0.00000,0.00000,0.00000,0.00000,0.00000,0.00000,0.00000,0.00000,0.00000,0.00000,0.00000,0.00000,0.00000,0.00000,0.00000,0.00000,0.00000,0.00000,0.00000,0.00000,0.00000,0.00000,0.00000,0.00000,0.00000,0.00000,0.00000,0.00000,0.00000,0.00000,0.00000,0.00000,0.00000,0.00000,0.00000,0.00000,0.00000,0.00000,0.00000,0.00000,0.00000,0.00000,0.00000,0.00000,0.00000,0.00000,0.00000,0.00000,0.00000,0.00000,0.00000,0.00000,0.00035,0.00000,0.00000,0.00000,0.13762,0.00000,0.00000,0.00000,0.02583,0.00000,0.00000,0.00000,0.03892,0.00000,0.00000,0.00000,0.06055,0.15401,0.00000,0.00000,0.00495,0.00000,0.00000,0.11073,0.00000,0.00000,0.00000,0.00000,0.00000,0.13196,0.07730,0.00000,0.00000,0.00000,0.04906,0.11969,0.00000,0.00000,0.00000,0.00000,0.00000,0.00000,0.22129,0.00389,0.00000,0.00000,0.14346,0.00000,0.00000,0.00000,0.00000,0.00000,0.00000,0.00000,0.01663,0.18697,0.00000,0.00000,0.00000,1.89650,2.08550,1.18150,2.19400,5.00000,0,0.00000,0.00000,0.00000,0.00000,0.00000
7,0.00000,0.00000,0.00000,0.00000,0.00000,0.00000,0.00000,0.00000,0.00000,0.00000,0.00000,0.00000,0.00000,0.00000,0.00000,0.00000,0.00000,0.00000,0.00000,0.00000,0.00000,0.00000,0.00000,0.00000,0.00000,0.00000,0.00000,0.00000,0.00000,0.00000,0.00000,0.00000,0.00000,0.00000,0.00000,0.00000,0.00000,0.00000,0.00000,0.00000,0.00000,0.00000,0.00000,0.00000,0.00000,0.00000,0.00000,0.00000,0.00000,0.00000,0.00000,0.00000,0.00000,0.00000,0.00000,0.00301,0.00000,0.00000,0.00000,0.13514,0.00000,0.00000,0.00000,0.02406,0.00000,0.00000,0.00000,0.02158,0.00000,0.00000,0.00000,0.06055,0.15454,0.00000,0.00000,0.00531,0.00000,0.00000,0.09463,0.00000,0.00000,0.00000,0.00000,0.00000,0.13461,0.07783,0.00000,0.00000,0.00000,0.05100,0.12075,0.00000,0.00000,0.00000,0.00000,0.00000,0.00000,0.22058,0.00389,0.00000,0.00000,0.14062,0.00000,0.00000,0.00000,0.00000,0.00000,0.00000,0.00000,0.01645,0.18520,0.00000,0.00000,0.00000,1.89750,1.17950,1.18200,2.20700,5.00000,0,0.00000,0.00000,0.00000,0.00000,0.00000
8,0.00000,0.00000,0.00000,0.00000,0.00000,0.00000,0.00000,0.00000,0.00000,0.00000,0.00000,0.00000,0.00000,0.00000,0.00000,0.00000,0.00000,0.00000,0.00000,0.00000,0.00000,0.00000,0.00000,0.00000,0.00000,0.00000,0.00000,0.00000,0.00000,0.00000,0.00000,0.00000,0.00000,0.00000,0.00000,0.00000,0.00000,0.00000,0.00000,0.00000,0.00000,0.00000,0.00000,0.00000,0.00000,0.00000,0.00000,0.00000,0.00000,0.00000,0.00000,0.00000,0.00000,0.00000,0.00000,0.00053,0.00000,0.00000,0.00000,0.13532,0.00000,0.00000,0.00000,0.02848,0.00000,0.00000,0.00000,0.02936,0.00000,0.00000,0.00000,0.06032,0.15584,0.00000,0.00000,0.00672,0.00000,0.00000,0.11038,0.00000,0.00000,0.00000,0.00000,0.00000,0.13691,0.07801,0.00000,0.00000,0.00000,0.05106,0.12211,0.00000,0.00000,0.00000,0.00000,0.00000,0.00000,0.22093,0.00389,0.00000,0.00000,0.14416,0.00000,0.00000,0.00000,0.00000,0.00000,0.00000,0.00000,0.01645,0.18485,0.00000,0.00000,0.00000,1.89950,1.18150,1.18400,2.19400,5.00000,0,0.00000,0.00000,0.00000,0.00000,0.00000
9,0.00000,0.00000,0.00000,0.00000,0.00000,0.00000,0.00000,0.00000,0.00000,0.00000,0.00000,0.00000,0.00000,0.00000,0.00000,0.00000,0.00000,0.00000,0.00000,0.00000,0.00000,0.00000,0.00000,0.00000,0.00000,0.00000,0.00000,0.00000,0.00000,0.00000,0.00000,0.00000,0.00000,0.00000,0.00000,0.00000,0.00000,0.00000,0.00000,0.00000,0.00000,0.00000,0.00000,0.00000,0.00000,0.00000,0.00000,0.00000,0.00000,0.00000,0.00000,0.00000,0.00000,0.00000,0.00000,0.00035,0.00000,0.00000,0.00000,0.13921,0.00000,0.00000,0.00000,0.02547,0.00000,0.00000,0.00000,0.02105,0.00000,0.00000,0.00000,0.06073,0.15525,0.00000,0.00000,0.00637,0.00000,0.00000,0.10259,0.00000,0.00000,0.00000,0.00000,0.00000,0.13196,0.07783,0.00000,0.00000,0.00000,0.05307,0.12524,0.00000,0.00000,0.00000,0.00000,0.00000,0.00000,0.22040,0.00389,0.00000,0.00000,0.14558,0.00000,0.00000,0.00000,0.00000,0.00000,0.00000,0.00000,0.01627,0.18715,0.00000,0.00000,0.00000,1.89350,2.08550,1.18150,2.20800,5.00000,0,0.00000,0.91463,0.00000,0.00000,0.00000
10,0.00000,0.00000,0.00000,0.00000,0.00000,0.00000,0.00000,0.00000,0.00000,0.00000,0.00000,0.00000,0.00000,0.00000,0.00000,0.00000,0.00000,0.00000,0.00000,0.00000,0.00000,0.00000,0.00000,0.00000,0.00000,0.00000,0.00000,0.00000,0.00000,0.00000,0.00000,0.00000,0.00000,0.00000,0.00000,0.00000,0.00000,0.00000,0.00000,0.00000,0.00000,0.00000,0.00000,0.00000,0.00000,0.00000,0.00000,0.00000,0.00000,0.00000,0.00000,0.00000,0.00000,0.00000,0.00000,0.00053,0.00000,0.00000,0.00000,0.13550,0.00000,0.00000,0.00000,0.02406,0.00000,0.00000,0.00000,0.04847,0.00000,0.00000,0.00000,0.06038,0.15525,0.00000,0.00000,0.00495,0.00000,0.00000,0.10454,0.00619,0.00000,0.00000,0.00000,0.00000,0.13408,0.07765,0.00000,0.00000,0.00000,0.04794,0.11462,0.00000,0.00000,0.00000,0.00000,0.00000,0.00000,0.22146,0.00389,0.00000,0.00000,0.12754,0.00000,0.00000,0.00000,0.00000,0.00000,0.00000,0.00000,0.01663,0.18697,0.00000,0.00000,0.91463,1.89050,1.17450,1.18000,2.19400,5.00000,0,0.00000,0.91463,0.00000,0.00000,0.00000
11,0.00000,0.00000,0.00000,0.00000,0.00000,0.00000,0.00000,0.00000,0.00000,0.00000,0.00000,0.00000,0.00000,0.00000,0.00000,0.00000,0.00000,0.00000,0.00000,0.00000,0.00000,0.00000,0.00000,0.00000,0.00000,0.00000,0.00000,0.00000,0.00000,0.00000,0.00000,0.00000,0.00000,0.00000,0.00000,0.00000,0.00000,0.00000,0.00000,0.00000,0.00000,0.00000,0.00000,0.00000,0.00000,0.00000,0.00000,0.00000,0.00000,0.00000,0.00000,0.00000,0.00000,0.00000,0.00000,0.00177,0.00000,0.00000,0.00000,0.14947,0.00000,0.00000,0.00000,0.04139,0.00000,0.00000,0.00000,0.04440,0.00000,0.00000,0.00000,0.06126,0.15560,0.00000,0.00000,0.00761,0.00000,0.00000,0.10896,0.00478,0.00000,0.00000,0.00000,0.00000,0.14169,0.07429,0.00000,0.00000,0.00000,0.05507,0.13933,0.00000,0.00000,0.00000,0.00000,0.00000,0.00000,0.22323,0.00389,0.00000,0.00000,0.15654,0.00000,0.00000,0.00000,0.00000,0.00000,0.00000,0.00000,0.01716,0.18113,0.00000,0.00000,0.91463,1.88350,1.15550,1.15900,2.18400,5.00000,0,0.00000,0.91463,0.00000,0.00000,0.00000
12,0.00000,0.00000,0.00000,0.00000,0.00000,0.00000,0.00000,0.00000,0.00000,0.00000,0.00000,0.00000,0.00000,0.00000,0.00000,0.00000,0.00000,0.00000,0.00000,0.00000,0.00000,0.00000,0.00000,0.00000,0.00000,0.00000,0.00000,0.00000,0.00000,0.00000,0.00000,0.00000,0.00000,0.00000,0.00000,0.00000,0.00000,0.00000,0.00000,0.00000,0.00000,0.00000,0.00000,0.00000,0.00000,0.00000,0.00000,0.00000,0.00000,0.00000,0.00000,0.00000,0.00000,0.00000,0.00000,0.00000,0.00000,0.00000,0.00000,0.17388,0.00000,0.00000,0.00000,0.04475,0.00000,0.00000,0.00000,0.05625,0.00000,0.00000,0.00000,0.05566,0.16350,0.00000,0.00000,0.00867,0.00000,0.00000,0.01185,0.00000,0.00000,0.00000,0.00000,0.00000,0.13726,0.08101,0.00000,0.00000,0.00000,0.03331,0.09688,0.00000,0.00000,0.00000,0.00000,0.00000,0.00000,0.21804,0.00537,0.00000,0.00000,0.13850,0.00000,0.00000,0.00000,0.00000,0.00000,0.00000,0.00000,0.01392,0.19092,0.00000,0.00000,0.91463,1.85450,1.12850,1.13200,2.16000,5.00000,0,0.00000,0.91463,0.00000,0.00000,0.00000
13,0.00000,0.00000,0.00000,0.00000,0.00000,0.00000,0.00000,0.00000,0.00000,0.00000,0.00000,0.00000,0.00000,0.00000,0.00000,0.00000,0.00000,0.00000,0.00000,0.00000,0.00000,0.00000,0.00000,0.00000,0.00000,0.00000,0.00000,0.00000,0.00000,0.00000,0.00000,0.00000,0.00000,0.00000,0.00000,0.00000,0.00000,0.00000,0.00000,0.00000,0.00000,0.00000,0.00000,0.00000,0.00000,0.00000,0.00000,0.00000,0.00000,0.00000,0.00000,0.00000,0.00000,0.00000,0.00000,0.00000,0.00000,0.00000,0.00000,0.15584,0.00000,0.00000,0.00000,0.02848,0.00000,0.00000,0.00000,0.07217,0.00000,0.00000,0.00000,0.04452,0.18101,0.00000,0.00000,0.00407,0.00000,0.00000,0.00761,0.02282,0.00000,0.00000,0.00000,0.00000,0.12294,0.06969,0.00000,0.00000,0.00000,0.03231,0.10159,0.00000,0.00000,0.00000,0.00000,0.00000,0.00000,0.21586,0.01020,0.00000,0.00000,0.16733,0.00000,0.00000,0.00000,0.00000,0.00000,0.00000,0.00000,0.00831,0.20130,0.00000,0.00000,0.91463,1.88250,1.08950,1.09200,2.12900,5.00000,0,0.00000,0.91463,0.00000,0.00000,0.00000
14,0.00000,0.00000,0.00000,0.00000,0.00000,0.00000,0.00000,0.00000,0.00000,0.00000,0.00000,0.00000,0.00000,0.00000,0.00000,0.00000,0.00000,0.00000,0.00000,0.00000,0.00000,0.00000,0.00000,0.00000,0.00000,0.00000,0.00000,0.00000,0.00000,0.00000,0.00000,0.00000,0.00000,0.00000,0.00000,0.00000,0.00000,0.00000,0.00000,0.00000,0.00000,0.00000,0.00000,0.00000,0.00000,0.00000,0.00000,0.00778,0.00000,0.00000,0.00000,0.00000,0.00000,0.00000,0.00000,0.00000,0.00000,0.00000,0.00000,0.15248,0.00000,0.00000,0.00000,0.02512,0.00000,0.00000,0.00000,0.07482,0.00690,0.00000,0.00000,0.03939,0.18526,0.00000,0.00000,0.00389,0.00000,0.00000,0.04316,0.03892,0.00000,0.00000,0.00000,0.00000,0.12276,0.07040,0.00000,0.00000,0.00000,0.00000,0.00000,0.00000,0.00000,0.00000,0.00000,0.00000,0.00000,0.12665,0.01840,0.00000,0.00000,0.09711,0.00000,0.00000,0.00000,0.00000,0.00000,0.00000,0.00000,0.00236,0.17754,0.00000,0.00000,0.91463,1.99850,2.10000,1.06550,2.11150,5.00000,0,0.00000,0.91463,0.00000,0.00000,0.00000
15,0.00000,0.00000,0.00000,0.00000,0.00000,0.00000,0.00000,0.00000,0.00000,0.00000,0.00000,0.00000,0.00000,0.00000,0.00000,0.00000,0.00000,0.00000,0.00000,0.00000,0.00000,0.00000,0.00000,0.00000,0.00000,0.00000,0.00000,0.00000,0.00000,0.00000,0.00000,0.00000,0.00000,0.00000,0.00000,0.00000,0.00000,0.00000,0.00000,0.00000,0.00000,0.00000,0.00000,0.00000,0.00000,0.00000,0.00000,0.00000,0.00000,0.00000,0.00000,0.00000,0.00000,0.00000,0.00000,0.00000,0.00000,0.00000,0.00000,0.12028,0.00000,0.00000,0.00000,0.04316,0.00000,0.00000,0.00000,0.06492,0.00000,0.00000,0.00000,0.04870,0.17400,0.00000,0.00000,0.00991,0.00000,0.00000,0.12860,0.05165,0.00018,0.00000,0.00000,0.00000,0.12754,0.10083,0.00000,0.00000,0.00000,0.00000,0.00761,0.00000,0.00000,0.00000,0.00000,0.00000,0.00000,0.07818,0.00000,0.00000,0.00000,0.00336,0.00000,0.00000,0.00000,0.00000,0.00000,0.00000,0.00000,0.00000,0.00000,0.00000,0.00000,0.91463,1.96250,2.03900,1.00850,4.64550,5.00000,0,0.00000,0.91463,0.00000,0.00000,0.00000
16,0.00000,0.00000,0.00000,0.00000,0.00000,0.00000,0.00000,0.00000,0.00000,0.00000,0.00000,0.00000,0.00000,0.00000,0.00000,0.00000,0.00000,0.00000,0.00000,0.00000,0.00000,0.00000,0.00000,0.00000,0.00000,0.00000,0.00000,0.00000,0.00000,0.00000,0.00000,0.00000,0.00000,0.00000,0.00000,0.00000,0.00000,0.00000,0.00000,0.00000,0.00000,0.00000,0.00000,0.00000,0.00000,0.00000,0.00000,0.00000,0.00000,0.00000,0.00000,0.00000,0.00000,0.00000,0.00000,0.00000,0.00000,0.00000,0.00000,0.14275,0.00000,0.00000,0.00000,0.03361,0.00000,0.00000,0.00000,0.09127,0.00000,0.00000,0.00000,0.04057,0.17966,0.00000,0.00000,0.01221,0.00000,0.00000,0.09552,0.07005,0.00000,0.00000,0.00000,0.00000,0.12117,0.10702,0.00000,0.00000,0.00000,0.00000,0.10666,0.00000,0.00000,0.00000,0.00000,0.00000,0.00000,0.18042,0.00195,0.00000,0.00000,0.00000,0.00000,0.00000,0.00000,0.00000,0.00000,0.00000,0.00000,0.00000,0.00000,0.00000,0.00000,0.91463,1.88250,1.97600,0.94550,2.01100,5.00000,0,0.00000,0.91463,0.00000,0.00000,0.00000
17,0.00000,0.00000,0.00000,0.00000,0.00000,0.00000,0.00000,0.00000,0.00000,0.00000,0.00000,0.00000,0.00000,0.00000,0.00000,0.00000,0.00000,0.00000,0.00000,0.00000,0.00000,0.00000,0.00000,0.00000,0.00000,0.00000,0.00000,0.00000,0.00000,0.00000,0.00000,0.00000,0.00000,0.00000,0.00000,0.00000,0.00000,0.00000,0.00000,0.00000,0.00000,0.00000,0.00000,0.00000,0.00000,0.00000,0.00000,0.00000,0.00000,0.00000,0.00000,0.00000,0.00000,0.00000,0.00000,0.00000,0.00000,0.00000,0.00000,0.15047,0.00094,0.00000,0.00000,0.00035,0.00000,0.00000,0.00000,0.07659,0.00000,0.00000,0.00000,0.03084,0.19133,0.00000,0.00000,0.01079,0.00000,0.00000,0.06563,0.04263,0.00000,0.00000,0.00000,0.00000,0.12011,0.10507,0.00000,0.00000,0.00000,0.01380,0.20855,0.00000,0.00000,0.00000,0.00000,0.00000,0.00000,0.19782,0.02258,0.00000,0.00000,0.07948,0.00401,0.00000,0.00000,0.00000,0.00000,0.00000,0.00000,0.00136,0.19764,0.00000,0.00000,0.91463,1.95650,0.87150,0.87600,1.91000,5.00000,0,0.90000,0.91463,0.00000,0.00000,0.00000
18,0.00000,0.00000,0.00000,0.00000,0.00000,0.00000,0.00000,0.00000,0.00000,0.00000,0.00000,0.00000,0.00000,0.00000,0.00000,0.00000,0.00000,0.00000,0.00000,0.00000,0.00000,0.00000,0.00000,0.00000,0.00000,0.00000,0.00000,0.00000,0.00000,0.00000,0.00000,0.00000,0.00000,0.00000,0.00000,0.00000,0.00000,0.00000,0.00000,0.00000,0.00000,0.00000,0.00000,0.00000,0.00000,0.00000,0.00000,0.00000,0.00000,0.00000,0.00000,0.00000,0.00000,0.00000,0.00000,0.00000,0.00000,0.00000,0.00000,0.15825,0.01421,0.00000,0.00000,0.00000,0.00071,0.00000,0.00000,0.05554,0.00725,0.00000,0.00000,0.00224,0.22471,0.00000,0.00000,0.00000,0.00000,0.00000,0.02724,0.11445,0.00000,0.00000,0.00000,0.00000,0.07818,0.10295,0.00000,0.00000,0.00000,0.00000,0.13903,0.00000,0.00000,0.00000,0.00000,0.00000,0.00000,0.10601,0.06627,0.00000,0.00000,0.13520,0.06804,0.00000,0.00000,0.00000,0.00000,0.00000,0.00000,0.00000,0.20200,0.00690,0.90000,0.91463,1.80350,1.82100,0.80100,1.91700,5.00000,0,0.90000,0.91463,0.00000,0.00000,0.00000
19,0.00000,0.00000,0.00000,0.00000,0.00000,0.00000,0.00000,0.00000,0.00000,0.00000,0.00000,0.00000,0.00000,0.00000,0.00000,0.00000,0.00000,0.00000,0.00000,0.00000,0.00000,0.00000,0.00000,0.00000,0.00000,0.00000,0.00000,0.00000,0.00000,0.00000,0.00000,0.00000,0.00000,0.00000,0.00000,0.00000,0.00000,0.00000,0.00000,0.00000,0.00000,0.00000,0.00000,0.00000,0.00000,0.00000,0.00000,0.00000,0.00000,0.00000,0.00000,0.00000,0.00000,0.00000,0.00000,0.00000,0.00000,0.00000,0.00000,0.06403,0.00000,0.00000,0.00000,0.00053,0.00000,0.00000,0.00000,0.05996,0.00000,0.00000,0.00000,0.12577,0.10489,0.00000,0.00000,0.01822,0.00000,0.00000,0.07376,0.00000,0.00000,0.00000,0.00000,0.00000,0.20519,0.01415,0.00000,0.00000,0.00000,0.00000,0.00000,0.00000,0.00000,0.00000,0.00000,0.00000,0.00478,0.08296,0.00000,0.00000,0.00000,0.00000,0.00000,0.00000,0.00000,0.00000,0.00000,0.00000,0.00000,0.00000,0.00000,0.00000,0.90000,0.91463,1.88750,0.73600,0.76900,1.79000,5.00000,0,0.00000,0.91463,0.00000,0.00000,0.00000
20,0.00000,0.00000,0.00000,0.00000,0.00000,0.00000,0.00000,0.00000,0.00000,0.00000,0.00000,0.00000,0.00000,0.00000,0.00000,0.00000,0.00000,0.00000,0.00000,0.00000,0.00000,0.00000,0.00000,0.00000,0.00000,0.00000,0.00000,0.00000,0.00000,0.00000,0.00000,0.00000,0.00000,0.00000,0.00000,0.00000,0.00000,0.00000,0.00000,0.00000,0.00000,0.00000,0.00000,0.00000,0.00000,0.00000,0.00000,0.00000,0.00000,0.00000,0.00000,0.00000,0.00000,0.00000,0.00000,0.00000,0.00000,0.00000,0.04422,0.00000,0.00000,0.00000,0.00000,0.00000,0.00000,0.00000,0.00000,0.00000,0.00000,0.00000,0.21515,0.00772,0.00000,0.00000,0.05401,0.14693,0.00000,0.00000,0.00000,0.00000,0.00000,0.00000,0.00820,0.21840,0.00000,0.00000,0.00000,0.00000,0.15077,0.00065,0.00000,0.00000,0.00000,0.00000,0.00000,0.08585,0.13331,0.00000,0.00000,0.00000,0.04334,0.00000,0.00000,0.00000,0.00000,0.00000,0.00000,0.00000,0.00796,0.00000,0.00000,0.00000,0.00000,0.91463,0.62900,0.63800,1.66250,5.00000,5.00000,0,0.00000,0.91463,0.00000,0.00000,0.00000
21,0.00000,0.00000,0.00000,0.00000,0.00000,0.00000,0.00000,0.00000,0.00000,0.00000,0.00000,0.00000,0.00000,0.00000,0.00000,0.00000,0.00000,0.00000,0.00000,0.00000,0.00000,0.00000,0.00000,0.00000,0.00000,0.00000,0.00000,0.00000,0.00000,0.00000,0.00000,0.00000,0.00000,0.00000,0.00000,0.00000,0.00000,0.00000,0.00000,0.00000,0.00000,0.00000,0.00000,0.00000,0.00000,0.00000,0.00000,0.00000,0.00000,0.00000,0.00000,0.00000,0.00000,0.00000,0.00000,0.00000,0.00000,0.00000,0.00000,0.00000,0.00000,0.00000,0.00000,0.00000,0.00425,0.00000,0.00000,0.00000,0.00000,0.08791,0.00000,0.00000,0.00000,0.00289,0.08160,0.12848,0.00814,0.00000,0.00000,0.00000,0.00000,0.06032,0.15548,0.00000,0.00000,0.00000,0.00000,0.00654,0.00000,0.00000,0.00000,0.00000,0.00000,0.00000,0.15436,0.07099,0.00000,0.00000,0.00000,0.00000,0.00000,0.00000,0.00000,0.00000,0.00000,0.00000,0.00000,0.19652,0.00000,0.00000,0.00000,0.00000,0.00000,0.91463,0.59000,0.59600,1.62600,2.76100,5.00000,0,0.00000,0.91463,0.00000,0.00000,0.00000
22,0.00000,0.00000,0.00000,0.00000,0.00000,0.00000,0.00000,0.00000,0.00000,0.00000,0.00000,0.00000,0.00000,0.00000,0.00000,0.00000,0.00000,0.00000,0.00000,0.00000,0.00000,0.00000,0.00000,0.00000,0.00000,0.00000,0.00000,0.00000,0.00000,0.00000,0.00000,0.00000,0.00000,0.00000,0.00000,0.00000,0.00000,0.00000,0.00000,0.00000,0.00000,0.00000,0.00000,0.00000,0.00000,0.00000,0.00000,0.00000,0.00000,0.00000,0.00000,0.00000,0.00000,0.00000,0.00000,0.00000,0.00000,0.00000,0.00000,0.00000,0.00000,0.00000,0.00000,0.00000,0.00000,0.00000,0.00000,0.00000,0.01197,0.01421,0.00000,0.00000,0.00000,0.05230,0.12341,0.04699,0.00000,0.00000,0.00000,0.00000,0.00000,0.00000,0.00000,0.00000,0.00000,0.00000,0.00000,0.10383,0.00000,0.00000,0.00000,0.00000,0.00000,0.00000,0.01079,0.00000,0.00000,0.00000,0.00000,0.00000,0.00000,0.00000,0.00000,0.00000,0.00000,0.00000,0.06598,0.00000,0.00000,0.00000,0.00000,0.00000,0.00000,0.91463,0.51400,0.53000,1.56250,3.10850,5.00000,0,0.00000,0.91463,0.00000,0.00000,0.00000
23,0.00000,0.00000,0.00000,0.00000,0.00000,0.00000,0.00000,0.00000,0.00000,0.00000,0.00000,0.00000,0.00000,0.00000,0.00000,0.00000,0.00000,0.00000,0.00000,0.00000,0.00000,0.00000,0.00000,0.00000,0.00000,0.00000,0.00000,0.00000,0.00000,0.00000,0.00000,0.00000,0.00000,0.00000,0.00000,0.00000,0.00000,0.00000,0.00000,0.00000,0.00000,0.00000,0.00000,0.00000,0.00000,0.00000,0.00000,0.00000,0.00000,0.00000,0.00000,0.00000,0.00000,0.00000,0.00000,0.00000,0.00000,0.00000,0.00000,0.00000,0.00354,0.00000,0.00000,0.00000,0.00000,0.00000,0.00000,0.00000,0.00000,0.00000,0.00000,0.00000,0.02795,0.08862,0.09127,0.00000,0.00000,0.00000,0.00000,0.00000,0.01928,0.00000,0.00000,0.00000,0.00000,0.00000,0.04292,0.14847,0.00000,0.00000,0.00000,0.00000,0.00000,0.00000,0.00000,0.00000,0.00000,0.00000,0.00000,0.00000,0.00000,0.00000,0.00000,0.00000,0.00000,0.00000,0.00000,0.00000,0.00000,0.00000,0.00000,0.00000,0.00000,0.91463,0.48100,0.49500,2.24650,2.92300,5.00000,0,0.00000,0.91463,0.00000,0.00000,0.00000
24,0.00000,0.00000,0.00000,0.00000,0.00000,0.00000,0.00000,0.00000,0.00000,0.00000,0.00000,0.00000,0.00000,0.00000,0.00000,0.00000,0.00000,0.00000,0.00000,0.00000,0.00000,0.00000,0.00000,0.00000,0.00000,0.00000,0.00000,0.00000,0.00000,0.00000,0.00000,0.00000,0.00000,0.00000,0.00000,0.00000,0.00000,0.00000,0.00000,0.00000,0.00000,0.00000,0.00000,0.00000,0.00000,0.00000,0.00000,0.00000,0.00000,0.00000,0.00000,0.00000,0.00000,0.00000,0.00000,0.00000,0.00000,0.00000,0.00000,0.00519,0.01197,0.00000,0.00000,0.00000,0.00000,0.00000,0.00000,0.00000,0.00000,0.00000,0.00000,0.00000,0.11073,0.13373,0.03007,0.00000,0.00000,0.00000,0.00000,0.00000,0.00265,0.00000,0.00000,0.00000,0.00000,0.00000,0.09646,0.14375,0.00000,0.00000,0.00000,0.00000,0.01008,0.00000,0.00000,0.00000,0.00000,0.00000,0.00000,0.00000,0.00000,0.00000,0.00000,0.00000,0.00000,0.00000,0.00000,0.00000,0.00000,0.00000,0.00000,0.00000,0.00000,0.91463,0.40600,1.39600,2.51450,3.22700,3.35650,0,0.00000,0.91463,0.00000,0.00000,0.00000
25,0.00000,0.00000,0.00000,0.00000,0.00000,0.00000,0.00000,0.00000,0.00000,0.00000,0.00000,0.00000,0.00000,0.00000,0.00000,0.00000,0.00000,0.00000,0.00000,0.00000,0.00000,0.00000,0.00000,0.00000,0.00000,0.00000,0.00000,0.00000,0.00000,0.00000,0.00000,0.00000,0.00000,0.00000,0.00000,0.00000,0.00000,0.00000,0.00000,0.00000,0.00000,0.00000,0.00000,0.00000,0.00000,0.00000,0.00000,0.00000,0.00000,0.00000,0.00000,0.00000,0.00000,0.00000,0.00000,0.00000,0.00000,0.00000,0.00012,0.02642,0.00000,0.00000,0.00000,0.00000,0.00000,0.00000,0.00000,0.00000,0.00000,0.00000,0.00000,0.06757,0.14027,0.06509,0.00000,0.00000,0.00000,0.00000,0.00000,0.00000,0.00000,0.00000,0.00000,0.00000,0.00000,0.07636,0.10212,0.06244,0.00000,0.00000,0.00000,0.00000,0.00000,0.00000,0.00000,0.00000,0.00000,0.00000,0.00000,0.05660,0.00000,0.00000,0.00000,0.00000,0.00000,0.00000,0.00000,0.00000,0.00000,0.00000,0.00000,0.00000,0.00000,0.91463,0.35800,1.33600,2.66450,3.39400,3.20550,0,0.00000,0.91463,0.00000,0.00000,0.00000
26,0.00000,0.00000,0.00000,0.00000,0.00000,0.00000,0.00000,0.00000,0.00000,0.00000,0.00000,0.00000,0.00000,0.00000,0.00000,0.00000,0.00000,0.00000,0.00000,0.00000,0.00000,0.00000,0.00000,0.00000,0.00000,0.00000,0.00000,0.00000,0.00000,0.00000,0.00000,0.00000,0.00000,0.00000,0.00000,0.00000,0.00000,0.00000,0.00000,0.00000,0.00000,0.00000,0.00000,0.00000,0.00000,0.00000,0.00000,0.00000,0.00000,0.00000,0.00000,0.00000,0.00000,0.00000,0.00000,0.00000,0.00000,0.00000,0.00389,0.00000,0.00000,0.00000,0.00000,0.00000,0.00000,0.00000,0.00000,0.00000,0.00000,0.00000,0.02300,0.13909,0.05778,0.00000,0.00000,0.00000,0.00000,0.00000,0.00000,0.00000,0.00000,0.00000,0.00000,0.00000,0.09393,0.12818,0.01899,0.00000,0.00000,0.00000,0.00000,0.00000,0.00000,0.00000,0.00000,0.00000,0.00000,0.00000,0.07465,0.15318,0.00000,0.00000,0.00000,0.00000,0.00000,0.00000,0.00000,0.00000,0.00000,0.00000,0.00000,0.00000,0.00000,0.91463,0.30300,1.27600,2.95850,3.73800,2.73550,0,-0.90000,0.91463,0.00000,0.00000,0.00000
27,0.00000,0.00000,0.00000,0.00000,0.00000,0.00000,0.00000,0.00000,0.00000,0.00000,0.00000,0.00000,0.00000,0.00000,0.00000,0.00000,0.00000,0.00000,0.00000,0.00000,0.00000,0.00000,0.00000,0.00000,0.00000,0.00000,0.00000,0.00000,0.00000,0.00000,0.00000,0.00000,0.00000,0.00000,0.00000,0.00000,0.00000,0.00000,0.00000,0.00000,0.00000,0.00000,0.00000,0.00000,0.00000,0.00000,0.00000,0.00000,0.00000,0.00000,0.00000,0.00000,0.00000,0.00000,0.00000,0.00000,0.00000,0.00389,0.00000,0.00000,0.00000,0.00000,0.00000,0.00000,0.00000,0.00000,0.00000,0.00000,0.00000,0.01592,0.14287,0.09646,0.00000,0.00000,0.00000,0.00000,0.00000,0.00000,0.00000,0.00000,0.00000,0.00000,0.00000,0.07311,0.15419,0.04988,0.00000,0.00000,0.00000,0.00000,0.00000,0.00000,0.00000,0.00000,0.00000,0.00000,0.00000,0.10943,0.14375,0.01392,0.00000,0.00000,0.00000,0.00000,0.00000,0.00000,0.00000,0.00000,0.00000,0.00000,0.00183,0.15313,-0.90000,0.91463,1.19100,1.21500,3.07850,4.11100,2.52600,0,-0.90000,0.91463,0.00000,0.00000,0.00000
28,0.00000,0.00000,0.00000,0.00000,0.00000,0.00000,0.00000,0.00000,0.00000,0.00000,0.00000,0.00000,0.00000,0.00000,0.00000,0.00000,0.00000,0.00000,0.00000,0.00000,0.00000,0.00000,0.00000,0.00000,0.00000,0.00000,0.00000,0.00000,0.00000,0.00000,0.00000,0.00000,0.00000,0.00000,0.00000,0.00000,0.00000,0.00000,0.00000,0.00000,0.00000,0.00000,0.00000,0.00000,0.00000,0.00000,0.00000,0.00000,0.00000,0.00000,0.00000,0.00000,0.00000,0.00000,0.00000,0.00000,0.00000,0.05554,0.00000,0.00000,0.00000,0.00000,0.00000,0.00000,0.00000,0.00000,0.00000,0.00000,0.00000,0.05519,0.16421,0.03550,0.00000,0.00000,0.00000,0.00000,0.00000,0.00000,0.00000,0.00000,0.00000,0.00000,0.00000,0.14216,0.12848,0.00000,0.00000,0.00000,0.00000,0.00000,0.00000,0.00000,0.00000,0.00000,0.00000,0.00000,0.03856,0.12506,0.00637,0.00000,0.00000,0.00000,0.00000,0.00000,0.00000,0.00000,0.00000,0.00000,0.00000,0.00000,0.06639,0.17559,-0.90000,0.91463,1.25000,1.12700,2.97150,3.72050,5.00000,0,-0.90000,0.91463,0.00000,0.00000,0.00000
29,0.00000,0.00000,0.00000,0.00000,0.00000,0.00000,0.00000,0.00000,0.00000,0.00000,0.00000,0.00000,0.00000,0.00000,0.00000,0.00000,0.00000,0.00000,0.00000,0.00000,0.00000,0.00000,0.00000,0.00000,0.00000,0.00000,0.00000,0.00000,0.00000,0.00000,0.00000,0.00000,0.00000,0.00000,0.00000,0.00000,0.00000,0.00000,0.00000,0.00000,0.00000,0.00000,0.00000,0.00000,0.00000,0.00000,0.00000,0.00000,0.00000,0.00000,0.00000,0.00000,0.00000,0.00000,0.00000,0.00000,0.00000,0.00584,0.02406,0.00000,0.00000,0.00000,0.00000,0.00000,0.00000,0.00000,0.00000,0.00000,0.00000,0.00000,0.14664,0.10029,0.00000,0.00000,0.00000,0.00000,0.00000,0.00000,0.00000,0.00000,0.00000,0.00000,0.00000,0.08774,0.17123,0.00035,0.00000,0.00000,0.00000,0.00000,0.00000,0.00000,0.00000,0.00000,0.00000,0.00000,0.02017,0.19511,0.04387,0.00000,0.00000,0.00000,0.00000,0.00000,0.00000,0.00000,0.00000,0.00000,0.00000,0.00000,0.13715,0.13137,-0.90000,0.91463,1.22300,1.08800,2.81650,3.62750,5.00000,0,0.00000,0.91463,0.00000,0.00000,0.00000
30,0.00000,0.00000,0.00000,0.00000,0.00000,0.00000,0.00000,0.00000,0.00000,0.00000,0.00000,0.00000,0.00000,0.00000,0.00000,0.00000,0.00000,0.00000,0.00000,0.00000,0.00000,0.00000,0.00000,0.00000,0.00000,0.00000,0.00000,0.00000,0.00000,0.00000,0.00000,0.00000,0.00000,0.00000,0.00000,0.00000,0.00000,0.00000,0.00000,0.00000,0.00000,0.00000,0.00000,0.00000,0.00000,0.00000,0.00000,0.00000,0.00000,0.00000,0.00000,0.00000,0.00000,0.00000,0.00000,0.00000,0.00000,0.02689,0.13284,0.00000,0.00000,0.00000,0.00000,0.00000,0.00000,0.00000,0.00000,0.00000,0.00000,0.00000,0.03550,0.19805,0.01038,0.00000,0.00000,0.00000,0.00000,0.00000,0.00000,0.00000,0.00000,0.00000,0.00000,0.00283,0.19528,0.05413,0.00000,0.00000,0.00000,0.00000,0.00000,0.00000,0.00000,0.00000,0.00000,0.00000,0.00000,0.14929,0.09233,0.00000,0.00000,0.00000,0.00000,0.00000,0.00000,0.00000,0.00000,0.00000,0.00000,0.00000,0.09841,0.15843,0.00000,0.91463,1.17000,1.02300,1.04000,3.21050,4.28700,0,0.00000,0.91463,0.00000,0.00000,0.00000
31,0.00000,0.00000,0.00000,0.00000,0.00000,0.00000,0.00000,0.00000,0.00000,0.00000,0.00000,0.00000,0.00000,0.00000,0.00000,0.00000,0.00000,0.00000,0.00000,0.00000,0.00000,0.00000,0.00000,0.00000,0.00000,0.00000,0.00000,0.00000,0.00000,0.00000,0.00000,0.00000,0.00000,0.00000,0.00000,0.00000,0.00000,0.00000,0.00000,0.00000,0.00000,0.00000,0.00000,0.00000,0.00000,0.00000,0.02759,0.00000,0.00000,0.00000,0.00000,0.00000,0.00000,0.00000,0.00000,0.00000,0.00000,0.00000,0.09752,0.10926,0.00000,0.00000,0.00000,0.00000,0.00000,0.00000,0.00000,0.00000,0.00000,0.00000,0.00000,0.10578,0.13019,0.00000,0.00000,0.00000,0.00000,0.00000,0.00000,0.00000,0.00000,0.00000,0.00000,0.00000,0.08296,0.16309,0.00000,0.00000,0.00000,0.00000,0.00000,0.00000,0.00000,0.00000,0.00000,0.00000,0.00000,0.05902,0.17642,0.00000,0.00000,0.00000,0.00000,0.00000,0.00000,0.00000,0.00000,0.00000,0.00000,0.00000,0.02919,0.20130,0.00000,0.91463,1.11600,0.96100,0.96200,3.02200,5.00000,0,0.00000,0.91463,0.00000,0.00000,0.00000
32,0.00000,0.00000,0.00000,0.00000,0.00000,0.00000,0.00000,0.00000,0.00000,0.00000,0.00000,0.00000,0.00000,0.00000,0.00000,0.00000,0.00000,0.00000,0.00000,0.00000,0.00000,0.00000,0.00000,0.00000,0.00000,0.00000,0.00000,0.00000,0.00000,0.00000,0.00000,0.00000,0.00000,0.00000,0.00000,0.00000,0.00000,0.00000,0.00000,0.00000,0.00000,0.00000,0.00000,0.00000,0.00000,0.00000,0.00000,0.00000,0.00000,0.00000,0.00000,0.00000,0.00000,0.00000,0.00000,0.00000,0.00000,0.00000,0.00035,0.15177,0.00000,0.00000,0.00000,0.00000,0.00000,0.00000,0.00000,0.00000,0.00000,0.00000,0.00000,0.04210,0.19139,0.00000,0.00000,0.00000,0.00000,0.00000,0.00000,0.00000,0.00000,0.00000,0.00000,0.00000,0.03538,0.20560,0.00029,0.00000,0.00000,0.00000,0.00000,0.00000,0.00000,0.00000,0.00000,0.00000,0.00000,0.02323,0.21787,0.00690,0.00000,0.00000,0.00000,0.00000,0.00000,0.00000,0.00000,0.00000,0.00000,0.00000,0.00749,0.20265,0.00000,0.91463,1.09000,0.93100,0.93100,3.50150,5.00000,0,0.00000,0.91463,0.00000,0.00000,0.00000
33,0.00000,0.00000,0.00000,0.00000,0.00000,0.00000,0.00000,0.00000,0.00000,0.00000,0.00000,0.00000,0.00000,0.00000,0.00000,0.00000,0.00000,0.00000,0.00000,0.00000,0.00000,0.00000,0.00000,0.00000,0.00000,0.00000,0.00000,0.00000,0.00000,0.00000,0.00000,0.00000,0.00000,0.00000,0.00000,0.00000,0.00000,0.00000,0.00000,0.00000,0.00000,0.00000,0.00000,0.00000,0.00000,0.00000,0.00000,0.00000,0.00000,0.00000,0.00000,0.00000,0.00000,0.00000,0.00000,0.00000,0.00000,0.00000,0.00000,0.16857,0.00000,0.00000,0.00000,0.00000,0.00000,0.00000,0.00000,0.00000,0.00000,0.00000,0.00000,0.02978,0.21380,0.00000,0.00000,0.00000,0.00000,0.00000,0.00000,0.00000,0.00000,0.00000,0.00000,0.00000,0.02494,0.21268,0.00029,0.00000,0.00000,0.00000,0.00000,0.00000,0.00000,0.00000,0.00000,0.00000,0.00000,0.02518,0.21698,0.00301,0.00000,0.00000,0.00000,0.00000,0.00000,0.00000,0.00000,0.00000,0.00000,0.00000,0.01297,0.21521,0.00000,0.91463,1.04300,0.87300,0.86900,3.64750,5.00000,0,0.00000,0.91463,0.00000,0.00000,0.00000
34,0.00000,0.00000,0.00000,0.00000,0.00000,0.00000,0.00000,0.00000,0.00000,0.00000,0.00000,0.00000,0.00000,0.00000,0.00000,0.00000,0.00000,0.00000,0.00000,0.00000,0.00000,0.00000,0.00000,0.00000,0.00000,0.00000,0.00000,0.00000,0.00000,0.00000,0.00000,0.00000,0.00000,0.00000,0.00000,0.00000,0.00000,0.00000,0.00000,0.00000,0.00000,0.00000,0.00000,0.00000,0.00000,0.00000,0.00000,0.00000,0.00000,0.00000,0.00000,0.00000,0.00000,0.00000,0.00000,0.00000,0.00000,0.00000,0.00000,0.11616,0.00218,0.00000,0.00000,0.00000,0.00000,0.00000,0.00000,0.00000,0.00000,0.00000,0.00000,0.01374,0.21710,0.00177,0.00000,0.00000,0.00000,0.00000,0.00000,0.00000,0.00000,0.00000,0.00000,0.00000,0.01539,0.22193,0.00112,0.00000,0.00000,0.00000,0.00000,0.00000,0.00000,0.00000,0.00000,0.00000,0.00000,0.02017,0.22205,0.00153,0.00000,0.00000,0.00000,0.00000,0.04298,0.00000,0.00000,0.00000,0.00000,0.00000,0.01846,0.21415,0.00000,0.91463,0.99100,0.81100,0.80400,3.74550,5.00000,0,-0.90000,0.91463,0.00000,0.00000,0.00000
35,0.00000,0.00000,0.00000,0.00000,0.00000,0.00000,0.00000,0.00000,0.00000,0.00000,0.00000,0.00000,0.00000,0.00000,0.00000,0.00000,0.00000,0.00000,0.00000,0.00000,0.00000,0.00000,0.00000,0.00000,0.00000,0.00000,0.00000,0.00000,0.00000,0.00000,0.00000,0.00000,0.00000,0.00000,0.00000,0.00000,0.00000,0.00000,0.00000,0.00000,0.00000,0.00000,0.00000,0.00000,0.00000,0.00000,0.00000,0.00000,0.00000,0.00000,0.00000,0.00000,0.00000,0.00000,0.00000,0.00000,0.00000,0.00000,0.00000,0.03101,0.00914,0.00000,0.00000,0.00000,0.00000,0.00000,0.00000,0.00000,0.00000,0.00000,0.00000,0.00301,0.21244,0.00973,0.00000,0.00000,0.00000,0.00000,0.00000,0.00000,0.00000,0.00000,0.00000,0.00000,0.00442,0.21875,0.00342,0.00000,0.00000,0.00000,0.03555,0.00000,0.00000,0.00000,0.00000,0.00000,0.00000,0.01097,0.19570,0.00189,0.00000,0.00000,0.00867,0.00000,0.00000,0.00000,0.00000,0.00000,0.00000,0.00000,0.00843,0.20914,-0.90000,0.91463,0.94100,2.32100,0.73800,3.63350,5.00000,0,-0.90000,0.91463,0.00000,0.00000,0.00000
36,0.00000,0.00000,0.00000,0.00000,0.00000,0.00000,0.00000,0.00000,0.00000,0.00000,0.00000,0.00000,0.00000,0.00000,0.00000,0.00000,0.00000,0.00000,0.00000,0.00000,0.00000,0.00000,0.00000,0.00000,0.00000,0.00000,0.00000,0.00000,0.00000,0.00000,0.00000,0.00000,0.00000,0.00000,0.00000,0.00000,0.00000,0.00000,0.00000,0.00000,0.00000,0.00000,0.00000,0.00000,0.00000,0.00000,0.00000,0.00000,0.00000,0.00000,0.00000,0.00000,0.00000,0.00000,0.00000,0.00000,0.00000,0.00000,0.00000,0.00000,0.00035,0.00000,0.00000,0.00000,0.00000,0.00000,0.00000,0.00000,0.00000,0.00000,0.00000,0.00000,0.09393,0.10454,0.00000,0.00000,0.00000,0.00000,0.00000,0.00000,0.00000,0.00000,0.00000,0.00000,0.00000,0.12748,0.10106,0.00000,0.00000,0.00000,0.00000,0.00000,0.00000,0.00000,0.00000,0.00000,0.00000,0.00000,0.14228,0.09971,0.00000,0.00000,0.00301,0.00000,0.00000,0.00000,0.00000,0.00000,0.00000,0.00000,0.00000,0.13196,-0.90000,0.91463,0.88400,2.53500,0.67000,0.73100,5.00000,0,-0.90000,0.91463,0.00000,0.00000,0.00000
37,0.00000,0.00000,0.00000,0.00000,0.00000,0.00000,0.00000,0.00000,0.00000,0.00000,0.00000,0.00000,0.00000,0.00000,0.00000,0.00000,0.00000,0.00000,0.00000,0.00000,0.00000,0.00000,0.00000,0.00000,0.00000,0.00000,0.00000,0.00000,0.00000,0.00000,0.00000,0.00000,0.00000,0.00000,0.00000,0.00000,0.00000,0.00000,0.00000,0.00000,0.00000,0.00000,0.00000,0.00000,0.00000,0.00000,0.00000,0.00000,0.00000,0.00000,0.00000,0.00000,0.00000,0.00000,0.00000,0.00000,0.00000,0.00000,0.00000,0.00000,0.00000,0.02087,0.00000,0.00000,0.00000,0.00000,0.00000,0.00000,0.01026,0.00000,0.00000,0.00000,0.00000,0.14746,0.07117,0.00000,0.00000,0.00000,0.00000,0.00000,0.01504,0.00000,0.00000,0.00000,0.00000,0.00000,0.16887,0.06922,0.00000,0.00000,0.00000,0.00000,0.00000,0.00000,0.00000,0.00000,0.00000,0.00000,0.00000,0.12700,0.00000,0.00000,0.00000,0.00000,0.00000,0.00000,0.00000,0.00000,0.00000,0.00000,0.00000,0.00000,-0.90000,0.91463,0.85500,2.59650,0.65800,4.55150,5.00000,0,-0.90000,0.91463,0.00000,0.00000,0.00000
38,0.00000,0.00000,0.00000,0.00000,0.00000,0.00000,0.00000,0.00000,0.00000,0.00000,0.00000,0.00000,0.00000,0.00000,0.00000,0.00000,0.00000,0.00000,0.00000,0.00000,0.00000,0.00000,0.00000,0.00000,0.00000,0.00000,0.00000,0.00000,0.00000,0.00000,0.00000,0.00000,0.00000,0.00000,0.00000,0.00000,0.00000,0.00000,0.00000,0.00000,0.00000,0.00000,0.00000,0.00000,0.00000,0.00000,0.00000,0.00000,0.00000,0.00000,0.00000,0.00000,0.00000,0.00000,0.00000,0.00000,0.00000,0.00000,0.00000,0.00000,0.00000,0.00000,0.00000,0.00000,0.00000,0.00000,0.00000,0.00000,0.00000,0.00000,0.00000,0.00000,0.00000,0.00000,0.07547,0.09558,0.00000,0.00000,0.00000,0.00000,0.00000,0.00000,0.00000,0.00000,0.00000,0.00000,0.00000,0.10153,0.00000,0.00000,0.00000,0.00000,0.00000,0.00000,0.00000,0.00000,0.00000,0.00000,0.00000,0.00000,0.00000,0.00000,0.00000,0.00000,0.00000,0.00000,0.00000,0.00000,0.00000,0.00000,0.00000,0.00000,-0.90000,0.91463,0.76000,0.84900,0.60700,0.62000,0.65600,0,-0.90000,0.91463,0.00000,0.00000,0.00000
39,0.00000,0.00000,0.00000,0.00000,0.00000,0.00000,0.00000,0.00000,0.00000,0.00000,0.00000,0.00000,0.00000,0.00000,0.00000,0.00000,0.00000,0.00000,0.00000,0.00000,0.00000,0.00000,0.00000,0.00000,0.00000,0.00000,0.00000,0.00000,0.00000,0.00000,0.00000,0.00000,0.00000,0.00000,0.00000,0.00000,0.00000,0.00000,0.00000,0.00000,0.00000,0.00000,0.00000,0.00000,0.00000,0.00000,0.00000,0.00000,0.00000,0.00000,0.00000,0.00000,0.00000,0.00000,0.00000,0.00000,0.00000,0.00000,0.00000,0.00000,0.00000,0.00000,0.00000,0.00000,0.00000,0.00831,0.00000,0.00000,0.00000,0.00000,0.00000,0.00000,0.00000,0.00000,0.00000,0.00000,0.12358,0.00943,0.00000,0.00000,0.00000,0.00000,0.00000,0.00000,0.00000,0.00000,0.00000,0.00000,0.00000,0.00000,0.00000,0.00000,0.00000,0.00000,0.00000,0.00000,0.00000,0.00000,0.00000,0.00000,0.00000,0.00000,0.00000,0.00000,0.00000,0.00000,0.00000,0.00000,0.00000,0.00000,0.00000,0.00000,-0.90000,0.91463,0.79400,0.73600,2.13000,0.54900,0.57900,0,0.00000,0.91463,0.00000,0.00000,0.00000
40,0.00000,0.00000,0.00000,0.00000,0.00000,0.00000,0.00000,0.00000,0.00000,0.00000,0.00000,0.00000,0.00000,0.00000,0.00000,0.00000,0.00000,0.00000,0.00000,0.00000,0.00000,0.00000,0.00000,0.00000,0.00000,0.00000,0.00000,0.00000,0.00000,0.00000,0.00000,0.00000,0.00000,0.00000,0.00000,0.00000,0.00000,0.00000,0.00000,0.00000,0.00000,0.00000,0.00000,0.00000,0.00000,0.00000,0.00000,0.00000,0.00000,0.00000,0.00000,0.00000,0.00000,0.00000,0.00000,0.00000,0.00000,0.00000,0.00000,0.00000,0.00000,0.00000,0.00000,0.00000,0.00000,0.00000,0.02105,0.00035,0.00000,0.00000,0.00000,0.00000,0.00000,0.00000,0.00000,0.00000,0.05790,0.08768,0.00000,0.00000,0.00000,0.00000,0.00000,0.00000,0.00000,0.00000,0.00000,0.00000,0.03325,0.00000,0.00000,0.00000,0.00000,0.00000,0.00000,0.00000,0.00000,0.00000,0.00000,0.00000,0.00000,0.00000,0.00000,0.00000,0.00000,0.00000,0.00000,0.00000,0.00000,0.00000,0.00000,0.00000,0.00000,0.91463,2.26600,0.68200,2.80150,0.49800,0.51800,0,0.00000,0.91463,0.00000,0.00000,0.00000
41,0.00000,0.00000,0.00000,0.00000,0.00000,0.00000,0.00000,0.00000,0.00000,0.00000,0.00000,0.00000,0.00000,0.00000,0.00000,0.00000,0.00000,0.00000,0.00000,0.00000,0.00000,0.00000,0.00000,0.00000,0.00000,0.00000,0.00000,0.00000,0.00000,0.00000,0.00000,0.00000,0.00000,0.00000,0.00000,0.00000,0.00000,0.00000,0.00000,0.00000,0.00000,0.00000,0.00000,0.00000,0.00000,0.00000,0.00000,0.00000,0.00000,0.00000,0.00000,0.00000,0.00000,0.00000,0.00000,0.00000,0.00000,0.00000,0.00000,0.00000,0.00000,0.00000,0.00000,0.00000,0.00000,0.00000,0.00796,0.02176,0.00000,0.00000,0.00000,0.00000,0.00000,0.00000,0.00000,0.00000,0.00000,0.11132,0.09882,0.00000,0.00000,0.00000,0.00000,0.00000,0.00000,0.00000,0.00000,0.00000,0.01427,0.02783,0.00000,0.00000,0.00000,0.00000,0.00000,0.00000,0.00000,0.00000,0.00000,0.00000,0.00000,0.00000,0.00000,0.00000,0.00000,0.00000,0.00000,0.00000,0.00000,0.00000,0.00000,0.00000,0.00000,0.91463,0.86150,0.65000,2.67850,0.47600,0.47500,0,0.00000,0.91463,0.00000,0.00000,0.00000
42,0.00000,0.00000,0.00000,0.00000,0.00000,0.00000,0.00000,0.00000,0.00000,0.00000,0.00000,0.00000,0.00000,0.00000,0.00000,0.00000,0.00000,0.00000,0.00000,0.00000,0.00000,0.00000,0.00000,0.00000,0.00000,0.00000,0.00000,0.00000,0.00000,0.00000,0.00000,0.00000,0.00000,0.00000,0.00000,0.00000,0.00000,0.00000,0.00000,0.00000,0.00000,0.00000,0.00000,0.00000,0.00000,0.00000,0.00654,0.00000,0.00000,0.00000,0.00000,0.00000,0.00000,0.00000,0.00000,0.00000,0.00000,0.00000,0.00000,0.00000,0.00000,0.00000,0.00000,0.00000,0.00000,0.00000,0.00000,0.01256,0.05890,0.00000,0.00000,0.00000,0.00000,0.00000,0.00000,0.00000,0.00000,0.00531,0.12948,0.04847,0.00000,0.00000,0.00000,0.00000,0.00000,0.00000,0.00000,0.00000,0.00000,0.16091,0.00643,0.00000,0.00000,0.00000,0.00637,0.00000,0.00000,0.00000,0.00000,0.00000,0.00000,0.00000,0.00000,0.00000,0.00000,0.00000,0.00000,0.00000,0.00000,0.00000,0.00000,0.00000,0.00000,0.91463,2.14700,0.59100,2.73550,2.39150,0.43100,0,0.00000,0.91463,0.00000,0.00000,0.00000
43,0.00000,0.00000,0.00000,0.00000,0.00000,0.00000,0.00000,0.00000,0.00000,0.00000,0.00000,0.00000,0.00000,0.00000,0.00000,0.00000,0.00000,0.00000,0.00000,0.00000,0.00000,0.00000,0.00000,0.00000,0.00000,0.00000,0.00000,0.00000,0.00000,0.00000,0.00000,0.00000,0.00000,0.00000,0.00000,0.00000,0.00000,0.00000,0.00000,0.00000,0.00000,0.00000,0.00000,0.00000,0.00000,0.00000,0.00000,0.00000,0.00000,0.00000,0.00000,0.00000,0.00000,0.00000,0.00000,0.00000,0.00000,0.00000,0.00000,0.00000,0.00000,0.00000,0.00000,0.00000,0.03290,0.00000,0.00000,0.00000,0.00071,0.00000,0.00000,0.00000,0.00000,0.00000,0.00000,0.00000,0.00000,0.00000,0.04581,0.07871,0.00796,0.00000,0.00000,0.00000,0.00000,0.00000,0.00000,0.00000,0.00000,0.15772,0.12193,0.00000,0.00000,0.00000,0.00000,0.00000,0.00000,0.00000,0.00000,0.00000,0.02282,0.02353,0.00000,0.00000,0.00000,0.00000,0.00000,0.00000,0.00000,0.00000,0.00000,0.00000,0.00000,0.91463,2.27800,0.50200,2.81850,1.91400,0.37700,0,0.90000,0.91463,0.00000,0.00000,0.00000
44,0.00000,0.00000,0.00000,0.00000,0.00000,0.00000,0.00000,0.00000,0.00000,0.00000,0.00000,0.00000,0.00000,0.00000,0.00000,0.00000,0.00000,0.00000,0.00000,0.00000,0.00000,0.00000,0.00000,0.00000,0.00000,0.00000,0.00000,0.00000,0.00000,0.00000,0.00000,0.00000,0.00000,0.00000,0.00000,0.00000,0.00000,0.00000,0.00000,0.00000,0.00000,0.00000,0.00000,0.00000,0.00000,0.00000,0.00000,0.00000,0.00000,0.00000,0.00000,0.00000,0.00000,0.00000,0.00000,0.00000,0.00000,0.00000,0.00000,0.01663,0.00000,0.00000,0.00000,0.00000,0.00248,0.00000,0.00000,0.00000,0.00000,0.08597,0.11197,0.00000,0.00000,0.00000,0.00000,0.00000,0.00000,0.00000,0.00000,0.00000,0.07211,0.07276,0.00000,0.00000,0.00000,0.00000,0.00000,0.00000,0.00000,0.00000,0.08703,0.06810,0.00000,0.00000,0.00000,0.00000,0.00000,0.00000,0.00000,0.00000,0.00153,0.18225,0.09110,0.00000,0.00000,0.00000,0.00000,0.00000,0.00000,0.00000,0.00000,0.00000,0.90000,0.91463,0.65600,0.44000,2.70450,1.86900,0.35200,0,0.90000,0.91463,0.00000,0.00000,0.00000
45,0.00000,0.00000,0.00000,0.00000,0.00000,0.00000,0.00000,0.00000,0.00000,0.00000,0.00000,0.00000,0.00000,0.00000,0.00000,0.00000,0.00000,0.00000,0.00000,0.00000,0.00000,0.00000,0.00000,0.00000,0.00000,0.00000,0.00000,0.00000,0.00000,0.00000,0.00000,0.00000,0.00000,0.00000,0.00000,0.00000,0.00000,0.00000,0.00000,0.00000,0.00000,0.00000,0.00000,0.00000,0.00000,0.00000,0.00000,0.00000,0.00000,0.00000,0.00000,0.00000,0.00000,0.00000,0.00000,0.00000,0.00000,0.00000,0.00708,0.02282,0.00000,0.00000,0.00000,0.00000,0.00000,0.00000,0.00000,0.00000,0.00000,0.06103,0.15377,0.00242,0.00000,0.00000,0.00000,0.00000,0.00000,0.00000,0.00000,0.00000,0.12742,0.12765,0.00000,0.00000,0.00000,0.00000,0.00000,0.00000,0.00000,0.00000,0.00000,0.01958,0.06958,0.00000,0.00000,0.00000,0.00000,0.00000,0.00000,0.00000,0.00000,0.03001,0.01739,0.00000,0.00000,0.00000,0.00000,0.00000,0.00000,0.00000,0.00000,0.00000,0.90000,0.91463,0.46600,0.38800,2.93450,1.80650,0.33500,0,0.00000,0.91463,0.00000,0.00000,0.00000
46,0.00000,0.00000,0.00000,0.00000,0.00000,0.00000,0.00000,0.00000,0.00000,0.00000,0.00000,0.00000,0.00000,0.00000,0.00000,0.00000,0.00000,0.00000,0.00000,0.00000,0.00000,0.00000,0.00000,0.00000,0.00000,0.00000,0.00000,0.00000,0.00000,0.00000,0.00000,0.00000,0.00000,0.00000,0.00000,0.00000,0.00000,0.00000,0.00000,0.00000,0.00000,0.00000,0.00000,0.00000,0.00000,0.00000,0.00000,0.00000,0.00000,0.00000,0.00000,0.00000,0.00000,0.00000,0.00000,0.00000,0.00000,0.00000,0.02618,0.00000,0.00000,0.00000,0.00000,0.00000,0.00000,0.00000,0.00000,0.00000,0.00000,0.14151,0.09446,0.00000,0.00000,0.00000,0.00000,0.00000,0.00000,0.00000,0.00000,0.00000,0.18461,0.06197,0.00000,0.00000,0.00000,0.00000,0.00000,0.00000,0.00000,0.00000,0.00867,0.20430,0.02813,0.00000,0.00000,0.00000,0.00000,0.00000,0.00000,0.00000,0.00000,0.00000,0.06368,0.00478,0.00000,0.00000,0.00000,0.00000,0.00000,0.00000,0.00000,0.00000,0.00000,0.91463,0.33900,2.33850,3.03950,1.70950,0.30700,0,0.00000,0.91463,0.00000,0.00000,0.00000
47,0.00000,0.00000,0.00000,0.00000,0.00000,0.00000,0.00000,0.00000,0.00000,0.00000,0.00000,0.00000,0.00000,0.00000,0.00000,0.00000,0.00000,0.00000,0.00000,0.00000,0.00000,0.00000,0.00000,0.00000,0.00000,0.00000,0.00000,0.00000,0.00000,0.00000,0.00000,0.00000,0.00000,0.00000,0.00000,0.00000,0.00000,0.00000,0.00000,0.00000,0.00000,0.00000,0.00000,0.00000,0.00000,0.00000,0.00000,0.00000,0.00000,0.00000,0.00000,0.00000,0.00000,0.00000,0.00000,0.00000,0.00000,0.00000,0.01221,0.00000,0.00000,0.00000,0.00000,0.00000,0.01539,0.00460,0.00000,0.00000,0.04463,0.16427,0.00000,0.00000,0.00000,0.00065,0.01828,0.00000,0.00407,0.00000,0.00000,0.05177,0.18402,0.00000,0.00000,0.00000,0.00000,0.00000,0.01627,0.00000,0.00000,0.00000,0.05360,0.18980,0.00000,0.00000,0.00000,0.00000,0.00000,0.00000,0.00000,0.00000,0.00000,0.01498,0.14617,0.00000,0.00000,0.00000,0.00000,0.00000,0.00000,0.00000,0.00000,0.00000,0.00000,0.91463,0.30800,2.47400,1.68450,1.65500,5.00000,0,0.00000,0.91463,0.00000,0.00000,0.00000
48,0.00000,0.00000,0.00000,0.00000,0.00000,0.00000,0.00000,0.00000,0.00000,0.00000,0.00000,0.00000,0.00000,0.00000,0.00000,0.00000,0.00000,0.00000,0.00000,0.00000,0.00000,0.00000,0.00000,0.00000,0.00000,0.00000,0.00000,0.00000,0.00000,0.00000,0.00000,0.00000,0.00000,0.00000,0.00000,0.00000,0.00000,0.00000,0.00000,0.00000,0.00000,0.00000,0.00000,0.00000,0.00000,0.00000,0.00000,0.00000,0.00000,0.00000,0.00000,0.00000,0.00000,0.00000,0.00000,0.00000,0.00000,0.03998,0.05165,0.00000,0.00000,0.00000,0.00000,0.00000,0.07341,0.08650,0.00000,0.00000,0.03001,0.18738,0.00000,0.00000,0.00000,0.00000,0.07465,0.00000,0.00000,0.00000,0.00000,0.01869,0.21657,0.00000,0.00000,0.00000,0.00000,0.00000,0.08597,0.00000,0.00000,0.00000,0.01167,0.22182,0.00248,0.00000,0.00000,0.00000,0.00000,0.00000,0.03644,0.03007,0.00000,0.00000,0.20625,0.00354,0.00000,0.00000,0.00000,0.00000,0.00000,0.00000,0.00000,0.00000,0.00000,0.91463,0.28900,2.44250,1.66600,1.63350,5.00000,0,0.90000,0.91463,0.00000,0.00000,0.00000
49,0.00000,0.00000,0.00000,0.00000,0.00000,0.00000,0.00000,0.00000,0.00000,0.00000,0.00000,0.00000,0.00000,0.00000,0.00000,0.00000,0.00000,0.00000,0.00000,0.00000,0.00000,0.00000,0.00000,0.00000,0.00000,0.00000,0.00000,0.00000,0.00000,0.00000,0.00000,0.00000,0.00000,0.00000,0.00000,0.00000,0.00000,0.00000,0.00000,0.00000,0.00000,0.00000,0.00000,0.00000,0.00000,0.00000,0.00000,0.00000,0.00000,0.00000,0.00000,0.00000,0.00000,0.00000,0.00000,0.00000,0.00000,0.04971,0.03679,0.00000,0.00000,0.02866,0.00000,0.00000,0.08060,0.10814,0.00000,0.00000,0.02046,0.20649,0.00000,0.00000,0.00000,0.05778,0.12812,0.00000,0.00000,0.00000,0.00000,0.00360,0.23632,0.00171,0.00000,0.00000,0.00000,0.00000,0.03909,0.00000,0.00000,0.00000,0.00000,0.13715,0.01038,0.00000,0.00000,0.00000,0.00000,0.00000,0.02877,0.15943,0.00000,0.00000,0.16893,0.03785,0.00000,0.00000,0.00000,0.00000,0.00000,0.00000,0.00000,0.10472,0.90000,0.91463,2.06850,2.47500,1.62500,1.58200,5.00000,0,0.90000,0.91463,0.00000,0.00000,0.00000
50,0.00000,0.00000,0.00000,0.00000,0.00000,0.00000,0.00000,0.00000,0.00000,0.00000,0.00000,0.00000,0.00000,0.00000,0.00000,0.00000,0.00000,0.00000,0.00000,0.00000,0.00000,0.00000,0.00000,0.00000,0.00000,0.00000,0.00000,0.00000,0.00000,0.00000,0.00000,0.00000,0.00000,0.00000,0.00000,0.00000,0.00000,0.00000,0.00000,0.00000,0.00000,0.00000,0.00000,0.00000,0.00000,0.00000,0.00000,0.00000,0.00000,0.00000,0.00000,0.00000,0.00000,0.00690,0.00000,0.00000,0.00000,0.05855,0.00000,0.00000,0.00000,0.08296,0.00000,0.00000,0.12388,0.09298,0.00000,0.00000,0.04552,0.17736,0.00000,0.00000,0.00000,0.14228,0.05584,0.00000,0.00000,0.00000,0.00000,0.00737,0.22347,0.00000,0.00000,0.00000,0.00000,0.00000,0.08508,0.00000,0.00000,0.00000,0.00000,0.12187,0.00920,0.00000,0.00000,0.00000,0.00000,0.00000,0.04086,0.10419,0.00000,0.00000,0.07818,0.00000,0.00000,0.00000,0.00000,0.00000,0.00000,0.00000,0.00000,0.16468,0.90000,0.91463,1.91550,2.45850,1.56600,3.37850,5.00000,0,0.00000,0.91463,0.00000,0.00000,0.00000
51,0.00000,0.00000,0.00000,0.00000,0.00000,0.00000,0.00000,0.00000,0.00000,0.00000,0.00000,0.00000,0.00000,0.00000,0.00000,0.00000,0.00000,0.00000,0.00000,0.00000,0.00000,0.00000,0.00000,0.00000,0.00000,0.00000,0.00000,0.00000,0.00000,0.00000,0.00000,0.00000,0.00000,0.00000,0.00000,0.00000,0.00000,0.00000,0.00000,0.00000,0.00000,0.00000,0.00000,0.00000,0.00000,0.00000,0.00000,0.00000,0.00000,0.00000,0.00000,0.00000,0.00000,0.00000,0.00000,0.00000,0.00124,0.00000,0.00000,0.00000,0.10825,0.00000,0.00000,0.00000,0.03361,0.00000,0.00000,0.00041,0.18956,0.00000,0.00000,0.00000,0.09923,0.09800,0.00000,0.00000,0.00000,0.00000,0.00000,0.19941,0.02647,0.00000,0.00000,0.00000,0.00000,0.15425,0.00000,0.00000,0.00000,0.00000,0.12541,0.09800,0.00000,0.00000,0.00000,0.00000,0.00000,0.00000,0.04917,0.00000,0.00000,0.01828,0.16728,0.00000,0.00000,0.00000,0.00000,0.00000,0.00000,0.00000,0.11356,0.01327,0.00000,0.91463,2.19450,2.76550,1.45900,1.40650,5.00000,0,0.00000,0.91463,0.00000,0.00000,0.00000
52,0.00000,0.00000,0.00000,0.00000,0.00000,0.00000,0.00000,0.00000,0.00000,0.00000,0.00000,0.00000,0.00000,0.00000,0.00000,0.00000,0.00000,0.00000,0.00000,0.00000,0.00000,0.00000,0.00000,0.00000,0.00000,0.00000,0.00000,0.00000,0.00000,0.00000,0.00000,0.00000,0.00000,0.00000,0.00000,0.00000,0.00000,0.00000,0.00000,0.00000,0.00000,0.00000,0.00000,0.00000,0.00000,0.00000,0.00000,0.00000,0.00000,0.00000,0.00000,0.00000,0.00000,0.00000,0.00000,0.00000,0.00000,0.00000,0.00000,0.09487,0.06344,0.00000,0.00000,0.00000,0.01327,0.00000,0.00000,0.08626,0.05507,0.00000,0.00000,0.00000,0.21598,0.00000,0.00000,0.00000,0.00000,0.00000,0.01999,0.17459,0.00000,0.00000,0.00000,0.00000,0.05908,0.16150,0.00000,0.00000,0.00000,0.00000,0.13320,0.00053,0.00000,0.00000,0.00000,0.00000,0.00000,0.03750,0.00000,0.00000,0.00000,0.13768,0.06574,0.00000,0.00000,0.00000,0.00000,0.00000,0.00000,0.00000,0.00000,0.00000,0.00000,0.91463,2.16550,2.71450,1.37800,5.00000,5.00000,0,0.00000,0.91463,0.00000,0.00000,0.00000
53,0.00000,0.00000,0.00000,0.00000,0.00000,0.00000,0.00000,0.00000,0.00000,0.00000,0.00000,0.00000,0.00000,0.00000,0.00000,0.00000,0.00000,0.00000,0.00000,0.00000,0.00000,0.00000,0.00000,0.00000,0.00000,0.00000,0.00000,0.00000,0.00000,0.00000,0.00000,0.00000,0.00000,0.00000,0.00000,0.00000,0.00000,0.00000,0.00000,0.00000,0.00000,0.00000,0.00000,0.00000,0.00000,0.00000,0.00000,0.00000,0.00000,0.00000,0.00000,0.00000,0.00000,0.00000,0.00000,0.00000,0.00000,0.00000,0.00000,0.09121,0.00360,0.00000,0.00000,0.00000,0.00053,0.00000,0.00000,0.04705,0.00000,0.00000,0.00000,0.01527,0.20336,0.00000,0.00000,0.00000,0.00000,0.00000,0.07394,0.10259,0.00000,0.00000,0.00000,0.00000,0.12736,0.09640,0.00000,0.00000,0.00000,0.00195,0.18626,0.00000,0.00000,0.00000,0.00000,0.00000,0.00000,0.19068,0.00000,0.00000,0.00000,0.01539,0.00000,0.00000,0.00000,0.00000,0.00000,0.00000,0.00000,0.00000,0.00000,0.00000,0.00000,0.91463,2.24650,1.34150,1.33550,5.00000,5.00000,0,0.00000,0.91463,0.00000,0.00000,0.00000
54,0.00000,0.00000,0.00000,0.00000,0.00000,0.00000,0.00000,0.00000,0.00000,0.00000,0.00000,0.00000,0.00000,0.00000,0.00000,0.00000,0.00000,0.00000,0.00000,0.00000,0.00000,0.00000,0.00000,0.00000,0.00000,0.00000,0.00000,0.00000,0.00000,0.00000,0.00000,0.00000,0.00000,0.00000,0.00000,0.00000,0.00000,0.00000,0.00000,0.00000,0.00000,0.00000,0.00000,0.00000,0.00000,0.00000,0.00000,0.00000,0.00000,0.00000,0.00000,0.00000,0.00000,0.00000,0.00000,0.00000,0.00000,0.00000,0.00000,0.08950,0.00000,0.00000,0.00000,0.00000,0.00000,0.00000,0.00000,0.00000,0.00000,0.00000,0.00000,0.07282,0.14811,0.00000,0.00000,0.00000,0.00000,0.00000,0.06562,0.00654,0.00000,0.00000,0.00000,0.00000,0.17600,0.04033,0.00000,0.00000,0.00000,0.04688,0.16380,0.00000,0.00000,0.00000,0.00000,0.00000,0.00000,0.22040,0.00000,0.00000,0.00000,0.19971,0.00000,0.00000,0.00000,0.00000,0.00000,0.00000,0.00000,0.06669,0.13673,0.00000,0.00000,0.91463,2.20600,1.29250,1.27150,5.00000,5.00000,0,0.00000,0.91463,0.00000,0.00000,0.00000
55,0.00000,0.00000,0.00000,0.00000,0.00000,0.00000,0.00000,0.00000,0.00000,0.00000,0.00000,0.00000,0.00000,0.00000,0.00000,0.00000,0.00000,0.00000,0.00000,0.00000,0.00000,0.00000,0.00000,0.00000,0.00000,0.00000,0.00000,0.00000,0.00000,0.00000,0.00000,0.00000,0.00000,0.00000,0.00000,0.00000,0.00000,0.00000,0.00000,0.00000,0.00000,0.00000,0.00000,0.00000,0.00000,0.00000,0.00000,0.00000,0.00000,0.00000,0.00000,0.00000,0.00000,0.00000,0.00000,0.00000,0.00000,0.00000,0.00000,0.06191,0.00000,0.00000,0.00000,0.00000,0.00000,0.00000,0.00000,0.00000,0.00000,0.00000,0.00000,0.15277,0.06975,0.00000,0.00000,0.00000,0.00000,0.00000,0.00000,0.00000,0.00000,0.00000,0.00000,0.00000,0.21934,0.00000,0.00000,0.00000,0.00000,0.10466,0.02447,0.00000,0.00000,0.00000,0.00000,0.00000,0.03679,0.19104,0.00000,0.00000,0.01415,0.15920,0.00000,0.00000,0.00000,0.00000,0.00000,0.00000,0.00000,0.12989,0.05637,0.00000,0.00000,0.91463,2.14150,1.20400,1.19950,5.00000,5.00000,0,0.00000,0.91463,0.00000,0.00000,0.00000
56,0.00000,0.00000,0.00000,0.00000,0.00000,0.00000,0.00000,0.00000,0.00000,0.00000,0.00000,0.00000,0.00000,0.00000,0.00000,0.00000,0.00000,0.00000,0.00000,0.00000,0.00000,0.00000,0.00000,0.00000,0.00000,0.00000,0.00000,0.00000,0.00000,0.00000,0.00000,0.00000,0.00000,0.00000,0.00000,0.00000,0.00000,0.00000,0.00000,0.00000,0.00000,0.00000,0.00000,0.00000,0.00000,0.00000,0.00000,0.00000,0.00000,0.00000,0.00000,0.00000,0.00000,0.00000,0.00000,0.00000,0.00000,0.00000,0.00825,0.04994,0.00000,0.00000,0.00000,0.00000,0.00000,0.00000,0.00000,0.00000,0.00000,0.00000,0.00000,0.22017,0.00130,0.00000,0.00000,0.00000,0.00000,0.00489,0.09452,0.00000,0.00000,0.00000,0.00000,0.02382,0.19835,0.00000,0.00000,0.00035,0.00000,0.04145,0.00914,0.00000,0.00000,0.00000,0.00000,0.00000,0.09693,0.09906,0.00000,0.00000,0.07836,0.03007,0.00000,0.00000,0.00000,0.00000,0.00000,0.00000,0.00000,0.17140,0.00000,0.00000,0.00000,0.91463,2.11250,1.17000,1.16400,5.00000,5.00000,0,0.00000,0.91463,0.00000,0.00000,0.00000
57,0.00000,0.00000,0.00000,0.00000,0.00000,0.00000,0.00000,0.00000,0.00000,0.00000,0.00000,0.00000,0.00000,0.00000,0.00000,0.00000,0.00000,0.00000,0.00000,0.00000,0.00000,0.00000,0.00000,0.00000,0.00000,0.00000,0.00000,0.00000,0.00000,0.00000,0.00000,0.00000,0.00000,0.00000,0.00000,0.00000,0.00000,0.00000,0.00000,0.00000,0.00000,0.00000,0.00000,0.00000,0.00000,0.00000,0.00000,0.00000,0.00000,0.00000,0.00000,0.00000,0.00000,0.00000,0.00000,0.00000,0.00000,0.00000,0.07176,0.00324,0.00000,0.00000,0.00000,0.00000,0.02370,0.00000,0.00000,0.00000,0.00000,0.00000,0.01568,0.19552,0.00000,0.00000,0.00000,0.07730,0.00000,0.05371,0.00466,0.00000,0.00000,0.00000,0.00000,0.12182,0.10177,0.00000,0.00000,0.00000,0.00666,0.20118,0.00000,0.00000,0.00000,0.00000,0.00000,0.00000,0.15053,0.00000,0.00000,0.00000,0.05749,0.00902,0.00000,0.00000,0.00000,0.00000,0.00000,0.00000,0.00000,0.00018,0.00000,0.00000,0.00000,0.91463,2.40450,1.06200,1.01500,5.00000,5.00000,0,0.00000,0.00000,0.00000,0.00000,0.00000
58,0.00000,0.00000,0.00000,0.00000,0.00000,0.00000,0.00000,0.00000,0.00000,0.00000,0.00000,0.00000,0.00000,0.00000,0.00000,0.00000,0.00000,0.00000,0.00000,0.00000,0.00000,0.00000,0.00000,0.00000,0.00000,0.00000,0.00000,0.00000,0.00000,0.00000,0.00000,0.00000,0.00000,0.00000,0.00000,0.00000,0.00000,0.00000,0.00000,0.00000,0.00000,0.00000,0.00000,0.00000,0.00000,0.00000,0.00000,0.00000,0.00000,0.00000,0.00000,0.00000,0.00000,0.00000,0.00000,0.00000,0.00000,0.00000,0.00654,0.00000,0.00000,0.00000,0.00000,0.00000,0.00000,0.00000,0.00000,0.00000,0.00000,0.00000,0.19346,0.01881,0.00000,0.00000,0.04900,0.00407,0.00000,0.01592,0.00000,0.00000,0.00000,0.00000,0.00307,0.22017,0.00000,0.00000,0.00000,0.00000,0.15855,0.01958,0.00000,0.00000,0.00000,0.00000,0.00000,0.10248,0.11315,0.00000,0.00000,0.00000,0.09623,0.00000,0.00000,0.00000,0.00000,0.00000,0.00000,0.00000,0.20749,0.00000,0.00000,0.00000,0.00000,0.00000,2.36850,0.99500,0.94300,5.00000,5.00000,0,0.00000,0.00000,0.00000,0.00000,0.00000
59,0.00000,0.00000,0.00000,0.00000,0.00000,0.00000,0.00000,0.00000,0.00000,0.00000,0.00000,0.00000,0.00000,0.00000,0.00000,0.00000,0.00000,0.00000,0.00000,0.00000,0.00000,0.00000,0.00000,0.00000,0.00000,0.00000,0.00000,0.00000,0.00000,0.00000,0.00000,0.00000,0.00000,0.00000,0.00000,0.00000,0.00000,0.00000,0.00000,0.00000,0.00000,0.00000,0.00000,0.00000,0.00000,0.00000,0.00000,0.00000,0.00000,0.00000,0.00000,0.00000,0.00000,0.00000,0.00000,0.00000,0.00000,0.00000,0.00000,0.00000,0.00000,0.00000,0.00000,0.00000,0.00000,0.00000,0.00000,0.00000,0.00000,0.00000,0.09251,0.00000,0.00000,0.00000,0.00000,0.00159,0.00000,0.00000,0.00000,0.00000,0.00000,0.00000,0.05483,0.13726,0.00000,0.00000,0.00000,0.00000,0.09145,0.00000,0.00000,0.00000,0.00000,0.00000,0.00000,0.19281,0.01928,0.00000,0.00000,0.00000,0.00000,0.00000,0.00000,0.00000,0.00000,0.00000,0.00000,0.00625,0.17524,0.00000,0.00000,0.00000,0.00000,0.00000,2.39150,0.98400,0.92900,5.00000,5.00000,0,0.00000,0.00000,0.00000,0.00000,0.00000
60,0.00000,0.00000,0.00000,0.00000,0.00000,0.00000,0.00000,0.00000,0.00000,0.00000,0.00000,0.00000,0.00000,0.00000,0.00000,0.00000,0.00000,0.00000,0.00000,0.00000,0.00000,0.00000,0.00000,0.00000,0.00000,0.00000,0.00000,0.00000,0.00000,0.00000,0.00000,0.00000,0.00000,0.00000,0.00000,0.00000,0.00000,0.00000,0.00000,0.00000,0.00000,0.00000,0.00000,0.00000,0.00000,0.00000,0.00000,0.00000,0.00000,0.00000,0.00000,0.00000,0.00000,0.00000,0.00000,0.00000,0.00000,0.00000,0.00000,0.00000,0.00000,0.00000,0.00000,0.00000,0.00000,0.00000,0.00000,0.00000,0.00000,0.00000,0.18467,0.00000,0.00000,0.00000,0.00000,0.00442,0.00000,0.00000,0.00000,0.00000,0.00000,0.00000,0.07093,0.13673,0.00000,0.00000,0.00000,0.00000,0.12824,0.00000,0.00000,0.00000,0.00000,0.00000,0.00000,0.20142,0.01421,0.00000,0.00000,0.00000,0.00124,0.00000,0.00000,0.00000,0.00000,0.00000,0.00000,0.00949,0.17058,0.00000,0.00000,0.00000,0.00000,0.00000,2.44350,0.98300,0.93000,5.00000,5.00000,0,0.00000,0.00000,0.00000,0.00000,0.00000
61,0.00000,0.00000,0.00000,0.00000,0.00000,0.00000,0.00000,0.00000,0.00000,0.00000,0.00000,0.00000,0.00000,0.00000,0.00000,0.00000,0.00000,0.00000,0.00000,0.00000,0.00000,0.00000,0.00000,0.00000,0.00000,0.00000,0.00000,0.00000,0.00000,0.00000,0.00000,0.00000,0.00000,0.00000,0.00000,0.00000,0.00000,0.00000,0.00000,0.00000,0.00000,0.00000,0.00000,0.00000,0.00000,0.00000,0.00000,0.00000,0.00000,0.00000,0.00000,0.00000,0.00000,0.00000,0.00000,0.00000,0.00000,0.00000,0.00000,0.00000,0.00000,0.00000,0.00000,0.00000,0.00000,0.00000,0.00000,0.00000,0.00000,0.00000,0.18166,0.00000,0.00000,0.00000,0.00000,0.02140,0.00000,0.00000,0.00000,0.00000,0.00000,0.00000,0.06462,0.13809,0.00000,0.00000,0.00000,0.00000,0.15814,0.00000,0.00000,0.00000,0.00000,0.00000,0.00000,0.20195,0.01403,0.00000,0.00000,0.00000,0.00053,0.00000,0.00000,0.00000,0.00000,0.00000,0.00000,0.00985,0.17217,0.00000,0.00000,0.00000,0.00000,0.00000,2.43250,0.98300,0.93100,5.00000,5.00000,0,0.00000,0.00000,0.00000,0.00000,0.00000
62,0.00000,0.00000,0.00000,0.00000,0.00000,0.00000,0.00000,0.00000,0.00000,0.00000,0.00000,0.00000,0.00000,0.00000,0.00000,0.00000,0.00000,0.00000,0.00000,0.00000,0.00000,0.00000,0.00000,0.00000,0.00000,0.00000,0.00000,0.00000,0.00000,0.00000,0.00000,0.00000,0.00000,0.00000,0.00000,0.00000,0.00000,0.00000,0.00000,0.00000,0.00000,0.00000,0.00000,0.00000,0.00000,0.00000,0.00000,0.00000,0.00000,0.00000,0.00000,0.00000,0.00000,0.00000,0.00000,0.00000,0.00000,0.00000,0.00000,0.00000,0.00000,0.00000,0.00000,0.00000,0.00000,0.00000,0.00000,0.00000,0.00000,0.00000,0.17370,0.00000,0.00000,0.00000,0.00000,0.00000,0.00000,0.00000,0.00000,0.00000,0.00000,0.00000,0.07364,0.13880,0.00000,0.00000,0.00000,0.00000,0.15495,0.00000,0.00000,0.00000,0.00000,0.00000,0.00000,0.20124,0.01492,0.00000,0.00000,0.00000,0.00000,0.00000,0.00000,0.00000,0.00000,0.00000,0.00000,0.00908,0.17011,0.00000,0.00000,0.00000,0.00000,0.00000,2.44850,0.98500,0.93000,5.00000,5.00000,0,0.00000,0.00000,0.00000,0.00000,0.00000
63,0.00000,0.00000,0.00000,0.00000,0.00000,0.00000,0.00000,0.00000,0.00000,0.00000,0.00000,0.00000,0.00000,0.00000,0.00000,0.00000,0.00000,0.00000,0.00000,0.00000,0.00000,0.00000,0.00000,0.00000,0.00000,0.00000,0.00000,0.00000,0.00000,0.00000,0.00000,0.00000,0.00000,0.00000,0.00000,0.00000,0.00000,0.00000,0.00000,0.00000,0.00000,0.00000,0.00000,0.00000,0.00000,0.00000,0.00000,0.00000,0.00000,0.00000,0.00000,0.00000,0.00000,0.00000,0.00000,0.00000,0.00000,0.00000,0.00000,0.00000,0.00000,0.00000,0.00000,0.00000,0.00000,0.00000,0.00000,0.00000,0.00000,0.00000,0.18715,0.00000,0.00000,0.00000,0.00053,0.00159,0.00000,0.00000,0.00000,0.00000,0.00000,0.00000,0.07305,0.13939,0.00000,0.00000,0.00000,0.00000,0.16150,0.00000,0.00000,0.00000,0.00000,0.00000,0.00000,0.20035,0.01509,0.00000,0.00000,0.00000,0.00124,0.00000,0.00000,0.00000,0.00000,0.00000,0.00000,0.00926,0.17241,0.00000,0.00000,0.00000,0.00000,0.00000,2.45750,0.98300,0.93000,5.00000,5.00000,0,0.00000,0.00000,0.00000,0.00000,0.00000
64,0.00000,0.00000,0.00000,0.00000,0.00000,0.00000,0.00000,0.00000,0.00000,0.00000,0.00000,0.00000,0.00000,0.00000,0.00000,0.00000,0.00000,0.00000,0.00000,0.00000,0.00000,0.00000,0.00000,0.00000,0.00000,0.00000,0.00000,0.00000,0.00000,0.00000,0.00000,0.00000,0.00000,0.00000,0.00000,0.00000,0.00000,0.00000,0.00000,0.00000,0.00000,0.00000,0.00000,0.00000,0.00000,0.00000,0.00000,0.00000,0.00000,0.00000,0.00000,0.00000,0.00000,0.00000,0.00000,0.00000,0.00000,0.00000,0.00000,0.00000,0.00000,0.00000,0.00000,0.00000,0.00000,0.00000,0.00000,0.00000,0.00000,0.00000,0.18785,0.00000,0.00000,0.00000,0.00000,0.00000,0.00000,0.00000,0.00000,0.00000,0.00000,0.00000,0.07930,0.13897,0.00000,0.00000,0.00000,0.00000,0.15690,0.00000,0.00000,0.00000,0.00000,0.00000,0.00000,0.20071,0.01403,0.00000,0.00000,0.00000,0.00053,0.00000,0.00000,0.00000,0.00000,0.00000,0.00000,0.00908,0.17241,0.00000,0.00000,0.00000,0.00000,0.00000,2.45850,0.98300,0.93000,5.00000,5.00000,0,0.00000,0.00000,0.00000,0.00000,0.00000
65,0.00000,0.00000,0.00000,0.00000,0.00000,0.00000,0.00000,0.00000,0.00000,0.00000,0.00000,0.00000,0.00000,0.00000,0.00000,0.00000,0.00000,0.00000,0.00000,0.00000,0.00000,0.00000,0.00000,0.00000,0.00000,0.00000,0.00000,0.00000,0.00000,0.00000,0.00000,0.00000,0.00000,0.00000,0.00000,0.00000,0.00000,0.00000,0.00000,0.00000,0.00000,0.00000,0.00000,0.00000,0.00000,0.00000,0.00000,0.00000,0.00000,0.00000,0.00000,0.00000,0.00000,0.00000,0.00000,0.00000,0.00000,0.00000,0.00088,0.00000,0.00000,0.00000,0.00000,0.00000,0.00000,0.00000,0.00000,0.00000,0.00000,0.00000,0.19652,0.00000,0.00000,0.00000,0.00000,0.00000,0.00000,0.00000,0.00000,0.00000,0.00000,0.00000,0.07064,0.14057,0.00000,0.00000,0.00000,0.00000,0.15566,0.00000,0.00000,0.00000,0.00000,0.00000,0.00000,0.20053,0.01492,0.00000,0.00000,0.00000,0.00000,0.00000,0.00000,0.00000,0.00000,0.00000,0.00000,0.00908,0.17205,0.00000,0.00000,0.00000,0.00000,0.00000,2.45050,0.98300,0.93000,5.00000,5.00000,0,0.00000,0.00000,0.00000,0.00000,0.00000
66,0.00000,0.00000,0.00000,0.00000,0.00000,0.00000,0.00000,0.00000,0.00000,0.00000,0.00000,0.00000,0.00000,0.00000,0.00000,0.00000,0.00000,0.00000,0.00000,0.00000,0.00000,0.00000,0.00000,0.00000,0.00000,0.00000,0.00000,0.00000,0.00000,0.00000,0.00000,0.00000,0.00000,0.00000,0.00000,0.00000,0.00000,0.00000,0.00000,0.00000,0.00000,0.00000,0.00000,0.00000,0.00000,0.00000,0.00000,0.00000,0.00000,0.00000,0.00000,0.00000,0.00000,0.00000,0.00000,0.00000,0.00000,0.00000,0.00000,0.00000,0.00000,0.00000,0.00000,0.00000,0.00000,0.00000,0.00000,0.00000,0.00000,0.00000,0.17494,0.00000,0.00000,0.00000,0.00000,0.00000,0.00000,0.00000,0.00000,0.00000,0.00000,0.00000,0.06633,0.13939,0.00000,0.00000,0.00000,0.00000,0.15566,0.00000,0.00000,0.00000,0.00000,0.00000,0.00000,0.20088,0.01439,0.00000,0.00000,0.00000,0.00053,0.00000,0.00000,0.00000,0.00000,0.00000,0.00000,0.00949,0.16987,0.00000,0.00000,0.00000,0.00000,0.00000,2.44650,0.98500,0.93000,5.00000,5.00000,0,0.00000,0.00000,0.00000,0.00000,0.00000
67,0.00000,0.00000,0.00000,0.00000,0.00000,0.00000,0.00000,0.00000,0.00000,0.00000,0.00000,0.00000,0.00000,0.00000,0.00000,0.00000,0.00000,0.00000,0.00000,0.00000,0.00000,0.00000,0.00000,0.00000,0.00000,0.00000,0.00000,0.00000,0.00000,0.00000,0.00000,0.00000,0.00000,0.00000,0.00000,0.00000,0.00000,0.00000,0.00000,0.00000,0.00000,0.00000,0.00000,0.00000,0.00000,0.00000,0.00000,0.00000,0.00000,0.00000,0.00000,0.00000,0.00000,0.00000,0.00000,0.00389,0.00000,0.00000,0.02571,0.10890,0.00000,0.00000,0.00000,0.00000,0.00000,0.00000,0.01008,0.01716,0.00000,0.00000,0.00000,0.18432,0.02866,0.00000,0.00000,0.01946,0.00000,0.00000,0.16645,0.00000,0.00000,0.00000,0.00000,0.00059,0.22193,0.00000,0.00000,0.00000,0.00000,0.14434,0.06226,0.00000,0.00000,0.00000,0.00000,0.00000,0.08738,0.12948,0.00000,0.00000,0.05059,0.15407,0.00000,0.00000,0.00000,0.00000,0.00000,0.00000,0.00000,0.19475,0.00849,0.00000,0.00000,0.00000,2.70500,2.27900,1.26900,3.77300,5.00000,0,0.00000,0.00000,0.00000,0.00000,0.00000
68,0.00000,0.00000,0.00000,0.00000,0.00000,0.00000,0.00000,0.00000,0.00000,0.00000,0.00000,0.00000,0.00000,0.00000,0.00000,0.00000,0.00000,0.00000,0.00000,0.00000,0.00000,0.00000,0.00000,0.00000,0.00000,0.00000,0.00000,0.00000,0.00000,0.00000,0.00000,0.00000,0.00000,0.00000,0.00000,0.00000,0.00000,0.00000,0.00000,0.00000,0.00000,0.00000,0.00000,0.00000,0.00000,0.00000,0.00000,0.00000,0.00000,0.00000,0.00000,0.00000,0.00000,0.00000,0.00000,0.00283,0.00000,0.00000,0.02671,0.10843,0.00000,0.00000,0.00000,0.00000,0.00000,0.00000,0.01539,0.02565,0.00000,0.00000,0.00000,0.18379,0.02901,0.00000,0.00000,0.01079,0.00000,0.00000,0.18149,0.00000,0.00000,0.00000,0.00000,0.00059,0.22193,0.00000,0.00000,0.00000,0.00000,0.14116,0.06421,0.00000,0.00000,0.00000,0.00000,0.00000,0.08703,0.12913,0.00000,0.00000,0.04864,0.15035,0.00000,0.00000,0.00000,0.00000,0.00000,0.00000,0.00000,0.19493,0.00831,0.00000,0.00000,0.00000,2.70300,2.27900,1.27000,5.00000,5.00000,0,0.00000,0.00000,0.00000,0.00000,0.00000
69,0.00000,0.00000,0.00000,0.00000,0.00000,0.00000,0.00000,0.00000,0.00000,0.00000,0.00000,0.00000,0.00000,0.00000,0.00000,0.00000,0.00000,0.00000,0.00000,0.00000,0.00000,0.00000,0.00000,0.00000,0.00000,0.00000,0.00000,0.00000,0.00000,0.00000,0.00000,0.00000,0.00000,0.00000,0.00000,0.00000,0.00000,0.00000,0.00000,0.00000,0.00000,0.00000,0.00000,0.00000,0.00000,0.00000,0.00000,0.00000,0.00000,0.00000,0.00000,0.00000,0.00000,0.00000,0.00000,0.00371,0.00000,0.00000,0.02636,0.11232,0.00000,0.00000,0.00000,0.00000,0.00000,0.00000,0.00955,0.00566,0.00000,0.00000,0.00000,0.18496,0.02748,0.00000,0.00000,0.00230,0.00000,0.00000,0.17529,0.00000,0.00000,0.00000,0.00000,0.00077,0.22052,0.00000,0.00000,0.00000,0.00000,0.14375,0.06445,0.00000,0.00000,0.00000,0.00000,0.00000,0.08738,0.13037,0.00000,0.00000,0.05236,0.15283,0.00000,0.00000,0.00000,0.00000,0.00000,0.00000,0.00000,0.19511,0.00796,0.00000,0.00000,0.00000,2.70900,1.26650,1.27100,3.78200,5.00000,0,0.00000,0.00000,0.00000,0.00000,0.00000
70,0.00000,0.00000,0.00000,0.00000,0.00000,0.00000,0.00000,0.00000,0.00000,0.00000,0.00000,0.00000,0.00000,0.00000,0.00000,0.00000,0.00000,0.00000,0.00000,0.00000,0.00000,0.00000,0.00000,0.00000,0.00000,0.00000,0.00000,0.00000,0.00000,0.00000,0.00000,0.00000,0.00000,0.00000,0.00000,0.00000,0.00000,0.00000,0.00000,0.00000,0.00000,0.00000,0.00000,0.00000,0.00000,0.00000,0.00000,0.00000,0.00000,0.00000,0.00000,0.00000,0.00000,0.00000,0.00000,0.00265,0.00000,0.00000,0.02565,0.11321,0.00000,0.00000,0.00000,0.00000,0.00000,0.00000,0.01344,0.01928,0.00000,0.00000,0.00000,0.18337,0.02712,0.00000,0.00000,0.01026,0.00000,0.00000,0.17883,0.00000,0.00000,0.00000,0.00000,0.00077,0.22211,0.00000,0.00000,0.00000,0.00000,0.14092,0.06162,0.00000,0.00000,0.00000,0.00000,0.00000,0.08791,0.13054,0.00000,0.00000,0.05307,0.15248,0.00000,0.00000,0.00000,0.00000,0.00000,0.00000,0.00000,0.19404,0.00725,0.00000,0.00000,0.00000,2.70000,2.28450,1.27000,5.00000,5.00000,0,0.00000,0.00000,0.00000,0.00000,0.00000
71,0.00000,0.00000,0.00000,0.00000,0.00000,0.00000,0.00000,0.00000,0.00000,0.00000,0.00000,0.00000,0.00000,0.00000,0.00000,0.00000,0.00000,0.00000,0.00000,0.00000,0.00000,0.00000,0.00000,0.00000,0.00000,0.00000,0.00000,0.00000,0.00000,0.00000,0.00000,0.00000,0.00000,0.00000,0.00000,0.00000,0.00000,0.00000,0.00000,0.00000,0.00000,0.00000,0.00000,0.00000,0.00000,0.00000,0.00000,0.00000,0.00000,0.00000,0.00000,0.00000,0.00000,0.00000,0.00000,0.00318,0.00000,0.00000,0.02653,0.11091,0.00000,0.00000,0.00000,0.00000,0.00000,0.00000,0.01097,0.01822,0.00000,0.00000,0.00000,0.18496,0.02783,0.00000,0.00000,0.00796,0.00000,0.00000,0.16893,0.00000,0.00000,0.00000,0.00000,0.00059,0.22211,0.00000,0.00000,0.00000,0.00000,0.14287,0.06179,0.00000,0.00000,0.00000,0.00000,0.00000,0.08650,0.12983,0.00000,0.00000,0.04988,0.15195,0.00000,0.00000,0.00000,0.00000,0.00000,0.00000,0.00000,0.19440,0.00831,0.00000,0.00000,0.00000,2.70300,2.28200,1.26900,5.00000,5.00000,0,0.00000,0.00000,0.00000,0.00000,0.00000
72,0.00000,0.00000,0.00000,0.00000,0.00000,0.00000,0.00000,0.00000,0.00000,0.00000,0.00000,0.00000,0.00000,0.00000,0.00000,0.00000,0.00000,0.00000,0.00000,0.00000,0.00000,0.00000,0.00000,0.00000,0.00000,0.00000,0.00000,0.00000,0.00000,0.00000,0.00000,0.00000,0.00000,0.00000,0.00000,0.00000,0.00000,0.00000,0.00000,0.00000,0.00000,0.00000,0.00000,0.00000,0.00000,0.00000,0.00000,0.00000,0.00000,0.00000,0.00000,0.00000,0.00000,0.00000,0.00000,0.00442,0.00000,0.00000,0.02600,0.11374,0.00000,0.00000,0.00000,0.00000,0.00000,0.00000,0.01221,0.01079,0.00000,0.00000,0.00000,0.18514,0.02765,0.00000,0.00000,0.01486,0.00000,0.00000,0.18255,0.00000,0.00000,0.00000,0.00000,0.00077,0.22140,0.00000,0.00000,0.00000,0.00000,0.14487,0.06421,0.00000,0.00000,0.00000,0.00000,0.00000,0.08774,0.13019,0.00000,0.00000,0.05218,0.15389,0.00000,0.00000,0.00000,0.00000,0.00000,0.00000,0.00000,0.19493,0.00796,0.00000,0.00000,0.00000,2.71400,2.27800,1.27100,5.00000,5.00000,0,0.00000,0.00000,0.00000,0.00000,0.00000
73,0.00000,0.00000,0.00000,0.00000,0.00000,0.00000,0.00000,0.00000,0.00000,0.00000,0.00000,0.00000,0.00000,0.00000,0.00000,0.00000,0.00000,0.00000,0.00000,0.00000,0.00000,0.00000,0.00000,0.00000,0.00000,0.00000,0.00000,0.00000,0.00000,0.00000,0.00000,0.00000,0.00000,0.00000,0.00000,0.00000,0.00000,0.00000,0.00000,0.00000,0.00000,0.00000,0.00000,0.00000,0.00000,0.00000,0.00000,0.00000,0.00000,0.00000,0.00000,0.00000,0.00000,0.00000,0.00000,0.00195,0.00000,0.00000,0.02689,0.11144,0.00000,0.00000,0.00000,0.00000,0.00000,0.00000,0.01291,0.01592,0.00000,0.00000,0.00000,0.18390,0.02801,0.00000,0.00000,0.00159,0.00000,0.00000,0.17706,0.00000,0.00000,0.00000,0.00000,0.00077,0.22193,0.00000,0.00000,0.00000,0.00000,0.14434,0.06315,0.00000,0.00000,0.00000,0.00000,0.00000,0.08721,0.12948,0.00000,0.00000,0.05112,0.15442,0.00000,0.00000,0.00000,0.00000,0.00000,0.00000,0.00000,0.19493,0.00884,0.00000,0.00000,0.00000,2.69900,1.26450,1.27100,4.26550,5.00000,0,0.00000,0.00000,0.00000,0.00000,0.00000
74,0.00000,0.00000,0.00000,0.00000,0.00000,0.00000,0.00000,0.00000,0.00000,0.00000,0.00000,0.00000,0.00000,0.00000,0.00000,0.00000,0.00000,0.00000,0.00000,0.00000,0.00000,0.00000,0.00000,0.00000,0.00000,0.00000,0.00000,0.00000,0.00000,0.00000,0.00000,0.00000,0.00000,0.00000,0.00000,0.00000,0.00000,0.00000,0.00000,0.00000,0.00000,0.00000,0.00000,0.00000,0.00000,0.00000,0.00000,0.00000,0.00000,0.00000,0.00000,0.00000,0.00000,0.00000,0.00000,0.00318,0.00000,0.00000,0.03213,0.11256,0.00000,0.00000,0.00000,0.00000,0.00000,0.00000,0.00849,0.01380,0.00000,0.00000,0.00000,0.18538,0.02813,0.00000,0.00000,0.00619,0.00000,0.00000,0.15619,0.00000,0.00000,0.00000,0.00000,0.00059,0.22176,0.00000,0.00000,0.00000,0.00000,0.14004,0.06002,0.00000,0.00000,0.00000,0.00000,0.00000,0.08703,0.13107,0.00000,0.00000,0.05360,0.15230,0.00000,0.00000,0.00000,0.00000,0.00000,0.00000,0.00000,0.19581,0.00849,0.00000,0.00000,0.00000,2.71200,1.26250,1.27100,5.00000,5.00000,0,0.00000,0.00000,0.00000,0.00000,0.00000
75,0.00000,0.00000,0.00000,0.00000,0.00000,0.00000,0.00000,0.00000,0.00000,0.00000,0.00000,0.00000,0.00000,0.00000,0.00000,0.00000,0.00000,0.00000,0.00000,0.00000,0.00000,0.00000,0.00000,0.00000,0.00000,0.00000,0.00000,0.00000,0.00000,0.00000,0.00000,0.00000,0.00000,0.00000,0.00000,0.00000,0.00000,0.00000,0.00000,0.00000,0.00000,0.00000,0.00000,0.00000,0.00000,0.00000,0.00000,0.00000,0.00000,0.00000,0.00000,0.00000,0.00000,0.00000,0.00000,0.00212,0.00000,0.00000,0.02653,0.10967,0.00000,0.00000,0.00000,0.00000,0.00000,0.00000,0.01256,0.01574,0.00000,0.00000,0.00000,0.18491,0.02700,0.00000,0.00000,0.00601,0.00000,0.00000,0.17653,0.00000,0.00000,0.00000,0.00000,0.00077,0.22211,0.00000,0.00000,0.00000,0.00000,0.14540,0.06439,0.00000,0.00000,0.00000,0.00000,0.00000,0.08650,0.12948,0.00000,0.00000,0.05254,0.15389,0.00000,0.00000,0.00000,0.00000,0.00000,0.00000,0.00000,0.19369,0.00867,0.00000,0.00000,0.00000,2.71400,2.28550,1.27000,5.00000,5.00000,0,0.00000,0.00000,0.00000,0.00000,0.00000
76,0.00000,0.00000,0.00000,0.00000,0.00000,0.00000,0.00000,0.00000,0.00000,0.00000,0.00000,0.00000,0.00000,0.00000,0.00000,0.00000,0.00000,0.00000,0.00000,0.00000,0.00000,0.00000,0.00000,0.00000,0.00000,0.00000,0.00000,0.00000,0.00000,0.00000,0.00000,0.00000,0.00000,0.00000,0.00000,0.00000,0.00000,0.00000,0.00000,0.00000,0.00000,0.00000,0.00000,0.00000,0.00000,0.00000,0.00000,0.00000,0.00000,0.00000,0.00000,0.00000,0.00000,0.00000,0.00000,0.00407,0.00000,0.00000,0.02795,0.11232,0.00000,0.00000,0.00000,0.00000,0.00000,0.00000,0.01097,0.01857,0.00000,0.00000,0.00000,0.18443,0.02836,0.00000,0.00000,0.00018,0.00000,0.00000,0.16592,0.00000,0.00000,0.00000,0.00000,0.00059,0.22282,0.00000,0.00000,0.00000,0.00000,0.13178,0.05837,0.00000,0.00000,0.00000,0.00000,0.00000,0.08650,0.12913,0.00000,0.00000,0.05147,0.14947,0.00000,0.00000,0.00000,0.00000,0.00000,0.00000,0.00000,0.19422,0.00867,0.00000,0.00000,0.00000,2.71400,1.26850,1.27100,5.00000,5.00000,0,0.00000,0.00000,0.00000,0.00000,0.00000
77,0.00000,0.00000,0.00000,0.00000,0.00000,0.00000,0.00000,0.00000,0.00000,0.00000,0.00000,0.00000,0.00000,0.00000,0.00000,0.00000,0.00000,0.00000,0.00000,0.00000,0.00000,0.00000,0.00000,0.00000,0.00000,0.00000,0.00000,0.00000,0.00000,0.00000,0.00000,0.00000,0.00000,0.00000,0.00000,0.00000,0.00000,0.00000,0.00000,0.00000,0.00000,0.00000,0.00000,0.00000,0.00000,0.00000,0.00000,0.00000,0.00000,0.00000,0.00000,0.00000,0.00000,0.00000,0.00000,0.00142,0.00000,0.00000,0.02636,0.11162,0.00000,0.00000,0.00000,0.00000,0.00000,0.00000,0.01327,0.01521,0.00000,0.00000,0.00000,0.18426,0.02836,0.00000,0.00000,0.00601,0.00000,0.00000,0.18449,0.00000,0.00000,0.00000,0.00000,0.00059,0.22264,0.00000,0.00000,0.00000,0.00000,0.14310,0.06403,0.00000,0.00000,0.00000,0.00000,0.00000,0.08685,0.12948,0.00000,0.00000,0.05041,0.15265,0.00000,0.00000,0.00000,0.00000,0.00000,0.00000,0.00000,0.19233,0.00755,0.00000,0.00000,0.00000,2.69500,2.27900,1.27000,3.81500,5.00000,0,0.00000,0.00000,0.00000,0.00000,0.00000
78,0.00000,0.00000,0.00000,0.00000,0.00000,0.00000,0.00000,0.00000,0.00000,0.00000,0.00000,0.00000,0.00000,0.00000,0.00000,0.00000,0.00000,0.00000,0.00000,0.00000,0.00000,0.00000,0.00000,0.00000,0.00000,0.00000,0.00000,0.00000,0.00000,0.00000,0.00000,0.00000,0.00000,0.00000,0.00000,0.00000,0.00000,0.00000,0.00000,0.00000,0.00000,0.00000,0.00000,0.00000,0.00000,0.00000,0.00000,0.00000,0.00000,0.00000,0.00000,0.00000,0.00000,0.00000,0.00000,0.00336,0.00000,0.00000,0.02547,0.11179,0.00000,0.00000,0.00000,0.00000,0.00000,0.00000,0.01397,0.01804,0.00000,0.00000,0.00000,0.18461,0.02783,0.00000,0.00000,0.00991,0.00000,0.00000,0.18272,0.00000,0.00000,0.00000,0.00000,0.00059,0.22105,0.00000,0.00000,0.00000,0.00000,0.14599,0.06291,0.00000,0.00000,0.00000,0.00000,0.00000,0.08667,0.12983,0.00000,0.00000,0.05307,0.15283,0.00000,0.00000,0.00000,0.00000,0.00000,0.00000,0.00000,0.19351,0.00743,0.00000,0.00000,0.00000,2.70600,1.26950,1.27000,4.26450,5.00000,0,0.00000,0.00000,0.00000,0.00000,0.00000
79,0.00000,0.00000,0.00000,0.00000,0.00000,0.00000,0.00000,0.00000,0.00000,0.00000,0.00000,0.00000,0.00000,0.00000,0.00000,0.00000,0.00000,0.00000,0.00000,0.00000,0.00000,0.00000,0.00000,0.00000,0.00000,0.00000,0.00000,0.00000,0.00000,0.00000,0.00000,0.00000,0.00000,0.00000,0.00000,0.00000,0.00000,0.00000,0.00000,0.00000,0.00000,0.00000,0.00000,0.00000,0.00000,0.00000,0.00000,0.00000,0.00000,0.00000,0.00000,0.00000,0.00000,0.00000,0.00000,0.00248,0.00000,0.00000,0.02547,0.11038,0.00000,0.00000,0.00000,0.00000,0.00000,0.00000,0.00831,0.01380,0.00000,0.00000,0.00000,0.18408,0.02801,0.00000,0.00000,0.01150,0.00000,0.00000,0.17671,0.00000,0.00000,0.00000,0.00000,0.00059,0.22123,0.00000,0.00000,0.00000,0.00000,0.14528,0.06415,0.00000,0.00000,0.00000,0.00000,0.00000,0.08685,0.13072,0.00000,0.00000,0.05236,0.15389,0.00000,0.00000,0.00000,0.00000,0.00000,0.00000,0.00000,0.19387,0.00796,0.00000,0.00000,0.00000,2.70300,1.26550,1.27100,5.00000,5.00000,0,0.00000,0.00000,0.00000,0.00000,0.00000
80,0.00000,0.00000,0.00000,0.00000,0.00000,0.00000,0.00000,0.00000,0.00000,0.00000,0.00000,0.00000,0.00000,0.00000,0.00000,0.00000,0.00000,0.00000,0.00000,0.00000,0.00000,0.00000,0.00000,0.00000,0.00000,0.00000,0.00000,0.00000,0.00000,0.00000,0.00000,0.00000,0.00000,0.00000,0.00000,0.00000,0.00000,0.00000,0.00000,0.00000,0.00000,0.00000,0.00000,0.00000,0.00000,0.00000,0.00000,0.00000,0.00000,0.00000,0.00000,0.00000,0.00000,0.00000,0.00000,0.00389,0.00000,0.00000,0.02930,0.11291,0.00000,0.00000,0.00000,0.00000,0.00000,0.00000,0.00761,0.01061,0.00000,0.00000,0.00000,0.18249,0.02801,0.00000,0.00000,0.00778,0.00000,0.00000,0.15849,0.00000,0.00000,0.00000,0.00000,0.00059,0.22140,0.00000,0.00000,0.00000,0.00000,0.13998,0.06061,0.00000,0.00000,0.00000,0.00000,0.00000,0.08756,0.12913,0.00000,0.00000,0.05006,0.15142,0.00000,0.00000,0.00000,0.00000,0.00000,0.00000,0.00000,0.19493,0.00814,0.00000,0.00000,0.00000,2.70900,1.26150,1.27100,5.00000,5.00000,0,0.00000,0.00000,0.00000,0.00000,0.00000
81,0.00000,0.00000,0.00000,0.00000,0.00000,0.00000,0.00000,0.00000,0.00000,0.00000,0.00000,0.00000,0.00000,0.00000,0.00000,0.00000,0.00000,0.00000,0.00000,0.00000,0.00000,0.00000,0.00000,0.00000,0.00000,0.00000,0.00000,0.00000,0.00000,0.00000,0.00000,0.00000,0.00000,0.00000,0.00000,0.00000,0.00000,0.00000,0.00000,0.00000,0.00000,0.00000,0.00000,0.00000,0.00000,0.00000,0.00000,0.00000,0.00000,0.00000,0.00000,0.00000,0.00000,0.00000,0.00000,0.00195,0.00000,0.00000,0.03037,0.11114,0.00000,0.00000,0.00000,0.00088,0.00000,0.00000,0.01097,0.01875,0.00000,0.00000,0.00000,0.18373,0.02818,0.00000,0.00000,0.02423,0.00000,0.00000,0.17158,0.00000,0.00000,0.00000,0.00000,0.00059,0.22158,0.00000,0.00000,0.00000,0.00000,0.14593,0.06244,0.00000,0.00000,0.00000,0.00000,0.00000,0.08774,0.12824,0.00000,0.00000,0.05307,0.15301,0.00000,0.00000,0.00000,0.00000,0.00000,0.00000,0.00000,0.19475,0.00743,0.00000,0.00000,0.00000,2.70900,1.26050,1.27000,4.28150,5.00000,0,0.00000,0.00000,0.00000,0.00000,0.00000
82,0.00000,0.00000,0.00000,0.00000,0.00000,0.00000,0.00000,0.00000,0.00000,0.00000,0.00000,0.00000,0.00000,0.00000,0.00000,0.00000,0.00000,0.00000,0.00000,0.00000,0.00000,0.00000,0.00000,0.00000,0.00000,0.00000,0.00000,0.00000,0.00000,0.00000,0.00000,0.00000,0.00000,0.00000,0.00000,0.00000,0.00000,0.00000,0.00000,0.00000,0.00000,0.00000,0.00000,0.00000,0.00000,0.00000,0.00000,0.00000,0.00000,0.00000,0.00000,0.00000,0.00000,0.00000,0.00000,0.00212,0.00000,0.00000,0.02736,0.11167,0.00000,0.00000,0.00000,0.00000,0.00000,0.00000,0.01203,0.02052,0.00000,0.00000,0.00000,0.18355,0.02783,0.00000,0.00000,0.02706,0.00000,0.00000,0.17777,0.00000,0.00000,0.00000,0.00000,0.00059,0.22176,0.00000,0.00000,0.00000,0.00000,0.14393,0.06285,0.00000,0.00000,0.00000,0.00000,0.00000,0.08703,0.13037,0.00000,0.00000,0.05218,0.15336,0.00000,0.00000,0.00000,0.00000,0.00000,0.00000,0.00000,0.19404,0.00796,0.00000,0.00000,0.00000,2.71100,1.25950,1.27000,4.26550,5.00000,0,0.00000,0.00000,0.00000,0.00000,0.00000
83,0.00000,0.00000,0.00000,0.00000,0.00000,0.00000,0.00000,0.00000,0.00000,0.00000,0.00000,0.00000,0.00000,0.00000,0.00000,0.00000,0.00000,0.00000,0.00000,0.00000,0.00000,0.00000,0.00000,0.00000,0.00000,0.00000,0.00000,0.00000,0.00000,0.00000,0.00000,0.00000,0.00000,0.00000,0.00000,0.00000,0.00000,0.00000,0.00000,0.00000,0.00000,0.00000,0.00000,0.00000,0.00000,0.00000,0.00000,0.00000,0.00000,0.00000,0.00000,0.00000,0.00000,0.00000,0.00000,0.00336,0.00000,0.00000,0.03001,0.11256,0.00000,0.00000,0.00000,0.00000,0.00000,0.00000,0.00955,0.01680,0.00000,0.00000,0.00000,0.18390,0.02818,0.00000,0.00000,0.00654,0.00000,0.00000,0.16450,0.00000,0.00000,0.00000,0.00000,0.00059,0.22193,0.00000,0.00000,0.00000,0.00000,0.13614,0.05843,0.00000,0.00000,0.00000,0.00000,0.00000,0.08721,0.12877,0.00000,0.00000,0.04953,0.15106,0.00000,0.00000,0.00000,0.00000,0.00000,0.00000,0.00000,0.19475,0.00796,0.00000,0.00000,0.00000,2.70500,2.27900,1.27000,4.28150,5.00000,0,0.00000,0.00000,0.00000,0.00000,0.00000
84,0.00000,0.00000,0.00000,0.00000,0.00000,0.00000,0.00000,0.00000,0.00000,0.00000,0.00000,0.00000,0.00000,0.00000,0.00000,0.00000,0.00000,0.00000,0.00000,0.00000,0.00000,0.00000,0.00000,0.00000,0.00000,0.00000,0.00000,0.00000,0.00000,0.00000,0.00000,0.00000,0.00000,0.00000,0.00000,0.00000,0.00000,0.00000,0.00000,0.00000,0.00000,0.00000,0.00000,0.00000,0.00000,0.00000,0.00000,0.00000,0.00000,0.00000,0.00000,0.00000,0.00000,0.00000,0.00000,0.00495,0.00000,0.00000,0.02913,0.11150,0.00000,0.00000,0.00000,0.00000,0.00000,0.00000,0.01079,0.02070,0.00000,0.00000,0.00000,0.18479,0.02765,0.00000,0.00000,0.00743,0.00000,0.00000,0.16822,0.00000,0.00000,0.00000,0.00000,0.00059,0.22211,0.00000,0.00000,0.00000,0.00000,0.13715,0.05991,0.00000,0.00000,0.00000,0.00000,0.00000,0.08738,0.12948,0.00000,0.00000,0.05094,0.15088,0.00000,0.00000,0.00000,0.00000,0.00000,0.00000,0.00000,0.19528,0.00831,0.00000,0.00000,0.00000,2.70500,1.26350,1.27200,3.78400,5.00000,0,0.00000,0.00000,0.00000,0.00000,0.00000
85,0.00000,0.00000,0.00000,0.00000,0.00000,0.00000,0.00000,0.00000,0.00000,0.00000,0.00000,0.00000,0.00000,0.00000,0.00000,0.00000,0.00000,0.00000,0.00000,0.00000,0.00000,0.00000,0.00000,0.00000,0.00000,0.00000,0.00000,0.00000,0.00000,0.00000,0.00000,0.00000,0.00000,0.00000,0.00000,0.00000,0.00000,0.00000,0.00000,0.00000,0.00000,0.00000,0.00000,0.00000,0.00000,0.00000,0.00000,0.00000,0.00000,0.00000,0.00000,0.00000,0.00000,0.00000,0.00000,0.00371,0.00000,0.00000,0.02512,0.11020,0.00000,0.00000,0.00000,0.00000,0.00000,0.00000,0.00955,0.01061,0.00000,0.00000,0.00000,0.18337,0.02765,0.00000,0.00000,0.00336,0.00000,0.00000,0.15708,0.00000,0.00000,0.00000,0.00000,0.00077,0.22158,0.00000,0.00000,0.00000,0.00000,0.12170,0.05377,0.00000,0.00000,0.00000,0.00000,0.00000,0.08721,0.12983,0.00000,0.00000,0.04676,0.14959,0.00000,0.00000,0.00000,0.00000,0.00000,0.00000,0.00000,0.19340,0.00772,0.00000,0.00000,0.00000,2.71500,2.28100,1.27000,5.00000,5.00000,0,0.00000,0.00000,0.00000,0.00000,0.00000
86,0.00000,0.00000,0.00000,0.00000,0.00000,0.00000,0.00000,0.00000,0.00000,0.00000,0.00000,0.00000,0.00000,0.00000,0.00000,0.00000,0.00000,0.00000,0.00000,0.00000,0.00000,0.00000,0.00000,0.00000,0.00000,0.00000,0.00000,0.00000,0.00000,0.00000,0.00000,0.00000,0.00000,0.00000,0.00000,0.00000,0.00000,0.00000,0.00000,0.00000,0.00000,0.00000,0.00000,0.00000,0.00000,0.00000,0.00000,0.00000,0.00000,0.00000,0.00000,0.00000,0.00000,0.00000,0.00000,0.00354,0.00000,0.00000,0.02718,0.11185,0.00000,0.00000,0.00000,0.00000,0.00000,0.00000,0.01008,0.01557,0.00000,0.00000,0.00000,0.18337,0.02836,0.00000,0.00000,0.00584,0.00000,0.00000,0.17229,0.00000,0.00000,0.00000,0.00000,0.00059,0.22193,0.00000,0.00000,0.00000,0.00000,0.14004,0.06179,0.00000,0.00000,0.00000,0.00000,0.00000,0.08703,0.12966,0.00000,0.00000,0.05041,0.15124,0.00000,0.00000,0.00000,0.00000,0.00000,0.00000,0.00000,0.19440,0.00814,0.00000,0.00000,0.00000,2.70000,2.27900,1.27000,4.26550,5.00000,0,0.00000,0.91463,0.00000,0.00000,0.00000
87,0.00000,0.00000,0.00000,0.00000,0.00000,0.00000,0.00000,0.00000,0.00000,0.00000,0.00000,0.00000,0.00000,0.00000,0.00000,0.00000,0.00000,0.00000,0.00000,0.00000,0.00000,0.00000,0.00000,0.00000,0.00000,0.00000,0.00000,0.00000,0.00000,0.00000,0.00000,0.00000,0.00000,0.00000,0.00000,0.00000,0.00000,0.00000,0.00000,0.00000,0.00000,0.00000,0.00000,0.00000,0.00000,0.00000,0.00000,0.00000,0.00000,0.00000,0.00000,0.00000,0.00000,0.00000,0.00000,0.00371,0.00000,0.00000,0.02877,0.11274,0.00000,0.00000,0.00000,0.00000,0.00000,0.00000,0.01521,0.02335,0.00000,0.00000,0.00000,0.18390,0.02801,0.00000,0.00000,0.00000,0.00000,0.00000,0.18644,0.00000,0.00000,0.00000,0.00000,0.00059,0.22087,0.00000,0.00000,0.00000,0.00000,0.14670,0.06362,0.00000,0.00000,0.00000,0.00000,0.00000,0.08667,0.13054,0.00000,0.00000,0.05059,0.15195,0.00000,0.00000,0.00000,0.00000,0.00000,0.00000,0.00000,0.19322,0.00755,0.00000,0.00000,0.91463,2.69900,1.26450,1.27100,4.26750,5.00000,0,0.00000,0.91463,0.00000,0.00000,0.00000
88,0.00000,0.00000,0.00000,0.00000,0.00000,0.00000,0.00000,0.00000,0.00000,0.00000,0.00000,0.00000,0.00000,0.00000,0.00000,0.00000,0.00000,0.00000,0.00000,0.00000,0.00000,0.00000,0.00000,0.00000,0.00000,0.00000,0.00000,0.00000,0.00000,0.00000,0.00000,0.00000,0.00000,0.00000,0.00000,0.00000,0.00000,0.00000,0.00000,0.00000,0.00000,0.00000,0.00000,0.00000,0.00000,0.00000,0.00000,0.00000,0.00000,0.00000,0.00000,0.00000,0.00000,0.00000,0.00000,0.00389,0.00000,0.00000,0.03101,0.09458,0.00000,0.00000,0.00000,0.00000,0.00000,0.00000,0.02070,0.01963,0.00000,0.00000,0.00000,0.19363,0.02075,0.00000,0.00000,0.00354,0.00000,0.00000,0.19175,0.00000,0.00000,0.00000,0.00000,0.00224,0.22064,0.00000,0.00000,0.00000,0.00000,0.14381,0.06439,0.00000,0.00000,0.00000,0.00000,0.00000,0.09693,0.12117,0.00000,0.00000,0.04245,0.15531,0.00000,0.00000,0.00000,0.00000,0.00000,0.00000,0.00000,0.19882,0.00354,0.00000,0.00000,0.91463,2.74450,2.26950,1.25300,5.00000,5.00000,0,0.00000,0.91463,0.00000,0.00000,0.00000
89,0.00000,0.00000,0.00000,0.00000,0.00000,0.00000,0.00000,0.00000,0.00000,0.00000,0.00000,0.00000,0.00000,0.00000,0.00000,0.00000,0.00000,0.00000,0.00000,0.00000,0.00000,0.00000,0.00000,0.00000,0.00000,0.00000,0.00000,0.00000,0.00000,0.00000,0.00000,0.00000,0.00000,0.00000,0.00000,0.00000,0.00000,0.00000,0.00000,0.00000,0.00000,0.00000,0.00000,0.00000,0.00000,0.00000,0.00000,0.00000,0.00000,0.00000,0.00000,0.00000,0.00000,0.00000,0.00000,0.00000,0.00000,0.00000,0.08880,0.07518,0.00000,0.00000,0.00000,0.00053,0.00000,0.00000,0.00000,0.01185,0.00000,0.00000,0.00000,0.21079,0.00961,0.00000,0.00000,0.03980,0.00000,0.00000,0.17034,0.00000,0.00000,0.00000,0.00000,0.00961,0.21167,0.00000,0.00000,0.00000,0.00000,0.15377,0.05106,0.00000,0.00000,0.00000,0.00000,0.00000,0.12577,0.09145,0.00000,0.00000,0.07636,0.12936,0.00000,0.00000,0.00000,0.00000,0.00000,0.00000,0.00000,0.19634,0.00000,0.00000,0.00000,0.91463,2.80300,2.22200,1.21100,5.00000,5.00000,0,0.00000,0.91463,0.00000,0.00000,0.00000
90,0.00000,0.00000,0.00000,0.00000,0.00000,0.00000,0.00000,0.00000,0.00000,0.00000,0.00000,0.00000,0.00000,0.00000,0.00000,0.00000,0.00000,0.00000,0.00000,0.00000,0.00000,0.00000,0.00000,0.00000,0.00000,0.00000,0.00000,0.00000,0.00000,0.00000,0.00000,0.00000,0.00000,0.00000,0.00000,0.00000,0.00000,0.00000,0.00000,0.00000,0.00000,0.00000,0.00000,0.00000,0.00000,0.00000,0.00000,0.00000,0.00000,0.00000,0.00000,0.00000,0.00018,0.00000,0.00000,0.00000,0.00000,0.00000,0.09794,0.03367,0.00000,0.00000,0.00000,0.00124,0.00000,0.00000,0.03113,0.03591,0.00000,0.00000,0.00000,0.21616,0.00000,0.00000,0.00000,0.01026,0.00000,0.00259,0.07223,0.00000,0.00000,0.00000,0.00000,0.06533,0.14587,0.00000,0.00000,0.00000,0.00000,0.19687,0.01397,0.00000,0.00000,0.00000,0.00000,0.00000,0.18096,0.04033,0.00000,0.00000,0.12211,0.08502,0.00000,0.00000,0.00000,0.00000,0.00000,0.00000,0.00000,0.19599,0.00000,0.00000,0.00000,0.91463,2.82200,1.14750,1.13800,5.00000,5.00000,0,0.00000,0.91463,0.00000,0.00000,0.00000
91,0.00000,0.00000,0.00000,0.00000,0.00000,0.00000,0.00000,0.00000,0.00000,0.00000,0.00000,0.00000,0.00000,0.00000,0.00000,0.00000,0.00000,0.00000,0.00000,0.00000,0.00000,0.00000,0.00000,0.00000,0.00000,0.00000,0.00000,0.00000,0.00000,0.00000,0.00000,0.00000,0.00000,0.00000,0.00000,0.00000,0.00000,0.00000,0.00000,0.00000,0.00000,0.00000,0.00000,0.00000,0.00000,0.00000,0.00000,0.00000,0.00000,0.00000,0.00000,0.00000,0.00000,0.00000,0.00000,0.00000,0.00000,0.00000,0.12506,0.00000,0.00000,0.00000,0.00460,0.00124,0.00000,0.00000,0.06775,0.00088,0.00000,0.00000,0.03449,0.17459,0.00000,0.00000,0.00560,0.12954,0.00000,0.06509,0.06191,0.00000,0.00000,0.00000,0.00000,0.14316,0.03072,0.00000,0.00000,0.00000,0.00000,0.00000,0.00000,0.00000,0.00000,0.00000,0.00000,0.00000,0.14575,0.00000,0.00000,0.00000,0.10560,0.00000,0.00000,0.00000,0.00000,0.00000,0.00000,0.00000,0.04546,0.11958,0.00000,0.00000,0.00000,0.91463,3.07400,1.03550,1.05000,5.00000,5.00000,0,0.00000,0.91463,0.00000,0.00000,0.00000
92,0.00000,0.00000,0.00000,0.00000,0.00000,0.00000,0.00000,0.00000,0.00000,0.00000,0.00000,0.00000,0.00000,0.00000,0.00000,0.00000,0.00000,0.00000,0.00000,0.00000,0.00000,0.00000,0.00000,0.00000,0.00000,0.00000,0.00000,0.00000,0.00000,0.00000,0.00000,0.00000,0.00000,0.00000,0.00000,0.00000,0.00000,0.00000,0.00000,0.00000,0.00000,0.00000,0.00000,0.00000,0.00000,0.00000,0.00000,0.00000,0.00000,0.00000,0.00000,0.00000,0.00000,0.00000,0.00000,0.00000,0.00000,0.00000,0.06580,0.00000,0.00000,0.00000,0.00124,0.00000,0.00000,0.00000,0.08331,0.00000,0.00000,0.00000,0.10112,0.10725,0.00000,0.00000,0.02028,0.14015,0.00000,0.08072,0.06946,0.00177,0.00000,0.00000,0.00000,0.21221,0.00678,0.00000,0.00000,0.00000,0.02017,0.14682,0.00000,0.00000,0.00000,0.00000,0.00000,0.01038,0.09098,0.00000,0.00000,0.00000,0.00000,0.00000,0.00000,0.00000,0.00000,0.00000,0.00000,0.00000,0.00000,0.00000,0.00000,0.00000,0.00000,0.91463,3.01450,0.95100,0.97000,5.00000,5.00000,0,0.00000,0.91463,0.00000,0.00000,0.00000
93,0.00000,0.00000,0.00000,0.00000,0.00000,0.00000,0.00000,0.00000,0.00000,0.00000,0.00000,0.00000,0.00000,0.00000,0.00000,0.00000,0.00000,0.00000,0.00000,0.00000,0.00000,0.00000,0.00000,0.00000,0.00000,0.00000,0.00000,0.00000,0.00000,0.00000,0.00000,0.00000,0.00000,0.00000,0.00000,0.00000,0.00000,0.00000,0.00000,0.00000,0.00000,0.00000,0.00000,0.00000,0.00000,0.00000,0.00000,0.00000,0.00000,0.00000,0.00000,0.00000,0.00000,0.00000,0.00000,0.00000,0.00000,0.00000,0.03591,0.00000,0.00000,0.00000,0.00000,0.00000,0.00000,0.00077,0.11191,0.00000,0.00000,0.00000,0.20277,0.00277,0.00000,0.00000,0.06262,0.15495,0.00000,0.19440,0.01645,0.00000,0.00000,0.00000,0.01840,0.16486,0.00000,0.00000,0.00000,0.00000,0.09393,0.07270,0.00000,0.00000,0.00000,0.00000,0.00000,0.15790,0.05224,0.00000,0.00000,0.00000,0.09800,0.00000,0.00000,0.00000,0.00000,0.00000,0.00000,0.00000,0.17140,0.00000,0.00000,0.00000,0.00000,0.91463,3.34050,0.82900,0.85300,5.00000,5.00000,0,0.00000,0.91463,0.00000,0.00000,0.00000
94,0.00000,0.00000,0.00000,0.00000,0.00000,0.00000,0.00000,0.00000,0.00000,0.00000,0.00000,0.00000,0.00000,0.00000,0.00000,0.00000,0.00000,0.00000,0.00000,0.00000,0.00000,0.00000,0.00000,0.00000,0.00000,0.00000,0.00000,0.00000,0.00000,0.00000,0.00000,0.00000,0.00000,0.00000,0.00000,0.00000,0.00000,0.00000,0.00000,0.00000,0.00000,0.00000,0.00000,0.00000,0.00000,0.00000,0.00000,0.00000,0.00000,0.00000,0.00000,0.00000,0.00000,0.00000,0.00000,0.00000,0.00000,0.00000,0.00000,0.00000,0.00000,0.00000,0.00000,0.00000,0.00000,0.05401,0.00366,0.00000,0.00000,0.00000,0.14947,0.00000,0.00000,0.00000,0.04534,0.14074,0.02754,0.12335,0.00000,0.00000,0.00000,0.00000,0.13555,0.03833,0.00000,0.00000,0.00000,0.00000,0.22353,0.00006,0.00000,0.00000,0.00000,0.00000,0.00000,0.00000,0.00000,0.00000,0.00000,0.00000,0.00902,0.00000,0.00000,0.00000,0.00000,0.00000,0.00000,0.00000,0.00000,0.00000,0.00000,0.00000,0.00000,0.91463,3.24050,0.76800,0.78700,5.00000,5.00000,0,0.00000,0.91463,0.00000,0.00000,0.00000
95,0.00000,0.00000,0.00000,0.00000,0.00000,0.00000,0.00000,0.00000,0.00000,0.00000,0.00000,0.00000,0.00000,0.00000,0.00000,0.00000,0.00000,0.00000,0.00000,0.00000,0.00000,0.00000,0.00000,0.00000,0.00000,0.00000,0.00000,0.00000,0.00000,0.00000,0.00000,0.00000,0.00000,0.00000,0.00000,0.00000,0.00000,0.00000,0.00000,0.00000,0.00000,0.00000,0.00000,0.00000,0.00000,0.00000,0.00000,0.00000,0.00000,0.00000,0.00000,0.00000,0.00000,0.00000,0.00000,0.00000,0.00000,0.00000,0.00000,0.00000,0.00000,0.00000,0.00000,0.00000,0.00000,0.04104,0.00000,0.00000,0.00000,0.00000,0.00000,0.00000,0.00000,0.00035,0.08774,0.13496,0.10825,0.07960,0.00000,0.00000,0.00000,0.00000,0.11675,0.00000,0.00000,0.00000,0.00000,0.00212,0.07500,0.00000,0.00000,0.00000,0.00000,0.00000,0.08143,0.05938,0.00000,0.00000,0.00000,0.00000,0.00000,0.00000,0.00000,0.00000,0.00000,0.00000,0.00000,0.00531,0.00000,0.00000,0.00000,0.00000,0.00000,0.91463,1.72850,0.63900,1.63300,5.00000,5.00000,0,0.90000,0.91463,0.00000,0.00000,0.00000
96,0.00000,0.00000,0.00000,0.00000,0.00000,0.00000,0.00000,0.00000,0.00000,0.00000,0.00000,0.00000,0.00000,0.00000,0.00000,0.00000,0.00000,0.00000,0.00000,0.00000,0.00000,0.00000,0.00000,0.00000,0.00000,0.00000,0.00000,0.00000,0.00000,0.00000,0.00000,0.00000,0.00000,0.00000,0.00000,0.00000,0.00000,0.00000,0.00000,0.00000,0.00000,0.00000,0.00000,0.00000,0.00000,0.00000,0.00000,0.00000,0.00000,0.00000,0.00000,0.00000,0.00000,0.00000,0.00000,0.00000,0.00000,0.00000,0.00000,0.00000,0.00000,0.00478,0.00000,0.00000,0.00000,0.00000,0.00000,0.00000,0.00000,0.00000,0.00000,0.00000,0.00000,0.03302,0.11150,0.09304,0.12364,0.00000,0.00000,0.00000,0.00000,0.00000,0.00000,0.00000,0.00000,0.00000,0.00000,0.06421,0.00000,0.00000,0.00000,0.00000,0.00000,0.00000,0.00000,0.00000,0.00000,0.00000,0.00000,0.00000,0.00000,0.00000,0.00000,0.00000,0.00000,0.00000,0.00000,0.00000,0.00000,0.00000,0.00000,0.00000,0.90000,0.91463,0.47100,1.43900,2.69950,4.98850,5.00000,0,0.00000,0.91463,0.00000,0.00000,0.00000
97,0.00000,0.00000,0.00000,0.00000,0.00000,0.00000,0.00000,0.00000,0.00000,0.00000,0.00000,0.00000,0.00000,0.00000,0.00000,0.00000,0.00000,0.00000,0.00000,0.00000,0.00000,0.00000,0.00000,0.00000,0.00000,0.00000,0.00000,0.00000,0.00000,0.00000,0.00000,0.00000,0.00000,0.00000,0.00000,0.00000,0.00000,0.00000,0.00000,0.00000,0.00000,0.00000,0.00000,0.00000,0.00000,0.00000,0.00000,0.00000,0.00000,0.00000,0.00000,0.00000,0.00000,0.00000,0.00000,0.00000,0.00000,0.00000,0.00937,0.00124,0.00000,0.00000,0.00000,0.00000,0.00000,0.00000,0.00000,0.00000,0.00000,0.00000,0.00395,0.12848,0.12246,0.00000,0.00000,0.00000,0.00000,0.00000,0.00000,0.00000,0.00000,0.00000,0.00000,0.00000,0.02936,0.15212,0.07270,0.00000,0.00000,0.00000,0.00000,0.00000,0.00000,0.00000,0.00000,0.00000,0.00000,0.00000,0.02553,0.13243,0.00000,0.00000,0.00000,0.00000,0.00000,0.00000,0.00000,0.00000,0.00000,0.00000,0.00000,0.00000,0.00000,0.91463,0.38700,1.39600,3.01850,5.00000,2.58450,0,0.00000,0.53507,0.00000,0.00000,0.00000
98,0.00000,0.00000,0.00000,0.00000,0.00000,0.00000,0.00000,0.00000,0.00000,0.00000,0.00000,0.00000,0.00000,0.00000,0.00000,0.00000,0.00000,0.00000,0.00000,0.00000,0.00000,0.00000,0.00000,0.00000,0.00000,0.00000,0.00000,0.00000,0.00000,0.00000,0.00000,0.00000,0.00000,0.00000,0.00000,0.00000,0.00000,0.00000,0.00000,0.00000,0.00000,0.00000,0.00000,0.00000,0.00000,0.00000,0.00000,0.00000,0.00000,0.00000,0.00000,0.00000,0.00000,0.00000,0.00000,0.00000,0.01238,0.00000,0.00000,0.00000,0.00000,0.00000,0.00000,0.00000,0.00000,0.00000,0.00000,0.00000,0.03532,0.13838,0.08827,0.00000,0.00000,0.00000,0.00000,0.00000,0.00000,0.00000,0.00000,0.00000,0.00000,0.00000,0.06468,0.14404,0.04263,0.00000,0.00000,0.00000,0.00000,0.00000,0.00000,0.00000,0.00000,0.00000,0.00000,0.00000,0.01433,0.00000,0.00000,0.00000,0.00000,0.00000,0.00000,0.00000,0.00000,0.00000,0.00000,0.00000,0.00000,0.00000,0.02099,0.13379,0.00000,0.53507,1.26600,2.32000,2.59650,5.00000,3.08000,0,-0.90000,0.56399,0.00000,0.00000,0.00000
99,0.00000,0.00000,0.00000,0.00000,0.00000,0.00000,0.00000,0.00000,0.00000,0.00000,0.00000,0.00000,0.00000,0.00000,0.00000,0.00000,0.00000,0.00000,0.00000,0.00000,0.00000,0.00000,0.00000,0.00000,0.00000,0.00000,0.00000,0.00000,0.00000,0.00000,0.00000,0.00000,0.00000,0.00000,0.00000,0.00000,0.00000,0.00000,0.00000,0.00000,0.00000,0.00000,0.00000,0.00000,0.00000,0.00000,0.00000,0.00000,0.00000,0.00000,0.00000,0.00000,0.00000,0.00000,0.00000,0.02494,0.00000,0.00000,0.00000,0.00000,0.00000,0.00000,0.00000,0.00000,0.00000,0.00000,0.00000,0.11244,0.14770,0.00059,0.00000,0.00000,0.00000,0.00000,0.00000,0.00000,0.00000,0.00000,0.00000,0.00000,0.01427,0.14493,0.08048,0.00000,0.00000,0.00000,0.00000,0.00000,0.00000,0.00000,0.00000,0.00000,0.00000,0.00000,0.06356,0.09104,0.02246,0.00000,0.00000,0.00000,0.00000,0.00000,0.00000,0.00000,0.00000,0.00000,0.00000,0.00000,0.03821,0.00000,0.00000,0.00000,-0.90000,0.56399,1.20600,2.50000,2.51450,3.33300,3.06250,0,-0.90000,0.91463,0.00000,0.00000,0.00000
100,0.00000,0.00000,0.00000,0.00000,0.00000,0.00000,0.00000,0.00000,0.00000,0.00000,0.00000,0.00000,0.00000,0.00000,0.00000,0.00000,0.00000,0.00000,0.00000,0.00000,0.00000,0.00000,0.00000,0.00000,0.00000,0.00000,0.00000,0.00000,0.00000,0.00000,0.00000,0.00000,0.00000,0.00000,0.00000,0.00000,0.00000,0.00000,0.00000,0.00000,0.00000,0.00000,0.00000,0.00000,0.00000,0.00000,0.00000,0.00000,0.00000,0.00000,0.00000,0.00000,0.00000,0.00000,0.00389,0.00389,0.00000,0.00000,0.00000,0.00000,0.00000,0.00000,0.00000,0.00000,0.00000,0.00000,0.00336,0.16763,0.08691,0.00000,0.00000,0.00000,0.00000,0.00000,0.00000,0.00000,0.00000,0.00000,0.00000,0.00000,0.09316,0.14953,0.00265,0.00000,0.00000,0.00000,0.00000,0.00000,0.00000,0.00000,0.00000,0.00000,0.00000,0.00849,0.12187,0.01026,0.00000,0.00000,0.00000,0.00000,0.00000,0.00000,0.00000,0.00000,0.00000,0.00000,0.00000,0.00000,0.00000,0.00000,0.00000,0.00000,-0.90000,0.91463,1.20000,2.53600,2.57350,3.07550,2.46500,0,-0.90000,0.91463,0.00000,0.00000,0.00000
101,0.00000,0.00000,0.00000,0.00000,0.00000,0.00000,0.00000,0.00000,0.00000,0.00000,0.00000,0.00000,0.00000,0.00000,0.00000,0.00000,0.00000,0.00000,0.00000,0.00000,0.00000,0.00000,0.00000,0.00000,0.00000,0.00000,0.00000,0.00000,0.00000,0.00000,0.00000,0.00000,0.00000,0.00000,0.00000,0.00000,0.00000,0.00000,0.00000,0.00000,0.00000,0.00000,0.00000,0.00000,0.00000,0.00000,0.00000,0.00000,0.00000,0.00000,0.00000,0.00000,0.00000,0.00000,0.01627,0.02476,0.00000,0.00000,0.00000,0.00000,0.00000,0.00000,0.00000,0.00000,0.00000,0.00000,0.00000,0.15884,0.10295,0.00000,0.00000,0.00000,0.00000,0.00000,0.00000,0.00000,0.00000,0.00000,0.00000,0.00000,0.08508,0.16539,0.00159,0.00000,0.00000,0.00000,0.00000,0.00000,0.00000,0.00000,0.00000,0.00000,0.00000,0.00778,0.12182,0.03561,0.00000,0.00000,0.00000,0.00000,0.00000,0.00000,0.00000,0.00000,0.00000,0.00000,0.00000,0.00778,0.00000,0.00000,0.00000,0.00000,-0.90000,0.91463,1.17300,2.62600,2.66650,3.36900,2.41050,0,-0.90000,0.91463,0.00000,0.00000,0.00000
102,0.00000,0.00000,0.00000,0.00000,0.00000,0.00000,0.00000,0.00000,0.00000,0.00000,0.00000,0.00000,0.00000,0.00000,0.00000,0.00000,0.00000,0.00000,0.00000,0.00000,0.00000,0.00000,0.00000,0.00000,0.00000,0.00000,0.00000,0.00000,0.00000,0.00000,0.00000,0.00000,0.00000,0.00000,0.00000,0.00000,0.00000,0.00000,0.00000,0.00000,0.00000,0.00000,0.00000,0.00000,0.00000,0.00000,0.00000,0.00000,0.00000,0.00000,0.00000,0.00000,0.00000,0.00000,0.02618,0.08190,0.00000,0.00000,0.00000,0.00000,0.00000,0.00000,0.00000,0.00000,0.00000,0.00000,0.00000,0.11014,0.14245,0.00000,0.00000,0.00000,0.00000,0.00000,0.00000,0.00000,0.00000,0.00000,0.00000,0.00000,0.06055,0.18514,0.00495,0.00000,0.00000,0.00000,0.00000,0.00000,0.00000,0.00000,0.00000,0.00000,0.00000,0.00778,0.13726,0.01150,0.00000,0.00000,0.00000,0.00000,0.00000,0.00000,0.00000,0.00000,0.00000,0.00000,0.00000,0.00000,0.00000,0.00000,0.00000,0.00000,-0.90000,0.91463,1.12700,2.56800,2.57650,3.45950,2.40150,0,-0.90000,0.91463,0.00000,0.00000,0.00000
103,0.00000,0.00000,0.00000,0.00000,0.00000,0.00000,0.00000,0.00000,0.00000,0.00000,0.00000,0.00000,0.00000,0.00000,0.00000,0.00000,0.00000,0.00000,0.00000,0.00000,0.00000,0.00000,0.00000,0.00000,0.00000,0.00000,0.00000,0.00000,0.00000,0.00000,0.00000,0.00000,0.00000,0.00000,0.00000,0.00000,0.00000,0.00000,0.00000,0.00000,0.00000,0.00000,0.00000,0.00000,0.00000,0.00000,0.00000,0.00000,0.00000,0.00000,0.00000,0.00000,0.00000,0.00000,0.03343,0.13090,0.00000,0.00000,0.00000,0.00000,0.00000,0.00000,0.00000,0.00000,0.00000,0.00000,0.00000,0.05542,0.19027,0.00000,0.00000,0.00000,0.00000,0.00000,0.00000,0.00000,0.00000,0.00000,0.00000,0.00000,0.02305,0.21150,0.01291,0.00000,0.00000,0.00000,0.00000,0.00000,0.00000,0.00000,0.00000,0.00000,0.00000,0.00212,0.15035,0.00159,0.00000,0.00000,0.00000,0.00000,0.00000,0.00000,0.00000,0.00000,0.00000,0.00000,0.00000,0.00195,0.00000,0.00000,0.00000,0.00000,-0.90000,0.91463,1.13400,1.17200,2.53250,3.42250,2.42550,0,-0.90000,0.91463,0.00000,0.00000,0.00000
104,0.00000,0.00000,0.00000,0.00000,0.00000,0.00000,0.00000,0.00000,0.00000,0.00000,0.00000,0.00000,0.00000,0.00000,0.00000,0.00000,0.00000,0.00000,0.00000,0.00000,0.00000,0.00000,0.00000,0.00000,0.00000,0.00000,0.00000,0.00000,0.00000,0.00000,0.00000,0.00000,0.00000,0.00000,0.00000,0.00000,0.00000,0.00000,0.00000,0.00000,0.00000,0.00000,0.00000,0.00000,0.00000,0.00000,0.00000,0.00000,0.00000,0.00000,0.00000,0.00000,0.00000,0.00000,0.00000,0.16586,0.01969,0.00000,0.00000,0.00000,0.00000,0.00000,0.00000,0.00000,0.00000,0.00000,0.00000,0.00088,0.21875,0.02571,0.00000,0.00000,0.00000,0.00000,0.00000,0.00000,0.00000,0.00000,0.00000,0.00000,0.00006,0.20849,0.02919,0.00000,0.00000,0.00000,0.00000,0.00000,0.00000,0.00000,0.00000,0.00000,0.00000,0.00000,0.16828,0.01639,0.00000,0.00000,0.00000,0.00000,0.00000,0.00000,0.00000,0.00000,0.00000,0.00000,0.00000,0.01150,0.00000,0.00000,0.00000,0.00000,-0.90000,0.91463,1.08900,1.08100,2.54950,3.05500,4.63050,0,-0.90000,0.91463,0.00000,0.00000,0.00000
105,0.00000,0.00000,0.00000,0.00000,0.00000,0.00000,0.00000,0.00000,0.00000,0.00000,0.00000,0.00000,0.00000,0.00000,0.00000,0.00000,0.00000,0.00000,0.00000,0.00000,0.00000,0.00000,0.00000,0.00000,0.00000,0.00000,0.00000,0.00000,0.00000,0.00000,0.00000,0.00000,0.00000,0.00000,0.00000,0.00000,0.00000,0.00000,0.00000,0.00000,0.00000,0.00000,0.00000,0.00000,0.00000,0.00000,0.00000,0.00000,0.00000,0.00000,0.00000,0.00000,0.01433,0.00000,0.00000,0.00000,0.06209,0.00000,0.00000,0.00000,0.00000,0.00000,0.00000,0.00000,0.00159,0.00000,0.00000,0.00000,0.10065,0.12435,0.00000,0.00000,0.00000,0.00000,0.00000,0.00000,0.00000,0.00000,0.00000,0.00000,0.00000,0.12700,0.10507,0.00000,0.00000,0.00000,0.00000,0.00000,0.00000,0.00000,0.00000,0.00000,0.00000,0.00000,0.14416,0.03343,0.00000,0.00000,0.00000,0.00000,0.00000,0.00000,0.00000,0.00000,0.00000,0.00000,0.00000,0.02140,0.00142,0.00000,0.00000,0.00000,-0.90000,0.91463,1.05900,1.05900,2.59050,3.08150,4.22350,0,-0.90000,0.91463,0.00000,0.00000,0.00000
106,0.00000,0.00000,0.00000,0.00000,0.00000,0.00000,0.00000,0.00000,0.00000,0.00000,0.00000,0.00000,0.00000,0.00000,0.00000,0.00000,0.00000,0.00000,0.00000,0.00000,0.00000,0.00000,0.00000,0.00000,0.00000,0.00000,0.00000,0.00000,0.00000,0.00000,0.00000,0.00000,0.00000,0.00000,0.00000,0.00000,0.00000,0.00000,0.00000,0.00000,0.00000,0.00000,0.00000,0.00000,0.00000,0.00000,0.00000,0.00000,0.00000,0.00000,0.00000,0.00000,0.00000,0.00000,0.00000,0.00000,0.05307,0.02795,0.00000,0.00000,0.00000,0.00000,0.00000,0.00000,0.03998,0.00000,0.00000,0.00000,0.00006,0.21415,0.00000,0.00000,0.00000,0.00000,0.00000,0.00000,0.00796,0.00000,0.00000,0.00000,0.00000,0.03078,0.19298,0.00000,0.00000,0.00000,0.00000,0.00000,0.00000,0.00000,0.00000,0.00000,0.00000,0.00000,0.07919,0.03190,0.00000,0.00000,0.00000,0.00000,0.00000,0.00000,0.00000,0.00000,0.00000,0.00000,0.00000,0.00000,0.00000,0.00000,0.00000,0.00000,-0.90000,0.91463,1.05750,0.98900,2.64250,3.40550,4.79150,0,-0.90000,0.91463,0.00000,0.00000,0.00000
107,0.00000,0.00000,0.00000,0.00000,0.00000,0.00000,0.00000,0.00000,0.00000,0.00000,0.00000,0.00000,0.00000,0.00000,0.00000,0.00000,0.00000,0.00000,0.00000,0.00000,0.00000,0.00000,0.00000,0.00000,0.00000,0.00000,0.00000,0.00000,0.00000,0.00000,0.00000,0.00000,0.00000,0.00000,0.00000,0.00000,0.00000,0.00000,0.00000,0.00000,0.00000,0.00000,0.00000,0.00000,0.00000,0.00000,0.00000,0.00000,0.00000,0.00000,0.00000,0.00000,0.00000,0.00000,0.00000,0.00000,0.00000,0.00460,0.00000,0.00000,0.00000,0.00000,0.00000,0.00000,0.00501,0.05513,0.00000,0.00000,0.00000,0.04705,0.14009,0.00000,0.00000,0.00000,0.00000,0.00000,0.19086,0.00212,0.00000,0.00000,0.00000,0.00000,0.15996,0.05230,0.00000,0.00000,0.00000,0.00000,0.04811,0.00000,0.00000,0.00000,0.00000,0.00000,0.00000,0.09110,0.00000,0.00000,0.00000,0.00000,0.00000,0.00000,0.00000,0.00000,0.00000,0.00000,0.00000,0.00000,0.00000,0.00000,0.00000,0.00000,-0.90000,0.91463,1.16600,0.94000,0.93900,3.48500,5.00000,0,-0.90000,0.91463,0.00000,0.00000,0.00000
108,0.00000,0.00000,0.00000,0.00000,0.00000,0.00000,0.00000,0.00000,0.00000,0.00000,0.00000,0.00000,0.00000,0.00000,0.00000,0.00000,0.00000,0.00000,0.00000,0.00000,0.00000,0.00000,0.00000,0.00000,0.00000,0.00000,0.00000,0.00000,0.00000,0.00000,0.00000,0.00000,0.00000,0.00000,0.00000,0.00000,0.00000,0.00000,0.00000,0.00000,0.00000,0.00000,0.00000,0.00000,0.00000,0.00000,0.00000,0.00000,0.00000,0.00000,0.00000,0.00000,0.00000,0.00000,0.00000,0.00000,0.00000,0.00000,0.00088,0.00000,0.00000,0.00000,0.00000,0.00000,0.00000,0.06103,0.04210,0.00000,0.00000,0.00000,0.15684,0.02677,0.00000,0.00000,0.00000,0.00000,0.01362,0.18644,0.00000,0.00000,0.00000,0.00000,0.00012,0.18137,0.00000,0.00000,0.00000,0.00000,0.16002,0.00254,0.00000,0.00000,0.00000,0.00000,0.00000,0.04369,0.00796,0.00000,0.00000,0.00000,0.00000,0.00000,0.00000,0.00000,0.00000,0.00000,0.00000,0.00000,0.00000,0.00000,0.00000,0.00000,-0.90000,0.91463,1.12000,0.89900,0.87750,4.46350,5.00000,0,-0.90000,0.91463,0.00000,0.00000,0.00000
109,0.00000,0.00000,0.00000,0.00000,0.00000,0.00000,0.00000,0.00000,0.00000,0.00000,0.00000,0.00000,0.00000,0.00000,0.00000,0.00000,0.00000,0.00000,0.00000,0.00000,0.00000,0.00000,0.00000,0.00000,0.00000,0.00000,0.00000,0.00000,0.00000,0.00000,0.00000,0.00000,0.00000,0.00000,0.00000,0.00000,0.00000,0.00000,0.00000,0.00000,0.00000,0.00000,0.00000,0.00000,0.00000,0.00000,0.00000,0.00000,0.00000,0.00000,0.00000,0.00000,0.00000,0.00000,0.00000,0.00000,0.00000,0.00000,0.00000,0.00000,0.00000,0.00000,0.00000,0.00000,0.00000,0.00000,0.14858,0.00867,0.00000,0.00000,0.00000,0.00000,0.00000,0.00000,0.00000,0.00000,0.00000,0.09292,0.09794,0.00000,0.00000,0.00000,0.00000,0.00000,0.00000,0.00000,0.00000,0.00000,0.00000,0.11692,0.00000,0.00000,0.00000,0.00000,0.00000,0.00000,0.00000,0.00000,0.00000,0.00000,0.00000,0.00000,0.00000,0.00000,0.00000,0.00000,0.00000,0.00000,0.00000,0.00000,0.00000,0.00000,-0.90000,0.91463,1.07200,2.43600,0.83000,4.97650,5.00000,0,-0.90000,0.91463,0.00000,0.00000,0.00000
110,0.00000,0.00000,0.00000,0.00000,0.00000,0.00000,0.00000,0.00000,0.00000,0.00000,0.00000,0.00000,0.00000,0.00000,0.00000,0.00000,0.00000,0.00000,0.00000,0.00000,0.00000,0.00000,0.00000,0.00000,0.00000,0.00000,0.00000,0.00000,0.00000,0.00000,0.00000,0.00000,0.00000,0.00000,0.00000,0.00000,0.00000,0.00000,0.00000,0.00000,0.00000,0.00000,0.00000,0.00000,0.00000,0.00000,0.00000,0.00000,0.00000,0.00000,0.00000,0.00000,0.00000,0.00000,0.00000,0.00000,0.00000,0.00000,0.00000,0.00000,0.00000,0.00000,0.00000,0.00000,0.00000,0.00000,0.00690,0.17706,0.00000,0.00000,0.00000,0.00000,0.00000,0.00000,0.00000,0.00000,0.00000,0.00000,0.18396,0.00460,0.00000,0.00000,0.00000,0.00000,0.00000,0.00000,0.00000,0.00000,0.00000,0.13738,0.06197,0.00000,0.00000,0.00000,0.00000,0.00000,0.00000,0.00000,0.00000,0.00000,0.00000,0.00000,0.00000,0.00000,0.00000,0.00000,0.00000,0.00000,0.00000,0.00000,0.00000,0.00000,-0.90000,0.91463,1.04500,2.75900,0.80300,3.77350,5.00000,0,-0.90000,0.91463,0.00000,0.00000,0.00000
111,0.00000,0.00000,0.00000,0.00000,0.00000,0.00000,0.00000,0.00000,0.00000,0.00000,0.00000,0.00000,0.00000,0.00000,0.00000,0.00000,0.00000,0.00000,0.00000,0.00000,0.00000,0.00000,0.00000,0.00000,0.00000,0.00000,0.00000,0.00000,0.00000,0.00000,0.00000,0.00000,0.00000,0.00000,0.00000,0.00000,0.00000,0.00000,0.00000,0.00000,0.00000,0.00000,0.00000,0.00000,0.00000,0.00000,0.00000,0.00000,0.00000,0.00000,0.00000,0.00000,0.00000,0.00000,0.00000,0.00000,0.00000,0.00000,0.00000,0.00000,0.00000,0.00000,0.00000,0.00000,0.00000,0.00000,0.00000,0.03031,0.12129,0.00000,0.00000,0.00000,0.00000,0.00000,0.00000,0.00000,0.00000,0.00000,0.00053,0.15254,0.00029,0.00000,0.00000,0.00000,0.00000,0.00000,0.00000,0.00000,0.00000,0.00000,0.20183,0.02317,0.00000,0.00000,0.00000,0.00000,0.00000,0.00000,0.00000,0.00000,0.00000,0.05466,0.08491,0.00000,0.00000,0.00000,0.00000,0.00000,0.00000,0.00000,0.07217,0.09959,-0.90000,0.91463,0.94800,2.51000,0.75500,0.77900,5.00000,0,-0.90000,0.91463,0.00000,0.00000,0.00000
112,0.00000,0.00000,0.00000,0.00000,0.00000,0.00000,0.00000,0.00000,0.00000,0.00000,0.00000,0.00000,0.00000,0.00000,0.00000,0.00000,0.00000,0.00000,0.00000,0.00000,0.00000,0.00000,0.00000,0.00000,0.00000,0.00000,0.00000,0.00000,0.00000,0.00000,0.00000,0.00000,0.00000,0.00000,0.00000,0.00000,0.00000,0.00000,0.00000,0.00000,0.00000,0.00000,0.00000,0.00000,0.00000,0.00000,0.00000,0.00000,0.00000,0.00000,0.00000,0.00000,0.00000,0.00000,0.00000,0.00000,0.00000,0.00000,0.00000,0.00000,0.00000,0.00000,0.00000,0.00000,0.00000,0.00000,0.00000,0.00000,0.05271,0.12842,0.00000,0.00000,0.00000,0.00000,0.08278,0.00000,0.00000,0.00000,0.00000,0.00177,0.06757,0.00000,0.00000,0.00000,0.00000,0.00000,0.08809,0.08579,0.00000,0.00000,0.00000,0.19912,0.00961,0.00000,0.00000,0.00000,0.00000,0.00000,0.00000,0.16981,0.00000,0.00000,0.13231,0.07111,0.00000,0.00000,0.00000,0.00000,0.00000,0.00000,0.00000,0.00035,-0.90000,0.91463,0.97600,0.93200,0.72500,0.72100,5.00000,0,-0.90000,0.91463,0.00000,0.00000,0.00000
113,0.00000,0.00000,0.00000,0.00000,0.00000,0.00000,0.00000,0.00000,0.00000,0.00000,0.00000,0.00000,0.00000,0.00000,0.00000,0.00000,0.00000,0.00000,0.00000,0.00000,0.00000,0.00000,0.00000,0.00000,0.00000,0.00000,0.00000,0.00000,0.00000,0.00000,0.00000,0.00000,0.00000,0.00000,0.00000,0.00000,0.00000,0.00000,0.00000,0.00000,0.00000,0.00000,0.00000,0.00000,0.00000,0.00000,0.00000,0.00000,0.00000,0.00000,0.00000,0.00000,0.00000,0.00000,0.00000,0.00000,0.00000,0.00000,0.00000,0.00000,0.00000,0.00000,0.00000,0.00000,0.00000,0.00000,0.00000,0.00000,0.00000,0.00000,0.17441,0.00000,0.00000,0.00000,0.00000,0.00000,0.00000,0.00000,0.00000,0.00000,0.00000,0.12736,0.02777,0.00000,0.00000,0.00000,0.00000,0.00000,0.00000,0.00000,0.00000,0.00000,0.00071,0.00000,0.00000,0.00000,0.00000,0.00000,0.00000,0.00000,0.00000,0.00000,0.00000,0.00849,0.15831,0.00000,0.00000,0.00000,0.00000,0.00000,0.00000,0.00000,-0.90000,0.91463,2.26900,0.83900,2.21650,0.63400,0.65100,0,0.00000,0.91463,0.00000,0.00000,0.00000
114,0.00000,0.00000,0.00000,0.00000,0.00000,0.00000,0.00000,0.00000,0.00000,0.00000,0.00000,0.00000,0.00000,0.00000,0.00000,0.00000,0.00000,0.00000,0.00000,0.00000,0.00000,0.00000,0.00000,0.00000,0.00000,0.00000,0.00000,0.00000,0.00000,0.00000,0.00000,0.00000,0.00000,0.00000,0.00000,0.00000,0.00000,0.00000,0.00000,0.00000,0.00000,0.00000,0.00000,0.00000,0.00000,0.00000,0.00000,0.00000,0.00000,0.00000,0.00000,0.00000,0.00000,0.00000,0.00000,0.00000,0.00000,0.00000,0.00000,0.00000,0.00000,0.00000,0.00000,0.00000,0.00000,0.00000,0.00000,0.00000,0.00000,0.00000,0.00000,0.00000,0.01203,0.00000,0.00000,0.00000,0.00000,0.00000,0.00000,0.00000,0.00000,0.00000,0.00000,0.15572,0.02453,0.00000,0.00000,0.00000,0.00000,0.00000,0.00000,0.00000,0.00000,0.00000,0.00000,0.06103,0.00000,0.00000,0.00000,0.00000,0.00000,0.00000,0.00000,0.00000,0.00000,0.00000,0.00000,0.00000,0.00000,0.00000,0.00000,0.00000,0.00000,0.91463,2.23600,0.85800,0.77300,0.58000,0.58700,0,0.00000,0.91463,0.00000,0.00000,0.00000
115,0.00000,0.00000,0.00000,0.00000,0.00000,0.00000,0.00000,0.00000,0.00000,0.00000,0.00000,0.00000,0.00000,0.00000,0.00000,0.00000,0.00000,0.00000,0.00000,0.00000,0.00000,0.00000,0.00000,0.00000,0.00000,0.00000,0.00000,0.00000,0.00000,0.00000,0.00000,0.00000,0.00000,0.00000,0.00000,0.00000,0.00000,0.00000,0.00000,0.00000,0.00000,0.00000,0.00000,0.00000,0.00000,0.00000,0.00000,0.00000,0.00000,0.00000,0.00000,0.00000,0.00000,0.00000,0.00000,0.00000,0.00000,0.00000,0.00035,0.00000,0.00000,0.00000,0.00000,0.00000,0.02105,0.00000,0.00000,0.01999,0.00460,0.00000,0.00000,0.00000,0.00000,0.00000,0.00000,0.00000,0.00000,0.00000,0.00000,0.00000,0.00000,0.00000,0.00507,0.00006,0.00000,0.00000,0.00000,0.00000,0.00018,0.00000,0.00000,0.00000,0.00000,0.00000,0.00000,0.00000,0.00000,0.00000,0.00000,0.00000,0.00000,0.00000,0.00000,0.00000,0.00000,0.00000,0.00000,0.00000,0.00000,0.00000,0.00000,0.00000,0.00000,0.91463,2.11000,0.80300,0.70800,2.11200,0.53200,0,0.90000,0.91463,0.00000,0.00000,0.00000
116,0.00000,0.00000,0.00000,0.00000,0.00000,0.00000,0.00000,0.00000,0.00000,0.00000,0.00000,0.00000,0.00000,0.00000,0.00000,0.00000,0.00000,0.00000,0.00000,0.00000,0.00000,0.00000,0.00000,0.00000,0.00000,0.00000,0.00000,0.00000,0.00000,0.00000,0.00000,0.00000,0.00000,0.00000,0.00000,0.00000,0.00000,0.00000,0.00000,0.00000,0.00000,0.00000,0.00000,0.00000,0.00000,0.00000,0.00000,0.00053,0.00000,0.00000,0.00000,0.00000,0.00000,0.00000,0.00000,0.00000,0.00000,0.00000,0.00265,0.01221,0.00000,0.00000,0.00000,0.00000,0.06828,0.00000,0.00000,0.00590,0.03337,0.00000,0.00000,0.00000,0.00000,0.00000,0.00000,0.00000,0.00000,0.00000,0.00000,0.02370,0.00000,0.00000,0.00000,0.00000,0.00000,0.00000,0.00000,0.00000,0.00000,0.00000,0.00000,0.00000,0.00000,0.00000,0.00000,0.00000,0.00000,0.00000,0.00000,0.00000,0.00000,0.00000,0.00000,0.00000,0.00000,0.00000,0.00000,0.00000,0.00000,0.00000,0.00000,0.00000,0.90000,0.91463,1.88500,0.72700,0.64000,2.05850,0.46950,0,0.00000,0.91463,0.00000,0.00000,0.00000
117,0.00000,0.00000,0.00000,0.00000,0.00000,0.00000,0.00000,0.00000,0.00000,0.00000,0.00000,0.00000,0.00000,0.00000,0.00000,0.00000,0.00000,0.00000,0.00000,0.00000,0.00000,0.00000,0.00000,0.00000,0.00000,0.00000,0.00000,0.00000,0.00000,0.00000,0.00000,0.00000,0.00000,0.00000,0.00000,0.00000,0.00000,0.00000,0.00000,0.00000,0.00000,0.00000,0.00000,0.00000,0.00000,0.00000,0.00000,0.00000,0.00000,0.00000,0.00000,0.00000,0.00000,0.00000,0.00000,0.00000,0.00000,0.00000,0.00000,0.00000,0.00000,0.00000,0.00000,0.00000,0.02813,0.00000,0.00000,0.00000,0.03449,0.00371,0.00000,0.00000,0.00000,0.00000,0.00000,0.00000,0.00000,0.00000,0.06333,0.06297,0.00124,0.00000,0.00000,0.00000,0.00000,0.00000,0.00000,0.00000,0.00000,0.00000,0.00071,0.00000,0.00000,0.00000,0.00000,0.01044,0.00000,0.00000,0.00000,0.00000,0.00000,0.00000,0.00000,0.00000,0.00000,0.00000,0.00000,0.00000,0.00000,0.00000,0.00000,0.00000,0.00000,0.91463,1.84150,0.61800,2.99650,2.02900,0.44200,0,0.00000,0.91463,0.00000,0.00000,0.00000
118,0.00000,0.00000,0.00000,0.00000,0.00000,0.00000,0.00000,0.00000,0.00000,0.00000,0.00000,0.00000,0.00000,0.00000,0.00000,0.00000,0.00000,0.00000,0.00000,0.00000,0.00000,0.00000,0.00000,0.00000,0.00000,0.00000,0.00000,0.00000,0.00000,0.00000,0.00000,0.00000,0.00000,0.00000,0.00000,0.00000,0.00000,0.00000,0.00000,0.00000,0.00000,0.00000,0.00000,0.00000,0.00000,0.00000,0.00000,0.00000,0.00000,0.00000,0.00000,0.00000,0.00000,0.00000,0.00000,0.00000,0.00000,0.00000,0.00000,0.00000,0.00000,0.00000,0.00000,0.00000,0.00000,0.00000,0.00000,0.00000,0.08626,0.04605,0.00000,0.00000,0.00000,0.00000,0.00000,0.00000,0.00000,0.00000,0.08296,0.09499,0.01574,0.00000,0.00000,0.00000,0.00000,0.00000,0.00000,0.00000,0.00407,0.17665,0.09770,0.00000,0.00000,0.00000,0.00000,0.00000,0.00000,0.00000,0.00000,0.01327,0.00000,0.00000,0.00000,0.00000,0.00000,0.00000,0.00000,0.00000,0.00000,0.00000,0.00000,0.00000,0.00000,0.91463,2.21450,0.54900,3.00250,2.16750,0.39800,0,0.00000,0.91463,0.00000,0.00000,0.00000
119,0.00000,0.00000,0.00000,0.00000,0.00000,0.00000,0.00000,0.00000,0.00000,0.00000,0.00000,0.00000,0.00000,0.00000,0.00000,0.00000,0.00000,0.00000,0.00000,0.00000,0.00000,0.00000,0.00000,0.00000,0.00000,0.00000,0.00000,0.00000,0.00000,0.00000,0.00000,0.00000,0.00000,0.00000,0.00000,0.00000,0.00000,0.00000,0.00000,0.00000,0.00000,0.00000,0.00000,0.00000,0.00000,0.00000,0.00000,0.00000,0.00000,0.00000,0.00000,0.00000,0.00000,0.00000,0.00000,0.00000,0.00000,0.00000,0.00018,0.00000,0.00000,0.00000,0.00000,0.00000,0.00000,0.00000,0.00000,0.00218,0.02294,0.03149,0.00000,0.00000,0.00000,0.00000,0.00000,0.00000,0.00000,0.00000,0.01167,0.06468,0.05790,0.00000,0.00000,0.00000,0.00000,0.00000,0.00000,0.00000,0.00000,0.10165,0.16403,0.00195,0.00000,0.00000,0.00000,0.00000,0.00000,0.00000,0.00000,0.00000,0.17370,0.08561,0.00000,0.00000,0.00000,0.00000,0.00000,0.00000,0.00000,0.00000,0.00000,0.00000,0.00000,0.91463,0.60300,0.48500,3.09050,1.84550,0.37300,0,0.00000,0.91463,0.00000,0.00000,0.00000
120,0.00000,0.00000,0.00000,0.00000,0.00000,0.00000,0.00000,0.00000,0.00000,0.00000,0.00000,0.00000,0.00000,0.00000,0.00000,0.00000,0.00000,0.00000,0.00000,0.00000,0.00000,0.00000,0.00000,0.00000,0.00000,0.00000,0.00000,0.00000,0.00000,0.00000,0.00000,0.00000,0.00000,0.00000,0.00000,0.00000,0.00000,0.00000,0.00000,0.00000,0.00000,0.00000,0.00000,0.00000,0.00000,0.00000,0.00000,0.00000,0.00000,0.00000,0.00000,0.00000,0.00000,0.00000,0.00000,0.00000,0.00000,0.00018,0.00778,0.00000,0.00000,0.00000,0.00000,0.00000,0.00000,0.00000,0.00000,0.00000,0.04623,0.11987,0.00212,0.00000,0.00000,0.00000,0.00000,0.00000,0.00000,0.00000,0.00000,0.08432,0.06215,0.00000,0.00000,0.00000,0.00000,0.00000,0.00000,0.00000,0.00000,0.00554,0.02347,0.03025,0.00000,0.00000,0.00000,0.00000,0.00000,0.00000,0.00000,0.00000,0.07164,0.17600,0.00336,0.00000,0.00000,0.00000,0.00000,0.00000,0.00000,0.00000,0.00000,0.00000,0.00000,0.91463,0.44250,0.42100,3.11450,1.77750,0.32700,0,0.85372,0.91463,0.00000,0.00000,0.00000
121,0.00000,0.00000,0.00000,0.00000,0.00000,0.00000,0.00000,0.00000,0.00000,0.00000,0.00000,0.00000,0.00000,0.00000,0.00000,0.00000,0.00000,0.00000,0.00000,0.00000,0.00000,0.00000,0.00000,0.00000,0.00000,0.00000,0.00000,0.00000,0.00000,0.00000,0.00000,0.00000,0.00000,0.00000,0.00000,0.00000,0.00000,0.00000,0.00000,0.00000,0.00000,0.00000,0.00000,0.00000,0.00000,0.00000,0.00000,0.00000,0.00000,0.00000,0.00000,0.00000,0.00000,0.00000,0.00000,0.00000,0.00000,0.00000,0.02388,0.00000,0.00000,0.00000,0.00000,0.00000,0.00000,0.00000,0.00000,0.00000,0.01627,0.16433,0.01751,0.00000,0.00000,0.00000,0.00000,0.00000,0.00000,0.00000,0.00000,0.06008,0.18113,0.00041,0.00000,0.00000,0.00000,0.00000,0.00000,0.00000,0.00000,0.00000,0.05590,0.14593,0.00000,0.00000,0.00000,0.00000,0.00000,0.00000,0.00000,0.00000,0.00000,0.00000,0.00000,0.00000,0.00000,0.00000,0.00000,0.00000,0.00000,0.00000,0.00000,0.00000,0.85372,0.91463,0.35000,2.37600,3.10050,1.71900,0.29300,0,0.00000,0.91463,0.00000,0.00000,0.00000
122,0.00000,0.00000,0.00000,0.00000,0.00000,0.00000,0.00000,0.00000,0.00000,0.00000,0.00000,0.00000,0.00000,0.00000,0.00000,0.00000,0.00000,0.00000,0.00000,0.00000,0.00000,0.00000,0.00000,0.00000,0.00000,0.00000,0.00000,0.00000,0.00000,0.00000,0.00000,0.00000,0.00000,0.00000,0.00000,0.00000,0.00000,0.00000,0.00000,0.00000,0.00000,0.00000,0.00000,0.00000,0.00000,0.00000,0.00000,0.00000,0.00000,0.00000,0.00000,0.00000,0.00000,0.00000,0.00000,0.00000,0.00000,0.00000,0.01663,0.00000,0.00000,0.00000,0.00000,0.00000,0.00000,0.00053,0.00000,0.00000,0.05666,0.14994,0.00000,0.00000,0.00000,0.00000,0.00000,0.00000,0.00000,0.00000,0.00000,0.07948,0.15666,0.00000,0.00000,0.00000,0.00000,0.00000,0.08137,0.00000,0.00000,0.00000,0.09658,0.14062,0.00000,0.00000,0.00000,0.00000,0.00000,0.00000,0.00000,0.00000,0.00000,0.09623,0.12011,0.00000,0.00000,0.00000,0.00000,0.00000,0.00000,0.00000,0.00000,0.00000,0.00000,0.91463,0.31600,2.48700,1.70100,1.64450,0.26900,0,0.00000,0.91463,0.00000,0.00000,0.00000
123,0.00000,0.00000,0.00000,0.00000,0.00000,0.00000,0.00000,0.00000,0.00000,0.00000,0.00000,0.00000,0.00000,0.00000,0.00000,0.00000,0.00000,0.00000,0.00000,0.00000,0.00000,0.00000,0.00000,0.00000,0.00000,0.00000,0.00000,0.00000,0.00000,0.00000,0.00000,0.00000,0.00000,0.00000,0.00000,0.00000,0.00000,0.00000,0.00000,0.00000,0.00000,0.00000,0.00000,0.00000,0.00000,0.00000,0.00000,0.00000,0.00000,0.00000,0.00000,0.00000,0.00000,0.00000,0.00000,0.00000,0.00006,0.05230,0.00000,0.00000,0.00000,0.00000,0.00000,0.00000,0.07695,0.00106,0.00000,0.00000,0.17264,0.01627,0.00000,0.00000,0.00000,0.03308,0.00000,0.00000,0.00000,0.00000,0.00000,0.17235,0.03815,0.00000,0.00000,0.00000,0.00000,0.06014,0.00000,0.00000,0.00000,0.00000,0.17972,0.04121,0.00000,0.00000,0.00000,0.00000,0.00000,0.00000,0.00000,0.00000,0.00000,0.15666,0.06498,0.00000,0.00000,0.00000,0.00000,0.00000,0.00000,0.00000,0.00000,0.00000,0.00000,0.91463,2.13450,2.56750,1.63800,1.64150,5.00000,0,0.00000,0.91463,0.00000,0.00000,0.00000
124,0.00000,0.00000,0.00000,0.00000,0.00000,0.00000,0.00000,0.00000,0.00000,0.00000,0.00000,0.00000,0.00000,0.00000,0.00000,0.00000,0.00000,0.00000,0.00000,0.00000,0.00000,0.00000,0.00000,0.00000,0.00000,0.00000,0.00000,0.00000,0.00000,0.00000,0.00000,0.00000,0.00000,0.00000,0.00000,0.00000,0.00000,0.00000,0.00000,0.00000,0.00000,0.00000,0.00000,0.00000,0.00000,0.00000,0.00000,0.00000,0.00000,0.00000,0.00000,0.00000,0.00000,0.00000,0.00000,0.00000,0.00955,0.04634,0.00000,0.00000,0.00000,0.00000,0.00000,0.00000,0.10825,0.00884,0.00000,0.00000,0.20908,0.00301,0.00000,0.00000,0.01309,0.13903,0.00000,0.00000,0.00000,0.00000,0.00000,0.19682,0.03632,0.00000,0.00000,0.00000,0.00000,0.09717,0.00029,0.00000,0.00000,0.00000,0.07182,0.06669,0.00000,0.00000,0.00000,0.00000,0.00000,0.02700,0.17553,0.00000,0.00000,0.02052,0.00000,0.00000,0.00000,0.00000,0.00000,0.00000,0.00000,0.00000,0.09039,0.00000,0.00000,0.91463,2.12650,2.64650,1.54450,1.54150,5.00000,0,0.90000,0.91463,0.00000,0.00000,0.00000
125,0.00000,0.00000,0.00000,0.00000,0.00000,0.00000,0.00000,0.00000,0.00000,0.00000,0.00000,0.00000,0.00000,0.00000,0.00000,0.00000,0.00000,0.00000,0.00000,0.00000,0.00000,0.00000,0.00000,0.00000,0.00000,0.00000,0.00000,0.00000,0.00000,0.00000,0.00000,0.00000,0.00000,0.00000,0.00000,0.00000,0.00000,0.00000,0.00000,0.00000,0.00000,0.00000,0.00000,0.00000,0.00000,0.00000,0.00000,0.00000,0.00000,0.00000,0.00000,0.00000,0.00000,0.00000,0.00000,0.00000,0.01055,0.00643,0.00000,0.00000,0.11268,0.00000,0.00000,0.00000,0.10224,0.00849,0.00000,0.00000,0.21698,0.00324,0.00000,0.00000,0.05377,0.14469,0.00000,0.00000,0.00000,0.00000,0.00000,0.19239,0.04322,0.00000,0.00000,0.00000,0.00000,0.10772,0.00000,0.00000,0.00000,0.00000,0.14788,0.07960,0.00000,0.00000,0.00000,0.00000,0.00000,0.00000,0.00000,0.00000,0.00000,0.00000,0.07040,0.00000,0.00000,0.00000,0.00000,0.00000,0.00000,0.00000,0.00843,0.00094,0.90000,0.91463,2.13250,2.60050,1.50400,1.50050,5.00000,0,0.00000,0.91463,0.00000,0.00000,0.00000
126,0.00000,0.00000,0.00000,0.00000,0.00000,0.00000,0.00000,0.00000,0.00000,0.00000,0.00000,0.00000,0.00000,0.00000,0.00000,0.00000,0.00000,0.00000,0.00000,0.00000,0.00000,0.00000,0.00000,0.00000,0.00000,0.00000,0.00000,0.00000,0.00000,0.00000,0.00000,0.00000,0.00000,0.00000,0.00000,0.00000,0.00000,0.00000,0.00000,0.00000,0.00000,0.00000,0.00000,0.00000,0.00000,0.00000,0.00000,0.00000,0.00000,0.00000,0.00000,0.00000,0.00000,0.00000,0.00000,0.00000,0.00000,0.00000,0.00000,0.00065,0.07948,0.00000,0.00000,0.00000,0.02229,0.00000,0.00000,0.07848,0.08797,0.00000,0.00000,0.00000,0.19758,0.00000,0.00000,0.00000,0.00000,0.00000,0.02070,0.20926,0.00000,0.00000,0.00000,0.00000,0.03874,0.17423,0.00000,0.00000,0.00000,0.00000,0.21633,0.00000,0.00000,0.00000,0.00000,0.00000,0.00000,0.05006,0.00000,0.00000,0.00000,0.17901,0.04458,0.00000,0.00000,0.00000,0.00000,0.00000,0.00000,0.00000,0.00000,0.00000,0.00000,0.91463,2.24750,2.89650,1.38400,5.00000,5.00000,0,0.00000,0.91463,0.00000,0.00000,0.00000
127,0.00000,0.00000,0.00000,0.00000,0.00000,0.00000,0.00000,0.00000,0.00000,0.00000,0.00000,0.00000,0.00000,0.00000,0.00000,0.00000,0.00000,0.00000,0.00000,0.00000,0.00000,0.00000,0.00000,0.00000,0.00000,0.00000,0.00000,0.00000,0.00000,0.00000,0.00000,0.00000,0.00000,0.00000,0.00000,0.00000,0.00000,0.00000,0.00000,0.00000,0.00000,0.00000,0.00000,0.00000,0.00000,0.00000,0.00000,0.00000,0.00000,0.00000,0.00000,0.00000,0.00000,0.00000,0.00000,0.00000,0.00000,0.00000,0.00000,0.02866,0.00000,0.00000,0.00000,0.00371,0.00000,0.00000,0.00230,0.06863,0.00000,0.00000,0.00000,0.11598,0.09204,0.00000,0.00000,0.01167,0.00000,0.00000,0.18538,0.01504,0.00000,0.00000,0.00000,0.00000,0.21846,0.00000,0.00000,0.00000,0.00000,0.08272,0.08726,0.00000,0.00000,0.00000,0.00000,0.00000,0.04599,0.10755,0.00000,0.00000,0.00690,0.00000,0.00000,0.00000,0.00000,0.00000,0.00000,0.00000,0.00000,0.00000,0.00000,0.00000,0.00000,0.91463,2.25950,1.34650,1.32400,5.00000,5.00000,0,0.00000,0.00000,0.00000,0.00000,0.00000
128,0.00000,0.00000,0.00000,0.00000,0.00000,0.00000,0.00000,0.00000,0.00000,0.00000,0.00000,0.00000,0.00000,0.00000,0.00000,0.00000,0.00000,0.00000,0.00000,0.00000,0.00000,0.00000,0.00000,0.00000,0.00000,0.00000,0.00000,0.00000,0.00000,0.00000,0.00000,0.00000,0.00000,0.00000,0.00000,0.00000,0.00000,0.00000,0.00000,0.00000,0.00000,0.00000,0.00000,0.00000,0.00000,0.00000,0.00000,0.00000,0.00000,0.00000,0.00000,0.00000,0.00000,0.00000,0.00000,0.00000,0.00000,0.00000,0.00000,0.03184,0.00000,0.00000,0.00000,0.00159,0.00000,0.00000,0.00159,0.00000,0.00000,0.00000,0.00000,0.21810,0.00000,0.00000,0.00000,0.01645,0.00000,0.01132,0.06014,0.00000,0.00000,0.00000,0.00000,0.03573,0.18042,0.00000,0.00000,0.00000,0.00000,0.21221,0.00130,0.00000,0.00000,0.00000,0.00000,0.00000,0.18272,0.03608,0.00000,0.00000,0.15855,0.05584,0.00000,0.00000,0.00000,0.00000,0.00000,0.00000,0.00000,0.19334,0.00000,0.00000,0.00000,0.00000,2.15600,1.24500,1.21500,4.01500,5.00000,0,0.00000,0.00000,0.00000,0.00000,0.00000
129,0.00000,0.00000,0.00000,0.00000,0.00000,0.00000,0.00000,0.00000,0.00000,0.00000,0.00000,0.00000,0.00000,0.00000,0.00000,0.00000,0.00000,0.00000,0.00000,0.00000,0.00000,0.00000,0.00000,0.00000,0.00000,0.00000,0.00000,0.00000,0.00000,0.00000,0.00000,0.00000,0.00000,0.00000,0.00000,0.00000,0.00000,0.00000,0.00000,0.00000,0.00000,0.00000,0.00000,0.00000,0.00000,0.00000,0.00000,0.00000,0.00000,0.00000,0.00000,0.00000,0.00000,0.00000,0.00000,0.00000,0.00000,0.00000,0.00000,0.03290,0.00000,0.00000,0.00000,0.00000,0.00000,0.00000,0.01804,0.00000,0.00000,0.00000,0.00000,0.21386,0.00000,0.00000,0.00000,0.00000,0.00000,0.07447,0.07889,0.00000,0.00000,0.00000,0.00000,0.07412,0.12488,0.00000,0.00000,0.00000,0.02052,0.06403,0.00000,0.00000,0.00000,0.00000,0.00000,0.00000,0.21014,0.00354,0.00000,0.00000,0.15855,0.00029,0.00000,0.00000,0.00000,0.00000,0.00000,0.00000,0.01433,0.14222,0.00000,0.00000,0.00000,0.00000,2.14950,1.24500,1.19950,5.00000,5.00000,0,0.00000,0.00000,0.00000,0.00000,0.00000
130,0.00000,0.00000,0.00000,0.00000,0.00000,0.00000,0.00000,0.00000,0.00000,0.00000,0.00000,0.00000,0.00000,0.00000,0.00000,0.00000,0.00000,0.00000,0.00000,0.00000,0.00000,0.00000,0.00000,0.00000,0.00000,0.00000,0.00000,0.00000,0.00000,0.00000,0.00000,0.00000,0.00000,0.00000,0.00000,0.00000,0.00000,0.00000,0.00000,0.00000,0.00000,0.00000,0.00000,0.00000,0.00000,0.00000,0.00000,0.00000,0.00000,0.00000,0.00000,0.00000,0.00000,0.00000,0.00000,0.00000,0.00000,0.00000,0.01504,0.05236,0.00000,0.00000,0.00000,0.00000,0.00000,0.00000,0.00867,0.00000,0.00000,0.00000,0.00000,0.21616,0.00000,0.00000,0.00000,0.00283,0.00000,0.06462,0.06751,0.00000,0.00000,0.00000,0.00000,0.08337,0.12447,0.00000,0.00000,0.00000,0.01132,0.07783,0.00000,0.00000,0.00000,0.00000,0.00000,0.00000,0.21527,0.00195,0.00000,0.00000,0.16810,0.00136,0.00000,0.00000,0.00000,0.00000,0.00000,0.00000,0.01787,0.15177,0.00000,0.00000,0.00000,0.00000,2.16700,1.24600,1.19950,5.00000,5.00000,0,0.00000,0.00000,0.00000,0.00000,0.00000
131,0.00000,0.00000,0.00000,0.00000,0.00000,0.00000,0.00000,0.00000,0.00000,0.00000,0.00000,0.00000,0.00000,0.00000,0.00000,0.00000,0.00000,0.00000,0.00000,0.00000,0.00000,0.00000,0.00000,0.00000,0.00000,0.00000,0.00000,0.00000,0.00000,0.00000,0.00000,0.00000,0.00000,0.00000,0.00000,0.00000,0.00000,0.00000,0.00000,0.00000,0.00000,0.00000,0.00000,0.00000,0.00000,0.00000,0.00000,0.00000,0.00000,0.00000,0.00000,0.00000,0.00000,0.00000,0.00000,0.00000,0.00000,0.00000,0.00619,0.04475,0.00000,0.00000,0.00000,0.00000,0.00000,0.00000,0.00000,0.00000,0.00000,0.00000,0.00000,0.21563,0.00000,0.00000,0.00000,0.00849,0.00000,0.04310,0.05684,0.00000,0.00000,0.00000,0.00000,0.08567,0.12553,0.00000,0.00000,0.00000,0.00884,0.08137,0.00000,0.00000,0.00000,0.00000,0.00000,0.00000,0.21810,0.00159,0.00000,0.00000,0.18756,0.00330,0.00000,0.00000,0.00000,0.00000,0.00000,0.00000,0.02017,0.15442,0.00000,0.00000,0.00000,0.00000,2.15550,1.24500,1.19900,5.00000,5.00000,0,0.00000,0.00000,0.00000,0.00000,0.00000
132,0.00000,0.00000,0.00000,0.00000,0.00000,0.00000,0.00000,0.00000,0.00000,0.00000,0.00000,0.00000,0.00000,0.00000,0.00000,0.00000,0.00000,0.00000,0.00000,0.00000,0.00000,0.00000,0.00000,0.00000,0.00000,0.00000,0.00000,0.00000,0.00000,0.00000,0.00000,0.00000,0.00000,0.00000,0.00000,0.00000,0.00000,0.00000,0.00000,0.00000,0.00000,0.00000,0.00000,0.00000,0.00000,0.00000,0.00000,0.00000,0.00000,0.00000,0.00000,0.00000,0.00000,0.00000,0.00000,0.00000,0.00000,0.00000,0.00708,0.04298,0.00000,0.00000,0.00000,0.00000,0.00000,0.00000,0.01203,0.00000,0.00000,0.00000,0.00000,0.21757,0.00000,0.00000,0.00000,0.01698,0.00000,0.04009,0.05330,0.00000,0.00000,0.00000,0.00000,0.08791,0.12435,0.00000,0.00000,0.00000,0.00849,0.08225,0.00000,0.00000,0.00000,0.00000,0.00000,0.00000,0.21739,0.00159,0.00000,0.00000,0.18196,0.00289,0.00000,0.00000,0.00000,0.00000,0.00000,0.00000,0.02087,0.15389,0.00000,0.00000,0.00000,0.00000,2.16800,1.24500,1.19900,5.00000,5.00000,0,0.00000,0.00000,0.00000,0.00000,0.00000
133,0.00000,0.00000,0.00000,0.00000,0.00000,0.00000,0.00000,0.00000,0.00000,0.00000,0.00000,0.00000,0.00000,0.00000,0.00000,0.00000,0.00000,0.00000,0.00000,0.00000,0.00000,0.00000,0.00000,0.00000,0.00000,0.00000,0.00000,0.00000,0.00000,0.00000,0.00000,0.00000,0.00000,0.00000,0.00000,0.00000,0.00000,0.00000,0.00000,0.00000,0.00000,0.00000,0.00000,0.00000,0.00000,0.00000,0.00000,0.00000,0.00000,0.00000,0.00000,0.00000,0.00000,0.00000,0.00000,0.00000,0.00000,0.00000,0.01162,0.04853,0.00000,0.00000,0.00000,0.00000,0.00000,0.00000,0.00708,0.00000,0.00000,0.00000,0.00000,0.21757,0.00000,0.00000,0.00000,0.01680,0.00000,0.04487,0.05224,0.00000,0.00000,0.00000,0.00000,0.08620,0.12695,0.00000,0.00000,0.00000,0.00914,0.07453,0.00000,0.00000,0.00000,0.00000,0.00000,0.00000,0.21757,0.00142,0.00000,0.00000,0.17936,0.00212,0.00000,0.00000,0.00000,0.00000,0.00000,0.00000,0.02070,0.15531,0.00000,0.00000,0.00000,0.00000,2.17150,1.24600,1.20050,5.00000,5.00000,0,0.00000,0.00000,0.00000,0.00000,0.00000
134,0.00000,0.00000,0.00000,0.00000,0.00000,0.00000,0.00000,0.00000,0.00000,0.00000,0.00000,0.00000,0.00000,0.00000,0.00000,0.00000,0.00000,0.00000,0.00000,0.00000,0.00000,0.00000,0.00000,0.00000,0.00000,0.00000,0.00000,0.00000,0.00000,0.00000,0.00000,0.00000,0.00000,0.00000,0.00000,0.00000,0.00000,0.00000,0.00000,0.00000,0.00000,0.00000,0.00000,0.00000,0.00000,0.00000,0.00000,0.00000,0.00000,0.00000,0.00000,0.00000,0.00000,0.00000,0.00000,0.00000,0.00000,0.00000,0.00301,0.03573,0.00000,0.00000,0.00000,0.00000,0.00000,0.00000,0.00159,0.00000,0.00000,0.00000,0.00000,0.21439,0.00000,0.00000,0.00000,0.00336,0.00000,0.05643,0.06403,0.00000,0.00000,0.00000,0.00000,0.08632,0.12382,0.00000,0.00000,0.00000,0.00949,0.07842,0.00000,0.00000,0.00000,0.00000,0.00000,0.00000,0.21775,0.00159,0.00000,0.00000,0.17966,0.00289,0.00000,0.00000,0.00000,0.00000,0.00000,0.00000,0.02017,0.15389,0.00000,0.00000,0.00000,0.00000,2.16400,1.24400,1.19900,5.00000,5.00000,0,0.00000,0.00000,0.00000,0.00000,0.00000
135,0.00000,0.00000,0.00000,0.00000,0.00000,0.00000,0.00000,0.00000,0.00000,0.00000,0.00000,0.00000,0.00000,0.00000,0.00000,0.00000,0.00000,0.00000,0.00000,0.00000,0.00000,0.00000,0.00000,0.00000,0.00000,0.00000,0.00000,0.00000,0.00000,0.00000,0.00000,0.00000,0.00000,0.00000,0.00000,0.00000,0.00000,0.00000,0.00000,0.00000,0.00000,0.00000,0.00000,0.00000,0.00000,0.00000,0.00000,0.00000,0.00000,0.00000,0.00000,0.00000,0.00000,0.00000,0.00000,0.00000,0.00000,0.00000,0.01775,0.05248,0.00000,0.00000,0.00000,0.00000,0.00000,0.00000,0.00230,0.00000,0.00000,0.00000,0.00000,0.21863,0.00000,0.00000,0.00000,0.01380,0.00000,0.04735,0.04994,0.00000,0.00000,0.00000,0.00000,0.08532,0.12447,0.00000,0.00000,0.00000,0.00896,0.07983,0.00000,0.00000,0.00000,0.00000,0.00000,0.00000,0.21704,0.00159,0.00000,0.00000,0.18196,0.00271,0.00000,0.00000,0.00000,0.00000,0.00000,0.00000,0.01981,0.15124,0.00000,0.00000,0.00000,0.00000,2.17550,1.24500,1.19950,5.00000,5.00000,0,0.00000,0.00000,0.00000,0.00000,0.00000
136,0.00000,0.00000,0.00000,0.00000,0.00000,0.00000,0.00000,0.00000,0.00000,0.00000,0.00000,0.00000,0.00000,0.00000,0.00000,0.00000,0.00000,0.00000,0.00000,0.00000,0.00000,0.00000,0.00000,0.00000,0.00000,0.00000,0.00000,0.00000,0.00000,0.00000,0.00000,0.00000,0.00000,0.00000,0.00000,0.00000,0.00000,0.00000,0.00000,0.00000,0.00000,0.00000,0.00000,0.00000,0.00000,0.00000,0.00000,0.00000,0.00000,0.00000,0.00000,0.00000,0.00000,0.00000,0.00000,0.00000,0.00000,0.00000,0.01633,0.05142,0.00000,0.00000,0.00000,0.00000,0.00000,0.00000,0.00000,0.00000,0.00000,0.00000,0.00000,0.21722,0.00000,0.00000,0.00000,0.03060,0.00000,0.05796,0.04941,0.00000,0.00000,0.00000,0.00000,0.08514,0.12535,0.00000,0.00000,0.00000,0.00879,0.08001,0.00000,0.00000,0.00000,0.00000,0.00000,0.00000,0.21722,0.00159,0.00000,0.00000,0.17547,0.00212,0.00000,0.00000,0.00000,0.00000,0.00000,0.00000,0.01946,0.15106,0.00000,0.00000,0.00000,0.00000,2.16650,1.24500,1.19950,5.00000,5.00000,0,0.00000,0.00000,0.00000,0.00000,0.00000
137,0.00000,0.00000,0.00000,0.00000,0.00000,0.00000,0.00000,0.00000,0.00000,0.00000,0.00000,0.00000,0.00000,0.00000,0.00000,0.00000,0.00000,0.00000,0.00000,0.00000,0.00000,0.00000,0.00000,0.00000,0.00000,0.00000,0.00000,0.00000,0.00000,0.00000,0.00000,0.00000,0.00000,0.00000,0.00000,0.00000,0.00000,0.00000,0.00000,0.00000,0.00000,0.00000,0.00000,0.00000,0.00000,0.00000,0.00000,0.00000,0.00000,0.00000,0.00000,0.00000,0.00000,0.00000,0.00000,0.00000,0.00000,0.00000,0.01020,0.04729,0.00000,0.00000,0.00000,0.00000,0.00000,0.00000,0.00619,0.00000,0.00000,0.00000,0.00000,0.21810,0.00000,0.00000,0.00000,0.00230,0.00000,0.04623,0.05460,0.00000,0.00000,0.00000,0.00000,0.08603,0.12783,0.00000,0.00000,0.00000,0.00949,0.07807,0.00000,0.00000,0.00000,0.00000,0.00000,0.00000,0.21739,0.00106,0.00000,0.00000,0.18473,0.00313,0.00000,0.00000,0.00000,0.00000,0.00000,0.00000,0.02087,0.15088,0.00000,0.00000,0.00000,0.00000,2.17650,1.24500,1.20000,5.00000,5.00000,0,0.00000,0.00000,0.00000,0.00000,0.00000
138,0.00000,0.00000,0.00000,0.00000,0.00000,0.00000,0.00000,0.00000,0.00000,0.00000,0.00000,0.00000,0.00000,0.00000,0.00000,0.00000,0.00000,0.00000,0.00000,0.00000,0.00000,0.00000,0.00000,0.00000,0.00000,0.00000,0.00000,0.00000,0.00000,0.00000,0.00000,0.00000,0.00000,0.00000,0.00000,0.00000,0.00000,0.00000,0.00000,0.00000,0.00000,0.00000,0.00000,0.00000,0.00000,0.00000,0.00000,0.00000,0.00000,0.00000,0.00000,0.00000,0.00000,0.00000,0.00000,0.00000,0.00000,0.00000,0.01226,0.05035,0.00000,0.00000,0.00000,0.00000,0.00000,0.00000,0.00248,0.00000,0.00000,0.00000,0.00000,0.21828,0.00000,0.00000,0.00000,0.02494,0.00000,0.04322,0.04434,0.00000,0.00000,0.00000,0.00000,0.08585,0.12429,0.00000,0.00000,0.00000,0.00914,0.07842,0.00000,0.00000,0.00000,0.00000,0.00000,0.00000,0.21669,0.00159,0.00000,0.00000,0.17777,0.00212,0.00000,0.00000,0.00000,0.00000,0.00000,0.00000,0.02017,0.15124,0.00000,0.00000,0.00000,0.00000,2.17150,1.24600,1.20050,4.17850,5.00000,0,0.00000,0.00000,0.00000,0.00000,0.00000
139,0.00000,0.00000,0.00000,0.00000,0.00000,0.00000,0.00000,0.00000,0.00000,0.00000,0.00000,0.00000,0.00000,0.00000,0.00000,0.00000,0.00000,0.00000,0.00000,0.00000,0.00000,0.00000,0.00000,0.00000,0.00000,0.00000,0.00000,0.00000,0.00000,0.00000,0.00000,0.00000,0.00000,0.00000,0.00000,0.00000,0.00000,0.00000,0.00000,0.00000,0.00000,0.00000,0.00000,0.00000,0.00000,0.00000,0.00000,0.00000,0.00000,0.00000,0.00000,0.00000,0.00000,0.00000,0.00000,0.00000,0.00000,0.00000,0.01120,0.05035,0.00000,0.00000,0.00000,0.00000,0.00000,0.00000,0.00071,0.00000,0.00000,0.00000,0.00000,0.21739,0.00000,0.00000,0.00000,0.01910,0.00000,0.03726,0.04180,0.00000,0.00000,0.00000,0.00000,0.08567,0.12677,0.00000,0.00000,0.00000,0.00861,0.06215,0.00000,0.00000,0.00000,0.00000,0.00000,0.00000,0.21757,0.00124,0.00000,0.00000,0.17795,0.00177,0.00000,0.00000,0.00000,0.00000,0.00000,0.00000,0.02017,0.15053,0.00000,0.00000,0.00000,0.00000,2.16450,1.24500,1.20000,4.19950,5.00000,0,0.00000,0.00000,0.00000,0.00000,0.00000
140,0.00000,0.00000,0.00000,0.00000,0.00000,0.00000,0.00000,0.00000,0.00000,0.00000,0.00000,0.00000,0.00000,0.00000,0.00000,0.00000,0.00000,0.00000,0.00000,0.00000,0.00000,0.00000,0.00000,0.00000,0.00000,0.00000,0.00000,0.00000,0.00000,0.00000,0.00000,0.00000,0.00000,0.00000,0.00000,0.00000,0.00000,0.00000,0.00000,0.00000,0.00000,0.00000,0.00000,0.00000,0.00000,0.00000,0.00000,0.00000,0.00000,0.00000,0.00000,0.00000,0.00000,0.00000,0.00000,0.00000,0.00000,0.00000,0.01126,0.04976,0.00000,0.00000,0.00000,0.00000,0.00000,0.00000,0.01008,0.00000,0.00000,0.00000,0.00000,0.21633,0.00000,0.00000,0.00000,0.02600,0.00000,0.04257,0.05224,0.00000,0.00000,0.00000,0.00000,0.08514,0.12588,0.00000,0.00000,0.00000,0.00914,0.07824,0.00000,0.00000,0.00000,0.00000,0.00000,0.00000,0.21739,0.00142,0.00000,0.00000,0.17830,0.00248,0.00000,0.00000,0.00000,0.00000,0.00000,0.00000,0.02034,0.15460,0.00000,0.00000,0.00000,0.00000,2.17550,1.24600,1.20000,5.00000,5.00000,0,0.00000,0.00000,0.00000,0.00000,0.00000
141,0.00000,0.00000,0.00000,0.00000,0.00000,0.00000,0.00000,0.00000,0.00000,0.00000,0.00000,0.00000,0.00000,0.00000,0.00000,0.00000,0.00000,0.00000,0.00000,0.00000,0.00000,0.00000,0.00000,0.00000,0.00000,0.00000,0.00000,0.00000,0.00000,0.00000,0.00000,0.00000,0.00000,0.00000,0.00000,0.00000,0.00000,0.00000,0.00000,0.00000,0.00000,0.00000,0.00000,0.00000,0.00000,0.00000,0.00000,0.00000,0.00000,0.00000,0.00000,0.00000,0.00000,0.00000,0.00000,0.00000,0.00000,0.00000,0.01403,0.05124,0.00000,0.00000,0.00000,0.00000,0.00000,0.00000,0.00000,0.00000,0.00000,0.00000,0.00000,0.21828,0.00000,0.00000,0.00000,0.01733,0.00000,0.04045,0.04835,0.00000,0.00000,0.00000,0.00000,0.08567,0.12129,0.00000,0.00000,0.00000,0.00861,0.07435,0.00000,0.00000,0.00000,0.00000,0.00000,0.00000,0.21686,0.00142,0.00000,0.00000,0.17866,0.00230,0.00000,0.00000,0.00000,0.00000,0.00000,0.00000,0.01963,0.14894,0.00000,0.00000,0.00000,0.00000,2.16400,1.24500,1.19900,5.00000,5.00000,0,0.00000,0.00000,0.00000,0.00000,0.00000
142,0.00000,0.00000,0.00000,0.00000,0.00000,0.00000,0.00000,0.00000,0.00000,0.00000,0.00000,0.00000,0.00000,0.00000,0.00000,0.00000,0.00000,0.00000,0.00000,0.00000,0.00000,0.00000,0.00000,0.00000,0.00000,0.00000,0.00000,0.00000,0.00000,0.00000,0.00000,0.00000,0.00000,0.00000,0.00000,0.00000,0.00000,0.00000,0.00000,0.00000,0.00000,0.00000,0.00000,0.00000,0.00000,0.00000,0.00000,0.00000,0.00000,0.00000,0.00000,0.00000,0.00000,0.00000,0.00000,0.00000,0.00000,0.00000,0.00478,0.03803,0.00000,0.00000,0.00000,0.00000,0.00000,0.00000,0.01309,0.00000,0.00000,0.00000,0.00000,0.21704,0.00000,0.00000,0.00000,0.01946,0.00000,0.04434,0.05825,0.00000,0.00000,0.00000,0.00000,0.08567,0.12465,0.00000,0.00000,0.00000,0.00849,0.07376,0.00000,0.00000,0.00000,0.00000,0.00000,0.00000,0.21686,0.00159,0.00000,0.00000,0.17771,0.00271,0.00000,0.00000,0.00000,0.00000,0.00000,0.00000,0.02034,0.15371,0.00000,0.00000,0.00000,0.00000,2.17100,1.24500,1.19900,5.00000,5.00000,0,0.00000,0.00000,0.00000,0.00000,0.00000
143,0.00000,0.00000,0.00000,0.00000,0.00000,0.00000,0.00000,0.00000,0.00000,0.00000,0.00000,0.00000,0.00000,0.00000,0.00000,0.00000,0.00000,0.00000,0.00000,0.00000,0.00000,0.00000,0.00000,0.00000,0.00000,0.00000,0.00000,0.00000,0.00000,0.00000,0.00000,0.00000,0.00000,0.00000,0.00000,0.00000,0.00000,0.00000,0.00000,0.00000,0.00000,0.00000,0.00000,0.00000,0.00000,0.00000,0.00000,0.00000,0.00000,0.00000,0.00000,0.00000,0.00000,0.00000,0.00000,0.00000,0.00000,0.00000,0.00684,0.04552,0.00000,0.00000,0.00000,0.00000,0.00000,0.00000,0.01380,0.00000,0.00000,0.00000,0.00000,0.21757,0.00000,0.00000,0.00000,0.01291,0.00000,0.03897,0.04841,0.00000,0.00000,0.00000,0.00000,0.08614,0.12789,0.00000,0.00000,0.00000,0.00849,0.07535,0.00000,0.00000,0.00000,0.00000,0.00000,0.00000,0.21686,0.00159,0.00000,0.00000,0.17901,0.00248,0.00000,0.00000,0.00000,0.00000,0.00000,0.00000,0.02052,0.15548,0.00000,0.00000,0.00000,0.00000,2.16250,1.24500,1.19950,4.20400,5.00000,0,0.00000,0.00000,0.00000,0.00000,0.00000
144,0.00000,0.00000,0.00000,0.00000,0.00000,0.00000,0.00000,0.00000,0.00000,0.00000,0.00000,0.00000,0.00000,0.00000,0.00000,0.00000,0.00000,0.00000,0.00000,0.00000,0.00000,0.00000,0.00000,0.00000,0.00000,0.00000,0.00000,0.00000,0.00000,0.00000,0.00000,0.00000,0.00000,0.00000,0.00000,0.00000,0.00000,0.00000,0.00000,0.00000,0.00000,0.00000,0.00000,0.00000,0.00000,0.00000,0.00295,0.03774,0.00000,0.00000,0.00000,0.00000,0.00000,0.00000,0.00000,0.00000,0.00000,0.00000,0.00000,0.19741,0.00000,0.00000,0.00000,0.00000,0.02087,0.00000,0.00000,0.04298,0.00000,0.00000,0.00000,0.03597,0.17630,0.00000,0.00000,0.00000,0.00000,0.00000,0.09198,0.08261,0.00000,0.00000,0.00000,0.00000,0.13673,0.08579,0.00000,0.00000,0.00000,0.01221,0.18750,0.00000,0.00000,0.00000,0.00000,0.00000,0.00000,0.21851,0.00136,0.00000,0.00000,0.16179,0.00430,0.00000,0.00000,0.00000,0.00000,0.00000,0.00000,0.02795,0.16238,0.00000,0.00000,0.00000,2.60500,2.30450,1.27500,2.27600,5.00000,0,0.00000,0.00000,0.00000,0.00000,0.00000
145,0.00000,0.00000,0.00000,0.00000,0.00000,0.00000,0.00000,0.00000,0.00000,0.00000,0.00000,0.00000,0.00000,0.00000,0.00000,0.00000,0.00000,0.00000,0.00000,0.00000,0.00000,0.00000,0.00000,0.00000,0.00000,0.00000,0.00000,0.00000,0.00000,0.00000,0.00000,0.00000,0.00000,0.00000,0.00000,0.00000,0.00000,0.00000,0.00000,0.00000,0.00000,0.00000,0.00000,0.00000,0.00000,0.00000,0.00831,0.04245,0.00000,0.00000,0.00000,0.00000,0.00000,0.00000,0.00000,0.00000,0.00000,0.00000,0.00000,0.19687,0.00000,0.00000,0.00000,0.00000,0.01061,0.00000,0.00000,0.04015,0.00000,0.00000,0.00000,0.03614,0.17789,0.00000,0.00000,0.00000,0.00000,0.00000,0.08844,0.08172,0.00000,0.00000,0.00000,0.00000,0.13762,0.08561,0.00000,0.00000,0.00000,0.01108,0.18101,0.00000,0.00000,0.00000,0.00000,0.00000,0.00000,0.21887,0.00136,0.00000,0.00000,0.15566,0.00495,0.00000,0.00000,0.00000,0.00000,0.00000,0.00000,0.02795,0.16380,0.00000,0.00000,0.00000,2.62400,2.30800,1.27500,2.28650,4.96150,0,0.00000,0.00000,0.00000,0.00000,0.00000
146,0.00000,0.00000,0.00000,0.00000,0.00000,0.00000,0.00000,0.00000,0.00000,0.00000,0.00000,0.00000,0.00000,0.00000,0.00000,0.00000,0.00000,0.00000,0.00000,0.00000,0.00000,0.00000,0.00000,0.00000,0.00000,0.00000,0.00000,0.00000,0.00000,0.00000,0.00000,0.00000,0.00000,0.00000,0.00000,0.00000,0.00000,0.00000,0.00000,0.00000,0.00000,0.00000,0.00000,0.00000,0.00000,0.00000,0.00248,0.03608,0.00000,0.00000,0.00000,0.00000,0.00000,0.00000,0.00000,0.00000,0.00000,0.00000,0.00000,0.19953,0.00000,0.00000,0.00000,0.00000,0.01610,0.00000,0.00000,0.02689,0.00000,0.00000,0.00000,0.03579,0.17860,0.00000,0.00000,0.00000,0.00000,0.00000,0.06262,0.05289,0.00000,0.00000,0.00000,0.00000,0.13673,0.08614,0.00000,0.00000,0.00000,0.01014,0.13579,0.00000,0.00000,0.00000,0.00000,0.00000,0.00000,0.21922,0.00136,0.00000,0.00000,0.14422,0.00383,0.00000,0.00000,0.00000,0.00000,0.00000,0.00000,0.02866,0.16044,0.00000,0.00000,0.00000,2.62200,2.30300,1.27300,2.27400,5.00000,0,0.00000,0.00000,0.00000,0.00000,0.00000
147,0.00000,0.00000,0.00000,0.00000,0.00000,0.00000,0.00000,0.00000,0.00000,0.00000,0.00000,0.00000,0.00000,0.00000,0.00000,0.00000,0.00000,0.00000,0.00000,0.00000,0.00000,0.00000,0.00000,0.00000,0.00000,0.00000,0.00000,0.00000,0.00000,0.00000,0.00000,0.00000,0.00000,0.00000,0.00000,0.00000,0.00000,0.00000,0.00000,0.00000,0.00000,0.00000,0.00000,0.00000,0.00000,0.00000,0.00725,0.04263,0.00000,0.00000,0.00000,0.00000,0.00000,0.00000,0.00000,0.00000,0.00000,0.00000,0.00000,0.19528,0.00000,0.00000,0.00000,0.00000,0.01574,0.00000,0.00000,0.03750,0.00000,0.00000,0.00000,0.03597,0.17895,0.00000,0.00000,0.00000,0.00000,0.00000,0.07571,0.07412,0.00000,0.00000,0.00000,0.00000,0.13638,0.08685,0.00000,0.00000,0.00000,0.01038,0.15643,0.00000,0.00000,0.00000,0.00000,0.00000,0.00000,0.21834,0.00136,0.00000,0.00000,0.14870,0.00413,0.00000,0.00000,0.00000,0.00000,0.00000,0.00000,0.02795,0.16185,0.00000,0.00000,0.00000,2.62100,2.28050,1.27300,2.28950,5.00000,0,0.00000,0.00000,0.00000,0.00000,0.00000
148,0.00000,0.00000,0.00000,0.00000,0.00000,0.00000,0.00000,0.00000,0.00000,0.00000,0.00000,0.00000,0.00000,0.00000,0.00000,0.00000,0.00000,0.00000,0.00000,0.00000,0.00000,0.00000,0.00000,0.00000,0.00000,0.00000,0.00000,0.00000,0.00000,0.00000,0.00000,0.00000,0.00000,0.00000,0.00000,0.00000,0.00000,0.00000,0.00000,0.00000,0.00000,0.00000,0.00000,0.00000,0.00000,0.00000,0.00607,0.03956,0.00000,0.00000,0.00000,0.00000,0.00000,0.00000,0.00000,0.00000,0.00000,0.00000,0.00000,0.19316,0.00000,0.00000,0.00000,0.00000,0.01946,0.00000,0.00000,0.03803,0.00000,0.00000,0.00000,0.03656,0.17818,0.00000,0.00000,0.00000,0.00000,0.00000,0.08473,0.08048,0.00000,0.00000,0.00000,0.00000,0.13744,0.08614,0.00000,0.00000,0.00000,0.01108,0.17288,0.00000,0.00000,0.00000,0.00000,0.00000,0.00000,0.21816,0.00136,0.00000,0.00000,0.15100,0.00466,0.00000,0.00000,0.00000,0.00000,0.00000,0.00000,0.02813,0.16097,0.00000,0.00000,0.00000,2.60600,2.30400,1.27500,2.28650,5.00000,0,0.00000,0.00000,0.00000,0.00000,0.00000
149,0.00000,0.00000,0.00000,0.00000,0.00000,0.00000,0.00000,0.00000,0.00000,0.00000,0.00000,0.00000,0.00000,0.00000,0.00000,0.00000,0.00000,0.00000,0.00000,0.00000,0.00000,0.00000,0.00000,0.00000,0.00000,0.00000,0.00000,0.00000,0.00000,0.00000,0.00000,0.00000,0.00000,0.00000,0.00000,0.00000,0.00000,0.00000,0.00000,0.00000,0.00000,0.00000,0.00000,0.00000,0.00000,0.00000,0.00495,0.03892,0.00000,0.00000,0.00000,0.00000,0.00000,0.00000,0.00000,0.00000,0.00000,0.00000,0.00000,0.19493,0.00000,0.00000,0.00000,0.00000,0.01663,0.00000,0.00000,0.04599,0.00000,0.00000,0.00000,0.03597,0.17700,0.00000,0.00000,0.00000,0.00000,0.00000,0.07358,0.07358,0.00000,0.00000,0.00000,0.00000,0.13585,0.08650,0.00000,0.00000,0.00000,0.01050,0.15012,0.00000,0.00000,0.00000,0.00000,0.00000,0.00000,0.21869,0.00136,0.00000,0.00000,0.14570,0.00395,0.00000,0.00000,0.00000,0.00000,0.00000,0.00000,0.02777,0.16008,0.00000,0.00000,0.00000,2.61100,2.28050,1.27500,2.28450,5.00000,0,0.00000,0.00000,0.00000,0.00000,0.00000
150,0.00000,0.00000,0.00000,0.00000,0.00000,0.00000,0.00000,0.00000,0.00000,0.00000,0.00000,0.00000,0.00000,0.00000,0.00000,0.00000,0.00000,0.00000,0.00000,0.00000,0.00000,0.00000,0.00000,0.00000,0.00000,0.00000,0.00000,0.00000,0.00000,0.00000,0.00000,0.00000,0.00000,0.00000,0.00000,0.00000,0.00000,0.00000,0.00000,0.00000,0.00000,0.00000,0.00000,0.00000,0.00000,0.00000,0.00554,0.04080,0.00000,0.00000,0.00000,0.00000,0.00000,0.00000,0.00000,0.00000,0.00000,0.00000,0.00000,0.19794,0.00000,0.00000,0.00000,0.00000,0.00831,0.00000,0.00000,0.04298,0.00000,0.00000,0.00000,0.03614,0.17966,0.00000,0.00000,0.00000,0.00000,0.00000,0.08862,0.07960,0.00000,0.00000,0.00000,0.00000,0.13656,0.08632,0.00000,0.00000,0.00000,0.01167,0.19033,0.00000,0.00000,0.00000,0.00000,0.00000,0.00000,0.21887,0.00136,0.00000,0.00000,0.15672,0.00495,0.00000,0.00000,0.00000,0.00000,0.00000,0.00000,0.02866,0.15955,0.00000,0.00000,0.00000,2.62600,2.30450,1.27400,2.28100,4.98800,0,0.00000,0.00000,0.00000,0.00000,0.00000
151,0.00000,0.00000,0.00000,0.00000,0.00000,0.00000,0.00000,0.00000,0.00000,0.00000,0.00000,0.00000,0.00000,0.00000,0.00000,0.00000,0.00000,0.00000,0.00000,0.00000,0.00000,0.00000,0.00000,0.00000,0.00000,0.00000,0.00000,0.00000,0.00000,0.00000,0.00000,0.00000,0.00000,0.00000,0.00000,0.00000,0.00000,0.00000,0.00000,0.00000,0.00000,0.00000,0.00000,0.00000,0.00000,0.00000,0.00460,0.03732,0.00000,0.00000,0.00000,0.00000,0.00000,0.00000,0.00000,0.00000,0.00000,0.00000,0.00000,0.19369,0.00000,0.00000,0.00000,0.00000,0.00425,0.00000,0.00000,0.04581,0.00000,0.00000,0.00000,0.03656,0.17818,0.00000,0.00000,0.00000,0.00000,0.00000,0.09127,0.08774,0.00000,0.00000,0.00000,0.00000,0.13620,0.08650,0.00000,0.00000,0.00000,0.01144,0.18261,0.00000,0.00000,0.00000,0.00000,0.00000,0.00000,0.21869,0.00118,0.00000,0.00000,0.15383,0.00448,0.00000,0.00000,0.00000,0.00000,0.00000,0.00000,0.02883,0.15973,0.00000,0.00000,0.00000,2.60400,2.30400,1.27500,2.27300,5.00000,0,0.00000,0.00000,0.00000,0.00000,0.00000
152,0.00000,0.00000,0.00000,0.00000,0.00000,0.00000,0.00000,0.00000,0.00000,0.00000,0.00000,0.00000,0.00000,0.00000,0.00000,0.00000,0.00000,0.00000,0.00000,0.00000,0.00000,0.00000,0.00000,0.00000,0.00000,0.00000,0.00000,0.00000,0.00000,0.00000,0.00000,0.00000,0.00000,0.00000,0.00000,0.00000,0.00000,0.00000,0.00000,0.00000,0.00000,0.00000,0.00000,0.00000,0.00000,0.00000,0.00613,0.04004,0.00000,0.00000,0.00000,0.00000,0.00000,0.00000,0.00000,0.00000,0.00000,0.00000,0.00000,0.19334,0.00000,0.00000,0.00000,0.00000,0.01274,0.00000,0.00000,0.04564,0.00000,0.00000,0.00000,0.03614,0.17842,0.00000,0.00000,0.00000,0.00000,0.00000,0.08738,0.08154,0.00000,0.00000,0.00000,0.00000,0.13709,0.08667,0.00000,0.00000,0.00000,0.01038,0.17854,0.00000,0.00000,0.00000,0.00000,0.00000,0.00000,0.21816,0.00136,0.00000,0.00000,0.15495,0.00495,0.00000,0.00000,0.00000,0.00000,0.00000,0.00000,0.02795,0.15867,0.00000,0.00000,0.00000,2.63000,2.30800,1.27400,2.28350,4.95750,0,0.00000,0.47000,0.00000,0.00000,0.00000
153,0.00000,0.00000,0.00000,0.00000,0.00000,0.00000,0.00000,0.00000,0.00000,0.00000,0.00000,0.00000,0.00000,0.00000,0.00000,0.00000,0.00000,0.00000,0.00000,0.00000,0.00000,0.00000,0.00000,0.00000,0.00000,0.00000,0.00000,0.00000,0.00000,0.00000,0.00000,0.00000,0.00000,0.00000,0.00000,0.00000,0.00000,0.00000,0.00000,0.00000,0.00000,0.00000,0.00000,0.00000,0.00000,0.00000,0.00884,0.04263,0.00000,0.00000,0.00000,0.00000,0.00000,0.00000,0.00000,0.00000,0.00000,0.00000,0.00000,0.19864,0.00000,0.00000,0.00000,0.00000,0.01698,0.00000,0.00000,0.03980,0.00000,0.00000,0.00000,0.03597,0.18054,0.00000,0.00000,0.00000,0.00000,0.00000,0.08632,0.08119,0.00000,0.00000,0.00000,0.00000,0.13603,0.08614,0.00000,0.00000,0.00000,0.01079,0.17883,0.00000,0.00000,0.00000,0.00000,0.00000,0.00000,0.21887,0.00118,0.00000,0.00000,0.14858,0.00495,0.00000,0.00000,0.00000,0.00000,0.00000,0.00000,0.02883,0.16203,0.00000,0.00000,0.47000,2.60900,2.30350,1.27300,2.28100,4.94350,0,0.00000,0.72307,0.00000,0.00000,0.00000
154,0.00000,0.00000,0.00000,0.00000,0.00000,0.00000,0.00000,0.00000,0.00000,0.00000,0.00000,0.00000,0.00000,0.00000,0.00000,0.00000,0.00000,0.00000,0.00000,0.00000,0.00000,0.00000,0.00000,0.00000,0.00000,0.00000,0.00000,0.00000,0.00000,0.00000,0.00000,0.00000,0.00000,0.00000,0.00000,0.00000,0.00000,0.00000,0.00000,0.00000,0.00000,0.00000,0.00000,0.00000,0.00000,0.00000,0.00495,0.03821,0.00000,0.00000,0.00000,0.00000,0.00000,0.00000,0.00000,0.00000,0.00000,0.00000,0.00000,0.19634,0.00000,0.00000,0.00000,0.00000,0.02140,0.00000,0.00000,0.04175,0.00000,0.00000,0.00000,0.03597,0.17860,0.00000,0.00000,0.00000,0.00000,0.00000,0.08685,0.07836,0.00000,0.00000,0.00000,0.00000,0.13762,0.08561,0.00000,0.00000,0.00000,0.01167,0.18874,0.00000,0.00000,0.00000,0.00000,0.00000,0.00000,0.21869,0.00100,0.00000,0.00000,0.15920,0.00495,0.00000,0.00000,0.00000,0.00000,0.00000,0.00000,0.02883,0.16167,0.00000,0.00000,0.72307,2.62400,2.30800,1.27400,2.28300,5.00000,0,0.00000,0.86766,0.00000,0.00000,0.00000
155,0.00000,0.00000,0.00000,0.00000,0.00000,0.00000,0.00000,0.00000,0.00000,0.00000,0.00000,0.00000,0.00000,0.00000,0.00000,0.00000,0.00000,0.00000,0.00000,0.00000,0.00000,0.00000,0.00000,0.00000,0.00000,0.00000,0.00000,0.00000,0.00000,0.00000,0.00000,0.00000,0.00000,0.00000,0.00000,0.00000,0.00000,0.00000,0.00000,0.00000,0.00000,0.00000,0.00000,0.00000,0.00000,0.00000,0.01209,0.02877,0.00000,0.00000,0.00000,0.00000,0.00000,0.00000,0.00000,0.00000,0.00000,0.00000,0.00000,0.15814,0.00000,0.00000,0.00000,0.00000,0.01787,0.00000,0.00000,0.04210,0.00000,0.00000,0.00000,0.04340,0.17506,0.00000,0.00000,0.00000,0.00000,0.00000,0.09127,0.08190,0.00000,0.00000,0.00000,0.00000,0.14575,0.07730,0.00000,0.00000,0.00000,0.01333,0.16904,0.00000,0.00000,0.00000,0.00000,0.00000,0.00000,0.21975,0.00012,0.00000,0.00000,0.15118,0.00147,0.00000,0.00000,0.00000,0.00000,0.00000,0.00000,0.03349,0.16462,0.00000,0.00000,0.86766,2.74500,2.29650,1.26300,2.26700,5.00000,0,0.00000,0.86766,0.00000,0.00000,0.00000
156,0.00000,0.00000,0.00000,0.00000,0.00000,0.00000,0.00000,0.00000,0.00000,0.00000,0.00000,0.00000,0.00000,0.00000,0.00000,0.00000,0.00000,0.00000,0.00000,0.00000,0.00000,0.00000,0.00000,0.00000,0.00000,0.00000,0.00000,0.00000,0.00000,0.00000,0.00000,0.00000,0.00000,0.00000,0.00000,0.00000,0.00000,0.00000,0.00000,0.00000,0.00000,0.00000,0.00000,0.00000,0.00000,0.00000,0.00000,0.00000,0.00000,0.00000,0.00000,0.00000,0.00000,0.00000,0.00000,0.00354,0.00000,0.00000,0.00000,0.12789,0.00000,0.00000,0.00000,0.00814,0.04988,0.00000,0.00000,0.02866,0.00000,0.00000,0.00000,0.07919,0.13591,0.00000,0.00000,0.00000,0.00000,0.00000,0.10914,0.08827,0.00000,0.00000,0.00000,0.00000,0.17724,0.04440,0.00000,0.00000,0.00000,0.02134,0.18101,0.00000,0.00000,0.00000,0.00000,0.00000,0.00000,0.22146,0.00000,0.00000,0.00000,0.19823,0.00165,0.00000,0.00000,0.00000,0.00000,0.00000,0.00000,0.05672,0.14440,0.00000,0.00000,0.86766,2.80100,1.15150,1.16300,2.22200,5.00000,0,0.00000,0.86766,0.00000,0.00000,0.00000
157,0.00000,0.00000,0.00000,0.00000,0.00000,0.00000,0.00000,0.00000,0.00000,0.00000,0.00000,0.00000,0.00000,0.00000,0.00000,0.00000,0.00000,0.00000,0.00000,0.00000,0.00000,0.00000,0.00000,0.00000,0.00000,0.00000,0.00000,0.00000,0.00000,0.00000,0.00000,0.00000,0.00000,0.00000,0.00000,0.00000,0.00000,0.00000,0.00000,0.00000,0.00000,0.00000,0.00000,0.00000,0.00000,0.00000,0.00000,0.00000,0.00000,0.00000,0.00000,0.00000,0.00124,0.00000,0.00000,0.00000,0.00000,0.00000,0.00366,0.11627,0.00000,0.00000,0.00000,0.00867,0.00531,0.00000,0.00230,0.04652,0.00000,0.00000,0.00000,0.15430,0.06450,0.00000,0.00000,0.02600,0.00000,0.00000,0.03025,0.00354,0.00000,0.00000,0.00000,0.00000,0.21315,0.00018,0.00000,0.00000,0.00000,0.08178,0.11739,0.00000,0.00000,0.00000,0.00000,0.00000,0.03007,0.19298,0.00000,0.00000,0.00142,0.18520,0.00000,0.00000,0.00000,0.00000,0.00000,0.00000,0.00000,0.12465,0.07134,0.00000,0.00000,0.86766,2.67500,2.14550,1.12400,2.21000,5.00000,0,0.00000,0.84597,0.00000,0.00000,0.00000
158,0.00000,0.00000,0.00000,0.00000,0.00000,0.00000,0.00000,0.00000,0.00000,0.00000,0.00000,0.00000,0.00000,0.00000,0.00000,0.00000,0.00000,0.00000,0.00000,0.00000,0.00000,0.00000,0.00000,0.00000,0.00000,0.00000,0.00000,0.00000,0.00000,0.00000,0.00000,0.00000,0.00000,0.00000,0.00000,0.00000,0.00000,0.00000,0.00000,0.00000,0.00000,0.00000,0.00000,0.00000,0.00000,0.00000,0.00000,0.00000,0.00000,0.00000,0.00000,0.00000,0.00000,0.00000,0.00000,0.00053,0.00000,0.00000,0.03656,0.08231,0.00000,0.00000,0.00000,0.02583,0.00000,0.00000,0.01539,0.03414,0.00000,0.00000,0.00000,0.21108,0.00596,0.00000,0.00000,0.06173,0.00000,0.00000,0.10136,0.00000,0.00000,0.00000,0.00000,0.01262,0.16215,0.00000,0.00000,0.00000,0.00000,0.04051,0.00000,0.00000,0.00000,0.00000,0.00000,0.00000,0.06987,0.11144,0.00000,0.00000,0.04051,0.09994,0.00000,0.00000,0.00000,0.00000,0.00000,0.00000,0.00000,0.16916,0.01285,0.00000,0.00000,0.84597,3.08700,1.04600,1.03850,5.00000,5.00000,0,0.00000,0.62908,0.00000,0.00000,0.00000
159,0.00000,0.00000,0.00000,0.00000,0.00000,0.00000,0.00000,0.00000,0.00000,0.00000,0.00000,0.00000,0.00000,0.00000,0.00000,0.00000,0.00000,0.00000,0.00000,0.00000,0.00000,0.00000,0.00000,0.00000,0.00000,0.00000,0.00000,0.00000,0.00000,0.00000,0.00000,0.00000,0.00000,0.00000,0.00000,0.00000,0.00000,0.00000,0.00000,0.00000,0.00000,0.00000,0.00000,0.00000,0.00000,0.00000,0.00000,0.00000,0.00000,0.00000,0.00000,0.00000,0.00000,0.00000,0.00000,0.00000,0.00000,0.00000,0.17642,0.00100,0.00000,0.00000,0.00000,0.00000,0.00000,0.00000,0.09676,0.00053,0.00000,0.00000,0.02936,0.18555,0.00000,0.00000,0.00000,0.10896,0.00000,0.02724,0.11993,0.00000,0.00000,0.00000,0.00000,0.12783,0.09063,0.00000,0.00000,0.00000,0.00000,0.20006,0.00000,0.00000,0.00000,0.00000,0.00000,0.00000,0.11657,0.00000,0.00000,0.00000,0.00000,0.00000,0.00000,0.00000,0.00000,0.00000,0.00000,0.00000,0.00000,0.00000,0.00000,0.00371,0.00000,0.62908,2.79550,0.95700,0.98100,5.00000,5.00000,0,0.00000,0.48446,0.00000,0.00000,0.00000
160,0.00000,0.00000,0.00000,0.00000,0.00000,0.00000,0.00000,0.00000,0.00000,0.00000,0.00000,0.00000,0.00000,0.00000,0.00000,0.00000,0.00000,0.00000,0.00000,0.00000,0.00000,0.00000,0.00000,0.00000,0.00000,0.00000,0.00000,0.00000,0.00000,0.00000,0.00000,0.00000,0.00000,0.00000,0.00000,0.00000,0.00000,0.00000,0.00000,0.00000,0.00000,0.00000,0.00000,0.00000,0.00000,0.00000,0.00000,0.00000,0.00000,0.00000,0.00000,0.00000,0.00000,0.00000,0.00000,0.00000,0.00000,0.00000,0.08172,0.00000,0.00000,0.00000,0.00000,0.00000,0.00000,0.00000,0.10012,0.00000,0.00000,0.00000,0.12246,0.09900,0.00000,0.00000,0.00890,0.13384,0.00000,0.09971,0.06321,0.00000,0.00000,0.00000,0.00000,0.22105,0.00377,0.00000,0.00000,0.00000,0.06963,0.09116,0.00000,0.00000,0.00000,0.00000,0.00000,0.01669,0.20177,0.00000,0.00000,0.00000,0.18573,0.00000,0.00000,0.00000,0.00000,0.00000,0.00000,0.00000,0.11232,0.01627,0.00000,0.00000,0.00000,0.48446,2.76750,0.92100,0.94300,5.00000,5.00000,0,0.00000,0.49892,0.00000,0.00000,0.00000
161,0.00000,0.00000,0.00000,0.00000,0.00000,0.00000,0.00000,0.00000,0.00000,0.00000,0.00000,0.00000,0.00000,0.00000,0.00000,0.00000,0.00000,0.00000,0.00000,0.00000,0.00000,0.00000,0.00000,0.00000,0.00000,0.00000,0.00000,0.00000,0.00000,0.00000,0.00000,0.00000,0.00000,0.00000,0.00000,0.00000,0.00000,0.00000,0.00000,0.00000,0.00000,0.00000,0.00000,0.00000,0.00000,0.00000,0.00000,0.00000,0.00000,0.00000,0.00000,0.00000,0.00000,0.00000,0.00000,0.00000,0.00000,0.00000,0.03679,0.00000,0.00000,0.00000,0.00000,0.00000,0.00000,0.00366,0.03278,0.00000,0.00000,0.00000,0.19110,0.02417,0.00000,0.00000,0.00342,0.11792,0.00000,0.18237,0.00000,0.00000,0.00000,0.00000,0.00195,0.16203,0.00000,0.00000,0.00000,0.00000,0.04988,0.03078,0.00000,0.00000,0.00000,0.00000,0.00000,0.09133,0.10696,0.00000,0.00000,0.00000,0.00053,0.00000,0.00000,0.00000,0.00000,0.00000,0.00000,0.00000,0.15124,0.00000,0.00000,0.00000,0.00000,0.49892,2.81650,0.85900,0.88700,4.31700,5.00000,0,0.00000,0.50615,0.00000,0.00000,0.00000
162,0.00000,0.00000,0.00000,0.00000,0.00000,0.00000,0.00000,0.00000,0.00000,0.00000,0.00000,0.00000,0.00000,0.00000,0.00000,0.00000,0.00000,0.00000,0.00000,0.00000,0.00000,0.00000,0.00000,0.00000,0.00000,0.00000,0.00000,0.00000,0.00000,0.00000,0.00000,0.00000,0.00000,0.00000,0.00000,0.00000,0.00000,0.00000,0.00000,0.00000,0.00000,0.00000,0.00000,0.00000,0.00000,0.00000,0.00000,0.00000,0.00000,0.00000,0.00000,0.00000,0.00000,0.00000,0.00000,0.00000,0.00000,0.00000,0.06757,0.00000,0.00000,0.00000,0.00000,0.00000,0.00000,0.01893,0.03467,0.00000,0.00000,0.00000,0.20307,0.00159,0.00000,0.00000,0.00613,0.12812,0.01881,0.14959,0.00000,0.00000,0.00000,0.00000,0.02471,0.09735,0.00000,0.00000,0.00000,0.00000,0.16610,0.00035,0.00000,0.00000,0.00000,0.00000,0.00000,0.05206,0.04682,0.00000,0.00000,0.00000,0.00000,0.00000,0.00000,0.00000,0.00000,0.00000,0.00000,0.00000,0.10312,0.00000,0.00000,0.00000,0.00000,0.50615,2.69800,0.84100,0.86700,3.46450,5.00000,0,-0.23481,0.49892,0.00000,0.00000,0.00000
163,0.00000,0.00000,0.00000,0.00000,0.00000,0.00000,0.00000,0.00000,0.00000,0.00000,0.00000,0.00000,0.00000,0.00000,0.00000,0.00000,0.00000,0.00000,0.00000,0.00000,0.00000,0.00000,0.00000,0.00000,0.00000,0.00000,0.00000,0.00000,0.00000,0.00000,0.00000,0.00000,0.00000,0.00000,0.00000,0.00000,0.00000,0.00000,0.00000,0.00000,0.00000,0.00000,0.00000,0.00000,0.00000,0.00000,0.00000,0.00000,0.00000,0.00000,0.00000,0.00000,0.00000,0.00000,0.00000,0.00000,0.00000,0.00018,0.08278,0.00000,0.00000,0.00000,0.00478,0.00000,0.00000,0.02742,0.02105,0.00000,0.00000,0.00000,0.20442,0.00077,0.00000,0.00000,0.01639,0.13166,0.02683,0.11981,0.00000,0.00000,0.00000,0.00000,0.03001,0.11114,0.00000,0.00000,0.00000,0.00000,0.20289,0.00000,0.00000,0.00000,0.00000,0.00000,0.00000,0.03113,0.02777,0.00000,0.00000,0.00000,0.00531,0.00000,0.00000,0.00000,0.00000,0.00000,0.00000,0.00000,0.02494,0.00000,0.00000,0.00000,-0.23481,0.49892,2.74650,0.84200,0.87100,3.39850,5.00000,0,0.00000,0.74475,0.00000,0.00000,0.00000
164,0.00000,0.00000,0.00000,0.00000,0.00000,0.00000,0.00000,0.00000,0.00000,0.00000,0.00000,0.00000,0.00000,0.00000,0.00000,0.00000,0.00000,0.00000,0.00000,0.00000,0.00000,0.00000,0.00000,0.00000,0.00000,0.00000,0.00000,0.00000,0.00000,0.00000,0.00000,0.00000,0.00000,0.00000,0.00000,0.00000,0.00000,0.00000,0.00000,0.00000,0.00000,0.00000,0.00000,0.00000,0.00000,0.00000,0.00000,0.00000,0.00000,0.00000,0.00000,0.00000,0.00000,0.00000,0.00000,0.00000,0.00000,0.00884,0.08950,0.00000,0.00000,0.00000,0.00035,0.00000,0.00000,0.02801,0.02789,0.00000,0.00000,0.00000,0.20843,0.00012,0.00000,0.00000,0.01226,0.13933,0.02158,0.13019,0.00000,0.00000,0.00000,0.00000,0.03555,0.11108,0.00000,0.00000,0.00000,0.00000,0.19575,0.00006,0.00000,0.00000,0.00000,0.00000,0.00000,0.01810,0.00879,0.00000,0.00000,0.00000,0.00690,0.00000,0.00000,0.00000,0.00000,0.00000,0.00000,0.00000,0.00425,0.00000,0.00000,0.00000,0.00000,0.74475,2.73200,0.84200,0.86800,3.52450,5.00000,0,0.00000,0.86766,0.00000,0.00000,0.00000
165,0.00000,0.00000,0.00000,0.00000,0.00000,0.00000,0.00000,0.00000,0.00000,0.00000,0.00000,0.00000,0.00000,0.00000,0.00000,0.00000,0.00000,0.00000,0.00000,0.00000,0.00000,0.00000,0.00000,0.00000,0.00000,0.00000,0.00000,0.00000,0.00000,0.00000,0.00000,0.00000,0.00000,0.00000,0.00000,0.00000,0.00000,0.00000,0.00000,0.00000,0.00000,0.00000,0.00000,0.00000,0.00000,0.00000,0.00000,0.00000,0.00000,0.00000,0.00000,0.00000,0.00000,0.00000,0.00000,0.00000,0.00000,0.00761,0.09640,0.00000,0.00000,0.00000,0.00000,0.00000,0.00000,0.02942,0.03249,0.00000,0.00000,0.00000,0.21380,0.00059,0.00000,0.00000,0.00755,0.13113,0.02093,0.13349,0.00000,0.00000,0.00000,0.00000,0.03154,0.10289,0.00000,0.00000,0.00000,0.00000,0.19310,0.00006,0.00000,0.00000,0.00000,0.00000,0.00000,0.01474,0.01745,0.00000,0.00000,0.00000,0.00619,0.00000,0.00000,0.00000,0.00000,0.00000,0.00000,0.00000,0.00495,0.00000,0.00000,0.00000,0.00000,0.86766,2.81400,0.83900,0.86800,3.68450,5.00000,0,0.00000,0.91463,0.00000,0.00000,0.00000
166,0.00000,0.00000,0.00000,0.00000,0.00000,0.00000,0.00000,0.00000,0.00000,0.00000,0.00000,0.00000,0.00000,0.00000,0.00000,0.00000,0.00000,0.00000,0.00000,0.00000,0.00000,0.00000,0.00000,0.00000,0.00000,0.00000,0.00000,0.00000,0.00000,0.00000,0.00000,0.00000,0.00000,0.00000,0.00000,0.00000,0.00000,0.00000,0.00000,0.00000,0.00000,0.00000,0.00000,0.00000,0.00000,0.00000,0.00000,0.00000,0.00000,0.00000,0.00000,0.00000,0.00000,0.00000,0.00000,0.00000,0.00000,0.00000,0.05802,0.00000,0.00000,0.00000,0.00159,0.00000,0.00000,0.02329,0.03579,0.00000,0.00000,0.00000,0.20389,0.00006,0.00000,0.00000,0.02294,0.14422,0.01562,0.14021,0.00000,0.00000,0.00000,0.00000,0.03585,0.11521,0.00000,0.00000,0.00000,0.00000,0.20590,0.00248,0.00000,0.00000,0.00000,0.00000,0.00000,0.00483,0.01250,0.00000,0.00000,0.00000,0.02583,0.00000,0.00000,0.00000,0.00000,0.00000,0.00000,0.00000,0.00000,0.00000,0.00000,0.00000,0.00000,0.91463,2.82250,0.80700,0.83400,5.00000,5.00000,0,0.00000,0.91463,0.00000,0.00000,0.00000
167,0.00000,0.00000,0.00000,0.00000,0.00000,0.00000,0.00000,0.00000,0.00000,0.00000,0.00000,0.00000,0.00000,0.00000,0.00000,0.00000,0.00000,0.00000,0.00000,0.00000,0.00000,0.00000,0.00000,0.00000,0.00000,0.00000,0.00000,0.00000,0.00000,0.00000,0.00000,0.00000,0.00000,0.00000,0.00000,0.00000,0.00000,0.00000,0.00000,0.00000,0.00000,0.00000,0.00000,0.00000,0.00000,0.00000,0.00000,0.00000,0.00000,0.00000,0.00000,0.00000,0.00000,0.00000,0.00000,0.00000,0.00000,0.00000,0.01504,0.00000,0.00000,0.00000,0.00407,0.00000,0.00000,0.04735,0.04623,0.00000,0.00000,0.00000,0.17771,0.00183,0.00000,0.00000,0.02471,0.13361,0.00843,0.14121,0.00000,0.00000,0.00000,0.00000,0.02754,0.18880,0.00000,0.00000,0.00000,0.00000,0.22588,0.00478,0.00000,0.00000,0.00000,0.00000,0.00000,0.03945,0.00000,0.00000,0.00000,0.00000,0.03874,0.00000,0.00000,0.00000,0.00000,0.00000,0.00000,0.00000,0.00000,0.00000,0.00000,0.00000,0.00000,0.91463,3.19150,0.72900,0.75500,3.21600,4.87500,0,0.00000,0.91463,0.00000,0.00000,0.00000
168,0.00000,0.00000,0.00000,0.00000,0.00000,0.00000,0.00000,0.00000,0.00000,0.00000,0.00000,0.00000,0.00000,0.00000,0.00000,0.00000,0.00000,0.00000,0.00000,0.00000,0.00000,0.00000,0.00000,0.00000,0.00000,0.00000,0.00000,0.00000,0.00000,0.00000,0.00000,0.00000,0.00000,0.00000,0.00000,0.00000,0.00000,0.00000,0.00000,0.00000,0.00000,0.00000,0.00000,0.00000,0.00000,0.00000,0.00000,0.00000,0.00000,0.00000,0.00000,0.00000,0.00000,0.00000,0.00000,0.00000,0.00000,0.00000,0.00000,0.00000,0.00000,0.00000,0.00000,0.00000,0.00000,0.03856,0.03184,0.00000,0.00000,0.00000,0.00000,0.00000,0.00000,0.00000,0.00006,0.12305,0.00012,0.18243,0.00000,0.00000,0.00000,0.00000,0.01787,0.17901,0.00000,0.00000,0.00000,0.00000,0.20613,0.01392,0.00000,0.00000,0.00000,0.00000,0.00000,0.18473,0.01232,0.00000,0.00000,0.00000,0.03149,0.00000,0.00000,0.00000,0.00000,0.00000,0.00000,0.00613,0.06002,0.00000,0.00000,0.00000,0.00000,0.91463,2.80800,0.65800,0.68400,3.05500,4.72600,0,0.90000,0.90380,0.00000,0.00000,0.00000
169,0.00000,0.00000,0.00000,0.00000,0.00000,0.00000,0.00000,0.00000,0.00000,0.00000,0.00000,0.00000,0.00000,0.00000,0.00000,0.00000,0.00000,0.00000,0.00000,0.00000,0.00000,0.00000,0.00000,0.00000,0.00000,0.00000,0.00000,0.00000,0.00000,0.00000,0.00000,0.00000,0.00000,0.00000,0.00000,0.00000,0.00000,0.00000,0.00000,0.00000,0.00000,0.00000,0.00000,0.00000,0.00000,0.00000,0.00000,0.00000,0.00000,0.00000,0.00000,0.00000,0.00000,0.00000,0.00000,0.00000,0.00000,0.00000,0.00000,0.00000,0.00000,0.00000,0.00000,0.00000,0.00000,0.03420,0.00189,0.00000,0.00000,0.00000,0.00000,0.00000,0.00000,0.00000,0.00354,0.10808,0.01881,0.18850,0.00000,0.00000,0.00000,0.00000,0.00000,0.00000,0.00000,0.00000,0.00000,0.00000,0.15283,0.00000,0.00000,0.00000,0.00000,0.00000,0.00000,0.08508,0.00000,0.00000,0.00000,0.00000,0.00920,0.00000,0.00000,0.00000,0.00000,0.00000,0.00000,0.02276,0.04233,0.00000,0.00000,0.00000,0.90000,0.90380,2.21200,0.58000,0.60100,3.49650,5.00000,0,0.90000,0.89657,0.00000,0.00000,0.00000
170,0.00000,0.00000,0.00000,0.00000,0.00000,0.00000,0.00000,0.00000,0.00000,0.00000,0.00000,0.00000,0.00000,0.00000,0.00000,0.00000,0.00000,0.00000,0.00000,0.00000,0.00000,0.00000,0.00000,0.00000,0.00000,0.00000,0.00000,0.00000,0.00000,0.00000,0.00000,0.00000,0.00000,0.00000,0.00000,0.00000,0.00000,0.00000,0.00000,0.00000,0.00000,0.00000,0.00000,0.00000,0.00000,0.00000,0.00000,0.00000,0.00000,0.00000,0.00000,0.00000,0.00000,0.00000,0.00000,0.00000,0.00000,0.00000,0.00000,0.00000,0.00000,0.00000,0.00000,0.00000,0.00000,0.01486,0.00000,0.00000,0.00000,0.00000,0.00000,0.00000,0.00000,0.00000,0.07241,0.15065,0.20625,0.01327,0.00000,0.00000,0.00000,0.00000,0.00000,0.00000,0.00000,0.00000,0.00000,0.00000,0.03485,0.00000,0.00000,0.00000,0.00000,0.00000,0.00000,0.00371,0.00000,0.00000,0.00000,0.00000,0.00000,0.00000,0.00000,0.00000,0.00000,0.00000,0.00000,0.00902,0.00000,0.00000,0.00000,0.00000,0.90000,0.89657,0.49450,0.52600,1.52700,3.94650,5.00000,0,0.90000,0.89657,0.00000,0.00000,0.00000
171,0.00000,0.00000,0.00000,0.00000,0.00000,0.00000,0.00000,0.00000,0.00000,0.00000,0.00000,0.00000,0.00000,0.00000,0.00000,0.00000,0.00000,0.00000,0.00000,0.00000,0.00000,0.00000,0.00000,0.00000,0.00000,0.00000,0.00000,0.00000,0.00000,0.00000,0.00000,0.00000,0.00000,0.00000,0.00000,0.00000,0.00000,0.00000,0.00000,0.00000,0.00000,0.00000,0.00000,0.00000,0.00000,0.00000,0.00000,0.00000,0.00000,0.00000,0.00000,0.00000,0.00000,0.00000,0.00000,0.00000,0.00000,0.00000,0.00000,0.00000,0.01946,0.00000,0.00000,0.00000,0.00000,0.00000,0.00000,0.00000,0.00000,0.00000,0.00000,0.00000,0.01238,0.11863,0.10890,0.00029,0.00000,0.00000,0.00000,0.00000,0.00000,0.00000,0.00000,0.00000,0.00000,0.00000,0.01545,0.15825,0.00000,0.00000,0.00000,0.00000,0.00000,0.00000,0.00000,0.00000,0.00000,0.00000,0.00000,0.00000,0.00000,0.00000,0.00000,0.00000,0.00000,0.00000,0.00000,0.00000,0.00000,0.00000,0.00000,0.00000,0.90000,0.89657,0.48400,0.49300,1.51800,4.43750,5.00000,0,0.00000,0.89657,0.00000,0.00000,0.00000
172,0.00000,0.00000,0.00000,0.00000,0.00000,0.00000,0.00000,0.00000,0.00000,0.00000,0.00000,0.00000,0.00000,0.00000,0.00000,0.00000,0.00000,0.00000,0.00000,0.00000,0.00000,0.00000,0.00000,0.00000,0.00000,0.00000,0.00000,0.00000,0.00000,0.00000,0.00000,0.00000,0.00000,0.00000,0.00000,0.00000,0.00000,0.00000,0.00000,0.00000,0.00000,0.00000,0.00000,0.00000,0.00000,0.00000,0.00000,0.00000,0.00000,0.00000,0.00000,0.00000,0.00000,0.00000,0.00000,0.00000,0.00000,0.00000,0.00000,0.00725,0.00000,0.00000,0.00000,0.00000,0.00000,0.00000,0.00000,0.00000,0.00000,0.00000,0.00000,0.03756,0.13915,0.08137,0.00000,0.00000,0.00000,0.00000,0.00000,0.00000,0.00000,0.00000,0.00000,0.00000,0.00000,0.03809,0.08373,0.10548,0.00000,0.00000,0.00000,0.00000,0.00000,0.00000,0.00000,0.00000,0.00000,0.00000,0.00000,0.04387,0.00000,0.00000,0.00000,0.00000,0.00000,0.00000,0.00000,0.00000,0.00000,0.00000,0.00000,0.00000,0.00000,0.89657,0.43200,1.41600,2.86250,5.00000,2.62450,0,0.00000,0.89657,0.00000,0.00000,0.00000
173,0.00000,0.00000,0.00000,0.00000,0.00000,0.00000,0.00000,0.00000,0.00000,0.00000,0.00000,0.00000,0.00000,0.00000,0.00000,0.00000,0.00000,0.00000,0.00000,0.00000,0.00000,0.00000,0.00000,0.00000,0.00000,0.00000,0.00000,0.00000,0.00000,0.00000,0.00000,0.00000,0.00000,0.00000,0.00000,0.00000,0.00000,0.00000,0.00000,0.00000,0.00000,0.00000,0.00000,0.00000,0.00000,0.00000,0.00000,0.00000,0.00000,0.00000,0.00000,0.00000,0.00000,0.00000,0.00000,0.00000,0.00000,0.00000,0.02353,0.00000,0.00000,0.00000,0.00000,0.00000,0.00000,0.00000,0.00000,0.00000,0.00000,0.00000,0.03355,0.13838,0.10879,0.00000,0.00000,0.00000,0.00000,0.00000,0.00000,0.00000,0.00000,0.00000,0.00000,0.00000,0.03821,0.12476,0.03337,0.00000,0.00000,0.00000,0.00000,0.00000,0.00000,0.00000,0.00000,0.00000,0.00000,0.00000,0.01456,0.14340,0.00000,0.00000,0.00000,0.00000,0.00000,0.00000,0.00000,0.00000,0.00000,0.00000,0.00000,0.00000,0.00000,0.89657,0.38000,1.37000,2.81350,4.05100,2.57800,0,-0.90000,0.88934,0.00000,0.00000,0.00000
174,0.00000,0.00000,0.00000,0.00000,0.00000,0.00000,0.00000,0.00000,0.00000,0.00000,0.00000,0.00000,0.00000,0.00000,0.00000,0.00000,0.00000,0.00000,0.00000,0.00000,0.00000,0.00000,0.00000,0.00000,0.00000,0.00000,0.00000,0.00000,0.00000,0.00000,0.00000,0.00000,0.00000,0.00000,0.00000,0.00000,0.00000,0.00000,0.00000,0.00000,0.00000,0.00000,0.00000,0.00000,0.00000,0.00000,0.00000,0.00000,0.00000,0.00000,0.00000,0.00000,0.00000,0.00000,0.00000,0.00000,0.00000,0.03255,0.00000,0.00000,0.00000,0.00000,0.00000,0.00000,0.00000,0.00000,0.00000,0.00000,0.00000,0.05784,0.14393,0.09116,0.00000,0.00000,0.00000,0.00000,0.00000,0.00000,0.00000,0.00000,0.00000,0.00000,0.00000,0.06026,0.11981,0.04617,0.00000,0.00000,0.00000,0.00000,0.00000,0.00000,0.00000,0.00000,0.00000,0.00000,0.00000,0.00637,0.02252,0.10537,0.00000,0.00000,0.00000,0.00000,0.00000,0.00000,0.00000,0.00000,0.00000,0.00000,0.00000,0.04988,-0.90000,0.88934,1.30000,1.36600,3.27000,3.91300,2.55450,0,-0.90000,0.88934,0.00000,0.00000,0.00000
175,0.00000,0.00000,0.00000,0.00000,0.00000,0.00000,0.00000,0.00000,0.00000,0.00000,0.00000,0.00000,0.00000,0.00000,0.00000,0.00000,0.00000,0.00000,0.00000,0.00000,0.00000,0.00000,0.00000,0.00000,0.00000,0.00000,0.00000,0.00000,0.00000,0.00000,0.00000,0.00000,0.00000,0.00000,0.00000,0.00000,0.00000,0.00000,0.00000,0.00000,0.00000,0.00000,0.00000,0.00000,0.00000,0.00000,0.00000,0.00000,0.00000,0.00000,0.00000,0.00000,0.00000,0.00000,0.00000,0.00000,0.00000,0.00177,0.00000,0.00000,0.00000,0.00000,0.00000,0.00000,0.00000,0.00000,0.00000,0.00000,0.00000,0.07217,0.15973,0.01875,0.00000,0.00000,0.00000,0.00000,0.00000,0.00000,0.00000,0.00000,0.00000,0.00000,0.00012,0.14499,0.13225,0.00000,0.00000,0.00000,0.00000,0.00000,0.00000,0.00000,0.00000,0.00000,0.00000,0.00000,0.01574,0.12465,0.07488,0.00000,0.00761,0.00000,0.00000,0.00000,0.00000,0.00000,0.00000,0.00000,0.00000,0.00000,0.05442,0.17341,-0.90000,0.88934,1.32100,1.20900,3.42550,3.99550,3.12950,0,0.00000,0.88934,0.00000,0.00000,0.00000
176,0.00000,0.00000,0.00000,0.00000,0.00000,0.00000,0.00000,0.00000,0.00000,0.00000,0.00000,0.00000,0.00000,0.00000,0.00000,0.00000,0.00000,0.00000,0.00000,0.00000,0.00000,0.00000,0.00000,0.00000,0.00000,0.00000,0.00000,0.00000,0.00000,0.00000,0.00000,0.00000,0.00000,0.00000,0.00000,0.00000,0.00000,0.00000,0.00000,0.00000,0.00000,0.00000,0.00000,0.00000,0.01769,0.00000,0.00000,0.00000,0.00000,0.00000,0.00000,0.00000,0.00000,0.00000,0.00000,0.00000,0.00000,0.06633,0.00442,0.00000,0.00000,0.00000,0.00000,0.00000,0.00000,0.00000,0.00000,0.00000,0.00000,0.00371,0.16574,0.08154,0.00000,0.00000,0.00000,0.00000,0.00000,0.00000,0.00000,0.00000,0.00000,0.00000,0.00000,0.09982,0.16232,0.00000,0.00000,0.00000,0.00000,0.00000,0.00000,0.00000,0.00000,0.00000,0.00000,0.00000,0.02406,0.18608,0.05837,0.00000,0.00000,0.00000,0.00000,0.00000,0.00000,0.00000,0.00000,0.00000,0.00000,0.00000,0.12246,0.15224,0.00000,0.88934,1.26400,1.13200,3.04850,4.19250,5.00000,0,0.00000,0.88934,0.00000,0.00000,0.00000
177,0.00000,0.00000,0.00000,0.00000,0.00000,0.00000,0.00000,0.00000,0.00000,0.00000,0.00000,0.00000,0.00000,0.00000,0.00000,0.00000,0.00000,0.00000,0.00000,0.00000,0.00000,0.00000,0.00000,0.00000,0.00000,0.00000,0.00000,0.00000,0.00000,0.00000,0.00000,0.00000,0.00000,0.00000,0.00000,0.00000,0.00000,0.00000,0.00000,0.00000,0.00000,0.00000,0.00000,0.00000,0.00000,0.00000,0.00000,0.00000,0.00000,0.00000,0.00000,0.00000,0.00000,0.00000,0.00000,0.00000,0.00000,0.06633,0.12736,0.00000,0.00000,0.00000,0.00000,0.00000,0.00000,0.00000,0.00000,0.00000,0.00000,0.00000,0.06462,0.17866,0.00012,0.00000,0.00000,0.00000,0.00000,0.00000,0.00000,0.00000,0.00000,0.00000,0.00000,0.02105,0.20660,0.02300,0.00000,0.00000,0.00000,0.00000,0.00000,0.00000,0.00000,0.00000,0.00000,0.00000,0.00018,0.18538,0.06651,0.00000,0.00000,0.00000,0.00000,0.00000,0.00000,0.00000,0.00000,0.00000,0.00000,0.00000,0.13945,0.11421,0.00000,0.88934,1.23700,1.09450,1.10900,3.78200,5.00000,0,0.00000,0.88934,0.00000,0.00000,0.00000
178,0.00000,0.00000,0.00000,0.00000,0.00000,0.00000,0.00000,0.00000,0.00000,0.00000,0.00000,0.00000,0.00000,0.00000,0.00000,0.00000,0.00000,0.00000,0.00000,0.00000,0.00000,0.00000,0.00000,0.00000,0.00000,0.00000,0.00000,0.00000,0.00000,0.00000,0.00000,0.00000,0.00000,0.00000,0.00000,0.00000,0.00000,0.00000,0.00000,0.00000,0.00000,0.00000,0.00000,0.00000,0.00000,0.00212,0.00000,0.00000,0.00000,0.00000,0.00000,0.00000,0.00000,0.00000,0.00000,0.00000,0.00000,0.04617,0.14929,0.00000,0.00000,0.00000,0.00000,0.00000,0.00000,0.00000,0.00000,0.00000,0.00000,0.00000,0.06020,0.17789,0.00000,0.00000,0.00000,0.00000,0.00000,0.00000,0.00000,0.00000,0.00000,0.00000,0.00000,0.03072,0.20808,0.00601,0.00000,0.00000,0.00000,0.00000,0.00000,0.00000,0.00000,0.00000,0.00000,0.00000,0.00849,0.21468,0.02323,0.00000,0.00572,0.01728,0.00000,0.00000,0.00000,0.00000,0.00000,0.00000,0.00000,0.00012,0.17860,0.06433,0.00000,0.88934,1.18400,1.02700,1.03700,3.63000,5.00000,0,-0.88223,0.88934,0.00000,0.00000,0.00000
179,0.00000,0.00000,0.00000,0.00000,0.00000,0.00000,0.00000,0.00000,0.00000,0.00000,0.00000,0.00000,0.00000,0.00000,0.00000,0.00000,0.00000,0.00000,0.00000,0.00000,0.00000,0.00000,0.00000,0.00000,0.00000,0.00000,0.00000,0.00000,0.00000,0.00000,0.00000,0.00000,0.00000,0.00000,0.00000,0.00000,0.00000,0.00000,0.00000,0.00000,0.00000,0.00000,0.00000,0.00000,0.00000,0.00407,0.00000,0.00000,0.00000,0.00000,0.00000,0.00000,0.00000,0.00000,0.00000,0.00000,0.00000,0.05094,0.15937,0.00000,0.00000,0.00000,0.00000,0.00000,0.00000,0.00000,0.00000,0.00000,0.00000,0.00000,0.06138,0.17724,0.00000,0.00000,0.00000,0.00000,0.00000,0.00000,0.00000,0.00000,0.00000,0.00000,0.00000,0.05024,0.18785,0.00000,0.00000,0.00000,0.00000,0.00000,0.00000,0.00000,0.00000,0.00000,0.00000,0.00000,0.03874,0.19894,0.00024,0.00000,0.00053,0.00000,0.00000,0.00000,0.00000,0.00000,0.00000,0.00000,0.00000,0.02482,0.21757,0.00719,-0.88223,0.88934,1.13100,0.95800,0.96700,3.78450,5.00000,0,-0.90000,0.88934,0.00000,0.00000,0.00000
180,0.00000,0.00000,0.00000,0.00000,0.00000,0.00000,0.00000,0.00000,0.00000,0.00000,0.00000,0.00000,0.00000,0.00000,0.00000,0.00000,0.00000,0.00000,0.00000,0.00000,0.00000,0.00000,0.00000,0.00000,0.00000,0.00000,0.00000,0.00000,0.00000,0.00000,0.00000,0.00000,0.00000,0.00000,0.00000,0.00000,0.00000,0.00000,0.00000,0.00000,0.00000,0.00000,0.00000,0.00000,0.00000,0.00000,0.00000,0.00000,0.00000,0.00000,0.00000,0.00000,0.00000,0.00000,0.00000,0.00000,0.00000,0.00000,0.10696,0.00890,0.00000,0.00000,0.00000,0.00000,0.00000,0.00000,0.00000,0.00000,0.00000,0.00000,0.00454,0.22223,0.00654,0.00000,0.00000,0.00000,0.00000,0.00000,0.00000,0.00000,0.00000,0.00000,0.00000,0.00678,0.22671,0.00708,0.00000,0.00000,0.00000,0.00000,0.00000,0.00000,0.00000,0.00000,0.00000,0.00000,0.00831,0.23290,0.00855,0.00000,0.00000,0.00000,0.00000,0.00000,0.00000,0.00000,0.00000,0.00000,0.00000,0.00708,0.22064,0.01038,-0.90000,0.88934,1.10200,0.90650,0.91600,3.45700,4.38150,0,-0.90000,0.88934,0.00000,0.00000,0.00000
181,0.00000,0.00000,0.00000,0.00000,0.00000,0.00000,0.00000,0.00000,0.00000,0.00000,0.00000,0.00000,0.00000,0.00000,0.00000,0.00000,0.00000,0.00000,0.00000,0.00000,0.00000,0.00000,0.00000,0.00000,0.00000,0.00000,0.00000,0.00000,0.00000,0.00000,0.00000,0.00000,0.00000,0.00000,0.00000,0.00000,0.00000,0.00000,0.00000,0.00000,0.00000,0.00000,0.00000,0.00000,0.00000,0.00000,0.00000,0.00000,0.00000,0.00000,0.00000,0.00000,0.00000,0.00000,0.00000,0.00000,0.00000,0.00000,0.01969,0.12553,0.00000,0.00000,0.00000,0.00000,0.00000,0.00000,0.00000,0.00000,0.00000,0.00000,0.00000,0.10519,0.12547,0.00000,0.00000,0.00000,0.00000,0.00000,0.00000,0.00000,0.00000,0.00000,0.00000,0.00000,0.12524,0.11533,0.00000,0.00000,0.00000,0.00000,0.00000,0.00000,0.00000,0.00000,0.00000,0.00000,0.00000,0.14310,0.09658,0.00000,0.00000,0.00000,0.00000,0.00000,0.00000,0.00000,0.00000,0.00000,0.00000,0.00000,0.14051,0.09316,-0.90000,0.88934,1.03500,0.83350,0.84400,3.20500,4.87200,0,-0.90000,0.88934,0.00000,0.00000,0.00000
182,0.00000,0.00000,0.00000,0.00000,0.00000,0.00000,0.00000,0.00000,0.00000,0.00000,0.00000,0.00000,0.00000,0.00000,0.00000,0.00000,0.00000,0.00000,0.00000,0.00000,0.00000,0.00000,0.00000,0.00000,0.00000,0.00000,0.00000,0.00000,0.00000,0.00000,0.00000,0.00000,0.00000,0.00000,0.00000,0.00000,0.00000,0.00000,0.00000,0.00000,0.00000,0.00000,0.00000,0.00000,0.00000,0.00000,0.00000,0.00000,0.00000,0.00000,0.00000,0.00000,0.00000,0.00000,0.00000,0.00000,0.00000,0.00000,0.00000,0.05254,0.09004,0.00000,0.00000,0.00000,0.00000,0.00000,0.00000,0.00000,0.00000,0.00000,0.00000,0.00000,0.15177,0.07712,0.00000,0.00000,0.00000,0.00000,0.00000,0.00000,0.00000,0.00000,0.00000,0.00000,0.00000,0.17978,0.05601,0.00000,0.00000,0.00000,0.00000,0.00000,0.00000,0.00000,0.00000,0.00000,0.00000,0.00000,0.18496,0.03208,0.00000,0.00000,0.00000,0.00000,0.00000,0.00000,0.00000,0.00000,0.00000,0.00000,0.00000,0.18945,-0.90000,0.88934,1.00300,2.45550,0.81100,0.84000,4.98100,0,-0.90000,0.88934,0.00000,0.00000,0.00000
183,0.00000,0.00000,0.00000,0.00000,0.00000,0.00000,0.00000,0.00000,0.00000,0.00000,0.00000,0.00000,0.00000,0.00000,0.00000,0.00000,0.00000,0.00000,0.00000,0.00000,0.00000,0.00000,0.00000,0.00000,0.00000,0.00000,0.00000,0.00000,0.00000,0.00000,0.00000,0.00000,0.00000,0.00000,0.00000,0.00000,0.00000,0.00000,0.00000,0.00000,0.00000,0.00000,0.00000,0.00000,0.00000,0.00000,0.00000,0.00000,0.00000,0.00000,0.00000,0.00000,0.00000,0.00000,0.00000,0.00000,0.00000,0.00000,0.00000,0.00000,0.00000,0.03396,0.00000,0.00000,0.00000,0.00000,0.00000,0.00000,0.00000,0.00000,0.00000,0.00000,0.00000,0.12235,0.11167,0.00000,0.00000,0.00000,0.00000,0.00000,0.02406,0.00000,0.00000,0.00000,0.00000,0.00000,0.13862,0.09823,0.00000,0.00000,0.00000,0.00142,0.02954,0.00000,0.00000,0.00000,0.00000,0.00000,0.00000,0.13673,0.00000,0.00000,0.00000,0.00000,0.00000,0.00000,0.00000,0.00000,0.00000,0.00000,0.00000,0.00000,-0.90000,0.88934,0.96950,0.96600,0.73900,0.81900,4.81450,0,0.00000,0.88934,0.00000,0.00000,0.00000
184,0.00000,0.00000,0.00000,0.00000,0.00000,0.00000,0.00000,0.00000,0.00000,0.00000,0.00000,0.00000,0.00000,0.00000,0.00000,0.00000,0.00000,0.00000,0.00000,0.00000,0.00000,0.00000,0.00000,0.00000,0.00000,0.00000,0.00000,0.00000,0.00000,0.00000,0.00000,0.00000,0.00000,0.00000,0.00000,0.00000,0.00000,0.00000,0.00000,0.00000,0.00000,0.00000,0.00000,0.00000,0.00000,0.00000,0.00000,0.00000,0.00000,0.00000,0.00000,0.00000,0.00000,0.00000,0.00000,0.00000,0.00000,0.00000,0.00000,0.00000,0.00000,0.00000,0.00000,0.00000,0.00000,0.00000,0.00000,0.00000,0.00000,0.00000,0.00000,0.00000,0.00000,0.00000,0.00584,0.11498,0.00000,0.00000,0.00000,0.00000,0.00000,0.00000,0.00000,0.00000,0.00000,0.00000,0.00000,0.03272,0.00000,0.00000,0.00000,0.00000,0.01409,0.00059,0.00000,0.00000,0.00000,0.00000,0.00000,0.00000,0.00000,0.00000,0.00000,0.00000,0.00000,0.00000,0.00000,0.00000,0.00000,0.00000,0.00000,0.00000,0.00000,0.88934,0.97900,0.85800,0.67450,0.73200,0.73000,0,0.00000,0.88934,0.00000,0.00000,0.00000
185,0.00000,0.00000,0.00000,0.00000,0.00000,0.00000,0.00000,0.00000,0.00000,0.00000,0.00000,0.00000,0.00000,0.00000,0.00000,0.00000,0.00000,0.00000,0.00000,0.00000,0.00000,0.00000,0.00000,0.00000,0.00000,0.00000,0.00000,0.00000,0.00000,0.00000,0.00000,0.00000,0.00000,0.00000,0.00000,0.00000,0.00000,0.00000,0.00000,0.00000,0.00000,0.00000,0.00000,0.00000,0.00000,0.00000,0.00000,0.00000,0.00000,0.00000,0.00000,0.00000,0.00000,0.00000,0.00000,0.00000,0.00000,0.00000,0.00000,0.00000,0.00000,0.00000,0.00000,0.00000,0.00000,0.00000,0.00000,0.00000,0.00000,0.00000,0.00254,0.00083,0.00000,0.00000,0.00000,0.00000,0.00000,0.00000,0.00000,0.00000,0.00000,0.00000,0.00018,0.00000,0.00000,0.00000,0.00000,0.00000,0.00000,0.00000,0.00000,0.00000,0.00000,0.00000,0.00000,0.00000,0.00000,0.00000,0.00000,0.00000,0.00000,0.00000,0.00000,0.00000,0.00000,0.00018,0.00000,0.00000,0.00000,0.00000,0.00000,0.00000,0.00000,0.88934,0.98550,0.78600,2.21100,0.64200,0.64000,0,0.00000,0.88934,0.00000,0.00000,0.00000
186,0.00000,0.00000,0.00000,0.00000,0.00000,0.00000,0.00000,0.00000,0.00000,0.00000,0.00000,0.00000,0.00000,0.00000,0.00000,0.00000,0.00000,0.00000,0.00000,0.00000,0.00000,0.00000,0.00000,0.00000,0.00000,0.00000,0.00000,0.00000,0.00000,0.00000,0.00000,0.00000,0.00000,0.00000,0.00000,0.00000,0.00000,0.00000,0.00000,0.00000,0.00000,0.00000,0.00000,0.00000,0.00000,0.00000,0.00000,0.00000,0.00000,0.00000,0.00000,0.00000,0.00000,0.00000,0.00000,0.00000,0.00000,0.00000,0.00000,0.00000,0.00000,0.00000,0.00000,0.00000,0.00000,0.00000,0.02936,0.00371,0.00000,0.00000,0.00000,0.00000,0.00000,0.00000,0.00000,0.00000,0.00000,0.01061,0.03485,0.00000,0.00000,0.00000,0.00000,0.00000,0.00000,0.00000,0.00000,0.00000,0.00000,0.00000,0.00000,0.00000,0.00000,0.00000,0.00000,0.00000,0.00000,0.00000,0.00000,0.00000,0.00124,0.00000,0.00000,0.00000,0.00000,0.00000,0.00000,0.00000,0.00000,0.00000,0.00000,0.00000,0.00000,0.88934,2.34800,0.71900,3.01150,0.56200,0.58200,0,0.00000,0.88934,0.00000,0.00000,0.00000
187,0.00000,0.00000,0.00000,0.00000,0.00000,0.00000,0.00000,0.00000,0.00000,0.00000,0.00000,0.00000,0.00000,0.00000,0.00000,0.00000,0.00000,0.00000,0.00000,0.00000,0.00000,0.00000,0.00000,0.00000,0.00000,0.00000,0.00000,0.00000,0.00000,0.00000,0.00000,0.00000,0.00000,0.00000,0.00000,0.00000,0.00000,0.00000,0.00000,0.00000,0.00000,0.00000,0.00000,0.00000,0.00000,0.00000,0.00000,0.00000,0.00000,0.00000,0.00000,0.00000,0.00000,0.00000,0.00000,0.00000,0.00000,0.00248,0.00000,0.00000,0.00000,0.00000,0.00000,0.00000,0.00000,0.00000,0.00124,0.04281,0.00106,0.00000,0.00000,0.00000,0.00000,0.00000,0.00000,0.00000,0.00000,0.05047,0.11014,0.00230,0.00000,0.00000,0.00000,0.00000,0.00000,0.00000,0.00000,0.00000,0.00000,0.00071,0.00000,0.00000,0.00000,0.00000,0.00000,0.00000,0.00000,0.00000,0.00000,0.00000,0.00000,0.00000,0.00000,0.00000,0.00000,0.00000,0.00000,0.00000,0.00000,0.00000,0.00000,0.00000,0.00000,0.88934,2.31200,0.63900,2.94950,1.98900,0.50100,0,0.00000,0.88934,0.00000,0.00000,0.00000
188,0.00000,0.00000,0.00000,0.00000,0.00000,0.00000,0.00000,0.00000,0.00000,0.00000,0.00000,0.00000,0.00000,0.00000,0.00000,0.00000,0.00000,0.00000,0.00000,0.00000,0.00000,0.00000,0.00000,0.00000,0.00000,0.00000,0.00000,0.00000,0.00000,0.00000,0.00000,0.00000,0.00000,0.00000,0.00000,0.00000,0.00000,0.00000,0.00000,0.00000,0.00000,0.00000,0.00000,0.00000,0.00000,0.00000,0.00000,0.00000,0.00000,0.00000,0.00000,0.00000,0.00000,0.00000,0.00000,0.00000,0.00000,0.00159,0.00000,0.00000,0.00000,0.00000,0.00000,0.00000,0.00000,0.00000,0.00000,0.00324,0.07406,0.00000,0.00000,0.00000,0.00000,0.00000,0.00000,0.00000,0.00000,0.00000,0.12700,0.08880,0.00000,0.00000,0.00000,0.00000,0.00000,0.00000,0.00000,0.00000,0.00000,0.08992,0.03461,0.00000,0.00000,0.00000,0.00000,0.00000,0.00000,0.00000,0.00000,0.00000,0.00000,0.00000,0.00000,0.00000,0.00000,0.00000,0.00000,0.00000,0.00000,0.00000,0.00000,0.00000,0.00000,0.88934,0.81050,0.60100,2.97350,1.95700,0.47200,0,0.90000,0.88934,0.00000,0.00000,0.00000
189,0.00000,0.00000,0.00000,0.00000,0.00000,0.00000,0.00000,0.00000,0.00000,0.00000,0.00000,0.00000,0.00000,0.00000,0.00000,0.00000,0.00000,0.00000,0.00000,0.00000,0.00000,0.00000,0.00000,0.00000,0.00000,0.00000,0.00000,0.00000,0.00000,0.00000,0.00000,0.00000,0.00000,0.00000,0.00000,0.00000,0.00000,0.00000,0.00000,0.00000,0.00000,0.00000,0.00000,0.00000,0.00000,0.00000,0.00147,0.00012,0.00000,0.00000,0.00000,0.00000,0.00000,0.00000,0.00000,0.00000,0.00000,0.00000,0.00124,0.00000,0.00000,0.00000,0.00000,0.00000,0.00000,0.00000,0.00000,0.00000,0.06244,0.02989,0.00000,0.00000,0.00000,0.00000,0.00000,0.00000,0.00000,0.00000,0.01203,0.11675,0.04228,0.00000,0.00000,0.00000,0.00000,0.00000,0.00000,0.00000,0.00000,0.09552,0.17282,0.00106,0.00000,0.00000,0.00000,0.00035,0.00000,0.00000,0.00000,0.00000,0.00094,0.08414,0.00000,0.00000,0.00000,0.00000,0.00000,0.00000,0.00000,0.00000,0.00000,0.00000,0.90000,0.88934,2.16300,0.52400,2.89050,2.17550,0.40450,0,0.00000,0.88934,0.00000,0.00000,0.00000
190,0.00000,0.00000,0.00000,0.00000,0.00000,0.00000,0.00000,0.00000,0.00000,0.00000,0.00000,0.00000,0.00000,0.00000,0.00000,0.00000,0.00000,0.00000,0.00000,0.00000,0.00000,0.00000,0.00000,0.00000,0.00000,0.00000,0.00000,0.00000,0.00000,0.00000,0.00000,0.00000,0.00000,0.00000,0.00000,0.00000,0.00000,0.00000,0.00000,0.00000,0.00000,0.00000,0.00000,0.00000,0.00000,0.00000,0.00000,0.00000,0.00000,0.00000,0.00000,0.00000,0.00000,0.00000,0.00000,0.00000,0.00000,0.00000,0.00195,0.00000,0.00000,0.00000,0.00000,0.00000,0.00000,0.00000,0.00000,0.00000,0.05324,0.09357,0.00000,0.00000,0.00000,0.00000,0.00000,0.00000,0.00000,0.00000,0.00000,0.05006,0.07535,0.00000,0.00000,0.00000,0.00000,0.00000,0.00000,0.00000,0.00000,0.01952,0.16374,0.00000,0.00000,0.00000,0.00000,0.00000,0.00000,0.00000,0.00000,0.00000,0.08744,0.18202,0.00029,0.00000,0.00000,0.00000,0.00000,0.00000,0.00000,0.00000,0.00000,0.00000,0.00000,0.88934,0.47700,0.46300,3.33950,1.83000,0.37100,0,0.00000,0.88934,0.00000,0.00000,0.00000
191,0.00000,0.00000,0.00000,0.00000,0.00000,0.00000,0.00000,0.00000,0.00000,0.00000,0.00000,0.00000,0.00000,0.00000,0.00000,0.00000,0.00000,0.00000,0.00000,0.00000,0.00000,0.00000,0.00000,0.00000,0.00000,0.00000,0.00000,0.00000,0.00000,0.00000,0.00000,0.00000,0.00000,0.00000,0.00000,0.00000,0.00000,0.00000,0.00000,0.00000,0.00000,0.00000,0.00000,0.00000,0.00000,0.00000,0.00000,0.00000,0.00000,0.00000,0.00000,0.00000,0.00000,0.00000,0.00000,0.00000,0.00000,0.01008,0.00000,0.00000,0.00000,0.00000,0.00000,0.00000,0.00000,0.00000,0.00000,0.00000,0.14080,0.00177,0.00000,0.00000,0.00000,0.00000,0.00000,0.00000,0.00000,0.00000,0.00301,0.19369,0.03785,0.00000,0.00000,0.00000,0.00000,0.00000,0.00000,0.00000,0.00000,0.00000,0.10419,0.01008,0.00000,0.00000,0.00000,0.00000,0.00000,0.00000,0.00000,0.00000,0.00000,0.00000,0.00000,0.00000,0.00000,0.00000,0.00000,0.00000,0.00000,0.00000,0.00000,0.00000,0.00000,0.88934,0.37700,2.59250,1.78800,1.72450,0.29700,0,0.90000,0.88934,0.00000,0.00000,0.00000
192,0.00000,0.00000,0.00000,0.00000,0.00000,0.00000,0.00000,0.00000,0.00000,0.00000,0.00000,0.00000,0.00000,0.00000,0.00000,0.00000,0.00000,0.00000,0.00000,0.00000,0.00000,0.00000,0.00000,0.00000,0.00000,0.00000,0.00000,0.00000,0.00000,0.00000,0.00000,0.00000,0.00000,0.00000,0.00000,0.00000,0.00000,0.00000,0.00000,0.00000,0.00000,0.00000,0.00000,0.00000,0.00000,0.00000,0.00000,0.00000,0.00000,0.00000,0.00000,0.00000,0.00000,0.00000,0.00000,0.00000,0.00000,0.00000,0.00000,0.00000,0.00000,0.00000,0.00000,0.00000,0.01521,0.00389,0.00000,0.00000,0.17818,0.03903,0.00000,0.00000,0.00000,0.00071,0.00000,0.00000,0.00000,0.00000,0.00000,0.19157,0.05059,0.00000,0.00000,0.00000,0.00000,0.00000,0.00000,0.00000,0.00000,0.00000,0.20448,0.03662,0.00000,0.00000,0.00000,0.00000,0.00000,0.00000,0.00000,0.00000,0.00000,0.19074,0.03709,0.00000,0.00000,0.00000,0.00000,0.00000,0.00000,0.00000,0.00000,0.00000,0.90000,0.88934,2.01350,2.58250,1.65350,1.98650,0.24800,0,0.00000,0.88934,0.00000,0.00000,0.00000
193,0.00000,0.00000,0.00000,0.00000,0.00000,0.00000,0.00000,0.00000,0.00000,0.00000,0.00000,0.00000,0.00000,0.00000,0.00000,0.00000,0.00000,0.00000,0.00000,0.00000,0.00000,0.00000,0.00000,0.00000,0.00000,0.00000,0.00000,0.00000,0.00000,0.00000,0.00000,0.00000,0.00000,0.00000,0.00000,0.00000,0.00000,0.00000,0.00000,0.00000,0.00000,0.00000,0.00000,0.00000,0.00000,0.00000,0.00000,0.00000,0.00000,0.00000,0.00000,0.00000,0.00071,0.00000,0.00000,0.00000,0.06439,0.00000,0.00000,0.00000,0.00000,0.00000,0.00000,0.00000,0.02583,0.00000,0.00000,0.07388,0.13308,0.00000,0.00000,0.00000,0.01627,0.00000,0.00000,0.00000,0.00000,0.00000,0.05908,0.18025,0.00000,0.00000,0.00000,0.00000,0.00000,0.10560,0.00000,0.00000,0.00000,0.04175,0.13956,0.00000,0.00000,0.00000,0.00000,0.00000,0.00000,0.10012,0.00000,0.00000,0.02830,0.19652,0.00000,0.00000,0.00000,0.00000,0.00000,0.00000,0.00000,0.00000,0.00000,0.00000,0.00000,0.88934,2.17250,2.86650,1.58800,1.52100,5.00000,0,0.00000,0.88934,0.00000,0.00000,0.00000
194,0.00000,0.00000,0.00000,0.00000,0.00000,0.00000,0.00000,0.00000,0.00000,0.00000,0.00000,0.00000,0.00000,0.00000,0.00000,0.00000,0.00000,0.00000,0.00000,0.00000,0.00000,0.00000,0.00000,0.00000,0.00000,0.00000,0.00000,0.00000,0.00000,0.00000,0.00000,0.00000,0.00000,0.00000,0.00000,0.00000,0.00000,0.00000,0.00000,0.00000,0.00000,0.00000,0.00000,0.00000,0.00000,0.00000,0.00000,0.00000,0.00000,0.00000,0.00000,0.00000,0.00000,0.00000,0.00000,0.02583,0.00283,0.00000,0.00000,0.01999,0.00000,0.00000,0.00000,0.00000,0.00000,0.00000,0.00336,0.20572,0.00000,0.00000,0.00000,0.13555,0.05371,0.00000,0.00000,0.00000,0.00000,0.00006,0.22812,0.01344,0.00000,0.00000,0.00000,0.00000,0.10631,0.00000,0.00000,0.00000,0.00000,0.19381,0.02854,0.00000,0.00000,0.00000,0.00000,0.00000,0.16627,0.02547,0.00000,0.00000,0.00000,0.01061,0.00000,0.00000,0.00000,0.00000,0.00000,0.00000,0.00071,0.05360,0.00000,0.00000,0.00000,0.88934,2.32950,1.55550,1.53450,5.00000,5.00000,0,0.00000,0.88934,0.00000,0.00000,0.00000
195,0.00000,0.00000,0.00000,0.00000,0.00000,0.00000,0.00000,0.00000,0.00000,0.00000,0.00000,0.00000,0.00000,0.00000,0.00000,0.00000,0.00000,0.00000,0.00000,0.00000,0.00000,0.00000,0.00000,0.00000,0.00000,0.00000,0.00000,0.00000,0.00000,0.00000,0.00000,0.00000,0.00000,0.00000,0.00000,0.00000,0.00000,0.00000,0.00000,0.00000,0.00000,0.00000,0.00000,0.00000,0.00000,0.00000,0.00000,0.00000,0.00000,0.00000,0.00000,0.00000,0.00000,0.00000,0.00000,0.00000,0.00000,0.00000,0.00000,0.07942,0.00000,0.00000,0.00000,0.00000,0.00000,0.00000,0.02671,0.13408,0.00000,0.00000,0.00000,0.11728,0.00991,0.00000,0.00000,0.00000,0.00000,0.00601,0.21509,0.00000,0.00000,0.00000,0.00000,0.00849,0.03856,0.00000,0.00000,0.00000,0.00000,0.22895,0.00932,0.00000,0.00000,0.00000,0.00000,0.00000,0.13054,0.00000,0.00000,0.00000,0.17848,0.03149,0.00000,0.00000,0.00000,0.00000,0.00000,0.00000,0.02300,0.06297,0.00000,0.00000,0.00000,0.88934,2.39950,2.95850,1.47150,5.00000,5.00000,0,0.00000,0.88934,0.00000,0.00000,0.00000
196,0.00000,0.00000,0.00000,0.00000,0.00000,0.00000,0.00000,0.00000,0.00000,0.00000,0.00000,0.00000,0.00000,0.00000,0.00000,0.00000,0.00000,0.00000,0.00000,0.00000,0.00000,0.00000,0.00000,0.00000,0.00000,0.00000,0.00000,0.00000,0.00000,0.00000,0.00000,0.00000,0.00000,0.00000,0.00000,0.00000,0.00000,0.00000,0.00000,0.00000,0.00000,0.00000,0.00000,0.00000,0.00000,0.00000,0.00000,0.00000,0.00000,0.00000,0.00000,0.00000,0.00000,0.00000,0.00000,0.00425,0.00000,0.00000,0.00000,0.00000,0.00000,0.00000,0.00000,0.00159,0.00000,0.00000,0.06722,0.12241,0.00000,0.00000,0.00000,0.11551,0.00000,0.00000,0.00000,0.03998,0.00000,0.03526,0.19469,0.00000,0.00000,0.00000,0.00000,0.05177,0.05596,0.00000,0.00000,0.00000,0.00926,0.19381,0.00000,0.00000,0.00000,0.00000,0.00000,0.00000,0.00000,0.00000,0.00000,0.00000,0.21769,0.00767,0.00000,0.00000,0.00000,0.00000,0.00000,0.00000,0.00000,0.00000,0.00000,0.00000,0.00000,0.88934,2.31050,1.47650,1.43550,5.00000,5.00000,0,0.00000,0.88934,0.00000,0.00000,0.00000
197,0.00000,0.00000,0.00000,0.00000,0.00000,0.00000,0.00000,0.00000,0.00000,0.00000,0.00000,0.00000,0.00000,0.00000,0.00000,0.00000,0.00000,0.00000,0.00000,0.00000,0.00000,0.00000,0.00000,0.00000,0.00000,0.00000,0.00000,0.00000,0.00000,0.00000,0.00000,0.00000,0.00000,0.00000,0.00000,0.00000,0.00000,0.00000,0.00000,0.00000,0.00000,0.00000,0.00000,0.00000,0.00000,0.00000,0.00000,0.00000,0.00000,0.00000,0.00000,0.00000,0.00000,0.00000,0.00000,0.00000,0.00000,0.00000,0.00271,0.01869,0.00000,0.00000,0.00000,0.00000,0.00000,0.00000,0.10029,0.00212,0.00000,0.00000,0.00000,0.20147,0.00000,0.00000,0.00000,0.00000,0.00000,0.08249,0.13933,0.00000,0.00000,0.00000,0.00000,0.12524,0.08491,0.00000,0.00000,0.00000,0.00000,0.12187,0.00000,0.00000,0.00000,0.00000,0.00000,0.00000,0.04316,0.00000,0.00000,0.00000,0.14664,0.00000,0.00000,0.00000,0.00000,0.00000,0.00000,0.00000,0.00000,0.00000,0.00000,0.00000,0.00000,0.88934,2.30250,1.34200,1.32450,5.00000,5.00000,0,-0.33443,0.88934,0.00000,0.00000,0.00000
198,0.00000,0.00000,0.00000,0.00000,0.00000,0.00000,0.00000,0.00000,0.00000,0.00000,0.00000,0.00000,0.00000,0.00000,0.00000,0.00000,0.00000,0.00000,0.00000,0.00000,0.00000,0.00000,0.00000,0.00000,0.00000,0.00000,0.00000,0.00000,0.00000,0.00000,0.00000,0.00000,0.00000,0.00000,0.00000,0.00000,0.00000,0.00000,0.00000,0.00000,0.00000,0.00000,0.00000,0.00000,0.00000,0.00000,0.00000,0.00000,0.00000,0.00000,0.00000,0.00000,0.00000,0.00000,0.00000,0.00000,0.00000,0.00000,0.00000,0.00000,0.00000,0.00000,0.00000,0.00000,0.00000,0.00000,0.00407,0.00000,0.00000,0.00000,0.02807,0.07665,0.00000,0.00000,0.00000,0.10118,0.00000,0.14770,0.00354,0.00000,0.00000,0.00000,0.00000,0.12488,0.00000,0.00000,0.00000,0.00000,0.17494,0.05837,0.00000,0.00000,0.00000,0.00000,0.00000,0.09275,0.09564,0.00000,0.00000,0.00000,0.08827,0.00000,0.00000,0.00000,0.00000,0.00000,0.00000,0.00000,0.11728,0.00000,0.00000,0.00000,-0.33443,0.88934,2.57800,1.26600,1.26600,5.00000,5.00000,0,0.00000,0.88934,0.00000,0.00000,0.00000
199,0.00000,0.00000,0.00000,0.00000,0.00000,0.00000,0.00000,0.00000,0.00000,0.00000,0.00000,0.00000,0.00000,0.00000,0.00000,0.00000,0.00000,0.00000,0.00000,0.00000,0.00000,0.00000,0.00000,0.00000,0.00000,0.00000,0.00000,0.00000,0.00000,0.00000,0.00000,0.00000,0.00000,0.00000,0.00000,0.00000,0.00000,0.00000,0.00000,0.00000,0.00000,0.00000,0.00000,0.00000,0.00000,0.00000,0.00000,0.00000,0.00000,0.00000,0.00000,0.00000,0.00000,0.00000,0.00000,0.00000,0.00000,0.00000,0.00000,0.00000,0.00000,0.00000,0.00000,0.00000,0.00000,0.00000,0.00955,0.00000,0.00000,0.00000,0.00047,0.08726,0.00000,0.00000,0.00000,0.00018,0.00000,0.12948,0.02883,0.00000,0.00000,0.00000,0.00000,0.10083,0.00000,0.00000,0.00000,0.00000,0.10212,0.04275,0.00000,0.00000,0.00000,0.00000,0.00000,0.00737,0.14917,0.00000,0.00000,0.00000,0.12134,0.00000,0.00000,0.00000,0.00000,0.00000,0.00000,0.00000,0.11020,0.00000,0.00000,0.00000,0.00000,0.88934,2.23950,1.18800,1.16500,5.00000,5.00000,0,0.00000,0.88934,0.00000,0.00000,0.00000
200,0.00000,0.00000,0.00000,0.00000,0.00000,0.00000,0.00000,0.00000,0.00000,0.00000,0.00000,0.00000,0.00000,0.00000,0.00000,0.00000,0.00000,0.00000,0.00000,0.00000,0.00000,0.00000,0.00000,0.00000,0.00000,0.00000,0.00000,0.00000,0.00000,0.00000,0.00000,0.00000,0.00000,0.00000,0.00000,0.00000,0.00000,0.00000,0.00000,0.00000,0.00000,0.00000,0.00000,0.00000,0.00000,0.00000,0.00000,0.00000,0.00000,0.00000,0.00000,0.00000,0.00000,0.00000,0.00000,0.00000,0.00000,0.00000,0.00000,0.00000,0.00000,0.00000,0.00000,0.00000,0.02600,0.00000,0.03060,0.04776,0.00000,0.00000,0.00000,0.10495,0.00507,0.00000,0.00000,0.01486,0.00000,0.03278,0.13384,0.00000,0.00000,0.00000,0.00000,0.01386,0.19292,0.00000,0.00000,0.00000,0.00000,0.13355,0.00000,0.00000,0.00000,0.00000,0.00000,0.00000,0.13779,0.00000,0.00000,0.00000,0.00000,0.00000,0.00000,0.00000,0.00000,0.00000,0.00000,0.00000,0.00000,0.00000,0.00000,0.00000,0.00000,0.88934,2.35050,1.12650,1.08950,5.00000,5.00000,0,0.00000,0.88934,0.00000,0.00000,0.00000
201,0.00000,0.00000,0.00000,0.00000,0.00000,0.00000,0.00000,0.00000,0.00000,0.00000,0.00000,0.00000,0.00000,0.00000,0.00000,0.00000,0.00000,0.00000,0.00000,0.00000,0.00000,0.00000,0.00000,0.00000,0.00000,0.00000,0.00000,0.00000,0.00000,0.00000,0.00000,0.00000,0.00000,0.00000,0.00000,0.00000,0.00000,0.00000,0.00000,0.00000,0.00000,0.00000,0.00000,0.00000,0.00000,0.00000,0.00000,0.00000,0.00000,0.00000,0.00000,0.00000,0.00000,0.00000,0.00000,0.00000,0.00000,0.00000,0.00000,0.00000,0.00000,0.00000,0.00000,0.00000,0.11745,0.06421,0.00000,0.01645,0.00000,0.00000,0.00000,0.05855,0.07960,0.00000,0.05077,0.12435,0.00000,0.00000,0.11091,0.01114,0.00000,0.00000,0.00000,0.00000,0.21191,0.00000,0.00000,0.00000,0.00000,0.15843,0.07241,0.00000,0.00000,0.00000,0.00000,0.00000,0.09163,0.12011,0.00000,0.00000,0.11338,0.11515,0.00000,0.00000,0.00000,0.00000,0.00000,0.00000,0.00000,0.14027,0.00000,0.00000,0.00000,0.88934,2.31550,1.07450,0.98400,0.97600,5.00000,0,0.00000,0.88934,0.00000,0.00000,0.00000
202,0.00000,0.00000,0.00000,0.00000,0.00000,0.00000,0.00000,0.00000,0.00000,0.00000,0.00000,0.00000,0.00000,0.00000,0.00000,0.00000,0.00000,0.00000,0.00000,0.00000,0.00000,0.00000,0.00000,0.00000,0.00000,0.00000,0.00000,0.00000,0.00000,0.00000,0.00000,0.00000,0.00000,0.00000,0.00000,0.00000,0.00000,0.00000,0.00000,0.00000,0.00000,0.00000,0.00000,0.00000,0.00000,0.00000,0.00000,0.00000,0.00000,0.00000,0.00000,0.00000,0.00000,0.00000,0.00000,0.00000,0.00000,0.00000,0.00000,0.00000,0.00000,0.00000,0.00000,0.00000,0.10018,0.07158,0.00000,0.00035,0.00000,0.00000,0.00000,0.00071,0.16221,0.00000,0.08939,0.13420,0.00000,0.00000,0.08331,0.02070,0.00000,0.00000,0.00000,0.00000,0.19511,0.01592,0.00000,0.00000,0.00000,0.07347,0.13880,0.00000,0.00000,0.00000,0.00000,0.00000,0.00566,0.20519,0.00000,0.00000,0.03113,0.19051,0.00000,0.00000,0.00000,0.00000,0.00000,0.00000,0.00000,0.15507,0.01899,0.00000,0.00000,0.88934,2.36600,2.83350,0.94850,0.94800,5.00000,0,0.00000,0.88934,0.00000,0.00000,0.00000
203,0.00000,0.00000,0.00000,0.00000,0.00000,0.00000,0.00000,0.00000,0.00000,0.00000,0.00000,0.00000,0.00000,0.00000,0.00000,0.00000,0.00000,0.00000,0.00000,0.00000,0.00000,0.00000,0.00000,0.00000,0.00000,0.00000,0.00000,0.00000,0.00000,0.00000,0.00000,0.00000,0.00000,0.00000,0.00000,0.00000,0.00000,0.00000,0.00000,0.00000,0.00000,0.00000,0.00000,0.00000,0.00000,0.00000,0.00000,0.00000,0.00000,0.00000,0.00000,0.00000,0.00000,0.00000,0.00000,0.00000,0.00000,0.00000,0.00000,0.00000,0.00000,0.00000,0.00000,0.00000,0.09357,0.02317,0.00000,0.00937,0.00035,0.00000,0.00000,0.00000,0.11692,0.00000,0.09245,0.14015,0.00000,0.00000,0.00831,0.00000,0.00195,0.00000,0.00000,0.00000,0.02052,0.00867,0.00000,0.00000,0.00000,0.00548,0.18485,0.00000,0.00124,0.00000,0.00000,0.00000,0.00000,0.18096,0.00142,0.00000,0.00000,0.20136,0.01162,0.00000,0.00000,0.00000,0.00000,0.00000,0.00000,0.02588,0.13402,0.00000,0.00000,0.88934,2.37950,0.90450,0.91400,0.90400,5.00000,0,0.00000,0.88934,0.00000,0.00000,0.00000
204,0.00000,0.00000,0.00000,0.00000,0.00000,0.00000,0.00000,0.00000,0.00000,0.00000,0.00000,0.00000,0.00000,0.00000,0.00000,0.00000,0.00000,0.00000,0.00000,0.00000,0.00000,0.00000,0.00000,0.00000,0.00000,0.00000,0.00000,0.00000,0.00000,0.00000,0.00000,0.00000,0.00000,0.00000,0.00000,0.00000,0.00000,0.00000,0.00000,0.00000,0.00000,0.00000,0.00000,0.00000,0.00000,0.00000,0.00000,0.00000,0.00000,0.00000,0.00000,0.00000,0.00000,0.00000,0.00000,0.00000,0.00000,0.00000,0.00000,0.00000,0.00000,0.00000,0.00000,0.00000,0.02588,0.01533,0.00000,0.02294,0.08302,0.00000,0.00000,0.00000,0.06120,0.04705,0.05259,0.14004,0.04458,0.00000,0.00000,0.07471,0.00012,0.00000,0.00000,0.00000,0.00000,0.17494,0.00000,0.00000,0.00000,0.00000,0.10259,0.00000,0.00000,0.00000,0.00000,0.00000,0.00000,0.00000,0.00000,0.00000,0.00000,0.11291,0.08679,0.00000,0.00000,0.00000,0.00000,0.00000,0.00000,0.00000,0.00000,0.00000,0.00000,0.88934,2.24400,0.83250,0.83800,0.85850,5.00000,0,0.33438,0.88934,0.00000,0.00000,0.00000
205,0.00000,0.00000,0.00000,0.00000,0.00000,0.00000,0.00000,0.00000,0.00000,0.00000,0.00000,0.00000,0.00000,0.00000,0.00000,0.00000,0.00000,0.00000,0.00000,0.00000,0.00000,0.00000,0.00000,0.00000,0.00000,0.00000,0.00000,0.00000,0.00000,0.00000,0.00000,0.00000,0.00000,0.00000,0.00000,0.00000,0.00000,0.00000,0.00000,0.00000,0.00000,0.00000,0.00000,0.00000,0.00000,0.00000,0.00000,0.00000,0.00000,0.00000,0.00000,0.00000,0.00000,0.00000,0.00000,0.00000,0.00000,0.00000,0.00000,0.00000,0.00000,0.00000,0.00000,0.00000,0.00000,0.00000,0.00000,0.00000,0.12400,0.00000,0.00000,0.00000,0.00000,0.03662,0.02465,0.07954,0.02465,0.00666,0.00000,0.09440,0.06798,0.00000,0.00000,0.00000,0.00000,0.16474,0.04310,0.04794,0.00000,0.00000,0.00000,0.00000,0.00000,0.00000,0.00000,0.00000,0.00000,0.00000,0.14292,0.00000,0.00000,0.00000,0.03892,0.00000,0.00000,0.00000,0.00000,0.00000,0.00000,0.00000,0.00000,0.00000,0.33438,0.88934,2.10450,2.48050,0.76000,0.75500,5.00000,0,0.00000,0.88934,0.00000,0.00000,0.00000
206,0.00000,0.00000,0.00000,0.00000,0.00000,0.00000,0.00000,0.00000,0.00000,0.00000,0.00000,0.00000,0.00000,0.00000,0.00000,0.00000,0.00000,0.00000,0.00000,0.00000,0.00000,0.00000,0.00000,0.00000,0.00000,0.00000,0.00000,0.00000,0.00000,0.00000,0.00000,0.00000,0.00000,0.00000,0.00000,0.00000,0.00000,0.00000,0.00000,0.00000,0.00000,0.00000,0.00000,0.00000,0.00000,0.00000,0.00000,0.00000,0.00000,0.00000,0.00000,0.00000,0.00000,0.00000,0.00000,0.00000,0.00000,0.00000,0.00000,0.00000,0.00000,0.00000,0.00000,0.00000,0.00000,0.00000,0.00000,0.00000,0.03892,0.00000,0.00000,0.00000,0.01291,0.00053,0.00478,0.00000,0.00000,0.00000,0.00000,0.14062,0.06067,0.00000,0.00000,0.00000,0.00000,0.15041,0.06580,0.14163,0.00000,0.00000,0.00495,0.12966,0.00000,0.00000,0.00000,0.00000,0.00000,0.00000,0.21775,0.00000,0.00000,0.00000,0.00000,0.00000,0.00000,0.00000,0.00000,0.00000,0.00000,0.00000,0.06456,0.13868,0.00000,0.88934,2.16550,0.68400,0.87900,0.67800,5.00000,0,0.00000,0.88934,0.00000,0.00000,0.00000
207,0.00000,0.00000,0.00000,0.00000,0.00000,0.00000,0.00000,0.00000,0.00000,0.00000,0.00000,0.00000,0.00000,0.00000,0.00000,0.00000,0.00000,0.00000,0.00000,0.00000,0.00000,0.00000,0.00000,0.00000,0.00000,0.00000,0.00000,0.00000,0.00000,0.00000,0.00000,0.00000,0.00000,0.00000,0.00000,0.00000,0.00000,0.00000,0.00000,0.00000,0.00000,0.00000,0.00000,0.00000,0.00000,0.00000,0.00000,0.00000,0.00000,0.00000,0.00000,0.00000,0.00000,0.00000,0.00000,0.00000,0.00000,0.00000,0.00000,0.00000,0.00000,0.00000,0.00000,0.00000,0.00000,0.00000,0.00000,0.00000,0.00000,0.00000,0.00000,0.00000,0.00000,0.00053,0.00000,0.00000,0.01114,0.00000,0.00000,0.09357,0.00000,0.00000,0.00000,0.00000,0.00000,0.19687,0.00000,0.08455,0.01008,0.00000,0.12028,0.08703,0.00000,0.00000,0.00000,0.00000,0.00000,0.05654,0.16333,0.00000,0.00000,0.02005,0.17807,0.00000,0.00000,0.00000,0.00000,0.00000,0.00000,0.00000,0.14216,0.06356,0.00000,0.88934,2.15200,0.60600,0.95100,0.61200,5.00000,0,0.00000,0.88934,0.00000,0.00000,0.00000
208,0.00000,0.00000,0.00000,0.00000,0.00000,0.00000,0.00000,0.00000,0.00000,0.00000,0.00000,0.00000,0.00000,0.00000,0.00000,0.00000,0.00000,0.00000,0.00000,0.00000,0.00000,0.00000,0.00000,0.00000,0.00000,0.00000,0.00000,0.00000,0.00000,0.00000,0.00000,0.00000,0.00000,0.00000,0.00000,0.00000,0.00000,0.00000,0.00000,0.00000,0.00000,0.00000,0.00000,0.00000,0.00000,0.00000,0.00000,0.00000,0.00000,0.00000,0.00000,0.00000,0.00000,0.00000,0.00000,0.00000,0.00000,0.00000,0.00000,0.00000,0.00000,0.00000,0.00000,0.00000,0.00000,0.00000,0.00000,0.00000,0.00000,0.00000,0.00000,0.00000,0.00000,0.00000,0.00000,0.00000,0.00000,0.00000,0.00000,0.00000,0.00000,0.00000,0.00000,0.00000,0.00000,0.15000,0.00000,0.01203,0.00071,0.00000,0.15761,0.00371,0.00000,0.00000,0.00000,0.00000,0.00000,0.11504,0.10483,0.08508,0.00000,0.05224,0.12535,0.00000,0.00000,0.00000,0.00000,0.00000,0.00000,0.00000,0.18485,0.01592,0.00000,0.88934,2.24350,0.56800,0.92150,0.58100,5.00000,0,0.00000,0.88934,0.00000,0.00000,0.00000
209,0.00000,0.00000,0.00000,0.00000,0.00000,0.00000,0.00000,0.00000,0.00000,0.00000,0.00000,0.00000,0.00000,0.00000,0.00000,0.00000,0.00000,0.00000,0.00000,0.00000,0.00000,0.00000,0.00000,0.00000,0.00000,0.00000,0.00000,0.00000,0.00000,0.00000,0.00000,0.00000,0.00000,0.00000,0.00000,0.00000,0.00000,0.00000,0.00000,0.00000,0.00000,0.00000,0.00000,0.00000,0.00000,0.00000,0.00000,0.00000,0.00000,0.00000,0.00000,0.00000,0.00000,0.00000,0.00000,0.00000,0.00000,0.00000,0.00000,0.00000,0.00000,0.00000,0.00000,0.00000,0.00000,0.00000,0.00000,0.00000,0.00000,0.00000,0.00000,0.00000,0.00000,0.00000,0.00000,0.00000,0.00000,0.00000,0.00000,0.00000,0.00000,0.00000,0.00000,0.00000,0.00000,0.00106,0.00000,0.00000,0.00000,0.00000,0.01203,0.00000,0.00000,0.00000,0.00000,0.00000,0.00000,0.11958,0.06474,0.00000,0.00000,0.07494,0.08779,0.00000,0.00000,0.00000,0.00000,0.00000,0.00000,0.00000,0.20094,0.00000,0.00000,0.88934,2.13950,0.49200,1.33700,0.49700,5.00000,0,0.00000,0.88934,0.00000,0.00000,0.00000
210,0.00000,0.00000,0.00000,0.00000,0.00000,0.00000,0.00000,0.00000,0.00000,0.00000,0.00000,0.00000,0.00000,0.00000,0.00000,0.00000,0.00000,0.00000,0.00000,0.00000,0.00000,0.00000,0.00000,0.00000,0.00000,0.00000,0.00000,0.00000,0.00000,0.00000,0.00000,0.00000,0.00000,0.00000,0.00000,0.00000,0.00000,0.00000,0.00000,0.00000,0.00000,0.00000,0.00000,0.00000,0.00000,0.00000,0.00000,0.00000,0.00000,0.00000,0.00000,0.00000,0.00000,0.00000,0.00000,0.00000,0.00000,0.00000,0.00000,0.00000,0.00000,0.00000,0.00000,0.00000,0.00000,0.00000,0.00000,0.00000,0.00000,0.00000,0.00000,0.00000,0.00000,0.00000,0.00000,0.00000,0.00000,0.00000,0.00000,0.00000,0.00000,0.00000,0.00000,0.00000,0.00000,0.00000,0.00000,0.00000,0.00000,0.00000,0.00000,0.00000,0.00000,0.00000,0.00000,0.00000,0.00000,0.00000,0.00000,0.00000,0.00230,0.02547,0.00000,0.00000,0.00000,0.00000,0.00000,0.00000,0.00000,0.00000,0.00088,0.00407,0.00000,0.88934,0.40050,0.43900,0.97500,0.41800,5.00000,0,-0.74707,0.88934,0.00000,0.00000,0.00000
211,0.00000,0.00000,0.00000,0.00000,0.00000,0.00000,0.00000,0.00000,0.00000,0.00000,0.00000,0.00000,0.00000,0.00000,0.00000,0.00000,0.00000,0.00000,0.00000,0.00000,0.00000,0.00000,0.00000,0.00000,0.00000,0.00000,0.00000,0.00000,0.00000,0.00000,0.00000,0.00000,0.00000,0.00000,0.00000,0.00000,0.00000,0.00000,0.00000,0.00000,0.00000,0.00000,0.00000,0.00000,0.00000,0.00000,0.00000,0.00000,0.00000,0.00000,0.00000,0.00000,0.00000,0.00000,0.00000,0.00000,0.00000,0.00000,0.00000,0.00000,0.00000,0.00000,0.00000,0.00000,0.00000,0.00000,0.00000,0.00000,0.00000,0.00000,0.00000,0.00000,0.00000,0.00000,0.00000,0.00000,0.00000,0.00000,0.00000,0.00000,0.00000,0.00000,0.00000,0.00000,0.00000,0.00000,0.00000,0.00000,0.00000,0.00000,0.00000,0.00000,0.00000,0.00000,0.00000,0.00000,0.00000,0.00000,0.00000,0.00000,0.00301,0.00000,0.00000,0.00000,0.00000,0.00000,0.00000,0.00000,0.00000,0.00000,0.03945,0.04900,-0.74707,0.88934,0.34800,0.52800,0.91700,0.34600,5.00000,0,0.00000,0.88934,0.00000,0.00000,0.00000
212,0.00000,0.00000,0.00000,0.00000,0.00000,0.00000,0.00000,0.00000,0.00000,0.00000,0.00000,0.00000,0.00000,0.00000,0.00000,0.00000,0.00000,0.00000,0.00000,0.00000,0.00000,0.00000,0.00000,0.00000,0.00000,0.00000,0.00000,0.00000,0.00000,0.00000,0.00000,0.00000,0.00000,0.00000,0.00000,0.00000,0.00000,0.00000,0.00000,0.00000,0.00000,0.00000,0.00000,0.00000,0.00000,0.00000,0.00000,0.00000,0.00000,0.00000,0.00000,0.00000,0.00000,0.00000,0.00000,0.00000,0.00000,0.00000,0.00000,0.00000,0.00000,0.00000,0.00000,0.00000,0.00000,0.00000,0.00000,0.00000,0.00000,0.00000,0.00000,0.00000,0.00000,0.00000,0.00000,0.00000,0.00000,0.00000,0.00000,0.00000,0.00000,0.00000,0.00000,0.00000,0.00000,0.00000,0.08384,0.00000,0.00000,0.00000,0.00000,0.00000,0.00000,0.00000,0.00000,0.00000,0.00000,0.00000,0.00000,0.00000,0.00000,0.00000,0.00000,0.00000,0.00000,0.00000,0.00000,0.00000,0.00000,0.00000,0.00000,0.00000,0.00000,0.88934,0.27300,0.44300,1.08450,0.44100,0.27700,0,0.00000,0.84597,0.00000,0.00000,0.00000
213,0.00000,0.00000,0.00000,0.00000,0.00000,0.00000,0.00000,0.00000,0.00000,0.00000,0.00000,0.00000,0.00000,0.00000,0.00000,0.00000,0.00000,0.00000,0.00000,0.00000,0.00000,0.00000,0.00000,0.00000,0.00000,0.00000,0.00000,0.00000,0.00000,0.00000,0.00000,0.00000,0.00000,0.00000,0.00000,0.00000,0.00000,0.00000,0.00000,0.00000,0.00000,0.00000,0.00000,0.00000,0.00000,0.00000,0.00000,0.00000,0.00000,0.00000,0.00000,0.00000,0.00000,0.00000,0.00000,0.00000,0.00000,0.00000,0.00000,0.00000,0.00000,0.00000,0.00000,0.00000,0.00000,0.00000,0.00000,0.00000,0.00000,0.00000,0.00000,0.00000,0.00000,0.00000,0.00000,0.00000,0.00000,0.00000,0.00000,0.00000,0.00000,0.00000,0.00000,0.00000,0.00000,0.00000,0.00000,0.00000,0.01203,0.00035,0.00000,0.00000,0.00000,0.00000,0.00000,0.00000,0.00000,0.00000,0.00000,0.00000,0.00000,0.00000,0.00000,0.00000,0.00000,0.00000,0.00000,0.00000,0.00000,0.00000,0.00000,0.00000,0.00000,0.84597,0.17500,0.32200,0.73700,0.49100,0.22550,0,0.00000,0.00000,0.00000,0.00000,0.00000
214,0.00000,0.00000,0.00000,0.00000,0.00000,0.00000,0.00000,0.00000,0.00000,0.00000,0.00000,0.00000,0.00000,0.00000,0.00000,0.00000,0.00000,0.00000,0.00000,0.00000,0.00000,0.00000,0.00000,0.00000,0.00000,0.00000,0.00000,0.00000,0.00000,0.00000,0.00000,0.00000,0.00000,0.00000,0.00000,0.00000,0.00000,0.00000,0.00000,0.00000,0.00000,0.00000,0.00000,0.00000,0.00000,0.00000,0.00000,0.00000,0.00000,0.00000,0.00000,0.00000,0.00000,0.00000,0.00000,0.00000,0.00000,0.00000,0.00000,0.00000,0.00000,0.00000,0.00000,0.00000,0.00000,0.00000,0.00000,0.00000,0.00000,0.00000,0.00000,0.00000,0.00000,0.00000,0.00000,0.00000,0.00000,0.00000,0.00000,0.00000,0.00000,0.00000,0.00000,0.00000,0.00000,0.00000,0.00018,0.00000,0.00000,0.00000,0.00000,0.00000,0.00000,0.00000,0.00000,0.00000,0.00000,0.00000,0.00000,0.00000,0.00000,0.00000,0.00000,0.00000,0.00000,0.00000,0.00000,0.00000,0.00000,0.00000,0.00000,0.00000,0.00000,0.00000,0.26000,0.26000,0.66700,0.64800,0.29300,0,0.00000,0.00000,0.00000,0.00000,0.00000
215,0.00000,0.00000,0.00000,0.00000,0.00000,0.00000,0.00000,0.00000,0.00000,0.00000,0.00000,0.00000,0.00000,0.00000,0.00000,0.00000,0.00000,0.00000,0.00000,0.00000,0.00000,0.00000,0.00000,0.00000,0.00000,0.00000,0.00000,0.00000,0.00000,0.00000,0.00000,0.00000,0.00000,0.00000,0.00000,0.00000,0.00000,0.00000,0.00000,0.00000,0.00000,0.00000,0.00000,0.00000,0.00000,0.00000,0.00000,0.00000,0.00000,0.00000,0.00000,0.00000,0.00000,0.00000,0.00000,0.00000,0.00000,0.00000,0.00000,0.00000,0.00000,0.00000,0.00000,0.00000,0.00000,0.00000,0.00000,0.00000,0.00000,0.00000,0.00000,0.00000,0.00000,0.00000,0.00000,0.00000,0.00000,0.00000,0.00000,0.00000,0.00000,0.00000,0.00000,0.00000,0.00000,0.00000,0.00000,0.00000,0.00000,0.00000,0.00000,0.00000,0.00000,0.00000,0.00000,0.00000,0.00000,0.00000,0.00000,0.00000,0.00000,0.00000,0.00000,0.00000,0.00000,0.00000,0.00000,0.00000,0.00000,0.00000,0.00000,0.00000,0.00000,0.00000,0.25500,0.25600,0.66300,0.62500,0.28000,0,0.00000,0.00000,0.00000,0.00000,0.00000
216,0.00000,0.00000,0.00000,0.00000,0.00000,0.00000,0.00000,0.00000,0.00000,0.00000,0.00000,0.00000,0.00000,0.00000,0.00000,0.00000,0.00000,0.00000,0.00000,0.00000,0.00000,0.00000,0.00000,0.00000,0.00000,0.00000,0.00000,0.00000,0.00000,0.00000,0.00000,0.00000,0.00000,0.00000,0.00000,0.00000,0.00000,0.00000,0.00000,0.00000,0.00000,0.00000,0.00000,0.00000,0.00000,0.00000,0.00000,0.00000,0.00000,0.00000,0.00000,0.00000,0.00000,0.00000,0.00000,0.00000,0.00000,0.00000,0.00000,0.00000,0.00000,0.00000,0.00000,0.00000,0.00000,0.00000,0.00000,0.00000,0.00000,0.00000,0.00000,0.00000,0.00000,0.00000,0.00000,0.00000,0.00000,0.00000,0.00000,0.00000,0.00000,0.00000,0.00000,0.00000,0.00000,0.00000,0.00000,0.00000,0.00000,0.00000,0.00000,0.00000,0.00000,0.00000,0.00000,0.00000,0.00000,0.00000,0.00000,0.00000,0.00000,0.00000,0.00000,0.00000,0.00000,0.00000,0.00000,0.00000,0.00000,0.00000,0.00000,0.00000,0.00000,0.00000,0.25500,0.25500,0.66300,0.62500,0.28000,0,0.00000,0.00000,0.00000,0.00000,0.00000
217,0.00000,0.00000,0.00000,0.00000,0.00000,0.00000,0.00000,0.00000,0.00000,0.00000,0.00000,0.00000,0.00000,0.00000,0.00000,0.00000,0.00000,0.00000,0.00000,0.00000,0.00000,0.00000,0.00000,0.00000,0.00000,0.00000,0.00000,0.00000,0.00000,0.00000,0.00000,0.00000,0.00000,0.00000,0.00000,0.00000,0.00000,0.00000,0.00000,0.00000,0.00000,0.00000,0.00000,0.00000,0.00000,0.00000,0.00000,0.00000,0.00000,0.00000,0.00000,0.00000,0.00000,0.00000,0.00000,0.00000,0.00000,0.00000,0.00000,0.00000,0.00000,0.00000,0.00000,0.00000,0.00000,0.00000,0.00000,0.00000,0.00000,0.00000,0.00000,0.00000,0.00000,0.00000,0.00000,0.00000,0.00000,0.00000,0.00000,0.00000,0.00000,0.00000,0.00000,0.00000,0.00000,0.00000,0.00000,0.00000,0.00000,0.00000,0.00000,0.00000,0.00000,0.00000,0.00000,0.00000,0.00000,0.00000,0.00000,0.00000,0.00000,0.00000,0.00000,0.00000,0.00000,0.00000,0.00000,0.00000,0.00000,0.00000,0.00000,0.00000,0.00000,0.00000,0.25500,0.25500,0.66300,0.62500,0.28000,0,0.00000,0.00000,0.00000,0.00000,0.00000
218,0.00000,0.00000,0.00000,0.00000,0.00000,0.00000,0.00000,0.00000,0.00000,0.00000,0.00000,0.00000,0.00000,0.00000,0.00000,0.00000,0.00000,0.00000,0.00000,0.00000,0.00000,0.00000,0.00000,0.00000,0.00000,0.00000,0.00000,0.00000,0.00000,0.00000,0.00000,0.00000,0.00000,0.00000,0.00000,0.00000,0.00000,0.00000,0.00000,0.00000,0.00000,0.00000,0.00000,0.00000,0.00000,0.00000,0.00000,0.00000,0.00000,0.00000,0.00000,0.00000,0.00000,0.00000,0.00000,0.00000,0.00000,0.00000,0.00000,0.00000,0.00000,0.00000,0.00000,0.00000,0.00000,0.00000,0.00000,0.00000,0.00000,0.00000,0.00000,0.00000,0.00000,0.00000,0.00000,0.00000,0.00000,0.00000,0.00000,0.00000,0.00000,0.00000,0.00000,0.00000,0.00000,0.00000,0.00000,0.00000,0.00000,0.00000,0.00000,0.00000,0.00000,0.00088,0.00000,0.00000,0.00000,0.00000,0.00000,0.00000,0.00000,0.00000,0.00000,0.00000,0.00000,0.00000,0.00000,0.00000,0.00000,0.00000,0.00000,0.00000,0.00000,0.00000,0.25500,0.25500,0.66400,0.62500,0.28000,0,0.00000,0.00000,0.00000,0.00000,0.00000
219,0.00000,0.00000,0.00000,0.00000,0.00000,0.00000,0.00000,0.00000,0.00000,0.00000,0.00000,0.00000,0.00000,0.00000,0.00000,0.00000,0.00000,0.00000,0.00000,0.00000,0.00000,0.00000,0.00000,0.00000,0.00000,0.00000,0.00000,0.00000,0.00000,0.00000,0.00000,0.00000,0.00000,0.00000,0.00000,0.00000,0.00000,0.00000,0.00000,0.00000,0.00000,0.00000,0.00000,0.00000,0.00000,0.00000,0.00000,0.00000,0.00000,0.00000,0.00000,0.00000,0.00000,0.00000,0.00000,0.00000,0.00000,0.00000,0.00000,0.00000,0.00000,0.00000,0.00000,0.00000,0.00000,0.00000,0.00000,0.00000,0.00000,0.00000,0.00000,0.00000,0.00000,0.00000,0.00000,0.00000,0.00000,0.00000,0.00000,0.00000,0.00000,0.00000,0.00000,0.00000,0.00000,0.00000,0.00000,0.00000,0.00000,0.00000,0.00000,0.00000,0.00000,0.00000,0.00000,0.00000,0.00000,0.00000,0.00000,0.00000,0.00000,0.00000,0.00000,0.00000,0.00000,0.00000,0.00000,0.00000,0.00000,0.00000,0.00000,0.00000,0.00000,0.00000,0.25500,0.25600,0.66400,0.62500,0.28000,0,0.00000,0.00000,0.00000,0.00000,0.00000
220,0.00000,0.00000,0.00000,0.00000,0.00000,0.00000,0.00000,0.00000,0.00000,0.00000,0.00000,0.00000,0.00000,0.00000,0.00000,0.00000,0.00000,0.00000,0.00000,0.00000,0.00000,0.00000,0.00000,0.00000,0.00000,0.00000,0.00000,0.00000,0.00000,0.00000,0.00000,0.00000,0.00000,0.00000,0.00000,0.00000,0.00000,0.00000,0.00000,0.00000,0.00000,0.00000,0.00000,0.00000,0.00000,0.00000,0.00000,0.00000,0.00000,0.00000,0.00000,0.00000,0.00000,0.00000,0.00000,0.00000,0.00000,0.00000,0.00000,0.00000,0.00000,0.00000,0.00000,0.00000,0.00000,0.00000,0.00000,0.00000,0.00000,0.00000,0.00000,0.00000,0.00000,0.00000,0.00000,0.00000,0.00000,0.00000,0.00000,0.00000,0.00000,0.00000,0.00000,0.00000,0.00000,0.00000,0.00000,0.00000,0.00000,0.00000,0.00000,0.00000,0.00000,0.00000,0.00000,0.00000,0.00000,0.00000,0.00000,0.00000,0.00000,0.00000,0.00000,0.00000,0.00000,0.00000,0.00000,0.00000,0.00000,0.00000,0.00000,0.00000,0.00000,0.00000,0.25500,0.25600,0.66400,0.62500,0.28000,0,0.00000,0.00000,0.00000,0.00000,0.00000
221,0.00000,0.00000,0.00000,0.00000,0.00000,0.00000,0.00000,0.00000,0.00000,0.00000,0.00000,0.00000,0.00000,0.00000,0.00000,0.00000,0.00000,0.00000,0.00000,0.00000,0.00000,0.00000,0.00000,0.00000,0.00000,0.00000,0.00000,0.00000,0.00000,0.00000,0.00000,0.00000,0.00000,0.00000,0.00000,0.00000,0.00000,0.00000,0.00000,0.00000,0.00000,0.00000,0.00000,0.00000,0.00000,0.00000,0.00000,0.00000,0.00000,0.00000,0.00000,0.00000,0.00000,0.00000,0.00000,0.00000,0.00000,0.00000,0.00000,0.00000,0.00000,0.00000,0.00000,0.00000,0.00000,0.00000,0.00000,0.00000,0.00000,0.00000,0.00000,0.00000,0.00000,0.00000,0.00000,0.00000,0.00000,0.00000,0.00000,0.00000,0.00000,0.00000,0.00000,0.00000,0.00000,0.00000,0.00000,0.00000,0.00000,0.00000,0.00000,0.00000,0.00000,0.00000,0.00000,0.00000,0.00000,0.00000,0.00000,0.00000,0.00000,0.00000,0.00000,0.00000,0.00000,0.00000,0.00000,0.00000,0.00000,0.00000,0.00000,0.00000,0.00000,0.00000,0.25500,0.25500,0.66400,0.62500,0.28000,0,0.00000,0.00000,0.00000,0.00000,0.00000
222,0.00000,0.00000,0.00000,0.00000,0.00000,0.00000,0.00000,0.00000,0.00000,0.00000,0.00000,0.00000,0.00000,0.00000,0.00000,0.00000,0.00000,0.00000,0.00000,0.00000,0.00000,0.00000,0.00000,0.00000,0.00000,0.00000,0.00000,0.00000,0.00000,0.00000,0.00000,0.00000,0.00000,0.00000,0.00000,0.00000,0.00000,0.00000,0.00000,0.00000,0.00000,0.00000,0.00000,0.00000,0.00000,0.00000,0.00000,0.00000,0.00000,0.00000,0.00000,0.00000,0.00000,0.00000,0.00000,0.00035,0.00000,0.00000,0.00596,0.11185,0.00000,0.00000,0.00000,0.02388,0.00000,0.00000,0.01185,0.01291,0.00000,0.00000,0.00000,0.16716,0.04475,0.00000,0.00000,0.01804,0.00000,0.00000,0.16663,0.00071,0.00000,0.00000,0.00000,0.00000,0.22217,0.00000,0.00000,0.00000,0.00000,0.12364,0.06492,0.00000,0.00000,0.00000,0.00000,0.00000,0.07288,0.14788,0.00000,0.00000,0.03272,0.15725,0.00000,0.00000,0.00000,0.00000,0.00000,0.00000,0.00000,0.17689,0.02246,0.00000,0.00000,0.00000,2.80800,1.26450,1.27200,4.70850,5.00000,0,0.00000,0.00000,0.00000,0.00000,0.00000
223,0.00000,0.00000,0.00000,0.00000,0.00000,0.00000,0.00000,0.00000,0.00000,0.00000,0.00000,0.00000,0.00000,0.00000,0.00000,0.00000,0.00000,0.00000,0.00000,0.00000,0.00000,0.00000,0.00000,0.00000,0.00000,0.00000,0.00000,0.00000,0.00000,0.00000,0.00000,0.00000,0.00000,0.00000,0.00000,0.00000,0.00000,0.00000,0.00000,0.00000,0.00000,0.00000,0.00000,0.00000,0.00000,0.00000,0.00000,0.00000,0.00000,0.00000,0.00000,0.00000,0.00000,0.00000,0.00000,0.00354,0.00000,0.00000,0.00625,0.11297,0.00000,0.00000,0.00000,0.02176,0.00000,0.00000,0.01203,0.01804,0.00000,0.00000,0.00000,0.16698,0.04475,0.00000,0.00000,0.01787,0.00000,0.00000,0.16804,0.00053,0.00000,0.00000,0.00000,0.00000,0.22182,0.00000,0.00000,0.00000,0.00000,0.11981,0.06221,0.00000,0.00000,0.00000,0.00000,0.00000,0.07288,0.14788,0.00000,0.00000,0.03290,0.15672,0.00000,0.00000,0.00000,0.00000,0.00000,0.00000,0.00000,0.17895,0.02465,0.00000,0.00000,0.00000,2.79400,2.28700,1.27100,3.83050,5.00000,0,0.00000,0.00000,0.00000,0.00000,0.00000
224,0.00000,0.00000,0.00000,0.00000,0.00000,0.00000,0.00000,0.00000,0.00000,0.00000,0.00000,0.00000,0.00000,0.00000,0.00000,0.00000,0.00000,0.00000,0.00000,0.00000,0.00000,0.00000,0.00000,0.00000,0.00000,0.00000,0.00000,0.00000,0.00000,0.00000,0.00000,0.00000,0.00000,0.00000,0.00000,0.00000,0.00000,0.00000,0.00000,0.00000,0.00000,0.00000,0.00000,0.00000,0.00000,0.00000,0.00000,0.00000,0.00000,0.00000,0.00000,0.00000,0.00000,0.00000,0.00000,0.00000,0.00000,0.00000,0.00572,0.10855,0.00000,0.00000,0.00000,0.02459,0.00000,0.00000,0.01044,0.01221,0.00000,0.00000,0.00000,0.16598,0.04186,0.00000,0.00000,0.01999,0.00000,0.00000,0.16008,0.00071,0.00000,0.00000,0.00000,0.00000,0.22040,0.00000,0.00000,0.00000,0.00000,0.12152,0.06580,0.00000,0.00000,0.00000,0.00000,0.00000,0.07288,0.14699,0.00000,0.00000,0.03078,0.15796,0.00000,0.00000,0.00000,0.00000,0.00000,0.00000,0.00000,0.17724,0.02123,0.00000,0.00000,0.00000,2.80400,2.29000,1.27200,4.68250,5.00000,0,0.00000,0.00000,0.00000,0.00000,0.00000
225,0.00000,0.00000,0.00000,0.00000,0.00000,0.00000,0.00000,0.00000,0.00000,0.00000,0.00000,0.00000,0.00000,0.00000,0.00000,0.00000,0.00000,0.00000,0.00000,0.00000,0.00000,0.00000,0.00000,0.00000,0.00000,0.00000,0.00000,0.00000,0.00000,0.00000,0.00000,0.00000,0.00000,0.00000,0.00000,0.00000,0.00000,0.00000,0.00000,0.00000,0.00000,0.00000,0.00000,0.00000,0.00000,0.00000,0.00000,0.00000,0.00000,0.00000,0.00000,0.00000,0.00000,0.00000,0.00000,0.00318,0.00000,0.00000,0.00436,0.10513,0.00000,0.00000,0.00000,0.01680,0.00000,0.00000,0.01061,0.01539,0.00000,0.00000,0.00000,0.16669,0.04186,0.00000,0.00000,0.01804,0.00000,0.00000,0.17370,0.00159,0.00000,0.00000,0.00000,0.00000,0.22164,0.00000,0.00000,0.00000,0.00000,0.12577,0.06686,0.00000,0.00000,0.00000,0.00000,0.00000,0.07376,0.14575,0.00000,0.00000,0.03308,0.15955,0.00000,0.00000,0.00000,0.00000,0.00000,0.00000,0.00000,0.17742,0.02246,0.00000,0.00000,0.00000,2.80800,1.25650,1.27200,4.69150,5.00000,0,0.00000,0.00000,0.00000,0.00000,0.00000
226,0.00000,0.00000,0.00000,0.00000,0.00000,0.00000,0.00000,0.00000,0.00000,0.00000,0.00000,0.00000,0.00000,0.00000,0.00000,0.00000,0.00000,0.00000,0.00000,0.00000,0.00000,0.00000,0.00000,0.00000,0.00000,0.00000,0.00000,0.00000,0.00000,0.00000,0.00000,0.00000,0.00000,0.00000,0.00000,0.00000,0.00000,0.00000,0.00000,0.00000,0.00000,0.00000,0.00000,0.00000,0.00000,0.00000,0.00000,0.00000,0.00000,0.00000,0.00000,0.00000,0.00000,0.00000,0.00000,0.00000,0.00000,0.00000,0.00489,0.10212,0.00000,0.00000,0.00000,0.02193,0.00000,0.00000,0.01185,0.01627,0.00000,0.00000,0.00000,0.16745,0.04251,0.00000,0.00000,0.01840,0.00000,0.00000,0.16787,0.00106,0.00000,0.00000,0.00000,0.00000,0.22146,0.00000,0.00000,0.00000,0.00000,0.12630,0.06562,0.00000,0.00000,0.00000,0.00000,0.00000,0.07394,0.14682,0.00000,0.00000,0.03302,0.16032,0.00000,0.00000,0.00000,0.00000,0.00000,0.00000,0.00000,0.17848,0.02335,0.00000,0.00000,0.00000,2.80800,2.29050,1.27200,3.56950,5.00000,0,0.00000,0.00000,0.00000,0.00000,0.00000
227,0.00000,0.00000,0.00000,0.00000,0.00000,0.00000,0.00000,0.00000,0.00000,0.00000,0.00000,0.00000,0.00000,0.00000,0.00000,0.00000,0.00000,0.00000,0.00000,0.00000,0.00000,0.00000,0.00000,0.00000,0.00000,0.00000,0.00000,0.00000,0.00000,0.00000,0.00000,0.00000,0.00000,0.00000,0.00000,0.00000,0.00000,0.00000,0.00000,0.00000,0.00000,0.00000,0.00000,0.00000,0.00000,0.00000,0.00000,0.00000,0.00000,0.00000,0.00000,0.00000,0.00000,0.00000,0.00000,0.00088,0.00000,0.00000,0.00643,0.10926,0.00000,0.00000,0.00000,0.02636,0.00000,0.00000,0.01079,0.01397,0.00000,0.00000,0.00000,0.16675,0.04269,0.00000,0.00000,0.01981,0.00000,0.00000,0.14805,0.00071,0.00000,0.00000,0.00000,0.00000,0.22093,0.00000,0.00000,0.00000,0.00000,0.10654,0.05814,0.00000,0.00000,0.00000,0.00000,0.00000,0.07376,0.14682,0.00000,0.00000,0.03396,0.15672,0.00000,0.00000,0.00000,0.00000,0.00000,0.00000,0.00000,0.18019,0.02429,0.00000,0.00000,0.00000,2.81300,1.26250,1.27300,3.84950,5.00000,0,0.00000,0.00000,0.00000,0.00000,0.00000
228,0.00000,0.00000,0.00000,0.00000,0.00000,0.00000,0.00000,0.00000,0.00000,0.00000,0.00000,0.00000,0.00000,0.00000,0.00000,0.00000,0.00000,0.00000,0.00000,0.00000,0.00000,0.00000,0.00000,0.00000,0.00000,0.00000,0.00000,0.00000,0.00000,0.00000,0.00000,0.00000,0.00000,0.00000,0.00000,0.00000,0.00000,0.00000,0.00000,0.00000,0.00000,0.00000,0.00000,0.00000,0.00000,0.00000,0.00000,0.00000,0.00000,0.00000,0.00000,0.00000,0.00000,0.00000,0.00000,0.00248,0.00000,0.00000,0.00489,0.10548,0.00000,0.00000,0.00000,0.02211,0.00000,0.00000,0.01167,0.01804,0.00000,0.00000,0.00000,0.16639,0.04375,0.00000,0.00000,0.01963,0.00000,0.00000,0.16716,0.00088,0.00000,0.00000,0.00000,0.00000,0.22288,0.00000,0.00000,0.00000,0.00000,0.12117,0.06527,0.00000,0.00000,0.00000,0.00000,0.00000,0.07358,0.14629,0.00000,0.00000,0.03337,0.15501,0.00000,0.00000,0.00000,0.00000,0.00000,0.00000,0.00000,0.17883,0.02423,0.00000,0.00000,0.00000,2.81400,1.26150,1.27300,4.69150,5.00000,0,0.00000,0.00000,0.00000,0.00000,0.00000
229,0.00000,0.00000,0.00000,0.00000,0.00000,0.00000,0.00000,0.00000,0.00000,0.00000,0.00000,0.00000,0.00000,0.00000,0.00000,0.00000,0.00000,0.00000,0.00000,0.00000,0.00000,0.00000,0.00000,0.00000,0.00000,0.00000,0.00000,0.00000,0.00000,0.00000,0.00000,0.00000,0.00000,0.00000,0.00000,0.00000,0.00000,0.00000,0.00000,0.00000,0.00000,0.00000,0.00000,0.00000,0.00000,0.00000,0.00000,0.00000,0.00000,0.00000,0.00000,0.00000,0.00000,0.00000,0.00000,0.00106,0.00000,0.00000,0.00554,0.10855,0.00000,0.00000,0.00000,0.02866,0.00000,0.00000,0.01114,0.01645,0.00000,0.00000,0.00000,0.16798,0.04410,0.00000,0.00000,0.01840,0.00000,0.00000,0.17246,0.00124,0.00000,0.00000,0.00000,0.00000,0.22129,0.00000,0.00000,0.00000,0.00000,0.12382,0.06527,0.00000,0.00000,0.00000,0.00000,0.00000,0.07341,0.14664,0.00000,0.00000,0.03255,0.15778,0.00000,0.00000,0.00000,0.00000,0.00000,0.00000,0.00000,0.17948,0.02465,0.00000,0.00000,0.00000,2.81400,1.26750,1.27400,4.72150,5.00000,0,0.00000,0.00000,0.00000,0.00000,0.00000
230,0.00000,0.00000,0.00000,0.00000,0.00000,0.00000,0.00000,0.00000,0.00000,0.00000,0.00000,0.00000,0.00000,0.00000,0.00000,0.00000,0.00000,0.00000,0.00000,0.00000,0.00000,0.00000,0.00000,0.00000,0.00000,0.00000,0.00000,0.00000,0.00000,0.00000,0.00000,0.00000,0.00000,0.00000,0.00000,0.00000,0.00000,0.00000,0.00000,0.00000,0.00000,0.00000,0.00000,0.00000,0.00000,0.00000,0.00000,0.00000,0.00000,0.00000,0.00000,0.00000,0.00000,0.00000,0.00000,0.00283,0.00000,0.00000,0.00643,0.10837,0.00000,0.00000,0.00000,0.01981,0.00000,0.00000,0.01203,0.01822,0.00000,0.00000,0.00000,0.16545,0.04452,0.00000,0.00000,0.01822,0.00000,0.00000,0.16946,0.00071,0.00000,0.00000,0.00000,0.00000,0.22129,0.00000,0.00000,0.00000,0.00000,0.12264,0.06592,0.00000,0.00000,0.00000,0.00000,0.00000,0.07341,0.14646,0.00000,0.00000,0.03325,0.15831,0.00000,0.00000,0.00000,0.00000,0.00000,0.00000,0.00000,0.17742,0.02264,0.00000,0.00000,0.00000,2.81200,2.28950,1.27300,4.81450,5.00000,0,0.00000,0.72307,0.00000,0.00000,0.00000
231,0.00000,0.00000,0.00000,0.00000,0.00000,0.00000,0.00000,0.00000,0.00000,0.00000,0.00000,0.00000,0.00000,0.00000,0.00000,0.00000,0.00000,0.00000,0.00000,0.00000,0.00000,0.00000,0.00000,0.00000,0.00000,0.00000,0.00000,0.00000,0.00000,0.00000,0.00000,0.00000,0.00000,0.00000,0.00000,0.00000,0.00000,0.00000,0.00000,0.00000,0.00000,0.00000,0.00000,0.00000,0.00000,0.00000,0.00000,0.00000,0.00000,0.00000,0.00000,0.00000,0.00000,0.00000,0.00000,0.00000,0.00000,0.00000,0.00590,0.11085,0.00000,0.00000,0.00000,0.01557,0.00000,0.00000,0.01008,0.01061,0.00000,0.00000,0.00000,0.16616,0.04399,0.00000,0.00000,0.01804,0.00000,0.00000,0.16875,0.00159,0.00000,0.00000,0.00000,0.00000,0.22093,0.00000,0.00000,0.00000,0.00000,0.11704,0.06303,0.00000,0.00000,0.00000,0.00000,0.00000,0.07305,0.14735,0.00000,0.00000,0.03184,0.15672,0.00000,0.00000,0.00000,0.00000,0.00000,0.00000,0.00000,0.17689,0.02158,0.00000,0.00000,0.72307,2.76000,1.26150,1.27000,4.75850,5.00000,0,0.00000,0.70138,0.00000,0.00000,0.00000
232,0.00000,0.00000,0.00000,0.00000,0.00000,0.00000,0.00000,0.00000,0.00000,0.00000,0.00000,0.00000,0.00000,0.00000,0.00000,0.00000,0.00000,0.00000,0.00000,0.00000,0.00000,0.00000,0.00000,0.00000,0.00000,0.00000,0.00000,0.00000,0.00000,0.00000,0.00000,0.00000,0.00000,0.00000,0.00000,0.00000,0.00000,0.00000,0.00000,0.00000,0.00000,0.00000,0.00000,0.00000,0.00000,0.00000,0.00000,0.00000,0.00000,0.00000,0.00000,0.00000,0.00000,0.00000,0.00000,0.00212,0.00000,0.00000,0.00366,0.09328,0.00000,0.00000,0.00000,0.00389,0.00000,0.00000,0.00884,0.02176,0.00000,0.00000,0.00000,0.18184,0.03414,0.00000,0.00000,0.01910,0.00000,0.00000,0.17848,0.00336,0.00000,0.00000,0.00000,0.00006,0.22229,0.00000,0.00000,0.00000,0.00000,0.11975,0.08190,0.00000,0.00000,0.00000,0.00000,0.00000,0.08013,0.13956,0.00000,0.00000,0.02636,0.16433,0.00000,0.00000,0.00000,0.00000,0.00000,0.00000,0.00000,0.18656,0.01916,0.00000,0.00000,0.70138,2.89800,1.25650,1.26300,5.00000,5.00000,0,0.00000,0.68692,0.00000,0.00000,0.00000
233,0.00000,0.00000,0.00000,0.00000,0.00000,0.00000,0.00000,0.00000,0.00000,0.00000,0.00000,0.00000,0.00000,0.00000,0.00000,0.00000,0.00000,0.00000,0.00000,0.00000,0.00000,0.00000,0.00000,0.00000,0.00000,0.00000,0.00000,0.00000,0.00000,0.00000,0.00000,0.00000,0.00000,0.00000,0.00000,0.00000,0.00000,0.00000,0.00000,0.00000,0.00000,0.00000,0.00000,0.00000,0.00000,0.00000,0.00000,0.00000,0.00000,0.00000,0.00000,0.00000,0.00000,0.00000,0.00000,0.00071,0.00000,0.00000,0.00572,0.10395,0.00000,0.00000,0.00000,0.00301,0.00000,0.00000,0.00018,0.01557,0.00000,0.00000,0.00000,0.18107,0.03703,0.00000,0.00000,0.02158,0.00000,0.00000,0.18131,0.00000,0.00000,0.00000,0.00000,0.00000,0.22146,0.00000,0.00000,0.00000,0.00000,0.11462,0.07535,0.00000,0.00000,0.00000,0.00000,0.00000,0.07394,0.14664,0.00000,0.00000,0.04357,0.16144,0.00000,0.00000,0.00000,0.00000,0.00000,0.00000,0.00000,0.18337,0.02730,0.00000,0.00000,0.68692,2.70500,2.25250,1.23850,5.00000,5.00000,0,0.00000,0.68692,0.00000,0.00000,0.00000
234,0.00000,0.00000,0.00000,0.00000,0.00000,0.00000,0.00000,0.00000,0.00000,0.00000,0.00000,0.00000,0.00000,0.00000,0.00000,0.00000,0.00000,0.00000,0.00000,0.00000,0.00000,0.00000,0.00000,0.00000,0.00000,0.00000,0.00000,0.00000,0.00000,0.00000,0.00000,0.00000,0.00000,0.00000,0.00000,0.00000,0.00000,0.00000,0.00000,0.00000,0.00000,0.00000,0.00000,0.00000,0.00000,0.00000,0.00000,0.00000,0.00000,0.00000,0.00000,0.00000,0.00000,0.00000,0.00000,0.00000,0.00000,0.00000,0.00230,0.09251,0.00000,0.00000,0.00000,0.00000,0.00000,0.00000,0.00000,0.00000,0.00000,0.00000,0.00000,0.17836,0.04133,0.00000,0.00000,0.01256,0.00000,0.00000,0.16344,0.00000,0.00000,0.00000,0.00000,0.00000,0.22093,0.00000,0.00000,0.00000,0.00000,0.13473,0.07913,0.00000,0.00000,0.00000,0.00000,0.00000,0.07146,0.14912,0.00000,0.00000,0.03886,0.15041,0.00000,0.00000,0.00000,0.00000,0.00000,0.00000,0.00000,0.16551,0.02960,0.00000,0.00000,0.68692,2.64700,2.23200,1.21450,5.00000,5.00000,0,0.00000,0.64354,0.00000,0.00000,0.00000
235,0.00000,0.00000,0.00000,0.00000,0.00000,0.00000,0.00000,0.00000,0.00000,0.00000,0.00000,0.00000,0.00000,0.00000,0.00000,0.00000,0.00000,0.00000,0.00000,0.00000,0.00000,0.00000,0.00000,0.00000,0.00000,0.00000,0.00000,0.00000,0.00000,0.00000,0.00000,0.00000,0.00000,0.00000,0.00000,0.00000,0.00000,0.00000,0.00000,0.00000,0.00000,0.00000,0.00000,0.00000,0.00000,0.00000,0.00000,0.00000,0.00000,0.00000,0.00000,0.00000,0.00000,0.00000,0.00000,0.00000,0.00000,0.00000,0.00000,0.11904,0.00000,0.00000,0.00000,0.00937,0.00000,0.00000,0.00000,0.00371,0.00000,0.00000,0.00000,0.17046,0.05083,0.00000,0.00000,0.01946,0.00000,0.00000,0.10790,0.00000,0.00000,0.00000,0.00000,0.00000,0.21527,0.00000,0.00000,0.00000,0.00000,0.11132,0.07229,0.00000,0.00000,0.00000,0.00000,0.00000,0.05926,0.16185,0.00000,0.00000,0.03119,0.11598,0.00000,0.00000,0.00000,0.00000,0.00000,0.00000,0.00000,0.15937,0.04351,0.00000,0.00000,0.64354,2.56650,1.18150,1.19200,2.25200,5.00000,0,0.00000,0.70861,0.00000,0.00000,0.00000
236,0.00000,0.00000,0.00000,0.00000,0.00000,0.00000,0.00000,0.00000,0.00000,0.00000,0.00000,0.00000,0.00000,0.00000,0.00000,0.00000,0.00000,0.00000,0.00000,0.00000,0.00000,0.00000,0.00000,0.00000,0.00000,0.00000,0.00000,0.00000,0.00000,0.00000,0.00000,0.00000,0.00000,0.00000,0.00000,0.00000,0.00000,0.00000,0.00000,0.00000,0.00000,0.00000,0.00000,0.00000,0.00000,0.00000,0.00000,0.00000,0.00000,0.00000,0.00000,0.00000,0.00000,0.00000,0.00000,0.00000,0.00000,0.00000,0.00000,0.11798,0.00000,0.00000,0.00000,0.03821,0.00000,0.00000,0.00000,0.02830,0.00000,0.00000,0.00000,0.15112,0.06415,0.00000,0.00000,0.01061,0.00000,0.00000,0.05519,0.00000,0.00000,0.00000,0.00000,0.00000,0.22075,0.00000,0.00000,0.00000,0.00000,0.12282,0.07919,0.00000,0.00000,0.00000,0.00000,0.00000,0.04281,0.17866,0.00000,0.00000,0.04210,0.14646,0.00000,0.00000,0.00000,0.00000,0.00000,0.00000,0.00000,0.14363,0.05448,0.00000,0.00000,0.70861,2.57300,2.19500,1.16950,2.22000,5.00000,0,0.00000,0.76644,0.00000,0.00000,0.00000
237,0.00000,0.00000,0.00000,0.00000,0.00000,0.00000,0.00000,0.00000,0.00000,0.00000,0.00000,0.00000,0.00000,0.00000,0.00000,0.00000,0.00000,0.00000,0.00000,0.00000,0.00000,0.00000,0.00000,0.00000,0.00000,0.00000,0.00000,0.00000,0.00000,0.00000,0.00000,0.00000,0.00000,0.00000,0.00000,0.00000,0.00000,0.00000,0.00000,0.00000,0.00000,0.00000,0.00000,0.00000,0.00000,0.00000,0.00000,0.00000,0.00000,0.00000,0.00000,0.00000,0.00000,0.00000,0.00000,0.00000,0.00000,0.00000,0.00094,0.12217,0.00000,0.00000,0.00000,0.04210,0.00000,0.00000,0.02034,0.05024,0.00000,0.00000,0.00000,0.14864,0.06698,0.00000,0.00000,0.01044,0.00000,0.00000,0.13673,0.00000,0.00000,0.00000,0.00000,0.00000,0.21881,0.00000,0.00000,0.00000,0.00000,0.12182,0.07930,0.00000,0.00000,0.00000,0.00000,0.00000,0.03644,0.18308,0.00000,0.00000,0.04334,0.15725,0.00000,0.00000,0.00000,0.00000,0.00000,0.00000,0.00000,0.13909,0.05478,0.00000,0.00000,0.76644,2.50700,2.17100,1.15550,2.19800,5.00000,0,0.00000,0.91463,0.00000,0.00000,0.00000
238,0.00000,0.00000,0.00000,0.00000,0.00000,0.00000,0.00000,0.00000,0.00000,0.00000,0.00000,0.00000,0.00000,0.00000,0.00000,0.00000,0.00000,0.00000,0.00000,0.00000,0.00000,0.00000,0.00000,0.00000,0.00000,0.00000,0.00000,0.00000,0.00000,0.00000,0.00000,0.00000,0.00000,0.00000,0.00000,0.00000,0.00000,0.00000,0.00000,0.00000,0.00000,0.00000,0.00000,0.00000,0.00000,0.00000,0.00000,0.00000,0.00000,0.00000,0.00000,0.00000,0.00000,0.00000,0.00000,0.00000,0.00000,0.00000,0.00000,0.10949,0.00000,0.00000,0.00000,0.04175,0.00000,0.00000,0.00867,0.02866,0.00000,0.00000,0.00000,0.14275,0.07358,0.00000,0.00000,0.01026,0.00000,0.00000,0.06403,0.00000,0.00000,0.00000,0.00000,0.00000,0.20307,0.00000,0.00000,0.00000,0.00000,0.13048,0.08337,0.00000,0.00000,0.00000,0.00000,0.00000,0.03591,0.18644,0.00000,0.00000,0.03779,0.15837,0.00000,0.00000,0.00000,0.00000,0.00000,0.00000,0.00000,0.13697,0.05548,0.00000,0.00000,0.91463,2.51400,2.16300,1.13850,2.17400,5.00000,0,0.00000,0.91463,0.00000,0.00000,0.00000
239,0.00000,0.00000,0.00000,0.00000,0.00000,0.00000,0.00000,0.00000,0.00000,0.00000,0.00000,0.00000,0.00000,0.00000,0.00000,0.00000,0.00000,0.00000,0.00000,0.00000,0.00000,0.00000,0.00000,0.00000,0.00000,0.00000,0.00000,0.00000,0.00000,0.00000,0.00000,0.00000,0.00000,0.00000,0.00000,0.00000,0.00000,0.00000,0.00000,0.00000,0.00000,0.00000,0.00000,0.00000,0.00000,0.00000,0.00000,0.00000,0.00000,0.00000,0.00000,0.00000,0.00000,0.00000,0.00000,0.00000,0.00000,0.00000,0.00000,0.09145,0.00000,0.00000,0.00000,0.03927,0.00000,0.00000,0.00884,0.06333,0.00000,0.00000,0.00000,0.14605,0.06993,0.00000,0.00000,0.01309,0.00000,0.00000,0.06386,0.00018,0.00000,0.00000,0.00000,0.00000,0.16751,0.00000,0.00000,0.00000,0.00000,0.11798,0.04422,0.00000,0.00000,0.00000,0.00000,0.00000,0.03998,0.18272,0.00000,0.00000,0.03838,0.15831,0.00000,0.00000,0.00000,0.00000,0.00000,0.00000,0.00000,0.14116,0.05430,0.00000,0.00000,0.91463,2.67500,1.08750,1.09800,2.14000,5.00000,0,0.00000,0.91463,0.00000,0.00000,0.00000
240,0.00000,0.00000,0.00000,0.00000,0.00000,0.00000,0.00000,0.00000,0.00000,0.00000,0.00000,0.00000,0.00000,0.00000,0.00000,0.00000,0.00000,0.00000,0.00000,0.00000,0.00000,0.00000,0.00000,0.00000,0.00000,0.00000,0.00000,0.00000,0.00000,0.00000,0.00000,0.00000,0.00000,0.00000,0.00000,0.00000,0.00000,0.00000,0.00000,0.00000,0.00000,0.00000,0.00000,0.00000,0.00000,0.00000,0.00000,0.00000,0.00000,0.00000,0.00000,0.00000,0.00000,0.00000,0.00000,0.00000,0.00000,0.00000,0.00000,0.06899,0.00000,0.00000,0.00000,0.03237,0.00000,0.00000,0.00000,0.05731,0.00000,0.00000,0.00000,0.14652,0.07211,0.00000,0.00000,0.01893,0.00000,0.00000,0.11692,0.00000,0.00000,0.00000,0.00000,0.00000,0.18414,0.00000,0.00000,0.00000,0.00000,0.00000,0.00000,0.00000,0.00000,0.00000,0.00000,0.00000,0.00000,0.07995,0.00000,0.00000,0.01197,0.07205,0.00000,0.00000,0.00000,0.00000,0.00000,0.00000,0.00000,0.11433,0.02559,0.00000,0.00000,0.91463,2.73000,1.05550,1.06700,2.10600,5.00000,0,0.00000,0.80259,0.00000,0.00000,0.00000
241,0.00000,0.00000,0.00000,0.00000,0.00000,0.00000,0.00000,0.00000,0.00000,0.00000,0.00000,0.00000,0.00000,0.00000,0.00000,0.00000,0.00000,0.00000,0.00000,0.00000,0.00000,0.00000,0.00000,0.00000,0.00000,0.00000,0.00000,0.00000,0.00000,0.00000,0.00000,0.00000,0.00000,0.00000,0.00000,0.00000,0.00000,0.00000,0.00000,0.00000,0.00000,0.00000,0.00000,0.00000,0.00000,0.00000,0.00000,0.00000,0.00000,0.00000,0.00000,0.00000,0.00743,0.00000,0.00000,0.00000,0.00000,0.00000,0.00000,0.09711,0.00000,0.00000,0.00000,0.03060,0.03502,0.00000,0.00000,0.05183,0.00000,0.00000,0.00000,0.14216,0.08426,0.00000,0.00000,0.01893,0.00000,0.00000,0.13355,0.01928,0.00584,0.00000,0.00000,0.00000,0.22005,0.00000,0.00000,0.00000,0.00000,0.05513,0.08249,0.00000,0.00000,0.00000,0.00000,0.00000,0.03149,0.12117,0.00000,0.00000,0.00000,0.00000,0.00000,0.00000,0.00000,0.00000,0.00000,0.00000,0.00000,0.00000,0.00000,0.00000,0.00000,0.80259,2.71300,1.97100,0.95100,5.00000,5.00000,0,0.00000,0.74475,0.00000,0.00000,0.00000
242,0.00000,0.00000,0.00000,0.00000,0.00000,0.00000,0.00000,0.00000,0.00000,0.00000,0.00000,0.00000,0.00000,0.00000,0.00000,0.00000,0.00000,0.00000,0.00000,0.00000,0.00000,0.00000,0.00000,0.00000,0.00000,0.00000,0.00000,0.00000,0.00000,0.00000,0.00000,0.00000,0.00000,0.00000,0.00000,0.00000,0.00000,0.00000,0.00000,0.00000,0.00000,0.00000,0.00000,0.00000,0.00000,0.00000,0.00000,0.00000,0.00000,0.00000,0.00000,0.00000,0.00425,0.00000,0.00000,0.00000,0.00000,0.00000,0.01073,0.16226,0.00000,0.00000,0.00000,0.00548,0.03838,0.00000,0.00000,0.11940,0.00000,0.00000,0.00000,0.14870,0.07187,0.00000,0.00000,0.01344,0.00000,0.00000,0.11869,0.02954,0.00000,0.00000,0.00000,0.00000,0.21633,0.00000,0.00000,0.00000,0.00000,0.10071,0.10342,0.00000,0.00000,0.00000,0.00000,0.00000,0.03573,0.18343,0.00000,0.00000,0.02942,0.17117,0.00000,0.00000,0.00000,0.00000,0.00000,0.00000,0.00000,0.13561,0.05401,0.00000,0.00000,0.74475,2.82900,1.89200,0.86900,5.00000,5.00000,0,0.12094,0.74475,0.00000,0.00000,0.00000
243,0.00000,0.00000,0.00000,0.00000,0.00000,0.00000,0.00000,0.00000,0.00000,0.00000,0.00000,0.00000,0.00000,0.00000,0.00000,0.00000,0.00000,0.00000,0.00000,0.00000,0.00000,0.00000,0.00000,0.00000,0.00000,0.00000,0.00000,0.00000,0.00000,0.00000,0.00000,0.00000,0.00000,0.00000,0.00000,0.00000,0.00000,0.00000,0.00000,0.00000,0.00000,0.00000,0.00000,0.00000,0.00000,0.00000,0.00000,0.00000,0.00000,0.00000,0.00000,0.00000,0.00000,0.00000,0.00000,0.00000,0.00000,0.00000,0.00000,0.03679,0.00000,0.00000,0.00000,0.05625,0.02070,0.00000,0.00000,0.06563,0.00000,0.00000,0.00000,0.10425,0.10448,0.00000,0.00000,0.01079,0.00000,0.00000,0.14239,0.03803,0.00000,0.00000,0.00000,0.00000,0.17335,0.00000,0.00000,0.00000,0.00000,0.03255,0.08827,0.00000,0.00000,0.00000,0.00000,0.00000,0.00000,0.08048,0.00000,0.00000,0.00336,0.20466,0.00000,0.00000,0.00000,0.00000,0.00000,0.00000,0.00000,0.08644,0.05843,0.00000,0.12094,0.74475,2.40650,0.81450,0.79400,1.93200,5.00000,0,0.00000,0.77367,0.00000,0.00000,0.00000
244,0.00000,0.00000,0.00000,0.00000,0.00000,0.00000,0.00000,0.00000,0.00000,0.00000,0.00000,0.00000,0.00000,0.00000,0.00000,0.00000,0.00000,0.00000,0.00000,0.00000,0.00000,0.00000,0.00000,0.00000,0.00000,0.00000,0.00000,0.00000,0.00000,0.00000,0.00000,0.00000,0.00000,0.00000,0.00000,0.00000,0.00000,0.00000,0.00000,0.00000,0.00000,0.00000,0.00000,0.00000,0.00000,0.00000,0.00000,0.00000,0.00000,0.00000,0.00000,0.00000,0.00000,0.00000,0.00000,0.00000,0.00000,0.00000,0.00000,0.05254,0.00000,0.00000,0.00000,0.03202,0.00035,0.00000,0.00000,0.05855,0.00000,0.00000,0.00000,0.13355,0.10366,0.00000,0.00000,0.02034,0.00000,0.00000,0.14487,0.01875,0.00000,0.00000,0.00000,0.00000,0.21456,0.00124,0.00000,0.00000,0.00000,0.00053,0.05094,0.00000,0.00000,0.00000,0.00000,0.00000,0.02193,0.03909,0.00000,0.00000,0.00000,0.00088,0.00000,0.00000,0.00000,0.00000,0.00000,0.00000,0.00000,0.00000,0.00000,0.00000,0.00000,0.77367,2.31350,0.77000,0.75800,1.79900,5.00000,0,0.00000,0.77367,0.00000,0.00000,0.00000
245,0.00000,0.00000,0.00000,0.00000,0.00000,0.00000,0.00000,0.00000,0.00000,0.00000,0.00000,0.00000,0.00000,0.00000,0.00000,0.00000,0.00000,0.00000,0.00000,0.00000,0.00000,0.00000,0.00000,0.00000,0.00000,0.00000,0.00000,0.00000,0.00000,0.00000,0.00000,0.00000,0.00000,0.00000,0.00000,0.00000,0.00000,0.00000,0.00000,0.00000,0.00000,0.00000,0.00000,0.00000,0.00000,0.00000,0.00000,0.00000,0.00000,0.00000,0.00000,0.00000,0.00000,0.00000,0.00000,0.00000,0.00000,0.00000,0.00000,0.04263,0.00000,0.00000,0.00000,0.03131,0.00000,0.00000,0.00159,0.09888,0.00000,0.00000,0.00000,0.11846,0.07382,0.00000,0.00000,0.01875,0.00000,0.00000,0.13496,0.01097,0.00000,0.00000,0.00000,0.00000,0.22005,0.00000,0.00000,0.00000,0.00000,0.10996,0.09045,0.00000,0.00000,0.00000,0.00000,0.00000,0.04298,0.17724,0.00000,0.00000,0.00000,0.13284,0.00000,0.00000,0.00000,0.00000,0.00000,0.00000,0.00000,0.05519,0.00000,0.00000,0.00000,0.77367,2.42250,0.69400,0.68600,1.73400,5.00000,0,0.90000,0.78090,0.00000,0.00000,0.00000
246,0.00000,0.00000,0.00000,0.00000,0.00000,0.00000,0.00000,0.00000,0.00000,0.00000,0.00000,0.00000,0.00000,0.00000,0.00000,0.00000,0.00000,0.00000,0.00000,0.00000,0.00000,0.00000,0.00000,0.00000,0.00000,0.00000,0.00000,0.00000,0.00000,0.00000,0.00000,0.00000,0.00000,0.00000,0.00000,0.00000,0.00000,0.00000,0.00000,0.00000,0.00000,0.00000,0.00000,0.00000,0.00000,0.00000,0.00000,0.00000,0.00000,0.00000,0.00000,0.00000,0.00000,0.00000,0.00000,0.00000,0.00000,0.00000,0.00000,0.00230,0.00000,0.00000,0.00000,0.03042,0.00000,0.00000,0.00814,0.07341,0.00000,0.00000,0.00000,0.06421,0.00000,0.00000,0.00000,0.01963,0.00000,0.00000,0.13603,0.00371,0.00000,0.00000,0.00000,0.00000,0.19599,0.00000,0.00000,0.00000,0.00000,0.12583,0.07583,0.00000,0.00000,0.00000,0.00000,0.00000,0.06173,0.15743,0.00000,0.00000,0.04233,0.12482,0.00000,0.00000,0.00000,0.00000,0.00000,0.00000,0.00000,0.16663,0.04104,0.00000,0.90000,0.78090,2.46450,0.65900,0.65100,1.70200,5.00000,0,0.90000,0.78813,0.00000,0.00000,0.00000
247,0.00000,0.00000,0.00000,0.00000,0.00000,0.00000,0.00000,0.00000,0.00000,0.00000,0.00000,0.00000,0.00000,0.00000,0.00000,0.00000,0.00000,0.00000,0.00000,0.00000,0.00000,0.00000,0.00000,0.00000,0.00000,0.00000,0.00000,0.00000,0.00000,0.00000,0.00000,0.00000,0.00000,0.00000,0.00000,0.00000,0.00000,0.00000,0.00000,0.00000,0.00000,0.00000,0.00000,0.00000,0.00000,0.00000,0.00000,0.00000,0.00000,0.00000,0.00000,0.00000,0.00000,0.00000,0.00000,0.00000,0.00000,0.00000,0.00000,0.00000,0.00000,0.00000,0.00000,0.02300,0.00000,0.00000,0.00425,0.01167,0.00000,0.00000,0.00000,0.01645,0.00000,0.00000,0.00000,0.02193,0.00000,0.00000,0.13797,0.00000,0.00000,0.00000,0.00000,0.00000,0.08880,0.00000,0.00000,0.00000,0.00000,0.11904,0.00566,0.00000,0.00000,0.00000,0.00000,0.00000,0.08119,0.13833,0.00000,0.00000,0.05749,0.12506,0.00000,0.00000,0.00000,0.00000,0.00000,0.00000,0.00000,0.18479,0.01739,0.00000,0.90000,0.78813,1.92850,0.59300,0.61700,1.74150,5.00000,0,0.90000,0.78813,0.00000,0.00000,0.00000
248,0.00000,0.00000,0.00000,0.00000,0.00000,0.00000,0.00000,0.00000,0.00000,0.00000,0.00000,0.00000,0.00000,0.00000,0.00000,0.00000,0.00000,0.00000,0.00000,0.00000,0.00000,0.00000,0.00000,0.00000,0.00000,0.00000,0.00000,0.00000,0.00000,0.00000,0.00000,0.00000,0.00000,0.00000,0.00000,0.00000,0.00000,0.00000,0.00000,0.00000,0.00000,0.00000,0.00000,0.00000,0.00000,0.00000,0.00000,0.00000,0.00000,0.00000,0.00000,0.00000,0.00000,0.00000,0.00000,0.00000,0.00000,0.00000,0.00000,0.00000,0.00000,0.00000,0.00083,0.00289,0.00000,0.00006,0.04204,0.00000,0.00000,0.00000,0.00000,0.00000,0.00000,0.00000,0.00083,0.11875,0.00000,0.13644,0.02152,0.00000,0.00000,0.00000,0.00000,0.01828,0.00525,0.00000,0.00000,0.00000,0.00000,0.01910,0.00000,0.00000,0.00000,0.00000,0.00000,0.00295,0.20737,0.00000,0.00000,0.00000,0.10631,0.00000,0.00000,0.00000,0.00000,0.00000,0.00000,0.00000,0.08544,0.09393,0.00000,0.00000,0.90000,0.78813,1.57550,0.55800,0.58700,3.42550,5.00000,0,0.90000,0.78813,0.00000,0.00000,0.00000
249,0.00000,0.00000,0.00000,0.00000,0.00000,0.00000,0.00000,0.00000,0.00000,0.00000,0.00000,0.00000,0.00000,0.00000,0.00000,0.00000,0.00000,0.00000,0.00000,0.00000,0.00000,0.00000,0.00000,0.00000,0.00000,0.00000,0.00000,0.00000,0.00000,0.00000,0.00000,0.00000,0.00000,0.00000,0.00000,0.00000,0.00000,0.00000,0.00000,0.00000,0.00000,0.00000,0.00000,0.00000,0.00000,0.00000,0.00000,0.00000,0.00000,0.00000,0.00000,0.00000,0.00000,0.00000,0.00000,0.00000,0.00000,0.00000,0.00000,0.00000,0.00000,0.00000,0.00000,0.00000,0.00000,0.00000,0.00000,0.00000,0.00000,0.00973,0.07182,0.00000,0.00000,0.00000,0.09216,0.15071,0.16097,0.00000,0.00000,0.00000,0.00000,0.00000,0.00000,0.00000,0.00000,0.00000,0.00000,0.00000,0.00000,0.00000,0.00000,0.00000,0.00000,0.00000,0.00000,0.02866,0.00000,0.00000,0.00000,0.00000,0.00000,0.00000,0.00000,0.00000,0.00000,0.00000,0.00000,0.08785,0.05825,0.00000,0.00000,0.00000,0.90000,0.78813,0.51000,0.51300,1.52350,3.59950,5.00000,0,0.90000,0.78813,0.00000,0.00000,0.00000
250,0.00000,0.00000,0.00000,0.00000,0.00000,0.00000,0.00000,0.00000,0.00000,0.00000,0.00000,0.00000,0.00000,0.00000,0.00000,0.00000,0.00000,0.00000,0.00000,0.00000,0.00000,0.00000,0.00000,0.00000,0.00000,0.00000,0.00000,0.00000,0.00000,0.00000,0.00000,0.00000,0.00000,0.00000,0.00000,0.00000,0.00000,0.00000,0.00000,0.00000,0.00000,0.00000,0.00000,0.00000,0.00000,0.00000,0.00000,0.00000,0.00000,0.00000,0.00000,0.00000,0.00000,0.00000,0.00000,0.00000,0.00000,0.00000,0.00000,0.00000,0.00283,0.00212,0.00000,0.00000,0.00000,0.00000,0.00000,0.00000,0.00047,0.00678,0.00000,0.00000,0.00195,0.09794,0.12695,0.03461,0.00000,0.00000,0.00000,0.00000,0.00000,0.06686,0.00000,0.00000,0.00000,0.00000,0.00000,0.12187,0.00000,0.00000,0.00000,0.00000,0.00000,0.00000,0.00000,0.00000,0.00000,0.00000,0.00000,0.00000,0.00000,0.00000,0.00000,0.00000,0.00000,0.00000,0.00000,0.00000,0.00000,0.00000,0.00000,0.00000,0.90000,0.78813,0.45500,0.47200,2.46850,4.30750,5.00000,0,0.00000,0.78813,0.00000,0.00000,0.00000
251,0.00000,0.00000,0.00000,0.00000,0.00000,0.00000,0.00000,0.00000,0.00000,0.00000,0.00000,0.00000,0.00000,0.00000,0.00000,0.00000,0.00000,0.00000,0.00000,0.00000,0.00000,0.00000,0.00000,0.00000,0.00000,0.00000,0.00000,0.00000,0.00000,0.00000,0.00000,0.00000,0.00000,0.00000,0.00000,0.00000,0.00000,0.00000,0.00000,0.00000,0.00000,0.00000,0.00000,0.00000,0.00000,0.00000,0.00000,0.00000,0.00000,0.00000,0.00000,0.00000,0.00000,0.00000,0.00000,0.00000,0.00000,0.00000,0.00000,0.00000,0.00371,0.00000,0.00000,0.00000,0.00000,0.00000,0.00000,0.00000,0.00849,0.00000,0.00000,0.00000,0.08066,0.13261,0.06798,0.00000,0.00000,0.00000,0.00000,0.00000,0.13567,0.00000,0.00000,0.00000,0.00000,0.00000,0.06993,0.15702,0.00000,0.00000,0.00000,0.00000,0.00442,0.00000,0.00000,0.00000,0.00000,0.00000,0.00000,0.00000,0.00000,0.00000,0.00000,0.00000,0.00000,0.00000,0.00000,0.00000,0.00000,0.00000,0.00000,0.00000,0.00000,0.78813,0.42100,1.43400,2.46450,3.68250,2.68150,0,0.00000,0.78813,0.00000,0.00000,0.00000
252,0.00000,0.00000,0.00000,0.00000,0.00000,0.00000,0.00000,0.00000,0.00000,0.00000,0.00000,0.00000,0.00000,0.00000,0.00000,0.00000,0.00000,0.00000,0.00000,0.00000,0.00000,0.00000,0.00000,0.00000,0.00000,0.00000,0.00000,0.00000,0.00000,0.00000,0.00000,0.00000,0.00000,0.00000,0.00000,0.00000,0.00000,0.00000,0.00000,0.00000,0.00000,0.00000,0.00000,0.00000,0.00000,0.00000,0.00000,0.00000,0.00000,0.00000,0.00000,0.00000,0.00000,0.00000,0.00000,0.00000,0.00000,0.00000,0.00000,0.00318,0.00000,0.00000,0.00000,0.00000,0.00000,0.00000,0.00000,0.00000,0.00000,0.00000,0.00000,0.03325,0.12807,0.11215,0.00000,0.00000,0.00000,0.00000,0.00000,0.02600,0.00000,0.00000,0.00000,0.00000,0.00000,0.02547,0.13715,0.16073,0.00000,0.00000,0.00000,0.07081,0.00206,0.00000,0.00000,0.00000,0.00000,0.00000,0.00000,0.00088,0.00000,0.00000,0.00000,0.00000,0.00000,0.00000,0.00000,0.00000,0.00000,0.00000,0.00000,0.00000,0.00000,0.78813,0.40200,1.40200,2.57050,3.61000,3.35350,0,0.00000,0.80259,0.00000,0.00000,0.00000
253,0.00000,0.00000,0.00000,0.00000,0.00000,0.00000,0.00000,0.00000,0.00000,0.00000,0.00000,0.00000,0.00000,0.00000,0.00000,0.00000,0.00000,0.00000,0.00000,0.00000,0.00000,0.00000,0.00000,0.00000,0.00000,0.00000,0.00000,0.00000,0.00000,0.00000,0.00000,0.00000,0.00000,0.00000,0.00000,0.00000,0.00000,0.00000,0.00000,0.00000,0.00000,0.00000,0.00000,0.00000,0.00000,0.00000,0.00000,0.00000,0.00000,0.00000,0.00000,0.00000,0.00000,0.00000,0.00000,0.00000,0.00000,0.00000,0.00041,0.00083,0.00000,0.00000,0.00000,0.00000,0.00000,0.00000,0.00000,0.00000,0.00000,0.00000,0.00041,0.08384,0.13261,0.04228,0.00000,0.00000,0.00000,0.00000,0.00000,0.00000,0.00000,0.00000,0.00000,0.00000,0.00000,0.10088,0.13066,0.08331,0.00000,0.00000,0.00000,0.00000,0.00000,0.00000,0.00000,0.00000,0.00000,0.00000,0.00000,0.05961,0.00000,0.00000,0.00000,0.00000,0.00000,0.00000,0.00000,0.00000,0.00000,0.00000,0.00000,0.00000,0.00000,0.80259,0.37700,1.37300,2.70050,4.46350,2.64450,0,0.00000,0.80982,0.00000,0.00000,0.00000
254,0.00000,0.00000,0.00000,0.00000,0.00000,0.00000,0.00000,0.00000,0.00000,0.00000,0.00000,0.00000,0.00000,0.00000,0.00000,0.00000,0.00000,0.00000,0.00000,0.00000,0.00000,0.00000,0.00000,0.00000,0.00000,0.00000,0.00000,0.00000,0.00000,0.00000,0.00000,0.00000,0.00000,0.00000,0.00000,0.00000,0.00000,0.00000,0.00000,0.00000,0.00000,0.00000,0.00000,0.00000,0.00000,0.00000,0.00000,0.00000,0.00000,0.00000,0.00000,0.00000,0.00000,0.00000,0.00000,0.00000,0.00000,0.00000,0.00177,0.00000,0.00000,0.00000,0.00000,0.00000,0.00000,0.00000,0.00000,0.00000,0.00000,0.00000,0.01533,0.12081,0.13290,0.00195,0.00000,0.00000,0.00000,0.00000,0.00000,0.00000,0.00000,0.00000,0.00000,0.00000,0.00796,0.12877,0.12807,0.02742,0.00000,0.00000,0.00000,0.00000,0.00000,0.00000,0.00000,0.00000,0.00000,0.00000,0.00000,0.13037,0.00000,0.00000,0.00000,0.00000,0.00000,0.00000,0.00000,0.00000,0.00000,0.00000,0.00000,0.00000,0.00000,0.80982,0.36200,1.37400,2.81150,4.37650,2.62150,0,0.00000,0.82428,0.00000,0.00000,0.00000
255,0.00000,0.00000,0.00000,0.00000,0.00000,0.00000,0.00000,0.00000,0.00000,0.00000,0.00000,0.00000,0.00000,0.00000,0.00000,0.00000,0.00000,0.00000,0.00000,0.00000,0.00000,0.00000,0.00000,0.00000,0.00000,0.00000,0.00000,0.00000,0.00000,0.00000,0.00000,0.00000,0.00000,0.00000,0.00000,0.00000,0.00000,0.00000,0.00000,0.00000,0.00000,0.00000,0.00000,0.00000,0.00000,0.00000,0.00000,0.00000,0.00000,0.00000,0.00000,0.00000,0.00000,0.00000,0.00000,0.00000,0.00000,0.00124,0.02158,0.00000,0.00000,0.00000,0.00000,0.00000,0.00000,0.00000,0.00000,0.00000,0.00000,0.00000,0.10189,0.13473,0.04534,0.00000,0.00000,0.00000,0.00000,0.00000,0.00000,0.00000,0.00000,0.00000,0.00000,0.00000,0.08632,0.09357,0.03732,0.00000,0.00000,0.00000,0.00000,0.00000,0.00000,0.00000,0.00000,0.00000,0.00000,0.00000,0.05083,0.14923,0.00000,0.00000,0.00000,0.00000,0.00000,0.00000,0.00000,0.00000,0.00000,0.00000,0.00000,0.00000,0.00000,0.82428,0.33400,1.33400,2.87250,4.47350,2.59050,0,0.00000,0.82428,0.00000,0.00000,0.00000
256,0.00000,0.00000,0.00000,0.00000,0.00000,0.00000,0.00000,0.00000,0.00000,0.00000,0.00000,0.00000,0.00000,0.00000,0.00000,0.00000,0.00000,0.00000,0.00000,0.00000,0.00000,0.00000,0.00000,0.00000,0.00000,0.00000,0.00000,0.00000,0.00000,0.00000,0.00000,0.00000,0.00000,0.00000,0.00000,0.00000,0.00000,0.00000,0.00000,0.00000,0.00000,0.00000,0.00000,0.00000,0.00000,0.00000,0.00000,0.00000,0.00000,0.00000,0.00000,0.00000,0.00000,0.00000,0.00000,0.00000,0.00000,0.00053,0.00000,0.00000,0.00000,0.00000,0.00000,0.00000,0.00000,0.00000,0.00000,0.00000,0.00000,0.02512,0.14133,0.09906,0.00000,0.00000,0.00000,0.00000,0.00000,0.00000,0.00000,0.00000,0.00000,0.00000,0.00000,0.05259,0.14764,0.07217,0.00000,0.00000,0.00000,0.00000,0.00000,0.00000,0.00000,0.00000,0.00000,0.00000,0.00000,0.03620,0.11846,0.12323,0.00000,0.00000,0.00000,0.00000,0.00000,0.00000,0.00000,0.00000,0.00000,0.00000,0.00000,0.03662,0.00000,0.82428,1.22600,1.30000,3.18550,4.45400,2.57350,0,0.00000,0.82428,0.00000,0.00000,0.00000
257,0.00000,0.00000,0.00000,0.00000,0.00000,0.00000,0.00000,0.00000,0.00000,0.00000,0.00000,0.00000,0.00000,0.00000,0.00000,0.00000,0.00000,0.00000,0.00000,0.00000,0.00000,0.00000,0.00000,0.00000,0.00000,0.00000,0.00000,0.00000,0.00000,0.00000,0.00000,0.00000,0.00000,0.00000,0.00000,0.00000,0.00000,0.00000,0.00000,0.00000,0.00000,0.00000,0.00000,0.00000,0.00000,0.00000,0.00000,0.00000,0.00000,0.00000,0.00000,0.00000,0.00000,0.00000,0.00000,0.00000,0.00071,0.00407,0.00000,0.00000,0.00000,0.00000,0.00000,0.00000,0.00000,0.00000,0.00000,0.00000,0.00000,0.08915,0.15189,0.01350,0.00000,0.00000,0.00000,0.00000,0.00000,0.00000,0.00000,0.00000,0.00000,0.00000,0.00059,0.12541,0.12058,0.00371,0.00000,0.00000,0.00000,0.00000,0.00000,0.00000,0.00000,0.00000,0.00000,0.00000,0.00248,0.10902,0.08880,0.00702,0.00000,0.00000,0.00000,0.00000,0.00000,0.00000,0.00000,0.00000,0.00000,0.00000,0.00619,0.14876,0.00000,0.82428,1.22000,1.29050,3.30850,5.00000,2.53950,0,-0.90000,0.84597,0.00000,0.00000,0.00000
258,0.00000,0.00000,0.00000,0.00000,0.00000,0.00000,0.00000,0.00000,0.00000,0.00000,0.00000,0.00000,0.00000,0.00000,0.00000,0.00000,0.00000,0.00000,0.00000,0.00000,0.00000,0.00000,0.00000,0.00000,0.00000,0.00000,0.00000,0.00000,0.00000,0.00000,0.00000,0.00000,0.00000,0.00000,0.00000,0.00000,0.00000,0.00000,0.00000,0.00000,0.00000,0.00000,0.00000,0.00000,0.00000,0.00000,0.00000,0.00000,0.00000,0.00000,0.00000,0.00000,0.00000,0.00000,0.00000,0.00000,0.03644,0.00000,0.00000,0.00000,0.00000,0.00000,0.00000,0.00000,0.00000,0.00000,0.00000,0.00000,0.07176,0.15377,0.04847,0.00000,0.00000,0.00000,0.00000,0.00000,0.00000,0.00000,0.00000,0.00000,0.00000,0.00000,0.09894,0.12742,0.01899,0.00000,0.00000,0.00000,0.00000,0.00000,0.00000,0.00000,0.00000,0.00000,0.00000,0.00000,0.11869,0.08349,0.00106,0.00000,0.00000,0.00000,0.00000,0.00000,0.00000,0.00000,0.00000,0.00000,0.00000,0.00389,0.15867,0.14133,-0.90000,0.84597,1.15800,1.21200,3.20850,5.00000,2.48050,0,-0.90000,0.88934,0.00000,0.00000,0.00000
259,0.00000,0.00000,0.00000,0.00000,0.00000,0.00000,0.00000,0.00000,0.00000,0.00000,0.00000,0.00000,0.00000,0.00000,0.00000,0.00000,0.00000,0.00000,0.00000,0.00000,0.00000,0.00000,0.00000,0.00000,0.00000,0.00000,0.00000,0.00000,0.00000,0.00000,0.00000,0.00000,0.00000,0.00000,0.00000,0.00000,0.00000,0.00000,0.00000,0.00000,0.00000,0.00000,0.00000,0.00000,0.00000,0.00000,0.00000,0.00000,0.00000,0.00000,0.00000,0.00000,0.00000,0.00000,0.00000,0.00000,0.02636,0.00000,0.00000,0.00000,0.00000,0.00000,0.00000,0.00000,0.00000,0.00000,0.00000,0.00000,0.09800,0.15761,0.00619,0.00000,0.00000,0.00000,0.00000,0.00000,0.00000,0.00000,0.00000,0.00000,0.00000,0.00371,0.15849,0.09039,0.00000,0.00000,0.00000,0.00000,0.00000,0.00000,0.00000,0.00000,0.00000,0.00000,0.00000,0.05177,0.12034,0.02954,0.00000,0.00000,0.00000,0.00000,0.00000,0.00000,0.00000,0.00000,0.00000,0.00000,0.00000,0.10053,0.12571,0.00000,-0.90000,0.88934,1.10300,1.11300,2.86150,3.87350,2.87150,0,-0.90000,0.89657,0.00000,0.00000,0.00000
260,0.00000,0.00000,0.00000,0.00000,0.00000,0.00000,0.00000,0.00000,0.00000,0.00000,0.00000,0.00000,0.00000,0.00000,0.00000,0.00000,0.00000,0.00000,0.00000,0.00000,0.00000,0.00000,0.00000,0.00000,0.00000,0.00000,0.00000,0.00000,0.00000,0.00000,0.00000,0.00000,0.00000,0.00000,0.00000,0.00000,0.00000,0.00000,0.00000,0.00000,0.00000,0.00000,0.00000,0.00000,0.00000,0.00000,0.00000,0.00000,0.00000,0.00000,0.00000,0.00000,0.00000,0.00000,0.00000,0.00000,0.09292,0.01091,0.00000,0.00000,0.00000,0.00000,0.00000,0.00000,0.00000,0.00000,0.00000,0.00000,0.00277,0.18331,0.06987,0.00000,0.00000,0.00000,0.00000,0.00000,0.00000,0.00000,0.00000,0.00000,0.00000,0.00000,0.12294,0.13567,0.00000,0.00000,0.00000,0.00000,0.00000,0.00000,0.00000,0.00000,0.00000,0.00000,0.00000,0.05890,0.19033,0.00442,0.00000,0.00000,0.00000,0.00000,0.00000,0.00000,0.00000,0.00000,0.00000,0.00000,0.00354,0.16055,0.06445,0.00000,-0.90000,0.89657,1.04200,1.07200,2.84850,3.73150,5.00000,0,0.00000,0.90380,0.00000,0.00000,0.00000
261,0.00000,0.00000,0.00000,0.00000,0.00000,0.00000,0.00000,0.00000,0.00000,0.00000,0.00000,0.00000,0.00000,0.00000,0.00000,0.00000,0.00000,0.00000,0.00000,0.00000,0.00000,0.00000,0.00000,0.00000,0.00000,0.00000,0.00000,0.00000,0.00000,0.00000,0.00000,0.00000,0.00000,0.00000,0.00000,0.00000,0.00000,0.00000,0.00000,0.00000,0.00000,0.00000,0.00000,0.00000,0.00000,0.00000,0.00000,0.00000,0.00000,0.00000,0.00000,0.00000,0.00000,0.00000,0.00000,0.00000,0.00047,0.11804,0.00000,0.00000,0.00000,0.00000,0.00000,0.00000,0.00000,0.00000,0.00000,0.00000,0.00000,0.05643,0.18662,0.00000,0.00000,0.00000,0.00000,0.00000,0.00000,0.00000,0.00000,0.00000,0.00000,0.00000,0.03325,0.21103,0.00442,0.00000,0.00000,0.00000,0.00000,0.00000,0.00000,0.00000,0.00000,0.00000,0.00000,0.01032,0.21380,0.02193,0.00000,0.00000,0.00000,0.00000,0.00000,0.00000,0.00000,0.00000,0.00000,0.00000,0.00000,0.10189,0.02317,0.00000,0.00000,0.90380,1.17700,1.00600,2.72650,3.55300,5.00000,0,0.00000,0.90380,0.00000,0.00000,0.00000
262,0.00000,0.00000,0.00000,0.00000,0.00000,0.00000,0.00000,0.00000,0.00000,0.00000,0.00000,0.00000,0.00000,0.00000,0.00000,0.00000,0.00000,0.00000,0.00000,0.00000,0.00000,0.00000,0.00000,0.00000,0.00000,0.00000,0.00000,0.00000,0.00000,0.00000,0.00000,0.00000,0.00000,0.00000,0.00000,0.00000,0.00000,0.00000,0.00000,0.00000,0.00000,0.00000,0.00000,0.00000,0.00000,0.00000,0.00000,0.00000,0.00000,0.00000,0.00000,0.00000,0.00000,0.00000,0.00000,0.00000,0.00000,0.04369,0.09693,0.00000,0.00000,0.00000,0.00000,0.00000,0.00000,0.00000,0.00000,0.00000,0.00000,0.00000,0.12706,0.09652,0.00000,0.00000,0.00000,0.00000,0.00000,0.00000,0.00000,0.00000,0.00000,0.00000,0.00000,0.14110,0.09929,0.00000,0.00000,0.00000,0.00000,0.00000,0.00000,0.00000,0.00000,0.00000,0.00000,0.00000,0.14080,0.09676,0.00000,0.00000,0.00018,0.00000,0.00000,0.00000,0.00000,0.00000,0.00000,0.00000,0.00000,0.12241,0.05183,0.00000,0.00000,0.90380,1.12600,0.93800,0.93850,3.35000,5.00000,0,0.00000,0.90380,0.00000,0.00000,0.00000
263,0.00000,0.00000,0.00000,0.00000,0.00000,0.00000,0.00000,0.00000,0.00000,0.00000,0.00000,0.00000,0.00000,0.00000,0.00000,0.00000,0.00000,0.00000,0.00000,0.00000,0.00000,0.00000,0.00000,0.00000,0.00000,0.00000,0.00000,0.00000,0.00000,0.00000,0.00000,0.00000,0.00000,0.00000,0.00000,0.00000,0.00000,0.00000,0.00000,0.00000,0.00000,0.00000,0.00000,0.00000,0.00000,0.00000,0.00000,0.00000,0.00000,0.00000,0.00000,0.00000,0.00000,0.00000,0.00000,0.00000,0.00000,0.00672,0.10118,0.00000,0.00000,0.00000,0.00000,0.00000,0.00000,0.00000,0.00000,0.00000,0.00000,0.00000,0.13343,0.09546,0.00000,0.00000,0.00000,0.00000,0.00000,0.00000,0.00000,0.00000,0.00000,0.00000,0.00000,0.16291,0.07164,0.00000,0.00000,0.00000,0.00000,0.00000,0.00000,0.00000,0.00000,0.00000,0.00000,0.00000,0.18414,0.05572,0.00000,0.00000,0.00000,0.00000,0.00000,0.00000,0.00000,0.00000,0.00000,0.00000,0.00000,0.15961,0.01303,0.00000,0.00000,0.90380,1.10200,0.90400,0.91000,4.18450,5.00000,0,-0.69727,0.90380,0.00000,0.00000,0.00000
264,0.00000,0.00000,0.00000,0.00000,0.00000,0.00000,0.00000,0.00000,0.00000,0.00000,0.00000,0.00000,0.00000,0.00000,0.00000,0.00000,0.00000,0.00000,0.00000,0.00000,0.00000,0.00000,0.00000,0.00000,0.00000,0.00000,0.00000,0.00000,0.00000,0.00000,0.00000,0.00000,0.00000,0.00000,0.00000,0.00000,0.00000,0.00000,0.00000,0.00000,0.00000,0.00000,0.00000,0.00000,0.00000,0.00000,0.00000,0.00000,0.00000,0.00000,0.00000,0.00000,0.00000,0.00000,0.00000,0.00000,0.00000,0.00000,0.09287,0.00000,0.00000,0.00000,0.00000,0.00000,0.00000,0.00000,0.00000,0.00000,0.00000,0.00000,0.13473,0.08762,0.00000,0.00000,0.00000,0.00000,0.00000,0.02441,0.00000,0.00000,0.00000,0.00000,0.00000,0.18703,0.04292,0.00000,0.00000,0.00000,0.13361,0.04788,0.00000,0.00000,0.00000,0.00000,0.00000,0.00000,0.20483,0.00849,0.00000,0.00000,0.09587,0.00000,0.00000,0.00000,0.00000,0.00000,0.00000,0.00000,0.00478,0.13143,0.00000,0.00000,-0.69727,0.90380,1.05100,0.83100,0.83900,5.00000,5.00000,0,-0.90000,0.90380,0.00000,0.00000,0.00000
265,0.00000,0.00000,0.00000,0.00000,0.00000,0.00000,0.00000,0.00000,0.00000,0.00000,0.00000,0.00000,0.00000,0.00000,0.00000,0.00000,0.00000,0.00000,0.00000,0.00000,0.00000,0.00000,0.00000,0.00000,0.00000,0.00000,0.00000,0.00000,0.00000,0.00000,0.00000,0.00000,0.00000,0.00000,0.00000,0.00000,0.00000,0.00000,0.00000,0.00000,0.00000,0.00000,0.00000,0.00000,0.00000,0.00000,0.00000,0.00000,0.00000,0.00000,0.00000,0.00000,0.00000,0.00000,0.00000,0.00000,0.00000,0.00000,0.03343,0.00000,0.00000,0.00000,0.00000,0.00000,0.00000,0.00678,0.07600,0.00000,0.00000,0.00000,0.08544,0.13390,0.00000,0.00000,0.00000,0.00000,0.00000,0.02111,0.00153,0.00000,0.00000,0.00000,0.00000,0.12535,0.06002,0.00000,0.00000,0.00000,0.08125,0.05035,0.00000,0.00000,0.00000,0.00000,0.00000,0.00000,0.11781,0.01362,0.00000,0.00000,0.15248,0.00000,0.00000,0.00000,0.00000,0.00000,0.00000,0.00000,0.00000,0.08632,0.00000,0.00000,-0.90000,0.90380,0.99300,0.76100,0.74800,3.87650,5.00000,0,-0.90000,0.90380,0.00000,0.00000,0.00000
266,0.00000,0.00000,0.00000,0.00000,0.00000,0.00000,0.00000,0.00000,0.00000,0.00000,0.00000,0.00000,0.00000,0.00000,0.00000,0.00000,0.00000,0.00000,0.00000,0.00000,0.00000,0.00000,0.00000,0.00000,0.00000,0.00000,0.00000,0.00000,0.00000,0.00000,0.00000,0.00000,0.00000,0.00000,0.00000,0.00000,0.00000,0.00000,0.00000,0.00000,0.00000,0.00000,0.00000,0.00000,0.00000,0.00000,0.00000,0.00000,0.00000,0.00000,0.00000,0.00000,0.00000,0.00000,0.00000,0.00000,0.00000,0.00000,0.00000,0.00000,0.00000,0.00000,0.00000,0.00000,0.00000,0.00000,0.01380,0.03821,0.00000,0.00000,0.00000,0.03921,0.11733,0.00000,0.00000,0.00000,0.00000,0.00000,0.07836,0.00018,0.00000,0.00000,0.00000,0.00000,0.14629,0.04599,0.00000,0.00000,0.00000,0.01733,0.00000,0.00000,0.00000,0.00000,0.00000,0.00000,0.00000,0.09853,0.00000,0.00000,0.00254,0.16604,0.00000,0.00000,0.00000,0.00000,0.00000,0.00000,0.00000,0.00419,0.14475,0.00000,-0.90000,0.90380,0.92600,2.29050,0.67700,3.75750,5.00000,0,-0.90000,0.91103,0.00000,0.00000,0.00000
267,0.00000,0.00000,0.00000,0.00000,0.00000,0.00000,0.00000,0.00000,0.00000,0.00000,0.00000,0.00000,0.00000,0.00000,0.00000,0.00000,0.00000,0.00000,0.00000,0.00000,0.00000,0.00000,0.00000,0.00000,0.00000,0.00000,0.00000,0.00000,0.00000,0.00000,0.00000,0.00000,0.00000,0.00000,0.00000,0.00000,0.00000,0.00000,0.00000,0.00000,0.00000,0.00000,0.00000,0.00000,0.00000,0.00000,0.00000,0.00000,0.00000,0.00000,0.00000,0.00000,0.00000,0.00000,0.00000,0.00000,0.00000,0.00000,0.00000,0.00000,0.00000,0.00000,0.00000,0.00000,0.00000,0.00000,0.00000,0.01103,0.07017,0.00000,0.00000,0.00000,0.00000,0.09888,0.00000,0.00000,0.00000,0.00000,0.00000,0.18638,0.00466,0.00000,0.00000,0.00000,0.00000,0.10749,0.04676,0.00000,0.00000,0.00000,0.00000,0.02300,0.00000,0.00000,0.00000,0.00000,0.00000,0.00000,0.14381,0.02300,0.00000,0.00000,0.03308,0.00000,0.00000,0.00000,0.00000,0.00000,0.00000,0.00000,0.00012,0.20985,-0.90000,0.91103,0.81150,0.78200,0.52550,0.54400,0.57300,0,0.00000,0.91103,0.00000,0.00000,0.00000
268,0.00000,0.00000,0.00000,0.00000,0.00000,0.00000,0.00000,0.00000,0.00000,0.00000,0.00000,0.00000,0.00000,0.00000,0.00000,0.00000,0.00000,0.00000,0.00000,0.00000,0.00000,0.00000,0.00000,0.00000,0.00000,0.00000,0.00000,0.00000,0.00000,0.00000,0.00000,0.00000,0.00000,0.00000,0.00000,0.00000,0.00000,0.00000,0.00000,0.00000,0.00000,0.00000,0.00000,0.00000,0.00000,0.00000,0.00000,0.00000,0.00000,0.00000,0.00000,0.00000,0.00000,0.00000,0.00000,0.00000,0.00000,0.00000,0.00000,0.00000,0.00000,0.00000,0.00000,0.00000,0.00000,0.03308,0.00000,0.00000,0.00000,0.00000,0.00000,0.00000,0.00000,0.00000,0.00000,0.00000,0.11975,0.01610,0.00000,0.00000,0.00000,0.00000,0.00708,0.00000,0.00000,0.00000,0.00000,0.00000,0.00000,0.00000,0.00000,0.00000,0.00000,0.00230,0.00000,0.00000,0.00000,0.00000,0.00000,0.00000,0.00000,0.00000,0.00000,0.00000,0.00000,0.00000,0.00000,0.00000,0.00000,0.00000,0.00000,0.00000,0.00000,0.91103,0.85350,0.73300,2.10650,0.50900,0.51800,0,0.00000,0.91103,0.00000,0.00000,0.00000
269,0.00000,0.00000,0.00000,0.00000,0.00000,0.00000,0.00000,0.00000,0.00000,0.00000,0.00000,0.00000,0.00000,0.00000,0.00000,0.00000,0.00000,0.00000,0.00000,0.00000,0.00000,0.00000,0.00000,0.00000,0.00000,0.00000,0.00000,0.00000,0.00000,0.00000,0.00000,0.00000,0.00000,0.00000,0.00000,0.00000,0.00000,0.00000,0.00000,0.00000,0.00000,0.00000,0.00000,0.00000,0.00000,0.00000,0.00000,0.00000,0.00000,0.00000,0.00000,0.00000,0.00000,0.00000,0.00000,0.00000,0.00000,0.00000,0.00000,0.00000,0.00000,0.00000,0.00000,0.00000,0.00000,0.00000,0.01627,0.00000,0.00000,0.00000,0.00000,0.00000,0.00000,0.00000,0.00000,0.00000,0.04251,0.07441,0.00248,0.00000,0.00000,0.00000,0.00000,0.00000,0.00000,0.00000,0.00000,0.00000,0.02512,0.00000,0.00000,0.00000,0.00000,0.00000,0.00000,0.00725,0.00000,0.00000,0.00000,0.00000,0.00000,0.00000,0.00000,0.00000,0.00000,0.00000,0.01203,0.00000,0.00000,0.00000,0.00000,0.00000,0.00000,0.91103,0.86650,0.64800,2.72450,0.43700,0.43700,0,0.00000,0.91103,0.00000,0.00000,0.00000
270,0.00000,0.00000,0.00000,0.00000,0.00000,0.00000,0.00000,0.00000,0.00000,0.00000,0.00000,0.00000,0.00000,0.00000,0.00000,0.00000,0.00000,0.00000,0.00000,0.00000,0.00000,0.00000,0.00000,0.00000,0.00000,0.00000,0.00000,0.00000,0.00000,0.00000,0.00000,0.00000,0.00000,0.00000,0.00000,0.00000,0.00000,0.00000,0.00000,0.00000,0.00000,0.00000,0.00000,0.00000,0.00000,0.00000,0.00000,0.00000,0.00000,0.00000,0.00000,0.00000,0.00000,0.00000,0.00000,0.00000,0.00000,0.00000,0.00000,0.00000,0.00000,0.00000,0.00000,0.00000,0.00000,0.00000,0.00000,0.00867,0.00761,0.00000,0.00000,0.00000,0.00000,0.00000,0.00000,0.00000,0.00000,0.01291,0.12099,0.00938,0.00000,0.00000,0.00000,0.00000,0.00000,0.00000,0.00000,0.00000,0.12600,0.14917,0.00059,0.00000,0.00000,0.00000,0.01415,0.00000,0.00000,0.00000,0.00000,0.00000,0.00708,0.00000,0.00000,0.00000,0.00000,0.00000,0.00000,0.00000,0.00000,0.00000,0.00000,0.00000,0.00000,0.91103,2.26900,0.56500,2.80350,1.95250,0.37100,0,0.00000,0.91103,0.00000,0.00000,0.00000
271,0.00000,0.00000,0.00000,0.00000,0.00000,0.00000,0.00000,0.00000,0.00000,0.00000,0.00000,0.00000,0.00000,0.00000,0.00000,0.00000,0.00000,0.00000,0.00000,0.00000,0.00000,0.00000,0.00000,0.00000,0.00000,0.00000,0.00000,0.00000,0.00000,0.00000,0.00000,0.00000,0.00000,0.00000,0.00000,0.00000,0.00000,0.00000,0.00000,0.00000,0.00000,0.00000,0.00000,0.00000,0.00000,0.00000,0.00000,0.00000,0.00000,0.00000,0.00000,0.00000,0.00000,0.00000,0.00000,0.00000,0.00000,0.00000,0.00000,0.00000,0.00000,0.00000,0.00000,0.00000,0.00000,0.00000,0.00000,0.00000,0.00654,0.02176,0.01097,0.00000,0.00000,0.00000,0.00000,0.00000,0.00000,0.00000,0.01963,0.05625,0.05678,0.00000,0.00000,0.00000,0.00000,0.00000,0.00000,0.00000,0.00000,0.12954,0.13119,0.00000,0.00000,0.00000,0.00000,0.00000,0.00000,0.00000,0.00000,0.00000,0.16899,0.02895,0.00000,0.00000,0.00000,0.00000,0.00000,0.00000,0.00000,0.00000,0.00000,0.00000,0.00000,0.91103,2.27400,0.48100,2.99250,1.87600,0.32300,0,0.90000,0.91103,0.00000,0.00000,0.00000
272,0.00000,0.00000,0.00000,0.00000,0.00000,0.00000,0.00000,0.00000,0.00000,0.00000,0.00000,0.00000,0.00000,0.00000,0.00000,0.00000,0.00000,0.00000,0.00000,0.00000,0.00000,0.00000,0.00000,0.00000,0.00000,0.00000,0.00000,0.00000,0.00000,0.00000,0.00000,0.00000,0.00000,0.00000,0.00000,0.00000,0.00000,0.00000,0.00000,0.00000,0.00000,0.00000,0.00000,0.00000,0.00000,0.00000,0.00000,0.00000,0.00000,0.00000,0.00000,0.00000,0.00000,0.00000,0.00000,0.00000,0.00000,0.00000,0.00371,0.00124,0.00000,0.00000,0.00000,0.00000,0.00336,0.00000,0.00000,0.00000,0.00000,0.09180,0.08367,0.00088,0.00000,0.00000,0.00000,0.00000,0.00000,0.00000,0.00000,0.03426,0.14770,0.03791,0.00000,0.00000,0.00000,0.00000,0.00000,0.00000,0.00000,0.00318,0.09021,0.01061,0.00000,0.00000,0.00000,0.00000,0.00000,0.00000,0.00000,0.00000,0.09735,0.17577,0.01097,0.00000,0.00000,0.00000,0.00000,0.00000,0.00000,0.00000,0.00000,0.00000,0.90000,0.91103,0.66900,0.43900,2.95850,1.84100,0.30300,0,0.90000,0.91103,0.00000,0.00000,0.00000
273,0.00000,0.00000,0.00000,0.00000,0.00000,0.00000,0.00000,0.00000,0.00000,0.00000,0.00000,0.00000,0.00000,0.00000,0.00000,0.00000,0.00000,0.00000,0.00000,0.00000,0.00000,0.00000,0.00000,0.00000,0.00000,0.00000,0.00000,0.00000,0.00000,0.00000,0.00000,0.00000,0.00000,0.00000,0.00000,0.00000,0.00000,0.00000,0.00000,0.00000,0.00000,0.00000,0.00000,0.00000,0.00000,0.00000,0.00000,0.00000,0.00000,0.00000,0.00000,0.00000,0.00000,0.00000,0.00000,0.00000,0.00000,0.00000,0.00000,0.01663,0.00000,0.00000,0.00000,0.00000,0.00000,0.00000,0.00000,0.00000,0.00000,0.02070,0.16368,0.05248,0.00000,0.00000,0.00000,0.00000,0.00000,0.00000,0.00000,0.00000,0.11014,0.14741,0.00000,0.00000,0.00000,0.00000,0.00000,0.00000,0.00000,0.00000,0.00000,0.10118,0.07005,0.00000,0.00000,0.00000,0.00000,0.00000,0.00000,0.00000,0.00000,0.00000,0.00000,0.00000,0.00000,0.00000,0.00000,0.00000,0.00000,0.00000,0.00000,0.00000,0.90000,0.91103,0.30500,2.47450,3.29650,1.62950,1.64200,0,0.00000,0.91463,0.00000,0.00000,0.00000
274,0.00000,0.00000,0.00000,0.00000,0.00000,0.00000,0.00000,0.00000,0.00000,0.00000,0.00000,0.00000,0.00000,0.00000,0.00000,0.00000,0.00000,0.00000,0.00000,0.00000,0.00000,0.00000,0.00000,0.00000,0.00000,0.00000,0.00000,0.00000,0.00000,0.00000,0.00000,0.00000,0.00000,0.00000,0.00000,0.00000,0.00000,0.00000,0.00000,0.00000,0.00000,0.00000,0.00000,0.00000,0.00000,0.00000,0.00000,0.00000,0.00000,0.00000,0.00000,0.00000,0.00000,0.00000,0.00000,0.00000,0.00000,0.04688,0.02848,0.00000,0.00000,0.00000,0.00000,0.00000,0.09157,0.06887,0.00000,0.00000,0.04399,0.16191,0.00000,0.00000,0.00000,0.00000,0.00000,0.00000,0.00000,0.00000,0.00000,0.04929,0.18685,0.00000,0.00000,0.00000,0.00000,0.00000,0.00000,0.00000,0.00000,0.00000,0.05077,0.13479,0.00000,0.00000,0.00000,0.00000,0.00000,0.00000,0.00000,0.00000,0.00000,0.04015,0.18555,0.00000,0.00000,0.00000,0.00000,0.00000,0.00000,0.00000,0.00000,0.00000,0.00000,0.91463,1.98450,2.60350,1.61300,1.53950,5.00000,0,0.00000,0.91463,0.00000,0.00000,0.00000
275,0.00000,0.00000,0.00000,0.00000,0.00000,0.00000,0.00000,0.00000,0.00000,0.00000,0.00000,0.00000,0.00000,0.00000,0.00000,0.00000,0.00000,0.00000,0.00000,0.00000,0.00000,0.00000,0.00000,0.00000,0.00000,0.00000,0.00000,0.00000,0.00000,0.00000,0.00000,0.00000,0.00000,0.00000,0.00000,0.00000,0.00000,0.00000,0.00000,0.00000,0.00000,0.00000,0.00000,0.00000,0.00000,0.00000,0.00000,0.00000,0.00000,0.00000,0.00000,0.00000,0.00000,0.00000,0.00000,0.00000,0.00224,0.01969,0.00000,0.00000,0.08915,0.00672,0.00000,0.00000,0.07624,0.00743,0.00000,0.00000,0.20171,0.01763,0.00000,0.00000,0.00973,0.17547,0.00000,0.00000,0.00000,0.00000,0.00000,0.16680,0.06509,0.00000,0.00000,0.00000,0.00000,0.11002,0.00000,0.00000,0.00000,0.00000,0.13320,0.09251,0.00000,0.00000,0.00000,0.00000,0.00000,0.00000,0.00000,0.00000,0.00000,0.00000,0.04298,0.00000,0.00000,0.00000,0.00000,0.00000,0.00000,0.00000,0.00000,0.00000,0.00000,0.91463,2.18650,2.63000,1.45000,1.45950,5.00000,0,0.00000,0.91463,0.00000,0.00000,0.00000
276,0.00000,0.00000,0.00000,0.00000,0.00000,0.00000,0.00000,0.00000,0.00000,0.00000,0.00000,0.00000,0.00000,0.00000,0.00000,0.00000,0.00000,0.00000,0.00000,0.00000,0.00000,0.00000,0.00000,0.00000,0.00000,0.00000,0.00000,0.00000,0.00000,0.00000,0.00000,0.00000,0.00000,0.00000,0.00000,0.00000,0.00000,0.00000,0.00000,0.00000,0.00000,0.00000,0.00000,0.00000,0.00000,0.00000,0.00000,0.00000,0.00000,0.00000,0.00000,0.00000,0.00000,0.00000,0.00000,0.00000,0.00737,0.00289,0.00000,0.00000,0.07765,0.00000,0.00000,0.00000,0.08172,0.00000,0.00000,0.00000,0.16574,0.00000,0.00000,0.00000,0.05448,0.14558,0.00000,0.00000,0.00000,0.00000,0.00000,0.17264,0.05041,0.00000,0.00000,0.00000,0.00000,0.19699,0.01598,0.00000,0.00000,0.00000,0.10843,0.07323,0.00000,0.00000,0.00000,0.00000,0.00000,0.00507,0.10831,0.00000,0.00000,0.04646,0.17765,0.00000,0.00000,0.00000,0.00000,0.00000,0.00000,0.00000,0.00000,0.00000,0.00000,0.91463,2.21450,2.66250,1.36300,1.37300,5.00000,0,0.90000,0.91463,0.00000,0.00000,0.00000
277,0.00000,0.00000,0.00000,0.00000,0.00000,0.00000,0.00000,0.00000,0.00000,0.00000,0.00000,0.00000,0.00000,0.00000,0.00000,0.00000,0.00000,0.00000,0.00000,0.00000,0.00000,0.00000,0.00000,0.00000,0.00000,0.00000,0.00000,0.00000,0.00000,0.00000,0.00000,0.00000,0.00000,0.00000,0.00000,0.00000,0.00000,0.00000,0.00000,0.00000,0.00000,0.00000,0.00000,0.00000,0.00000,0.00000,0.00000,0.00000,0.00000,0.00000,0.00000,0.00000,0.00000,0.00000,0.00000,0.00000,0.00000,0.00000,0.00000,0.00000,0.07394,0.00000,0.00000,0.00000,0.08296,0.00301,0.00000,0.00000,0.01857,0.00000,0.00000,0.00000,0.10259,0.11321,0.00000,0.00000,0.00000,0.00000,0.00000,0.17712,0.01250,0.00000,0.00000,0.00000,0.00000,0.20849,0.00890,0.00000,0.00000,0.00000,0.10861,0.10613,0.00000,0.00000,0.00000,0.00000,0.00000,0.01103,0.20902,0.00000,0.00000,0.00000,0.03042,0.00000,0.00000,0.00000,0.00000,0.00000,0.00000,0.00000,0.10991,0.08255,0.90000,0.91463,1.99050,2.51750,1.27400,1.29700,5.00000,0,0.00000,0.91463,0.00000,0.00000,0.00000
278,0.00000,0.00000,0.00000,0.00000,0.00000,0.00000,0.00000,0.00000,0.00000,0.00000,0.00000,0.00000,0.00000,0.00000,0.00000,0.00000,0.00000,0.00000,0.00000,0.00000,0.00000,0.00000,0.00000,0.00000,0.00000,0.00000,0.00000,0.00000,0.00000,0.00000,0.00000,0.00000,0.00000,0.00000,0.00000,0.00000,0.00000,0.00000,0.00000,0.00000,0.00000,0.00000,0.00000,0.00000,0.00000,0.00000,0.00000,0.00000,0.00000,0.00000,0.00000,0.00000,0.00000,0.00000,0.00000,0.00000,0.00000,0.00000,0.00000,0.02199,0.01904,0.00000,0.00000,0.00000,0.00000,0.00000,0.00000,0.00743,0.00000,0.00000,0.00000,0.00159,0.21492,0.00000,0.00000,0.00000,0.00000,0.00000,0.00195,0.00902,0.00000,0.00000,0.00000,0.00000,0.09092,0.12453,0.00000,0.00000,0.00000,0.00000,0.18821,0.00000,0.00000,0.00000,0.00000,0.00000,0.00000,0.20065,0.01975,0.00000,0.00000,0.16456,0.03886,0.00000,0.00000,0.00000,0.00000,0.00000,0.00000,0.00248,0.19334,0.00000,0.00000,0.91463,1.98450,1.23900,1.32450,1.20150,5.00000,0,0.00000,0.91463,0.00000,0.00000,0.00000
279,0.00000,0.00000,0.00000,0.00000,0.00000,0.00000,0.00000,0.00000,0.00000,0.00000,0.00000,0.00000,0.00000,0.00000,0.00000,0.00000,0.00000,0.00000,0.00000,0.00000,0.00000,0.00000,0.00000,0.00000,0.00000,0.00000,0.00000,0.00000,0.00000,0.00000,0.00000,0.00000,0.00000,0.00000,0.00000,0.00000,0.00000,0.00000,0.00000,0.00000,0.00000,0.00000,0.00000,0.00000,0.00000,0.00000,0.00000,0.00000,0.00000,0.00000,0.00000,0.00000,0.00000,0.00000,0.00000,0.00000,0.00000,0.00000,0.08892,0.00943,0.00000,0.00000,0.00000,0.00000,0.00000,0.00000,0.01645,0.00000,0.00000,0.00000,0.00890,0.20354,0.00000,0.00000,0.00000,0.06244,0.00000,0.07382,0.05849,0.00000,0.00000,0.00000,0.00000,0.11103,0.11044,0.00000,0.00000,0.00000,0.00000,0.07500,0.00000,0.00000,0.00000,0.00000,0.00000,0.00000,0.18874,0.01291,0.00000,0.00000,0.03626,0.00000,0.00000,0.00000,0.00000,0.00000,0.00000,0.00000,0.00601,0.19387,0.00000,0.00000,0.00000,0.91463,2.40250,1.15400,1.10550,5.00000,5.00000,0,0.00000,0.91463,0.00000,0.00000,0.00000
280,0.00000,0.00000,0.00000,0.00000,0.00000,0.00000,0.00000,0.00000,0.00000,0.00000,0.00000,0.00000,0.00000,0.00000,0.00000,0.00000,0.00000,0.00000,0.00000,0.00000,0.00000,0.00000,0.00000,0.00000,0.00000,0.00000,0.00000,0.00000,0.00000,0.00000,0.00000,0.00000,0.00000,0.00000,0.00000,0.00000,0.00000,0.00000,0.00000,0.00000,0.00000,0.00000,0.00000,0.00000,0.00000,0.00000,0.00000,0.00000,0.00000,0.00000,0.00000,0.00000,0.00000,0.00000,0.00000,0.00000,0.00000,0.00000,0.08314,0.00000,0.00000,0.00000,0.00000,0.00000,0.00000,0.00000,0.00000,0.00000,0.00000,0.00000,0.16639,0.04782,0.00000,0.00000,0.00224,0.12105,0.00000,0.07765,0.00000,0.00000,0.00000,0.00000,0.00000,0.22022,0.00000,0.00000,0.00000,0.00000,0.16899,0.05177,0.00000,0.00000,0.00000,0.00000,0.00000,0.07046,0.08608,0.00000,0.00000,0.00000,0.10719,0.00000,0.00000,0.00000,0.00000,0.00000,0.00000,0.00000,0.00601,0.00000,0.00000,0.00000,0.00000,0.91463,2.50450,1.07600,1.02100,5.00000,5.00000,0,-0.31309,0.91463,0.00000,0.00000,0.00000
281,0.00000,0.00000,0.00000,0.00000,0.00000,0.00000,0.00000,0.00000,0.00000,0.00000,0.00000,0.00000,0.00000,0.00000,0.00000,0.00000,0.00000,0.00000,0.00000,0.00000,0.00000,0.00000,0.00000,0.00000,0.00000,0.00000,0.00000,0.00000,0.00000,0.00000,0.00000,0.00000,0.00000,0.00000,0.00000,0.00000,0.00000,0.00000,0.00000,0.00000,0.00000,0.00000,0.00000,0.00000,0.00000,0.00000,0.00000,0.00000,0.00000,0.00000,0.00000,0.00000,0.00000,0.00000,0.00000,0.00000,0.00000,0.01415,0.01610,0.00000,0.00000,0.00000,0.00000,0.00000,0.00000,0.00000,0.00000,0.00000,0.00000,0.00265,0.21333,0.00000,0.00000,0.00000,0.01751,0.14575,0.06545,0.04104,0.00000,0.00000,0.00000,0.00000,0.11091,0.11002,0.00000,0.00000,0.00000,0.00000,0.19298,0.00000,0.00000,0.00000,0.00000,0.00000,0.00000,0.21792,0.00000,0.00000,0.00000,0.00000,0.00000,0.00000,0.00000,0.00000,0.00000,0.00000,0.00000,0.03420,0.16958,0.00000,0.00000,0.00000,-0.31309,0.91463,2.90350,1.01100,0.93600,5.00000,5.00000,0,0.00000,0.91463,0.00000,0.00000,0.00000
282,0.00000,0.00000,0.00000,0.00000,0.00000,0.00000,0.00000,0.00000,0.00000,0.00000,0.00000,0.00000,0.00000,0.00000,0.00000,0.00000,0.00000,0.00000,0.00000,0.00000,0.00000,0.00000,0.00000,0.00000,0.00000,0.00000,0.00000,0.00000,0.00000,0.00000,0.00000,0.00000,0.00000,0.00000,0.00000,0.00000,0.00000,0.00000,0.00000,0.00000,0.00000,0.00000,0.00000,0.00000,0.00000,0.00000,0.00000,0.00000,0.00000,0.00000,0.00000,0.00000,0.00000,0.00000,0.00000,0.00973,0.00000,0.00000,0.00000,0.00000,0.00000,0.00000,0.00000,0.00000,0.00000,0.00000,0.00000,0.00000,0.00000,0.00000,0.17494,0.00000,0.00000,0.00000,0.00000,0.00230,0.00000,0.00000,0.00000,0.00000,0.00000,0.00000,0.11698,0.09033,0.00000,0.00000,0.00000,0.00212,0.10489,0.00000,0.00000,0.00000,0.00000,0.00000,0.00000,0.21209,0.00000,0.00000,0.00000,0.00000,0.00000,0.00000,0.00000,0.00000,0.00000,0.00000,0.00000,0.05908,0.11887,0.00000,0.00000,0.00000,0.00000,0.91463,2.47350,0.91500,1.03950,5.00000,5.00000,0,0.00000,0.91463,0.00000,0.00000,0.00000
283,0.00000,0.00000,0.00000,0.00000,0.00000,0.00000,0.00000,0.00000,0.00000,0.00000,0.00000,0.00000,0.00000,0.00000,0.00000,0.00000,0.00000,0.00000,0.00000,0.00000,0.00000,0.00000,0.00000,0.00000,0.00000,0.00000,0.00000,0.00000,0.00000,0.00000,0.00000,0.00000,0.00000,0.00000,0.00000,0.00000,0.00000,0.00000,0.00000,0.00000,0.00000,0.00000,0.00000,0.00000,0.00000,0.00000,0.00000,0.00000,0.00000,0.00000,0.00000,0.00000,0.00000,0.00000,0.00000,0.00000,0.00000,0.00000,0.00000,0.00000,0.00000,0.00000,0.00000,0.00000,0.00000,0.00000,0.00000,0.00000,0.00000,0.00000,0.07553,0.02317,0.00000,0.00000,0.01857,0.02070,0.00000,0.06191,0.00000,0.00000,0.00000,0.00000,0.00053,0.08084,0.00000,0.00000,0.00000,0.09800,0.00318,0.00000,0.00000,0.00000,0.00000,0.00000,0.00000,0.00000,0.00336,0.00000,0.00000,0.00000,0.00849,0.00000,0.00000,0.00000,0.00000,0.00000,0.00000,0.00000,0.03573,0.00000,0.00000,0.00000,0.00000,0.91463,2.45350,0.83500,0.80700,5.00000,5.00000,0,0.00000,0.91463,0.00000,0.00000,0.00000
284,0.00000,0.00000,0.00000,0.00000,0.00000,0.00000,0.00000,0.00000,0.00000,0.00000,0.00000,0.00000,0.00000,0.00000,0.00000,0.00000,0.00000,0.00000,0.00000,0.00000,0.00000,0.00000,0.00000,0.00000,0.00000,0.00000,0.00000,0.00000,0.00000,0.00000,0.00000,0.00000,0.00000,0.00000,0.00000,0.00000,0.00000,0.00000,0.00000,0.00000,0.00000,0.00000,0.00000,0.00000,0.00000,0.00000,0.00000,0.00000,0.00000,0.00000,0.00000,0.00000,0.00000,0.00000,0.00000,0.00000,0.00000,0.00000,0.00000,0.00000,0.00000,0.00000,0.00000,0.00000,0.00000,0.00000,0.01539,0.00000,0.00000,0.00000,0.00000,0.03821,0.00000,0.00000,0.00000,0.00000,0.00000,0.16604,0.03561,0.00000,0.00000,0.00000,0.00000,0.19475,0.00000,0.00100,0.00083,0.11120,0.14688,0.08414,0.00000,0.00000,0.00000,0.00000,0.00000,0.08933,0.03909,0.00000,0.00000,0.00000,0.06226,0.00000,0.00000,0.00000,0.00000,0.00000,0.00000,0.00000,0.00000,0.00000,0.00000,0.00000,0.00000,0.91463,2.37050,0.75400,0.71800,5.00000,5.00000,0,-0.33443,0.91463,0.00000,0.00000,0.00000
285,0.00000,0.00000,0.00000,0.00000,0.00000,0.00000,0.00000,0.00000,0.00000,0.00000,0.00000,0.00000,0.00000,0.00000,0.00000,0.00000,0.00000,0.00000,0.00000,0.00000,0.00000,0.00000,0.00000,0.00000,0.00000,0.00000,0.00000,0.00000,0.00000,0.00000,0.00000,0.00000,0.00000,0.00000,0.00000,0.00000,0.00000,0.00000,0.00000,0.00000,0.00000,0.00000,0.00000,0.00000,0.00000,0.00000,0.00000,0.00000,0.00000,0.00000,0.00000,0.00000,0.00000,0.00000,0.00000,0.00000,0.00000,0.00000,0.00000,0.00000,0.00000,0.00000,0.00000,0.00000,0.00000,0.00000,0.00000,0.00000,0.00000,0.00000,0.00000,0.00000,0.00000,0.00000,0.00000,0.00000,0.00000,0.10654,0.03090,0.00000,0.00000,0.00000,0.00000,0.04505,0.00147,0.00053,0.00000,0.04458,0.09428,0.13408,0.00000,0.00000,0.00000,0.00000,0.00000,0.02276,0.16704,0.00000,0.00000,0.02653,0.14876,0.00000,0.00000,0.00000,0.00000,0.00000,0.00000,0.00000,0.09640,0.00000,0.00000,0.00000,-0.33443,0.91463,2.48450,0.66800,0.60200,5.00000,5.00000,0,0.00000,0.91463,0.00000,0.00000,0.00000
286,0.00000,0.00000,0.00000,0.00000,0.00000,0.00000,0.00000,0.00000,0.00000,0.00000,0.00000,0.00000,0.00000,0.00000,0.00000,0.00000,0.00000,0.00000,0.00000,0.00000,0.00000,0.00000,0.00000,0.00000,0.00000,0.00000,0.00000,0.00000,0.00000,0.00000,0.00000,0.00000,0.00000,0.00000,0.00000,0.00000,0.00000,0.00000,0.00000,0.00000,0.00000,0.00000,0.00000,0.00000,0.00000,0.00000,0.00000,0.00000,0.00000,0.00000,0.00000,0.00000,0.00000,0.00000,0.00000,0.00000,0.00000,0.00000,0.00000,0.00000,0.00000,0.00000,0.00000,0.00000,0.00000,0.00000,0.00000,0.00000,0.00000,0.00000,0.00000,0.00000,0.00000,0.00000,0.00000,0.00000,0.00000,0.04741,0.00531,0.00000,0.00000,0.00000,0.00000,0.00000,0.00018,0.00000,0.00000,0.00000,0.02683,0.19587,0.00000,0.00000,0.00000,0.00000,0.00000,0.00000,0.04705,0.00000,0.00000,0.10312,0.21061,0.00006,0.00000,0.00000,0.00000,0.00000,0.00000,0.00000,0.05572,0.00018,0.00000,0.00000,0.00000,0.91463,2.47150,0.62500,0.56000,0.61000,5.00000,0,0.00000,0.91463,0.00000,0.00000,0.00000
287,0.00000,0.00000,0.00000,0.00000,0.00000,0.00000,0.00000,0.00000,0.00000,0.00000,0.00000,0.00000,0.00000,0.00000,0.00000,0.00000,0.00000,0.00000,0.00000,0.00000,0.00000,0.00000,0.00000,0.00000,0.00000,0.00000,0.00000,0.00000,0.00000,0.00000,0.00000,0.00000,0.00000,0.00000,0.00000,0.00000,0.00000,0.00000,0.00000,0.00000,0.00000,0.00000,0.00000,0.00000,0.00000,0.00000,0.00000,0.00000,0.00000,0.00000,0.00000,0.00000,0.00000,0.00000,0.00000,0.00000,0.00000,0.00000,0.00000,0.00000,0.00000,0.00000,0.00000,0.00000,0.00000,0.00000,0.00000,0.00000,0.00000,0.00000,0.00000,0.00000,0.00000,0.00000,0.00000,0.00000,0.00000,0.00000,0.00071,0.00000,0.00000,0.00000,0.00000,0.00000,0.00000,0.00000,0.00000,0.00000,0.00000,0.13815,0.02795,0.00124,0.00000,0.00000,0.00000,0.00000,0.00000,0.00000,0.00248,0.08367,0.10130,0.12759,0.00000,0.00000,0.00000,0.00000,0.00000,0.00000,0.00000,0.01946,0.00000,0.00601,0.00000,0.91463,2.39500,0.53800,1.13250,0.69500,5.00000,0,0.00000,0.91463,0.00000,0.00000,0.00000
288,0.00000,0.00000,0.00000,0.00000,0.00000,0.00000,0.00000,0.00000,0.00000,0.00000,0.00000,0.00000,0.00000,0.00000,0.00000,0.00000,0.00000,0.00000,0.00000,0.00000,0.00000,0.00000,0.00000,0.00000,0.00000,0.00000,0.00000,0.00000,0.00000,0.00000,0.00000,0.00000,0.00000,0.00000,0.00000,0.00000,0.00000,0.00000,0.00000,0.00000,0.00000,0.00000,0.00000,0.00000,0.00000,0.00000,0.00000,0.00000,0.00000,0.00000,0.00000,0.00000,0.00000,0.00000,0.00000,0.00000,0.00000,0.00000,0.00000,0.00000,0.00000,0.00000,0.00000,0.00000,0.00000,0.00000,0.00000,0.00000,0.00000,0.00000,0.00000,0.00000,0.00000,0.00000,0.00000,0.00000,0.00000,0.00000,0.00000,0.00000,0.00000,0.00000,0.00000,0.00000,0.00000,0.00000,0.00000,0.00000,0.00000,0.00000,0.00000,0.00000,0.00000,0.00000,0.00000,0.00000,0.00000,0.00000,0.00000,0.00000,0.00000,0.14823,0.00000,0.00000,0.00000,0.00000,0.00000,0.00000,0.00000,0.00000,0.00478,0.15248,0.00000,0.91463,2.04100,0.41000,0.74150,0.38200,0.38700,0,0.00000,0.91463,0.00000,0.00000,0.00000
289,0.00000,0.00000,0.00000,0.00000,0.00000,0.00000,0.00000,0.00000,0.00000,0.00000,0.00000,0.00000,0.00000,0.00000,0.00000,0.00000,0.00000,0.00000,0.00000,0.00000,0.00000,0.00000,0.00000,0.00000,0.00000,0.00000,0.00000,0.00000,0.00000,0.00000,0.00000,0.00000,0.00000,0.00000,0.00000,0.00000,0.00000,0.00000,0.00000,0.00000,0.00000,0.00000,0.00000,0.00000,0.00000,0.00000,0.00000,0.00000,0.00000,0.00000,0.00000,0.00000,0.00000,0.00000,0.00000,0.00000,0.00000,0.00000,0.00000,0.00000,0.00000,0.00000,0.00000,0.00000,0.00000,0.00000,0.00000,0.00000,0.00000,0.00000,0.00000,0.00000,0.00000,0.00000,0.00000,0.00000,0.00000,0.00000,0.00000,0.00000,0.00000,0.00000,0.00000,0.00000,0.00000,0.00000,0.00000,0.00000,0.00000,0.00000,0.00000,0.00000,0.00000,0.00000,0.00000,0.00000,0.00000,0.00000,0.00000,0.00000,0.00000,0.00000,0.00000,0.00000,0.00000,0.00000,0.00000,0.00000,0.00000,0.00000,0.00000,0.00000,0.00000,0.91463,0.32800,0.32900,0.63800,0.48700,0.30900,0,0.90000,0.91463,0.00000,0.00000,0.00000
290,0.00000,0.00000,0.00000,0.00000,0.00000,0.00000,0.00000,0.00000,0.00000,0.00000,0.00000,0.00000,0.00000,0.00000,0.00000,0.00000,0.00000,0.00000,0.00000,0.00000,0.00000,0.00000,0.00000,0.00000,0.00000,0.00000,0.00000,0.00000,0.00000,0.00000,0.00000,0.00000,0.00000,0.00000,0.00000,0.00000,0.00000,0.00000,0.00000,0.00000,0.00000,0.00000,0.00000,0.00000,0.00000,0.00000,0.00000,0.00000,0.00000,0.00000,0.00000,0.00000,0.00000,0.00000,0.00000,0.00000,0.00000,0.00000,0.00000,0.00000,0.00000,0.00000,0.00000,0.00000,0.00000,0.00000,0.00000,0.00000,0.00000,0.00000,0.00000,0.00000,0.00000,0.00000,0.00000,0.00000,0.00000,0.00000,0.00000,0.00000,0.00000,0.00000,0.00000,0.00000,0.00000,0.00000,0.00000,0.00000,0.00000,0.00000,0.00000,0.00000,0.00000,0.00000,0.00000,0.00000,0.00000,0.00000,0.00000,0.00000,0.00000,0.00000,0.00000,0.00000,0.00000,0.00000,0.00000,0.00000,0.00000,0.00000,0.00000,0.00000,0.90000,0.91463,0.30800,0.46300,1.33150,0.48100,0.21100,0,0.00000,0.00000,0.00000,0.00000,0.00000
291,0.00000,0.00000,0.00000,0.00000,0.00000,0.00000,0.00000,0.00000,0.00000,0.00000,0.00000,0.00000,0.00000,0.00000,0.00000,0.00000,0.00000,0.00000,0.00000,0.00000,0.00000,0.00000,0.00000,0.00000,0.00000,0.00000,0.00000,0.00000,0.00000,0.00000,0.00000,0.00000,0.00000,0.00000,0.00000,0.00000,0.00000,0.00000,0.00000,0.00000,0.00000,0.00000,0.00000,0.00000,0.00000,0.00000,0.00000,0.00000,0.00000,0.00000,0.00000,0.00000,0.00000,0.00000,0.00000,0.00000,0.00000,0.00000,0.00000,0.00000,0.00000,0.00000,0.00000,0.00000,0.00000,0.00000,0.00000,0.00000,0.00000,0.00000,0.00000,0.00000,0.00000,0.00000,0.00000,0.00000,0.00000,0.00000,0.00000,0.00000,0.00000,0.00000,0.00000,0.00000,0.00000,0.00000,0.01067,0.00029,0.00000,0.00000,0.00000,0.00000,0.00000,0.00000,0.00000,0.00000,0.00000,0.00000,0.00248,0.00937,0.00000,0.00000,0.00000,0.00000,0.00000,0.00000,0.00000,0.00000,0.00000,0.00000,0.00000,0.00000,0.00000,0.00000,0.27900,0.66900,0.95000,0.26800,0.26200,0,0.00000,0.00000,0.00000,0.00000,0.00000
292,0.00000,0.00000,0.00000,0.00000,0.00000,0.00000,0.00000,0.00000,0.00000,0.00000,0.00000,0.00000,0.00000,0.00000,0.00000,0.00000,0.00000,0.00000,0.00000,0.00000,0.00000,0.00000,0.00000,0.00000,0.00000,0.00000,0.00000,0.00000,0.00000,0.00000,0.00000,0.00000,0.00000,0.00000,0.00000,0.00000,0.00000,0.00000,0.00000,0.00000,0.00000,0.00000,0.00000,0.00000,0.00000,0.00000,0.00000,0.00000,0.00000,0.00000,0.00000,0.00000,0.00000,0.00000,0.00000,0.00000,0.00000,0.00000,0.00000,0.00000,0.00000,0.00000,0.00000,0.00000,0.00000,0.00000,0.00000,0.00000,0.00000,0.00000,0.00000,0.00000,0.00000,0.00000,0.00000,0.00000,0.00000,0.00000,0.00000,0.00000,0.00000,0.00000,0.00000,0.00000,0.00000,0.00000,0.00000,0.00000,0.00000,0.00000,0.00000,0.00000,0.00000,0.00000,0.00000,0.00000,0.00000,0.00000,0.03408,0.00430,0.00000,0.00000,0.00000,0.00000,0.00000,0.00000,0.00000,0.00000,0.00000,0.00778,0.00000,0.00000,0.00000,0.00000,0.27700,0.66800,0.57750,0.24500,0.24100,0,0.00000,0.00000,0.00000,0.00000,0.00000
293,0.00000,0.00000,0.00000,0.00000,0.00000,0.00000,0.00000,0.00000,0.00000,0.00000,0.00000,0.00000,0.00000,0.00000,0.00000,0.00000,0.00000,0.00000,0.00000,0.00000,0.00000,0.00000,0.00000,0.00000,0.00000,0.00000,0.00000,0.00000,0.00000,0.00000,0.00000,0.00000,0.00000,0.00000,0.00000,0.00000,0.00000,0.00000,0.00000,0.00000,0.00000,0.00000,0.00000,0.00000,0.00000,0.00000,0.00000,0.00000,0.00000,0.00000,0.00000,0.00000,0.00000,0.00000,0.00000,0.00000,0.00000,0.00000,0.00000,0.00000,0.00000,0.00000,0.00000,0.00000,0.00000,0.00000,0.00000,0.00000,0.00000,0.00000,0.00000,0.00000,0.00000,0.00000,0.00000,0.00000,0.00000,0.00000,0.00000,0.00000,0.00000,0.00000,0.00000,0.00000,0.00000,0.00000,0.00000,0.00000,0.00000,0.00000,0.00000,0.00000,0.00000,0.00000,0.00018,0.00000,0.00000,0.00000,0.00407,0.00000,0.00248,0.00000,0.00000,0.00000,0.00000,0.00000,0.00000,0.00000,0.00000,0.00000,0.00000,0.00000,0.00000,0.00000,0.27700,0.66800,0.57800,0.24600,0.24300,0,0.00000,0.00000,0.00000,0.00000,0.00000
294,0.00000,0.00000,0.00000,0.00000,0.00000,0.00000,0.00000,0.00000,0.00000,0.00000,0.00000,0.00000,0.00000,0.00000,0.00000,0.00000,0.00000,0.00000,0.00000,0.00000,0.00000,0.00000,0.00000,0.00000,0.00000,0.00000,0.00000,0.00000,0.00000,0.00000,0.00000,0.00000,0.00000,0.00000,0.00000,0.00000,0.00000,0.00000,0.00000,0.00000,0.00000,0.00000,0.00000,0.00000,0.00000,0.00000,0.00000,0.00000,0.00000,0.00000,0.00000,0.00000,0.00000,0.00000,0.00000,0.00000,0.00000,0.00000,0.00000,0.00000,0.00000,0.00000,0.00000,0.00000,0.00000,0.00000,0.00000,0.00000,0.00000,0.00000,0.00000,0.00000,0.00000,0.00000,0.00000,0.00000,0.00000,0.00000,0.00000,0.00000,0.00000,0.00000,0.00000,0.00000,0.00000,0.00000,0.00000,0.00000,0.00000,0.00000,0.00000,0.00000,0.00000,0.00000,0.00000,0.00000,0.00000,0.00000,0.00000,0.00000,0.00283,0.00000,0.00000,0.00000,0.00000,0.00000,0.00000,0.00000,0.00000,0.00000,0.00000,0.00000,0.00000,0.00000,0.27700,0.66800,0.57850,0.24800,0.24300,0,0.00000,0.00000,0.00000,0.00000,0.00000
295,0.00000,0.00000,0.00000,0.00000,0.00000,0.00000,0.00000,0.00000,0.00000,0.00000,0.00000,0.00000,0.00000,0.00000,0.00000,0.00000,0.00000,0.00000,0.00000,0.00000,0.00000,0.00000,0.00000,0.00000,0.00000,0.00000,0.00000,0.00000,0.00000,0.00000,0.00000,0.00000,0.00000,0.00000,0.00000,0.00000,0.00000,0.00000,0.00000,0.00000,0.00000,0.00000,0.00000,0.00000,0.00000,0.00000,0.00000,0.00000,0.00000,0.00000,0.00000,0.00000,0.00000,0.00000,0.00000,0.00000,0.00000,0.00000,0.00000,0.00000,0.00000,0.00000,0.00000,0.00000,0.00000,0.00000,0.00000,0.00000,0.00000,0.00000,0.00000,0.00000,0.00000,0.00000,0.00000,0.00000,0.00000,0.00000,0.00000,0.00000,0.00000,0.00000,0.00000,0.00000,0.00000,0.00000,0.00000,0.00000,0.00000,0.00000,0.00000,0.00000,0.00000,0.00000,0.00000,0.00000,0.00000,0.00000,0.00000,0.00000,0.00000,0.00000,0.00000,0.00000,0.00000,0.00000,0.00000,0.00000,0.00000,0.00212,0.00000,0.00000,0.00000,0.00000,0.27700,0.66800,0.57750,0.24700,0.24300,0,0.00000,0.00000,0.00000,0.00000,0.00000
296,0.00000,0.00000,0.00000,0.00000,0.00000,0.00000,0.00000,0.00000,0.00000,0.00000,0.00000,0.00000,0.00000,0.00000,0.00000,0.00000,0.00000,0.00000,0.00000,0.00000,0.00000,0.00000,0.00000,0.00000,0.00000,0.00000,0.00000,0.00000,0.00000,0.00000,0.00000,0.00000,0.00000,0.00000,0.00000,0.00000,0.00000,0.00000,0.00000,0.00000,0.00000,0.00000,0.00000,0.00000,0.00000,0.00000,0.00000,0.00000,0.00000,0.00000,0.00000,0.00000,0.00000,0.00000,0.00000,0.00000,0.00000,0.00000,0.00000,0.00000,0.00000,0.00000,0.00000,0.00000,0.00000,0.00000,0.00000,0.00000,0.00000,0.00000,0.00000,0.00000,0.00000,0.00000,0.00000,0.00000,0.00000,0.00000,0.00000,0.00000,0.00000,0.00000,0.00000,0.00000,0.00000,0.00000,0.00000,0.00000,0.00000,0.00000,0.00000,0.00000,0.00000,0.00000,0.00000,0.00000,0.00000,0.00000,0.03785,0.00265,0.00230,0.00000,0.00000,0.00000,0.00000,0.00000,0.00000,0.00000,0.00000,0.00000,0.00000,0.00000,0.00000,0.00000,0.27700,0.66800,0.57950,0.24500,0.24300,0,0.00000,0.00000,0.00000,0.00000,0.00000
297,0.00000,0.00000,0.00000,0.00000,0.00000,0.00000,0.00000,0.00000,0.00000,0.00000,0.00000,0.00000,0.00000,0.00000,0.00000,0.00000,0.00000,0.00000,0.00000,0.00000,0.00000,0.00000,0.00000,0.00000,0.00000,0.00000,0.00000,0.00000,0.00000,0.00000,0.00000,0.00000,0.00000,0.00000,0.00000,0.00000,0.00000,0.00000,0.00000,0.00000,0.00000,0.00000,0.00000,0.00000,0.00000,0.00000,0.00000,0.00000,0.00000,0.00000,0.00000,0.00000,0.00000,0.00000,0.00000,0.00000,0.00000,0.00000,0.00000,0.00000,0.00000,0.00000,0.00000,0.00000,0.00000,0.00000,0.00000,0.00000,0.00000,0.00000,0.00000,0.00000,0.00000,0.00000,0.00000,0.00000,0.00000,0.00000,0.00000,0.00000,0.00000,0.00000,0.00000,0.00000,0.00000,0.00000,0.00000,0.00000,0.00000,0.00000,0.00000,0.00000,0.00000,0.00000,0.00000,0.00000,0.00000,0.00000,0.04257,0.00094,0.00336,0.00000,0.00000,0.00000,0.00000,0.00000,0.00000,0.00000,0.00000,0.00000,0.00000,0.00000,0.00000,0.00000,0.27700,0.66800,0.57850,0.24700,0.24300,0,0.00000,0.00000,0.00000,0.00000,0.00000
298,0.00000,0.00000,0.00000,0.00000,0.00000,0.00000,0.00000,0.00000,0.00000,0.00000,0.00000,0.00000,0.00000,0.00000,0.00000,0.00000,0.00000,0.00000,0.00000,0.00000,0.00000,0.00000,0.00000,0.00000,0.00000,0.00000,0.00000,0.00000,0.00000,0.00000,0.00000,0.00000,0.00000,0.00000,0.00000,0.00000,0.00000,0.00000,0.00000,0.00000,0.00000,0.00000,0.00000,0.00000,0.00000,0.00000,0.00000,0.00000,0.00000,0.00000,0.00000,0.00000,0.00000,0.00000,0.00000,0.00000,0.00000,0.00000,0.00000,0.00000,0.00000,0.00000,0.00000,0.00000,0.00000,0.00000,0.00000,0.00000,0.00000,0.00000,0.00000,0.00000,0.00000,0.00000,0.00000,0.00000,0.00000,0.00000,0.00000,0.00000,0.00000,0.00000,0.00000,0.00000,0.00000,0.00000,0.00000,0.00000,0.00000,0.00000,0.00000,0.00000,0.00000,0.00000,0.00000,0.00000,0.00000,0.00000,0.01515,0.00519,0.00000,0.00000,0.00000,0.00000,0.00000,0.00000,0.00000,0.00000,0.00000,0.00159,0.00000,0.00000,0.00000,0.00000,0.27700,0.66800,0.58050,0.24500,0.24300,0,0.00000,0.00000,0.00000,0.00000,0.00000
299,0.00000,0.00000,0.00000,0.00000,0.00000,0.00000,0.00000,0.00000,0.00000,0.00000,0.00000,0.00000,0.00000,0.00000,0.00000,0.00000,0.00000,0.00000,0.00000,0.00000,0.00000,0.00000,0.00000,0.00000,0.00000,0.00000,0.00000,0.00000,0.00000,0.00000,0.00000,0.00000,0.00000,0.00000,0.00000,0.00000,0.00000,0.00000,0.00000,0.00000,0.00000,0.00000,0.00000,0.00000,0.00000,0.00000,0.00000,0.00000,0.00000,0.00000,0.00000,0.00000,0.00000,0.00000,0.00000,0.00000,0.00000,0.00000,0.00000,0.00000,0.00000,0.00000,0.00000,0.00000,0.00000,0.00000,0.00000,0.00000,0.00000,0.00000,0.00000,0.00000,0.00000,0.00000,0.00000,0.00000,0.00000,0.00000,0.00000,0.00000,0.00000,0.00000,0.00000,0.00000,0.00000,0.00000,0.00000,0.00000,0.00000,0.00000,0.00000,0.00000,0.00000,0.00000,0.00000,0.00000,0.00000,0.00000,0.00018,0.00000,0.00142,0.00000,0.00000,0.00000,0.00000,0.00000,0.00000,0.00000,0.00000,0.00000,0.00000,0.00000,0.00000,0.00000,0.27700,0.66800,0.57500,0.24600,0.24300,0,0.00000,0.00000,0.00000,0.00000,0.00000
300,0.00000,0.00000,0.00000,0.00000,0.00000,0.00000,0.00000,0.00000,0.00000,0.00000,0.00000,0.00000,0.00000,0.00000,0.00000,0.00000,0.00000,0.00000,0.00000,0.00000,0.00000,0.00000,0.00000,0.00000,0.00000,0.00000,0.00000,0.00000,0.00000,0.00000,0.00000,0.00000,0.00000,0.00000,0.00000,0.00000,0.00000,0.00000,0.00000,0.00000,0.00000,0.00000,0.00000,0.00000,0.00000,0.00000,0.00000,0.00000,0.00000,0.00000,0.00000,0.00000,0.00000,0.00000,0.00000,0.00000,0.00000,0.00000,0.00000,0.00000,0.00000,0.00000,0.00000,0.00000,0.00000,0.00000,0.00000,0.00000,0.00000,0.00000,0.00000,0.00000,0.00000,0.00000,0.00000,0.00000,0.00000,0.00000,0.00000,0.00000,0.00000,0.00000,0.00000,0.00000,0.00000,0.00000,0.00000,0.00000,0.00000,0.00000,0.00000,0.00000,0.00000,0.00000,0.00000,0.00000,0.00000,0.00000,0.00035,0.00000,0.00248,0.00000,0.00000,0.00000,0.00000,0.00000,0.00000,0.00000,0.00000,0.00071,0.00000,0.00000,0.00000,0.00000,0.27700,0.66800,0.57650,0.24700,0.24300,0,0.00000,0.00000,0.00000,0.00000,0.00000
301,0.00000,0.00000,0.00000,0.00000,0.00000,0.00000,0.00000,0.00000,0.00000,0.00000,0.00000,0.00000,0.00000,0.00000,0.00000,0.00000,0.00000,0.00000,0.00000,0.00000,0.00000,0.00000,0.00000,0.00000,0.00000,0.00000,0.00000,0.00000,0.00000,0.00000,0.00000,0.00000,0.00000,0.00000,0.00000,0.00000,0.00000,0.00000,0.00000,0.00000,0.00000,0.00000,0.00000,0.00000,0.00000,0.00000,0.00000,0.00000,0.00000,0.00000,0.00000,0.00000,0.00000,0.00000,0.00000,0.00000,0.00000,0.00000,0.00000,0.00000,0.00000,0.00000,0.00000,0.00000,0.00000,0.00000,0.00000,0.00000,0.00000,0.00000,0.00000,0.00000,0.00000,0.00000,0.00000,0.00000,0.00000,0.00000,0.00000,0.00000,0.00000,0.00000,0.00000,0.00000,0.00000,0.00000,0.00000,0.00000,0.00000,0.00000,0.00000,0.00000,0.00000,0.00000,0.00000,0.00000,0.00000,0.00000,0.00548,0.00000,0.00000,0.00000,0.00000,0.00000,0.00000,0.00000,0.00000,0.00000,0.00000,0.00000,0.00000,0.00000,0.00000,0.00000,0.27700,0.66900,0.57500,0.24600,0.24300,0,0.00000,0.00000,0.00000,0.00000,0.00000
302,0.00000,0.00000,0.00000,0.00000,0.00000,0.00000,0.00000,0.00000,0.00000,0.00000,0.00000,0.00000,0.00000,0.00000,0.00000,0.00000,0.00000,0.00000,0.00000,0.00000,0.00000,0.00000,0.00000,0.00000,0.00000,0.00000,0.00000,0.00000,0.00000,0.00000,0.00000,0.00000,0.00000,0.00000,0.00000,0.00000,0.00000,0.00000,0.00000,0.00000,0.00000,0.00000,0.00000,0.00000,0.00000,0.00000,0.00000,0.00000,0.00000,0.00000,0.00000,0.00000,0.00000,0.00000,0.00000,0.00000,0.00000,0.00000,0.00000,0.00000,0.00000,0.00000,0.00000,0.00000,0.00000,0.00000,0.00000,0.00000,0.00000,0.00000,0.00000,0.00000,0.00000,0.00000,0.00000,0.00000,0.00000,0.00000,0.00000,0.00000,0.00000,0.00000,0.00000,0.00000,0.00000,0.00000,0.00000,0.00000,0.00000,0.00000,0.00000,0.00000,0.00000,0.00000,0.00000,0.00000,0.00000,0.00000,0.05312,0.00242,0.00425,0.00000,0.00000,0.00000,0.00000,0.00000,0.00000,0.00000,0.00000,0.00000,0.00000,0.00000,0.00000,0.00000,0.27700,0.66800,0.57500,0.24600,0.24300,0,0.00000,0.00000,0.00000,0.00000,0.00000
303,0.00000,0.00000,0.00000,0.00000,0.00000,0.00000,0.00000,0.00000,0.00000,0.00000,0.00000,0.00000,0.00000,0.00000,0.00000,0.00000,0.00000,0.00000,0.00000,0.00000,0.00000,0.00000,0.00000,0.00000,0.00000,0.00000,0.00000,0.00000,0.00000,0.00000,0.00000,0.00000,0.00000,0.00000,0.00000,0.00000,0.00000,0.00000,0.00000,0.00000,0.00000,0.00000,0.00000,0.00000,0.00000,0.00000,0.00000,0.00000,0.00000,0.00000,0.00000,0.00000,0.00088,0.00000,0.00000,0.00000,0.00000,0.00000,0.00000,0.15619,0.00000,0.00000,0.00000,0.00000,0.01114,0.00000,0.00000,0.02936,0.00000,0.00000,0.00000,0.04729,0.17294,0.00000,0.00000,0.00000,0.00000,0.00000,0.07712,0.07606,0.00000,0.00000,0.00000,0.00000,0.14169,0.08137,0.00000,0.00000,0.00000,0.00943,0.15914,0.00000,0.00000,0.00000,0.00000,0.00000,0.00000,0.21881,0.00177,0.00000,0.00000,0.16038,0.00767,0.00000,0.00000,0.00000,0.00000,0.00000,0.00000,0.02476,0.17317,0.00000,0.00000,0.00000,2.48300,2.27750,1.28650,2.29100,5.00000,0,0.00000,0.00000,0.00000,0.00000,0.00000
304,0.00000,0.00000,0.00000,0.00000,0.00000,0.00000,0.00000,0.00000,0.00000,0.00000,0.00000,0.00000,0.00000,0.00000,0.00000,0.00000,0.00000,0.00000,0.00000,0.00000,0.00000,0.00000,0.00000,0.00000,0.00000,0.00000,0.00000,0.00000,0.00000,0.00000,0.00000,0.00000,0.00000,0.00000,0.00000,0.00000,0.00000,0.00000,0.00000,0.00000,0.00000,0.00000,0.00000,0.00000,0.00000,0.00000,0.00000,0.00088,0.00000,0.00000,0.00000,0.00000,0.00035,0.00000,0.00000,0.00000,0.00000,0.00000,0.00000,0.16504,0.00000,0.00000,0.00000,0.00000,0.01309,0.00000,0.00000,0.02494,0.00000,0.00000,0.00000,0.04634,0.17459,0.00000,0.00000,0.00000,0.00000,0.00000,0.07942,0.07270,0.00000,0.00000,0.00000,0.00000,0.14009,0.08225,0.00000,0.00000,0.00000,0.00979,0.18496,0.00000,0.00000,0.00000,0.00000,0.00000,0.00000,0.21999,0.00183,0.00000,0.00000,0.16108,0.00802,0.00000,0.00000,0.00000,0.00000,0.00000,0.00000,0.02388,0.17706,0.00000,0.00000,0.00000,2.48700,2.28350,1.28800,2.29300,5.00000,0,0.00000,0.00000,0.00000,0.00000,0.00000
305,0.00000,0.00000,0.00000,0.00000,0.00000,0.00000,0.00000,0.00000,0.00000,0.00000,0.00000,0.00000,0.00000,0.00000,0.00000,0.00000,0.00000,0.00000,0.00000,0.00000,0.00000,0.00000,0.00000,0.00000,0.00000,0.00000,0.00000,0.00000,0.00000,0.00000,0.00000,0.00000,0.00000,0.00000,0.00000,0.00000,0.00000,0.00000,0.00000,0.00000,0.00000,0.00000,0.00000,0.00000,0.00000,0.00000,0.00000,0.00088,0.00000,0.00000,0.00000,0.00000,0.00071,0.00000,0.00000,0.00000,0.00000,0.00000,0.00000,0.16592,0.00000,0.00000,0.00000,0.00000,0.00814,0.00000,0.00000,0.03131,0.00000,0.00000,0.00000,0.04617,0.17264,0.00000,0.00000,0.00000,0.00000,0.00000,0.06651,0.07129,0.00000,0.00000,0.00000,0.00000,0.14045,0.08225,0.00000,0.00000,0.00000,0.00943,0.13791,0.00000,0.00000,0.00000,0.00000,0.00000,0.00000,0.21981,0.00183,0.00000,0.00000,0.15702,0.00749,0.00000,0.00000,0.00000,0.00000,0.00000,0.00000,0.02370,0.17441,0.00000,0.00000,0.00000,2.51000,2.31600,1.28600,2.29800,5.00000,0,0.00000,0.00000,0.00000,0.00000,0.00000
306,0.00000,0.00000,0.00000,0.00000,0.00000,0.00000,0.00000,0.00000,0.00000,0.00000,0.00000,0.00000,0.00000,0.00000,0.00000,0.00000,0.00000,0.00000,0.00000,0.00000,0.00000,0.00000,0.00000,0.00000,0.00000,0.00000,0.00000,0.00000,0.00000,0.00000,0.00000,0.00000,0.00000,0.00000,0.00000,0.00000,0.00000,0.00000,0.00000,0.00000,0.00000,0.00000,0.00000,0.00000,0.00000,0.00000,0.00000,0.00088,0.00000,0.00000,0.00000,0.00000,0.00106,0.00000,0.00000,0.00000,0.00000,0.00000,0.00000,0.16486,0.00000,0.00000,0.00000,0.00000,0.03007,0.00000,0.00000,0.03768,0.00000,0.00000,0.00000,0.04634,0.17423,0.00000,0.00000,0.00000,0.00000,0.00000,0.08667,0.07995,0.00000,0.00000,0.00000,0.00000,0.14080,0.08261,0.00000,0.00000,0.00000,0.00979,0.19186,0.00000,0.00000,0.00000,0.00000,0.00000,0.00000,0.21928,0.00183,0.00000,0.00000,0.16303,0.00802,0.00000,0.00000,0.00000,0.00000,0.00000,0.00000,0.02388,0.17583,0.00000,0.00000,0.00000,2.48600,2.28050,1.28750,2.29100,5.00000,0,0.00000,0.00000,0.00000,0.00000,0.00000
307,0.00000,0.00000,0.00000,0.00000,0.00000,0.00000,0.00000,0.00000,0.00000,0.00000,0.00000,0.00000,0.00000,0.00000,0.00000,0.00000,0.00000,0.00000,0.00000,0.00000,0.00000,0.00000,0.00000,0.00000,0.00000,0.00000,0.00000,0.00000,0.00000,0.00000,0.00000,0.00000,0.00000,0.00000,0.00000,0.00000,0.00000,0.00000,0.00000,0.00000,0.00000,0.00000,0.00000,0.00000,0.00000,0.00000,0.00000,0.00018,0.00000,0.00000,0.00000,0.00000,0.00124,0.00000,0.00000,0.00000,0.00000,0.00000,0.00000,0.15955,0.00000,0.00000,0.00000,0.00000,0.02176,0.00000,0.00000,0.03608,0.00000,0.00000,0.00000,0.04658,0.17311,0.00000,0.00000,0.00000,0.00000,0.00000,0.08031,0.07925,0.00000,0.00000,0.00000,0.00000,0.14009,0.08296,0.00000,0.00000,0.00000,0.00996,0.17028,0.00000,0.00000,0.00000,0.00000,0.00000,0.00000,0.21946,0.00183,0.00000,0.00000,0.15684,0.00731,0.00000,0.00000,0.00000,0.00000,0.00000,0.00000,0.02370,0.17777,0.00000,0.00000,0.00000,2.47900,2.31600,1.28500,2.30300,5.00000,0,0.00000,0.00000,0.00000,0.00000,0.00000
308,0.00000,0.00000,0.00000,0.00000,0.00000,0.00000,0.00000,0.00000,0.00000,0.00000,0.00000,0.00000,0.00000,0.00000,0.00000,0.00000,0.00000,0.00000,0.00000,0.00000,0.00000,0.00000,0.00000,0.00000,0.00000,0.00000,0.00000,0.00000,0.00000,0.00000,0.00000,0.00000,0.00000,0.00000,0.00000,0.00000,0.00000,0.00000,0.00000,0.00000,0.00000,0.00000,0.00000,0.00000,0.00000,0.00000,0.00000,0.00088,0.00000,0.00000,0.00000,0.00000,0.00071,0.00000,0.00000,0.00000,0.00000,0.00000,0.00000,0.16397,0.00000,0.00000,0.00000,0.00000,0.01274,0.00000,0.00000,0.03343,0.00000,0.00000,0.00000,0.04676,0.17347,0.00000,0.00000,0.00000,0.00000,0.00000,0.08561,0.07960,0.00000,0.00000,0.00000,0.00000,0.14009,0.08278,0.00000,0.00000,0.00000,0.00985,0.18455,0.00000,0.00000,0.00000,0.00000,0.00000,0.00000,0.22070,0.00183,0.00000,0.00000,0.16144,0.00749,0.00000,0.00000,0.00000,0.00000,0.00000,0.00000,0.02459,0.17901,0.00000,0.00000,0.00000,2.50900,2.27750,1.28750,2.29100,5.00000,0,0.00000,0.00000,0.00000,0.00000,0.00000
309,0.00000,0.00000,0.00000,0.00000,0.00000,0.00000,0.00000,0.00000,0.00000,0.00000,0.00000,0.00000,0.00000,0.00000,0.00000,0.00000,0.00000,0.00000,0.00000,0.00000,0.00000,0.00000,0.00000,0.00000,0.00000,0.00000,0.00000,0.00000,0.00000,0.00000,0.00000,0.00000,0.00000,0.00000,0.00000,0.00000,0.00000,0.00000,0.00000,0.00000,0.00000,0.00000,0.00000,0.00000,0.00000,0.00000,0.00000,0.00018,0.00000,0.00000,0.00000,0.00000,0.00053,0.00000,0.00000,0.00000,0.00000,0.00000,0.00000,0.16114,0.00000,0.00000,0.00000,0.00000,0.01256,0.00000,0.00000,0.03608,0.00000,0.00000,0.00000,0.04729,0.17347,0.00000,0.00000,0.00000,0.00000,0.00000,0.07889,0.07535,0.00000,0.00000,0.00000,0.00000,0.14062,0.08190,0.00000,0.00000,0.00000,0.00996,0.17559,0.00000,0.00000,0.00000,0.00000,0.00000,0.00000,0.21981,0.00183,0.00000,0.00000,0.16285,0.00731,0.00000,0.00000,0.00000,0.00000,0.00000,0.00000,0.02388,0.17282,0.00000,0.00000,0.00000,2.49700,2.31750,1.28700,2.29300,5.00000,0,0.00000,0.00000,0.00000,0.00000,0.00000
310,0.00000,0.00000,0.00000,0.00000,0.00000,0.00000,0.00000,0.00000,0.00000,0.00000,0.00000,0.00000,0.00000,0.00000,0.00000,0.00000,0.00000,0.00000,0.00000,0.00000,0.00000,0.00000,0.00000,0.00000,0.00000,0.00000,0.00000,0.00000,0.00000,0.00000,0.00000,0.00000,0.00000,0.00000,0.00000,0.00000,0.00000,0.00000,0.00000,0.00000,0.00000,0.00000,0.00000,0.00000,0.00000,0.00000,0.00000,0.00018,0.00000,0.00000,0.00000,0.00000,0.00035,0.00000,0.00000,0.00000,0.00000,0.00000,0.00000,0.16079,0.00000,0.00000,0.00000,0.00000,0.02211,0.00000,0.00000,0.02901,0.00000,0.00000,0.00000,0.04634,0.17176,0.00000,0.00000,0.00000,0.00000,0.00000,0.08261,0.07376,0.00000,0.00000,0.00000,0.00000,0.14116,0.08190,0.00000,0.00000,0.00000,0.01014,0.19222,0.00000,0.00000,0.00000,0.00000,0.00000,0.00000,0.21969,0.00177,0.00000,0.00000,0.16215,0.00802,0.00000,0.00000,0.00000,0.00000,0.00000,0.00000,0.02388,0.17406,0.00000,0.00000,0.00000,2.48000,2.31850,1.28600,2.28900,5.00000,0,0.00000,0.00000,0.00000,0.00000,0.00000
311,0.00000,0.00000,0.00000,0.00000,0.00000,0.00000,0.00000,0.00000,0.00000,0.00000,0.00000,0.00000,0.00000,0.00000,0.00000,0.00000,0.00000,0.00000,0.00000,0.00000,0.00000,0.00000,0.00000,0.00000,0.00000,0.00000,0.00000,0.00000,0.00000,0.00000,0.00000,0.00000,0.00000,0.00000,0.00000,0.00000,0.00000,0.00000,0.00000,0.00000,0.00000,0.00000,0.00000,0.00000,0.00000,0.00000,0.00000,0.00018,0.00000,0.00000,0.00000,0.00000,0.00000,0.00000,0.00000,0.00000,0.00000,0.00000,0.00000,0.16203,0.00000,0.00000,0.00000,0.00000,0.00849,0.00000,0.00000,0.03432,0.00000,0.00000,0.00000,0.04634,0.17317,0.00000,0.00000,0.00000,0.00000,0.00000,0.07854,0.07942,0.00000,0.00000,0.00000,0.00000,0.14133,0.08190,0.00000,0.00000,0.00000,0.00979,0.16710,0.00000,0.00000,0.00000,0.00000,0.00000,0.00000,0.22022,0.00177,0.00000,0.00000,0.16073,0.00731,0.00000,0.00000,0.00000,0.00000,0.00000,0.00000,0.02441,0.17335,0.00000,0.00000,0.00000,2.50100,2.31700,1.28600,2.28800,5.00000,0,0.00000,0.00000,0.00000,0.00000,0.00000
312,0.00000,0.00000,0.00000,0.00000,0.00000,0.00000,0.00000,0.00000,0.00000,0.00000,0.00000,0.00000,0.00000,0.00000,0.00000,0.00000,0.00000,0.00000,0.00000,0.00000,0.00000,0.00000,0.00000,0.00000,0.00000,0.00000,0.00000,0.00000,0.00000,0.00000,0.00000,0.00000,0.00000,0.00000,0.00000,0.00000,0.00000,0.00000,0.00000,0.00000,0.00000,0.00000,0.00000,0.00000,0.00000,0.00000,0.00000,0.00018,0.00000,0.00000,0.00000,0.00000,0.00106,0.00000,0.00000,0.00000,0.00000,0.00000,0.00000,0.16221,0.00000,0.00000,0.00000,0.00000,0.01610,0.00000,0.00000,0.02689,0.00000,0.00000,0.00000,0.04693,0.17223,0.00000,0.00000,0.00000,0.00000,0.00000,0.06775,0.07341,0.00000,0.00000,0.00000,0.00000,0.13992,0.08261,0.00000,0.00000,0.00000,0.00943,0.14145,0.00000,0.00000,0.00000,0.00000,0.00000,0.00000,0.21999,0.00183,0.00000,0.00000,0.15967,0.00784,0.00000,0.00000,0.00000,0.00000,0.00000,0.00000,0.02406,0.17618,0.00000,0.00000,0.00000,2.50200,2.31700,1.28600,2.30800,5.00000,0,0.00000,0.00000,0.00000,0.00000,0.00000
313,0.00000,0.00000,0.00000,0.00000,0.00000,0.00000,0.00000,0.00000,0.00000,0.00000,0.00000,0.00000,0.00000,0.00000,0.00000,0.00000,0.00000,0.00000,0.00000,0.00000,0.00000,0.00000,0.00000,0.00000,0.00000,0.00000,0.00000,0.00000,0.00000,0.00000,0.00000,0.00000,0.00000,0.00000,0.00000,0.00000,0.00000,0.00000,0.00000,0.00000,0.00000,0.00000,0.00000,0.00000,0.00000,0.00000,0.00000,0.00000,0.00000,0.00000,0.00000,0.00000,0.00018,0.00000,0.00000,0.00000,0.00000,0.00000,0.00000,0.16026,0.00000,0.00000,0.00000,0.00000,0.00867,0.00000,0.00000,0.03396,0.00000,0.00000,0.00000,0.04746,0.17294,0.00000,0.00000,0.00000,0.00000,0.00000,0.08243,0.07995,0.00000,0.00000,0.00000,0.00000,0.14151,0.08154,0.00000,0.00000,0.00000,0.00996,0.18673,0.00000,0.00000,0.00000,0.00000,0.00000,0.00000,0.21987,0.00177,0.00000,0.00000,0.16480,0.00802,0.00000,0.00000,0.00000,0.00000,0.00000,0.00000,0.02494,0.17441,0.00000,0.00000,0.00000,2.48900,2.31600,1.28600,2.30300,5.00000,0,0.00000,0.28201,0.00000,0.00000,0.00000
314,0.00000,0.00000,0.00000,0.00000,0.00000,0.00000,0.00000,0.00000,0.00000,0.00000,0.00000,0.00000,0.00000,0.00000,0.00000,0.00000,0.00000,0.00000,0.00000,0.00000,0.00000,0.00000,0.00000,0.00000,0.00000,0.00000,0.00000,0.00000,0.00000,0.00000,0.00000,0.00000,0.00000,0.00000,0.00000,0.00000,0.00000,0.00000,0.00000,0.00000,0.00000,0.00000,0.00000,0.00000,0.00000,0.00000,0.00000,0.00053,0.00000,0.00000,0.00000,0.00000,0.00000,0.00000,0.00000,0.00000,0.00000,0.00000,0.00000,0.16380,0.00000,0.00000,0.00000,0.00000,0.00407,0.00000,0.00000,0.02653,0.00000,0.00000,0.00000,0.04729,0.17382,0.00000,0.00000,0.00000,0.00000,0.00000,0.06297,0.06881,0.00000,0.00000,0.00000,0.00000,0.14063,0.08208,0.00000,0.00000,0.00000,0.00902,0.14469,0.00000,0.00000,0.00000,0.00000,0.00000,0.00000,0.22017,0.00183,0.00000,0.00000,0.15507,0.00802,0.00000,0.00000,0.00000,0.00000,0.00000,0.00000,0.02459,0.17600,0.00000,0.00000,0.28201,2.49400,2.31700,1.28600,2.31000,5.00000,0,0.00000,0.44109,0.00000,0.00000,0.00000
315,0.00000,0.00000,0.00000,0.00000,0.00000,0.00000,0.00000,0.00000,0.00000,0.00000,0.00000,0.00000,0.00000,0.00000,0.00000,0.00000,0.00000,0.00000,0.00000,0.00000,0.00000,0.00000,0.00000,0.00000,0.00000,0.00000,0.00000,0.00000,0.00000,0.00000,0.00000,0.00000,0.00000,0.00000,0.00000,0.00000,0.00000,0.00000,0.00000,0.00000,0.00000,0.00000,0.00000,0.00000,0.00000,0.00000,0.00000,0.00000,0.00000,0.00000,0.00000,0.00000,0.00000,0.00000,0.00000,0.00000,0.00000,0.00000,0.00000,0.15991,0.00000,0.00000,0.00000,0.00000,0.01804,0.00000,0.00000,0.02459,0.00000,0.00000,0.00000,0.04764,0.17134,0.00000,0.00000,0.00000,0.00000,0.00000,0.07358,0.06881,0.00000,0.00000,0.00000,0.00000,0.14116,0.08190,0.00000,0.00000,0.00000,0.00902,0.15814,0.00000,0.00000,0.00000,0.00000,0.00000,0.00000,0.21999,0.00183,0.00000,0.00000,0.15808,0.00767,0.00000,0.00000,0.00000,0.00000,0.00000,0.00000,0.02388,0.17370,0.00000,0.00000,0.44109,2.50800,2.31700,1.28600,2.31000,5.00000,0,0.00000,0.47000,0.00000,0.00000,0.00000
316,0.00000,0.00000,0.00000,0.00000,0.00000,0.00000,0.00000,0.00000,0.00000,0.00000,0.00000,0.00000,0.00000,0.00000,0.00000,0.00000,0.00000,0.00000,0.00000,0.00000,0.00000,0.00000,0.00000,0.00000,0.00000,0.00000,0.00000,0.00000,0.00000,0.00000,0.00000,0.00000,0.00000,0.00000,0.00000,0.00000,0.00000,0.00000,0.00000,0.00000,0.00000,0.00000,0.00000,0.00000,0.00000,0.00000,0.00000,0.00000,0.00000,0.00000,0.00000,0.00000,0.00035,0.00000,0.00000,0.00000,0.00000,0.00000,0.00000,0.16044,0.00000,0.00000,0.00000,0.00000,0.01751,0.00000,0.00000,0.02636,0.00000,0.00000,0.00000,0.04800,0.17205,0.00000,0.00000,0.00000,0.00000,0.00000,0.07518,0.07022,0.00000,0.00000,0.00000,0.00000,0.14062,0.08172,0.00000,0.00000,0.00000,0.00943,0.17453,0.00000,0.00000,0.00000,0.00000,0.00000,0.00000,0.22017,0.00183,0.00000,0.00000,0.15578,0.00820,0.00000,0.00000,0.00000,0.00000,0.00000,0.00000,0.02494,0.17406,0.00000,0.00000,0.47000,2.48900,2.28550,1.28800,2.28800,5.00000,0,0.00000,0.62185,0.00000,0.00000,0.00000
317,0.00000,0.00000,0.00000,0.00000,0.00000,0.00000,0.00000,0.00000,0.00000,0.00000,0.00000,0.00000,0.00000,0.00000,0.00000,0.00000,0.00000,0.00000,0.00000,0.00000,0.00000,0.00000,0.00000,0.00000,0.00000,0.00000,0.00000,0.00000,0.00000,0.00000,0.00000,0.00000,0.00000,0.00000,0.00000,0.00000,0.00000,0.00000,0.00000,0.00000,0.00000,0.00000,0.00000,0.00000,0.00000,0.00000,0.00000,0.00018,0.00000,0.00000,0.00000,0.00000,0.00071,0.00000,0.00000,0.00000,0.00000,0.00000,0.00000,0.16132,0.00000,0.00000,0.00000,0.00000,0.00495,0.00000,0.00000,0.03343,0.00000,0.00000,0.00000,0.04634,0.17370,0.00000,0.00000,0.00000,0.00000,0.00000,0.08703,0.08261,0.00000,0.00000,0.00000,0.00000,0.13992,0.08261,0.00000,0.00000,0.00000,0.00943,0.18779,0.00000,0.00000,0.00000,0.00000,0.00000,0.00000,0.21946,0.00218,0.00000,0.00000,0.16091,0.00802,0.00000,0.00000,0.00000,0.00000,0.00000,0.00000,0.02370,0.17795,0.00000,0.00000,0.62185,2.52600,2.31650,1.28600,2.29000,5.00000,0,0.00000,0.76644,0.00000,0.00000,0.00000
318,0.00000,0.00000,0.00000,0.00000,0.00000,0.00000,0.00000,0.00000,0.00000,0.00000,0.00000,0.00000,0.00000,0.00000,0.00000,0.00000,0.00000,0.00000,0.00000,0.00000,0.00000,0.00000,0.00000,0.00000,0.00000,0.00000,0.00000,0.00000,0.00000,0.00000,0.00000,0.00000,0.00000,0.00000,0.00000,0.00000,0.00000,0.00000,0.00000,0.00000,0.00000,0.00000,0.00000,0.00000,0.00000,0.00000,0.00000,0.00425,0.00000,0.00000,0.00000,0.00000,0.00071,0.00000,0.00000,0.00000,0.00000,0.00000,0.00000,0.16981,0.00000,0.00000,0.00000,0.00000,0.01504,0.00000,0.00000,0.03272,0.00000,0.00000,0.00000,0.04652,0.17565,0.00000,0.00000,0.00000,0.00000,0.00000,0.08438,0.07588,0.00000,0.00000,0.00000,0.00000,0.13939,0.08314,0.00000,0.00000,0.00000,0.00979,0.18603,0.00000,0.00000,0.00000,0.00000,0.00000,0.00000,0.21963,0.00200,0.00000,0.00000,0.16657,0.00802,0.00000,0.00000,0.00000,0.00000,0.00000,0.00000,0.02370,0.17706,0.00000,0.00000,0.76644,2.54000,2.28750,1.28600,2.30500,5.00000,0,0.00000,0.85320,0.00000,0.00000,0.00000
319,0.00000,0.00000,0.00000,0.00000,0.00000,0.00000,0.00000,0.00000,0.00000,0.00000,0.00000,0.00000,0.00000,0.00000,0.00000,0.00000,0.00000,0.00000,0.00000,0.00000,0.00000,0.00000,0.00000,0.00000,0.00000,0.00000,0.00000,0.00000,0.00000,0.00000,0.00000,0.00000,0.00000,0.00000,0.00000,0.00000,0.00000,0.00000,0.00000,0.00000,0.00000,0.00000,0.00000,0.00000,0.00000,0.00000,0.00000,0.00000,0.00000,0.00000,0.00000,0.00000,0.00000,0.00000,0.00000,0.00000,0.00000,0.00000,0.00000,0.15354,0.00000,0.00000,0.00000,0.00000,0.00407,0.00000,0.00000,0.02777,0.00000,0.00000,0.00000,0.04800,0.17134,0.00000,0.00000,0.00000,0.00000,0.00000,0.07624,0.07129,0.00000,0.00000,0.00000,0.00000,0.14098,0.08172,0.00000,0.00000,0.00000,0.00926,0.17028,0.00000,0.00000,0.00000,0.00000,0.00000,0.00000,0.22087,0.00183,0.00000,0.00000,0.16480,0.00784,0.00000,0.00000,0.00000,0.00000,0.00000,0.00000,0.02476,0.17335,0.00000,0.00000,0.85320,2.51700,2.31400,1.28200,2.28900,5.00000,0,0.00000,0.91463,0.00000,0.00000,0.00000
320,0.00000,0.00000,0.00000,0.00000,0.00000,0.00000,0.00000,0.00000,0.00000,0.00000,0.00000,0.00000,0.00000,0.00000,0.00000,0.00000,0.00000,0.00000,0.00000,0.00000,0.00000,0.00000,0.00000,0.00000,0.00000,0.00000,0.00000,0.00000,0.00000,0.00000,0.00000,0.00000,0.00000,0.00000,0.00000,0.00000,0.00000,0.00000,0.00000,0.00000,0.00000,0.00000,0.00000,0.00000,0.00000,0.00000,0.00000,0.00000,0.00000,0.00000,0.00000,0.00000,0.00000,0.00000,0.00000,0.00000,0.00000,0.00000,0.00000,0.15442,0.00000,0.00000,0.00000,0.00000,0.00708,0.00000,0.00000,0.02759,0.00000,0.00000,0.00000,0.05820,0.15867,0.00000,0.00000,0.00000,0.00000,0.00000,0.08367,0.07376,0.00000,0.00000,0.00000,0.00000,0.15106,0.07305,0.00000,0.00000,0.00000,0.00761,0.18768,0.00000,0.00000,0.00000,0.00000,0.00000,0.00000,0.22388,0.00059,0.00000,0.00000,0.14304,0.00908,0.00000,0.00000,0.00000,0.00000,0.00000,0.00000,0.03072,0.17093,0.00000,0.00000,0.91463,2.56800,2.25150,1.26000,2.29600,5.00000,0,0.00000,0.91463,0.00000,0.00000,0.00000
321,0.00000,0.00000,0.00000,0.00000,0.00000,0.00000,0.00000,0.00000,0.00000,0.00000,0.00000,0.00000,0.00000,0.00000,0.00000,0.00000,0.00000,0.00000,0.00000,0.00000,0.00000,0.00000,0.00000,0.00000,0.00000,0.00000,0.00000,0.00000,0.00000,0.00000,0.00000,0.00000,0.00000,0.00000,0.00000,0.00000,0.00000,0.00000,0.00000,0.00000,0.00000,0.00000,0.00000,0.00000,0.00000,0.00000,0.00000,0.00000,0.00000,0.00000,0.00000,0.00000,0.00000,0.00000,0.00000,0.00955,0.00000,0.00000,0.00000,0.15831,0.00000,0.00000,0.00000,0.02989,0.00000,0.00000,0.00000,0.01132,0.00000,0.00000,0.00000,0.08355,0.13491,0.00000,0.00000,0.00743,0.00000,0.00000,0.10472,0.07235,0.00000,0.00000,0.00000,0.00000,0.17388,0.05006,0.00000,0.00000,0.00000,0.01533,0.13945,0.00000,0.00000,0.00000,0.00000,0.00000,0.00000,0.22412,0.00000,0.00000,0.00000,0.18821,0.00071,0.00000,0.00000,0.00000,0.00000,0.00000,0.00000,0.04682,0.15767,0.00000,0.00000,0.91463,2.61100,2.23250,1.20150,2.25200,5.00000,0,0.00000,0.88934,0.00000,0.00000,0.00000
322,0.00000,0.00000,0.00000,0.00000,0.00000,0.00000,0.00000,0.00000,0.00000,0.00000,0.00000,0.00000,0.00000,0.00000,0.00000,0.00000,0.00000,0.00000,0.00000,0.00000,0.00000,0.00000,0.00000,0.00000,0.00000,0.00000,0.00000,0.00000,0.00000,0.00000,0.00000,0.00000,0.00000,0.00000,0.00000,0.00000,0.00000,0.00000,0.00000,0.00000,0.00000,0.00000,0.00000,0.00000,0.00000,0.00000,0.00000,0.00000,0.00000,0.00000,0.00000,0.00000,0.00000,0.00000,0.00000,0.00000,0.00000,0.00000,0.00000,0.13390,0.00000,0.00000,0.00000,0.03662,0.00000,0.00000,0.00000,0.05006,0.00000,0.00000,0.00000,0.11946,0.10112,0.00000,0.00000,0.02052,0.00000,0.00000,0.08650,0.00000,0.00000,0.00000,0.00000,0.00000,0.19988,0.01733,0.00000,0.00000,0.00000,0.04941,0.14552,0.00000,0.00000,0.00000,0.00000,0.00000,0.00301,0.21669,0.00000,0.00000,0.00000,0.18166,0.00000,0.00000,0.00000,0.00000,0.00000,0.00000,0.00000,0.07936,0.13096,0.00000,0.00000,0.88934,2.54350,2.15350,1.13200,2.21900,5.00000,0,0.00000,0.80259,0.00000,0.00000,0.00000
323,0.00000,0.00000,0.00000,0.00000,0.00000,0.00000,0.00000,0.00000,0.00000,0.00000,0.00000,0.00000,0.00000,0.00000,0.00000,0.00000,0.00000,0.00000,0.00000,0.00000,0.00000,0.00000,0.00000,0.00000,0.00000,0.00000,0.00000,0.00000,0.00000,0.00000,0.00000,0.00000,0.00000,0.00000,0.00000,0.00000,0.00000,0.00000,0.00000,0.00000,0.00000,0.00000,0.00000,0.00000,0.00000,0.00000,0.00000,0.00000,0.00000,0.00000,0.00000,0.00000,0.00000,0.00000,0.00000,0.00000,0.00000,0.00000,0.01026,0.12700,0.00000,0.00000,0.00000,0.02653,0.00000,0.00000,0.00000,0.05200,0.00000,0.00000,0.00000,0.17895,0.03880,0.00000,0.00000,0.04281,0.00000,0.00000,0.04298,0.00000,0.00000,0.00000,0.00000,0.00000,0.19175,0.00000,0.00000,0.00000,0.00000,0.06279,0.00725,0.00000,0.00000,0.00000,0.00000,0.00000,0.05890,0.16946,0.00000,0.00000,0.00460,0.14062,0.00000,0.00000,0.00000,0.00000,0.00000,0.00000,0.00000,0.13903,0.05802,0.00000,0.00000,0.80259,2.79350,1.04750,1.03900,5.00000,5.00000,0,0.00000,0.53507,0.00000,0.00000,0.00000
324,0.00000,0.00000,0.00000,0.00000,0.00000,0.00000,0.00000,0.00000,0.00000,0.00000,0.00000,0.00000,0.00000,0.00000,0.00000,0.00000,0.00000,0.00000,0.00000,0.00000,0.00000,0.00000,0.00000,0.00000,0.00000,0.00000,0.00000,0.00000,0.00000,0.00000,0.00000,0.00000,0.00000,0.00000,0.00000,0.00000,0.00000,0.00000,0.00000,0.00000,0.00000,0.00000,0.00000,0.00000,0.00000,0.00000,0.00000,0.00000,0.00000,0.00000,0.00000,0.00000,0.00000,0.00000,0.00000,0.00000,0.00000,0.00000,0.05448,0.02246,0.00000,0.00000,0.00000,0.00000,0.00000,0.00000,0.01627,0.00301,0.00000,0.00000,0.00248,0.21439,0.00000,0.00000,0.00000,0.09853,0.00000,0.01032,0.12093,0.00259,0.00572,0.00000,0.00000,0.07972,0.14422,0.00000,0.00000,0.00000,0.00000,0.19110,0.00295,0.00000,0.00000,0.00000,0.00000,0.00000,0.12577,0.00000,0.00000,0.00000,0.00000,0.00000,0.00000,0.00000,0.00000,0.00000,0.00000,0.00000,0.00000,0.00000,0.00000,0.00000,0.00000,0.53507,2.54250,0.95000,0.93950,5.00000,5.00000,0,0.00000,0.47000,0.00000,0.00000,0.00000
325,0.00000,0.00000,0.00000,0.00000,0.00000,0.00000,0.00000,0.00000,0.00000,0.00000,0.00000,0.00000,0.00000,0.00000,0.00000,0.00000,0.00000,0.00000,0.00000,0.00000,0.00000,0.00000,0.00000,0.00000,0.00000,0.00000,0.00000,0.00000,0.00000,0.00000,0.00000,0.00000,0.00000,0.00000,0.00000,0.00000,0.00000,0.00000,0.00000,0.00000,0.00000,0.00000,0.00000,0.00000,0.00000,0.00000,0.00000,0.00000,0.00000,0.00000,0.00000,0.00000,0.00000,0.00000,0.00000,0.00000,0.00000,0.00000,0.18538,0.00035,0.00000,0.00000,0.00000,0.00000,0.00000,0.00000,0.08491,0.00000,0.00000,0.00000,0.03520,0.18697,0.00000,0.00000,0.00000,0.10861,0.00000,0.05336,0.10531,0.00000,0.00000,0.00000,0.00000,0.13962,0.07529,0.00000,0.00000,0.00000,0.02040,0.16745,0.00000,0.00000,0.00000,0.00000,0.00000,0.00000,0.21704,0.00000,0.00000,0.00000,0.20778,0.00077,0.00000,0.00000,0.00000,0.00000,0.00000,0.00000,0.03308,0.10383,0.00000,0.00000,0.00000,0.47000,2.52150,0.88400,0.91000,4.75650,5.00000,0,0.00000,0.71584,0.00000,0.00000,0.00000
326,0.00000,0.00000,0.00000,0.00000,0.00000,0.00000,0.00000,0.00000,0.00000,0.00000,0.00000,0.00000,0.00000,0.00000,0.00000,0.00000,0.00000,0.00000,0.00000,0.00000,0.00000,0.00000,0.00000,0.00000,0.00000,0.00000,0.00000,0.00000,0.00000,0.00000,0.00000,0.00000,0.00000,0.00000,0.00000,0.00000,0.00000,0.00000,0.00000,0.00000,0.00000,0.00000,0.00000,0.00000,0.00000,0.00000,0.00000,0.00000,0.00000,0.00000,0.00000,0.00000,0.00000,0.00000,0.00000,0.00000,0.00000,0.00000,0.11533,0.00000,0.00000,0.00000,0.00000,0.00000,0.00000,0.00000,0.06244,0.00000,0.00000,0.00000,0.07671,0.13715,0.00000,0.00000,0.00000,0.09888,0.00000,0.12164,0.02748,0.00000,0.00000,0.00000,0.00000,0.17801,0.01834,0.00000,0.00000,0.00000,0.00914,0.04287,0.00000,0.00000,0.00000,0.00000,0.00000,0.00183,0.21486,0.00000,0.00000,0.00000,0.14929,0.00000,0.00000,0.00000,0.00000,0.00000,0.00000,0.00000,0.08685,0.07925,0.00000,0.00000,0.00000,0.71584,2.48450,0.86100,0.88700,3.45700,5.00000,0,0.00000,0.77367,0.00000,0.00000,0.00000
327,0.00000,0.00000,0.00000,0.00000,0.00000,0.00000,0.00000,0.00000,0.00000,0.00000,0.00000,0.00000,0.00000,0.00000,0.00000,0.00000,0.00000,0.00000,0.00000,0.00000,0.00000,0.00000,0.00000,0.00000,0.00000,0.00000,0.00000,0.00000,0.00000,0.00000,0.00000,0.00000,0.00000,0.00000,0.00000,0.00000,0.00000,0.00000,0.00000,0.00000,0.00000,0.00000,0.00000,0.00000,0.00000,0.00000,0.00000,0.00000,0.00000,0.00000,0.00000,0.00000,0.00000,0.00000,0.00000,0.00000,0.00000,0.00000,0.12099,0.00000,0.00000,0.00000,0.00000,0.00000,0.00000,0.00000,0.05519,0.00000,0.00000,0.00000,0.12565,0.08644,0.00000,0.00000,0.00259,0.12866,0.00000,0.13709,0.00301,0.00000,0.00000,0.00000,0.00000,0.14593,0.00000,0.00000,0.00000,0.00000,0.01486,0.05271,0.00000,0.00000,0.00000,0.00000,0.00000,0.00000,0.04829,0.00000,0.00000,0.00000,0.00000,0.00000,0.00000,0.00000,0.00000,0.00000,0.00000,0.00000,0.02052,0.00425,0.00000,0.00000,0.00000,0.77367,2.62150,0.81400,0.84400,4.09950,5.00000,0,0.00000,0.83874,0.00000,0.00000,0.00000
328,0.00000,0.00000,0.00000,0.00000,0.00000,0.00000,0.00000,0.00000,0.00000,0.00000,0.00000,0.00000,0.00000,0.00000,0.00000,0.00000,0.00000,0.00000,0.00000,0.00000,0.00000,0.00000,0.00000,0.00000,0.00000,0.00000,0.00000,0.00000,0.00000,0.00000,0.00000,0.00000,0.00000,0.00000,0.00000,0.00000,0.00000,0.00000,0.00000,0.00000,0.00000,0.00000,0.00000,0.00000,0.00000,0.00000,0.00000,0.00000,0.00000,0.00000,0.00000,0.00000,0.00000,0.00000,0.00000,0.00000,0.00000,0.00000,0.02070,0.00000,0.00000,0.00000,0.00000,0.00000,0.00000,0.03160,0.08054,0.00000,0.00000,0.00000,0.17665,0.02712,0.00000,0.00000,0.00254,0.10324,0.00041,0.16551,0.00000,0.00000,0.00000,0.00000,0.00130,0.21327,0.00000,0.00000,0.00000,0.00000,0.19788,0.02659,0.00000,0.00000,0.00000,0.00000,0.00000,0.04935,0.00000,0.00000,0.00000,0.00000,0.08243,0.00000,0.00000,0.00000,0.00000,0.00000,0.00000,0.00000,0.00000,0.00000,0.00000,0.00000,0.00000,0.83874,2.89650,0.73800,0.76500,3.70450,5.00000,0,0.00000,0.82428,0.00000,0.00000,0.00000
329,0.00000,0.00000,0.00000,0.00000,0.00000,0.00000,0.00000,0.00000,0.00000,0.00000,0.00000,0.00000,0.00000,0.00000,0.00000,0.00000,0.00000,0.00000,0.00000,0.00000,0.00000,0.00000,0.00000,0.00000,0.00000,0.00000,0.00000,0.00000,0.00000,0.00000,0.00000,0.00000,0.00000,0.00000,0.00000,0.00000,0.00000,0.00000,0.00000,0.00000,0.00000,0.00000,0.00000,0.00000,0.00000,0.00000,0.00000,0.00000,0.00000,0.00000,0.00000,0.00000,0.00000,0.00000,0.00000,0.00000,0.00000,0.00000,0.01663,0.00000,0.00000,0.00000,0.00566,0.00000,0.00000,0.05814,0.01899,0.00000,0.00000,0.00000,0.11952,0.00006,0.00000,0.00000,0.02630,0.14811,0.00725,0.12488,0.00000,0.00000,0.00000,0.00000,0.04086,0.17689,0.00000,0.00000,0.00000,0.00000,0.21586,0.00419,0.00000,0.00000,0.00000,0.00000,0.00000,0.16716,0.00000,0.00000,0.00000,0.00000,0.01557,0.00000,0.00000,0.00000,0.00000,0.00000,0.00000,0.00000,0.00000,0.00000,0.00000,0.00000,0.00000,0.82428,2.88000,0.67300,0.69900,3.21600,5.00000,0,0.90000,0.80259,0.00000,0.00000,0.00000
330,0.00000,0.00000,0.00000,0.00000,0.00000,0.00000,0.00000,0.00000,0.00000,0.00000,0.00000,0.00000,0.00000,0.00000,0.00000,0.00000,0.00000,0.00000,0.00000,0.00000,0.00000,0.00000,0.00000,0.00000,0.00000,0.00000,0.00000,0.00000,0.00000,0.00000,0.00000,0.00000,0.00000,0.00000,0.00000,0.00000,0.00000,0.00000,0.00000,0.00000,0.00000,0.00000,0.00000,0.00000,0.00000,0.00000,0.00000,0.00000,0.00000,0.00000,0.00000,0.00000,0.00000,0.00000,0.00000,0.00000,0.00000,0.00000,0.00000,0.00000,0.00000,0.00000,0.00000,0.00000,0.00000,0.03715,0.00000,0.00000,0.00000,0.00000,0.00000,0.00000,0.00000,0.00000,0.01427,0.13945,0.10696,0.09540,0.00000,0.00000,0.00000,0.00000,0.07264,0.04870,0.00000,0.00000,0.00000,0.00000,0.07836,0.00000,0.00000,0.00000,0.00000,0.00000,0.00000,0.20395,0.00000,0.00000,0.00000,0.00000,0.00000,0.00000,0.00000,0.00000,0.00000,0.00000,0.00000,0.09953,0.01527,0.00000,0.00000,0.00000,0.90000,0.80259,0.64800,0.60600,1.60500,3.23700,5.00000,0,0.90000,0.78090,0.00000,0.00000,0.00000
331,0.00000,0.00000,0.00000,0.00000,0.00000,0.00000,0.00000,0.00000,0.00000,0.00000,0.00000,0.00000,0.00000,0.00000,0.00000,0.00000,0.00000,0.00000,0.00000,0.00000,0.00000,0.00000,0.00000,0.00000,0.00000,0.00000,0.00000,0.00000,0.00000,0.00000,0.00000,0.00000,0.00000,0.00000,0.00000,0.00000,0.00000,0.00000,0.00000,0.00000,0.00000,0.00000,0.00000,0.00000,0.00000,0.00000,0.00000,0.00000,0.00000,0.00000,0.00000,0.00000,0.00000,0.00000,0.00000,0.00000,0.00000,0.00000,0.00000,0.00000,0.00000,0.00442,0.00000,0.00000,0.00088,0.00000,0.00000,0.00000,0.00000,0.00000,0.00000,0.00000,0.00000,0.02229,0.12712,0.11716,0.05855,0.00000,0.00000,0.00000,0.00000,0.00000,0.00000,0.00000,0.00000,0.00000,0.00000,0.03732,0.00000,0.00000,0.00000,0.00000,0.00000,0.00000,0.00460,0.00000,0.00000,0.00000,0.00000,0.00000,0.00000,0.00000,0.00000,0.00000,0.00000,0.00000,0.03349,0.02364,0.00000,0.00000,0.00000,0.00000,0.90000,0.78090,0.52300,0.57000,1.58800,3.00600,5.00000,0,0.90000,0.77367,0.00000,0.00000,0.00000
332,0.00000,0.00000,0.00000,0.00000,0.00000,0.00000,0.00000,0.00000,0.00000,0.00000,0.00000,0.00000,0.00000,0.00000,0.00000,0.00000,0.00000,0.00000,0.00000,0.00000,0.00000,0.00000,0.00000,0.00000,0.00000,0.00000,0.00000,0.00000,0.00000,0.00000,0.00000,0.00000,0.00000,0.00000,0.00000,0.00000,0.00000,0.00000,0.00000,0.00000,0.00000,0.00000,0.00000,0.00000,0.00000,0.00000,0.00000,0.00000,0.00000,0.00000,0.00000,0.00000,0.00000,0.00000,0.00000,0.00000,0.00000,0.00000,0.00000,0.00000,0.00513,0.00018,0.00000,0.00000,0.00000,0.00000,0.00000,0.00000,0.00000,0.00000,0.00000,0.00000,0.00796,0.11728,0.12235,0.00077,0.00000,0.00000,0.00000,0.00000,0.00000,0.00000,0.00000,0.00000,0.00000,0.00000,0.00637,0.14788,0.00000,0.00000,0.00000,0.00000,0.00000,0.00000,0.00000,0.00000,0.00000,0.00000,0.00000,0.00000,0.00000,0.00000,0.00000,0.00000,0.00000,0.00000,0.00000,0.00000,0.00000,0.00000,0.00000,0.00000,0.90000,0.77367,0.53100,0.54200,1.57700,3.55850,5.00000,0,0.00000,0.76644,0.00000,0.00000,0.00000
333,0.00000,0.00000,0.00000,0.00000,0.00000,0.00000,0.00000,0.00000,0.00000,0.00000,0.00000,0.00000,0.00000,0.00000,0.00000,0.00000,0.00000,0.00000,0.00000,0.00000,0.00000,0.00000,0.00000,0.00000,0.00000,0.00000,0.00000,0.00000,0.00000,0.00000,0.00000,0.00000,0.00000,0.00000,0.00000,0.00000,0.00000,0.00000,0.00000,0.00000,0.00000,0.00000,0.00000,0.00000,0.00000,0.00000,0.00000,0.00000,0.00000,0.00000,0.00000,0.00000,0.00000,0.00000,0.00000,0.00000,0.00000,0.00000,0.00000,0.00000,0.00000,0.00000,0.00000,0.00000,0.00000,0.00000,0.00000,0.00000,0.00000,0.00000,0.00000,0.00000,0.10843,0.12465,0.00165,0.00000,0.00000,0.00000,0.00000,0.00584,0.00000,0.00000,0.00000,0.00000,0.00000,0.00460,0.10855,0.15483,0.00000,0.00000,0.00000,0.00000,0.00000,0.00000,0.00000,0.00000,0.00000,0.00000,0.00000,0.00018,0.00000,0.00000,0.00000,0.00000,0.00000,0.00000,0.00000,0.00000,0.00000,0.00000,0.00000,0.00000,0.00000,0.76644,0.48600,1.47600,2.39350,3.99650,2.64350,0,0.00000,0.75921,0.00000,0.00000,0.00000
334,0.00000,0.00000,0.00000,0.00000,0.00000,0.00000,0.00000,0.00000,0.00000,0.00000,0.00000,0.00000,0.00000,0.00000,0.00000,0.00000,0.00000,0.00000,0.00000,0.00000,0.00000,0.00000,0.00000,0.00000,0.00000,0.00000,0.00000,0.00000,0.00000,0.00000,0.00000,0.00000,0.00000,0.00000,0.00000,0.00000,0.00000,0.00000,0.00000,0.00000,0.00000,0.00000,0.00000,0.00000,0.00000,0.00000,0.00000,0.00000,0.00000,0.00000,0.00000,0.00000,0.00000,0.00000,0.00000,0.00000,0.00000,0.00000,0.00000,0.00283,0.00000,0.00000,0.00000,0.00000,0.00000,0.00000,0.00000,0.00000,0.00000,0.00000,0.00000,0.08768,0.14458,0.04175,0.00000,0.00000,0.00000,0.00000,0.00000,0.00000,0.00000,0.00000,0.00000,0.00000,0.00000,0.09534,0.12488,0.04528,0.00000,0.00000,0.00000,0.00000,0.00000,0.00000,0.00000,0.00000,0.00000,0.00000,0.00000,0.08154,0.00000,0.00000,0.00000,0.00000,0.00000,0.00000,0.00000,0.00000,0.00000,0.00000,0.00000,0.00000,0.00000,0.75921,0.45900,1.44200,2.51050,3.40500,2.62550,0,0.00000,0.75921,0.00000,0.00000,0.00000
335,0.00000,0.00000,0.00000,0.00000,0.00000,0.00000,0.00000,0.00000,0.00000,0.00000,0.00000,0.00000,0.00000,0.00000,0.00000,0.00000,0.00000,0.00000,0.00000,0.00000,0.00000,0.00000,0.00000,0.00000,0.00000,0.00000,0.00000,0.00000,0.00000,0.00000,0.00000,0.00000,0.00000,0.00000,0.00000,0.00000,0.00000,0.00000,0.00000,0.00000,0.00000,0.00000,0.00000,0.00000,0.00000,0.00000,0.00000,0.00000,0.00000,0.00000,0.00000,0.00000,0.00000,0.00000,0.00000,0.00000,0.00000,0.00000,0.00336,0.00000,0.00000,0.00000,0.00000,0.00000,0.00000,0.00000,0.00000,0.00000,0.00000,0.00000,0.02529,0.13048,0.10761,0.00000,0.00000,0.00000,0.00000,0.00000,0.00000,0.00000,0.00000,0.00000,0.00000,0.00000,0.04051,0.12647,0.01928,0.00000,0.00000,0.00000,0.00000,0.00000,0.00000,0.00000,0.00000,0.00000,0.00000,0.00000,0.03355,0.15855,0.00000,0.00000,0.00000,0.00000,0.00000,0.00000,0.00000,0.00000,0.00000,0.00000,0.00000,0.00000,0.00000,0.75921,0.43400,1.42800,2.73250,3.64500,2.59350,0,0.00000,0.75921,0.00000,0.00000,0.00000
336,0.00000,0.00000,0.00000,0.00000,0.00000,0.00000,0.00000,0.00000,0.00000,0.00000,0.00000,0.00000,0.00000,0.00000,0.00000,0.00000,0.00000,0.00000,0.00000,0.00000,0.00000,0.00000,0.00000,0.00000,0.00000,0.00000,0.00000,0.00000,0.00000,0.00000,0.00000,0.00000,0.00000,0.00000,0.00000,0.00000,0.00000,0.00000,0.00000,0.00000,0.00000,0.00000,0.00000,0.00000,0.00000,0.00000,0.00000,0.00000,0.00000,0.00000,0.00000,0.00000,0.00000,0.00000,0.00000,0.00000,0.00000,0.00000,0.00478,0.00000,0.00000,0.00000,0.00000,0.00000,0.00000,0.00000,0.00000,0.00000,0.00000,0.00000,0.06769,0.14104,0.04776,0.00000,0.00000,0.00000,0.00000,0.00000,0.00000,0.00000,0.00000,0.00000,0.00000,0.00000,0.09800,0.10961,0.01191,0.00000,0.00000,0.00000,0.00000,0.00000,0.00000,0.00000,0.00000,0.00000,0.00000,0.00000,0.04870,0.15649,0.00000,0.00000,0.00000,0.00000,0.00000,0.00000,0.00000,0.00000,0.00000,0.00000,0.00000,0.00000,0.00000,0.75921,0.41300,1.40500,2.75550,4.39950,2.57850,0,0.00000,0.83151,0.00000,0.00000,0.00000
337,0.00000,0.00000,0.00000,0.00000,0.00000,0.00000,0.00000,0.00000,0.00000,0.00000,0.00000,0.00000,0.00000,0.00000,0.00000,0.00000,0.00000,0.00000,0.00000,0.00000,0.00000,0.00000,0.00000,0.00000,0.00000,0.00000,0.00000,0.00000,0.00000,0.00000,0.00000,0.00000,0.00000,0.00000,0.00000,0.00000,0.00000,0.00000,0.00000,0.00000,0.00000,0.00000,0.00000,0.00000,0.00000,0.00000,0.00000,0.00000,0.00000,0.00000,0.00000,0.00000,0.00000,0.00000,0.00000,0.00000,0.00000,0.01733,0.00195,0.00000,0.00000,0.00000,0.00000,0.00000,0.00000,0.00000,0.00000,0.00000,0.00000,0.00584,0.13125,0.14222,0.00124,0.00000,0.00000,0.00000,0.00000,0.00000,0.00000,0.00000,0.00000,0.00000,0.00000,0.01185,0.13426,0.09640,0.00000,0.00000,0.00000,0.00000,0.00000,0.00000,0.00000,0.00000,0.00000,0.00000,0.00000,0.01645,0.03449,0.13019,0.00000,0.00000,0.00000,0.00000,0.00000,0.00000,0.00000,0.00000,0.00000,0.00000,0.00000,0.01769,0.00000,0.83151,0.39400,1.38200,2.79250,4.35700,2.57350,0,0.00000,0.83151,0.00000,0.00000,0.00000
338,0.00000,0.00000,0.00000,0.00000,0.00000,0.00000,0.00000,0.00000,0.00000,0.00000,0.00000,0.00000,0.00000,0.00000,0.00000,0.00000,0.00000,0.00000,0.00000,0.00000,0.00000,0.00000,0.00000,0.00000,0.00000,0.00000,0.00000,0.00000,0.00000,0.00000,0.00000,0.00000,0.00000,0.00000,0.00000,0.00000,0.00000,0.00000,0.00000,0.00000,0.00000,0.00000,0.00000,0.00000,0.00000,0.00000,0.00000,0.00000,0.00000,0.00000,0.00000,0.00000,0.00000,0.00000,0.00000,0.00000,0.00000,0.00566,0.00000,0.00000,0.00000,0.00000,0.00000,0.00000,0.00000,0.00000,0.00000,0.00000,0.00000,0.03343,0.13320,0.09587,0.00000,0.00000,0.00000,0.00000,0.00000,0.00000,0.00000,0.00000,0.00000,0.00000,0.00000,0.06014,0.14434,0.06616,0.00000,0.00000,0.00000,0.00000,0.00000,0.00000,0.00000,0.00000,0.00000,0.00000,0.00000,0.06338,0.14758,0.07718,0.00000,0.00000,0.00000,0.00000,0.00000,0.00000,0.00000,0.00000,0.00000,0.00000,0.00000,0.09340,0.00000,0.83151,0.38500,1.36800,2.89450,4.01500,2.54450,0,0.00000,0.87489,0.00000,0.00000,0.00000
339,0.00000,0.00000,0.00000,0.00000,0.00000,0.00000,0.00000,0.00000,0.00000,0.00000,0.00000,0.00000,0.00000,0.00000,0.00000,0.00000,0.00000,0.00000,0.00000,0.00000,0.00000,0.00000,0.00000,0.00000,0.00000,0.00000,0.00000,0.00000,0.00000,0.00000,0.00000,0.00000,0.00000,0.00000,0.00000,0.00000,0.00000,0.00000,0.00000,0.00000,0.00000,0.00000,0.00000,0.00000,0.00000,0.00000,0.00000,0.00000,0.00000,0.00000,0.00000,0.00000,0.00000,0.00000,0.00000,0.00000,0.00000,0.02476,0.00000,0.00000,0.00000,0.00000,0.00000,0.00000,0.00000,0.00000,0.00000,0.00000,0.00000,0.08685,0.15212,0.03998,0.00000,0.00000,0.00000,0.00000,0.00000,0.00000,0.00000,0.00000,0.00000,0.00000,0.00000,0.11792,0.10991,0.00884,0.00000,0.00000,0.00000,0.00000,0.00000,0.00000,0.00000,0.00000,0.00000,0.00000,0.00000,0.10136,0.10472,0.00442,0.00018,0.00000,0.00000,0.00000,0.00000,0.00000,0.00000,0.00000,0.00000,0.00000,0.00584,0.15690,0.00000,0.87489,1.28000,1.35100,2.87250,4.06900,2.53600,0,0.00000,0.87489,0.00000,0.00000,0.00000
340,0.00000,0.00000,0.00000,0.00000,0.00000,0.00000,0.00000,0.00000,0.00000,0.00000,0.00000,0.00000,0.00000,0.00000,0.00000,0.00000,0.00000,0.00000,0.00000,0.00000,0.00000,0.00000,0.00000,0.00000,0.00000,0.00000,0.00000,0.00000,0.00000,0.00000,0.00000,0.00000,0.00000,0.00000,0.00000,0.00000,0.00000,0.00000,0.00000,0.00000,0.00000,0.00000,0.00000,0.00000,0.00000,0.00000,0.00000,0.00000,0.00000,0.00000,0.00000,0.00000,0.00000,0.00000,0.00000,0.00000,0.02877,0.00041,0.00000,0.00000,0.00000,0.00000,0.00000,0.00000,0.00000,0.00000,0.00000,0.00000,0.01710,0.15554,0.10472,0.00000,0.00000,0.00000,0.00000,0.00000,0.00000,0.00000,0.00000,0.00000,0.00000,0.00000,0.05077,0.16061,0.05961,0.00000,0.00000,0.00000,0.00000,0.00000,0.00000,0.00000,0.00000,0.00000,0.00000,0.00000,0.06456,0.07547,0.01846,0.00000,0.00000,0.00000,0.00000,0.00000,0.00000,0.00000,0.00000,0.00000,0.00000,0.00000,0.13302,0.15442,0.00000,0.87489,1.23850,2.65600,3.17650,5.00000,2.50050,0,-0.90000,0.86766,0.00000,0.00000,0.00000
341,0.00000,0.00000,0.00000,0.00000,0.00000,0.00000,0.00000,0.00000,0.00000,0.00000,0.00000,0.00000,0.00000,0.00000,0.00000,0.00000,0.00000,0.00000,0.00000,0.00000,0.00000,0.00000,0.00000,0.00000,0.00000,0.00000,0.00000,0.00000,0.00000,0.00000,0.00000,0.00000,0.00000,0.00000,0.00000,0.00000,0.00000,0.00000,0.00000,0.00000,0.00000,0.00000,0.00000,0.00000,0.00000,0.00000,0.00000,0.00000,0.00000,0.00000,0.00000,0.00000,0.00000,0.00000,0.00000,0.05077,0.00000,0.00000,0.00000,0.00000,0.00000,0.00000,0.00000,0.00000,0.00000,0.00000,0.00000,0.01875,0.17400,0.08019,0.00000,0.00000,0.00000,0.00000,0.00000,0.00000,0.00000,0.00000,0.00000,0.00000,0.00000,0.08844,0.16268,0.01315,0.00000,0.00000,0.00000,0.00000,0.00000,0.00000,0.00000,0.00000,0.00000,0.00000,0.00153,0.15413,0.09163,0.00000,0.00000,0.00000,0.00000,0.00000,0.00000,0.00000,0.00000,0.00000,0.00000,0.00000,0.03679,0.07465,0.00000,0.00000,-0.90000,0.86766,1.15850,3.16300,3.19750,5.00000,2.42850,0,-0.90000,0.86766,0.00000,0.00000,0.00000
342,0.00000,0.00000,0.00000,0.00000,0.00000,0.00000,0.00000,0.00000,0.00000,0.00000,0.00000,0.00000,0.00000,0.00000,0.00000,0.00000,0.00000,0.00000,0.00000,0.00000,0.00000,0.00000,0.00000,0.00000,0.00000,0.00000,0.00000,0.00000,0.00000,0.00000,0.00000,0.00000,0.00000,0.00000,0.00000,0.00000,0.00000,0.00000,0.00000,0.00000,0.00000,0.00000,0.00000,0.00000,0.00000,0.00000,0.00000,0.00000,0.00000,0.00000,0.00000,0.00000,0.00000,0.00000,0.00000,0.09835,0.00000,0.00000,0.00000,0.00000,0.00000,0.00000,0.00000,0.00000,0.00000,0.00000,0.00000,0.02824,0.19629,0.03408,0.00000,0.00000,0.00000,0.00000,0.00000,0.00000,0.00000,0.00000,0.00000,0.00000,0.00000,0.15672,0.09923,0.00000,0.00000,0.00000,0.00000,0.00000,0.00000,0.00000,0.00000,0.00000,0.00000,0.00000,0.09080,0.14941,0.00000,0.00000,0.00000,0.00000,0.00000,0.00000,0.00000,0.00000,0.00000,0.00000,0.00000,0.02075,0.03744,0.00000,0.00000,0.00000,-0.90000,0.86766,1.14400,1.17700,3.01350,3.48500,2.41650,0,-0.90000,0.86766,0.00000,0.00000,0.00000
343,0.00000,0.00000,0.00000,0.00000,0.00000,0.00000,0.00000,0.00000,0.00000,0.00000,0.00000,0.00000,0.00000,0.00000,0.00000,0.00000,0.00000,0.00000,0.00000,0.00000,0.00000,0.00000,0.00000,0.00000,0.00000,0.00000,0.00000,0.00000,0.00000,0.00000,0.00000,0.00000,0.00000,0.00000,0.00000,0.00000,0.00000,0.00000,0.00000,0.00000,0.00000,0.00000,0.00000,0.00000,0.00000,0.00000,0.00000,0.00000,0.00000,0.00000,0.00000,0.00000,0.00000,0.00000,0.00000,0.03880,0.12022,0.00000,0.00000,0.00000,0.00000,0.00000,0.00000,0.00000,0.00000,0.00000,0.00000,0.00000,0.08797,0.15259,0.00000,0.00000,0.00000,0.00000,0.00000,0.00000,0.00000,0.00000,0.00000,0.00000,0.00000,0.07129,0.17017,0.00000,0.00000,0.00000,0.00000,0.00000,0.00000,0.00000,0.00000,0.00000,0.00000,0.00000,0.06014,0.14399,0.00000,0.00000,0.00000,0.00000,0.00000,0.00000,0.00000,0.00000,0.00000,0.00000,0.00000,0.02630,0.01386,0.00000,0.00000,0.00000,-0.90000,0.86766,1.07900,1.08900,2.73550,3.40700,5.00000,0,-0.90000,0.86766,0.00000,0.00000,0.00000
344,0.00000,0.00000,0.00000,0.00000,0.00000,0.00000,0.00000,0.00000,0.00000,0.00000,0.00000,0.00000,0.00000,0.00000,0.00000,0.00000,0.00000,0.00000,0.00000,0.00000,0.00000,0.00000,0.00000,0.00000,0.00000,0.00000,0.00000,0.00000,0.00000,0.00000,0.00000,0.00000,0.00000,0.00000,0.00000,0.00000,0.00000,0.00000,0.00000,0.00000,0.00000,0.00000,0.00000,0.00000,0.00000,0.00000,0.00000,0.00000,0.00000,0.00000,0.00000,0.00000,0.00000,0.00000,0.00000,0.00000,0.04876,0.06869,0.00000,0.00000,0.00000,0.00000,0.00000,0.00000,0.01256,0.00000,0.00000,0.00000,0.00000,0.18538,0.04634,0.00000,0.00000,0.00000,0.00000,0.00000,0.09021,0.00000,0.00000,0.00000,0.00000,0.00000,0.20619,0.03225,0.00000,0.00000,0.00000,0.00000,0.00000,0.00000,0.00000,0.00000,0.00000,0.00000,0.00000,0.12170,0.00000,0.00000,0.00000,0.00000,0.00000,0.00000,0.00000,0.00000,0.00000,0.00000,0.00000,0.00000,0.00071,0.00000,0.00000,0.00000,-0.90000,0.86766,1.21600,1.01500,2.90650,3.55350,5.00000,0,0.00000,0.86766,0.00000,0.00000,0.00000
345,0.00000,0.00000,0.00000,0.00000,0.00000,0.00000,0.00000,0.00000,0.00000,0.00000,0.00000,0.00000,0.00000,0.00000,0.00000,0.00000,0.00000,0.00000,0.00000,0.00000,0.00000,0.00000,0.00000,0.00000,0.00000,0.00000,0.00000,0.00000,0.00000,0.00000,0.00000,0.00000,0.00000,0.00000,0.00000,0.00000,0.00000,0.00000,0.00000,0.00000,0.00000,0.00000,0.00000,0.00000,0.00000,0.00000,0.00000,0.00000,0.00000,0.00000,0.00000,0.00000,0.00000,0.00000,0.00000,0.00000,0.00000,0.07960,0.00407,0.00000,0.00000,0.00000,0.00000,0.00000,0.00000,0.07412,0.00000,0.00000,0.00000,0.01256,0.21456,0.00000,0.00000,0.00000,0.00000,0.00000,0.08308,0.00855,0.00000,0.00000,0.00000,0.00000,0.07017,0.15483,0.00000,0.00000,0.00000,0.00000,0.00389,0.00000,0.00000,0.00000,0.00000,0.00000,0.00000,0.10831,0.01462,0.00000,0.00000,0.00000,0.00000,0.00000,0.00000,0.00195,0.00000,0.00000,0.00000,0.00000,0.00000,0.00088,0.00000,0.00000,0.00000,0.86766,1.15800,0.94900,0.94900,3.69300,5.00000,0,0.00000,0.86766,0.00000,0.00000,0.00000
346,0.00000,0.00000,0.00000,0.00000,0.00000,0.00000,0.00000,0.00000,0.00000,0.00000,0.00000,0.00000,0.00000,0.00000,0.00000,0.00000,0.00000,0.00000,0.00000,0.00000,0.00000,0.00000,0.00000,0.00000,0.00000,0.00000,0.00000,0.00000,0.00000,0.00000,0.00000,0.00000,0.00000,0.00000,0.00000,0.00000,0.00000,0.00000,0.00000,0.00000,0.00000,0.00000,0.00000,0.00000,0.00000,0.00000,0.00000,0.00000,0.00000,0.00000,0.00000,0.00000,0.00000,0.00000,0.00000,0.00000,0.00000,0.00000,0.03308,0.00000,0.00000,0.00000,0.00000,0.00000,0.00000,0.01226,0.05920,0.00000,0.00000,0.00000,0.09098,0.11633,0.00000,0.00000,0.00000,0.00000,0.00000,0.05825,0.00012,0.00000,0.00000,0.00000,0.00000,0.18408,0.02429,0.00000,0.00000,0.00000,0.00000,0.00478,0.00000,0.00000,0.00000,0.00000,0.00000,0.00053,0.15495,0.00000,0.00000,0.00000,0.00000,0.00000,0.00000,0.00000,0.00000,0.00000,0.00000,0.00000,0.00000,0.00000,0.00000,0.00000,0.00000,0.86766,1.13100,0.92300,0.91500,5.00000,5.00000,0,0.00000,0.85320,0.00000,0.00000,0.00000
347,0.00000,0.00000,0.00000,0.00000,0.00000,0.00000,0.00000,0.00000,0.00000,0.00000,0.00000,0.00000,0.00000,0.00000,0.00000,0.00000,0.00000,0.00000,0.00000,0.00000,0.00000,0.00000,0.00000,0.00000,0.00000,0.00000,0.00000,0.00000,0.00000,0.00000,0.00000,0.00000,0.00000,0.00000,0.00000,0.00000,0.00000,0.00000,0.00000,0.00000,0.00000,0.00000,0.00000,0.00000,0.00000,0.00000,0.00000,0.00000,0.00000,0.00000,0.00000,0.00000,0.00000,0.00000,0.00000,0.00000,0.00000,0.00000,0.00000,0.00000,0.00000,0.00000,0.00000,0.00000,0.00000,0.00000,0.08137,0.00000,0.00000,0.00000,0.00000,0.11091,0.00000,0.00000,0.00000,0.00000,0.00000,0.12176,0.01958,0.00000,0.00000,0.00000,0.00000,0.03544,0.03620,0.00000,0.00000,0.00000,0.03461,0.12282,0.00000,0.00000,0.00000,0.00000,0.00000,0.00000,0.00106,0.00000,0.00000,0.00000,0.00761,0.00000,0.00000,0.00000,0.00000,0.00000,0.00000,0.00000,0.00000,0.00000,0.00000,0.00000,0.00000,0.85320,1.07800,0.82550,0.83700,5.00000,5.00000,0,0.00000,0.85320,0.00000,0.00000,0.00000
348,0.00000,0.00000,0.00000,0.00000,0.00000,0.00000,0.00000,0.00000,0.00000,0.00000,0.00000,0.00000,0.00000,0.00000,0.00000,0.00000,0.00000,0.00000,0.00000,0.00000,0.00000,0.00000,0.00000,0.00000,0.00000,0.00000,0.00000,0.00000,0.00000,0.00000,0.00000,0.00000,0.00000,0.00000,0.00000,0.00000,0.00000,0.00000,0.00000,0.00000,0.00000,0.00000,0.00000,0.00000,0.00000,0.00000,0.00000,0.00000,0.00000,0.00000,0.00000,0.00000,0.00000,0.00000,0.00000,0.00000,0.00000,0.00000,0.00000,0.00000,0.00000,0.00000,0.00000,0.00000,0.00000,0.00000,0.10366,0.00000,0.00000,0.00000,0.00000,0.09004,0.00000,0.00000,0.00000,0.00000,0.00000,0.03550,0.04746,0.00000,0.00000,0.00000,0.00000,0.02070,0.00000,0.00000,0.00000,0.00000,0.03042,0.18644,0.00000,0.00000,0.00000,0.00000,0.00000,0.00000,0.00000,0.00000,0.00000,0.00000,0.19864,0.00000,0.00000,0.00000,0.00000,0.00000,0.00000,0.00000,0.00000,0.00000,0.00000,0.00000,0.00000,0.85320,1.02300,0.78700,0.77300,5.00000,5.00000,0,-0.90000,0.84597,0.00000,0.00000,0.00000
349,0.00000,0.00000,0.00000,0.00000,0.00000,0.00000,0.00000,0.00000,0.00000,0.00000,0.00000,0.00000,0.00000,0.00000,0.00000,0.00000,0.00000,0.00000,0.00000,0.00000,0.00000,0.00000,0.00000,0.00000,0.00000,0.00000,0.00000,0.00000,0.00000,0.00000,0.00000,0.00000,0.00000,0.00000,0.00000,0.00000,0.00000,0.00000,0.00000,0.00000,0.00000,0.00000,0.00000,0.00000,0.00000,0.00000,0.00000,0.00000,0.00000,0.00000,0.00000,0.00000,0.00000,0.00000,0.00000,0.00000,0.00000,0.00000,0.00000,0.00000,0.00000,0.00000,0.00000,0.00000,0.00000,0.00000,0.10153,0.03962,0.00000,0.00000,0.00000,0.07948,0.02152,0.00000,0.00000,0.00000,0.00000,0.00395,0.11262,0.00000,0.00000,0.00000,0.00000,0.00000,0.03591,0.00000,0.00000,0.00000,0.00053,0.09304,0.00000,0.00000,0.00000,0.00000,0.00000,0.00000,0.00000,0.00000,0.00000,0.00000,0.17877,0.02305,0.00000,0.00000,0.00000,0.00000,0.00000,0.00000,0.00000,0.00000,0.00000,0.00000,-0.90000,0.84597,0.94500,0.68600,0.66900,5.00000,5.00000,0,-0.90000,0.84597,0.00000,0.00000,0.00000
350,0.00000,0.00000,0.00000,0.00000,0.00000,0.00000,0.00000,0.00000,0.00000,0.00000,0.00000,0.00000,0.00000,0.00000,0.00000,0.00000,0.00000,0.00000,0.00000,0.00000,0.00000,0.00000,0.00000,0.00000,0.00000,0.00000,0.00000,0.00000,0.00000,0.00000,0.00000,0.00000,0.00000,0.00000,0.00000,0.00000,0.00000,0.00000,0.00000,0.00000,0.00000,0.00000,0.00000,0.00000,0.00000,0.00000,0.00000,0.00000,0.00000,0.00000,0.00000,0.00000,0.00000,0.00000,0.00000,0.00000,0.00000,0.00000,0.00000,0.00000,0.00000,0.00000,0.00000,0.00000,0.00000,0.00000,0.00000,0.06279,0.00000,0.00000,0.00000,0.00000,0.01256,0.00088,0.00000,0.00000,0.00000,0.00000,0.07093,0.13090,0.00000,0.00000,0.00000,0.00000,0.00495,0.12028,0.00000,0.00000,0.00000,0.00000,0.02476,0.00000,0.00000,0.00000,0.00000,0.00000,0.00000,0.06450,0.02925,0.00000,0.00000,0.00301,0.00000,0.00000,0.00000,0.00000,0.00000,0.00000,0.00000,0.00000,0.08573,0.00660,-0.90000,0.84597,0.88700,2.94500,0.61200,0.64000,5.00000,0,-0.90000,0.84597,0.00000,0.00000,0.00000
351,0.00000,0.00000,0.00000,0.00000,0.00000,0.00000,0.00000,0.00000,0.00000,0.00000,0.00000,0.00000,0.00000,0.00000,0.00000,0.00000,0.00000,0.00000,0.00000,0.00000,0.00000,0.00000,0.00000,0.00000,0.00000,0.00000,0.00000,0.00000,0.00000,0.00000,0.00000,0.00000,0.00000,0.00000,0.00000,0.00000,0.00000,0.00000,0.00000,0.00000,0.00000,0.00000,0.00000,0.00000,0.00000,0.00000,0.00000,0.00000,0.00000,0.00000,0.00000,0.00000,0.00000,0.00000,0.00000,0.00000,0.00000,0.00000,0.00000,0.00000,0.00000,0.00000,0.00000,0.00000,0.00000,0.00000,0.00000,0.00000,0.02335,0.00000,0.00000,0.00000,0.00000,0.00000,0.00318,0.00000,0.00000,0.00000,0.00000,0.06509,0.15513,0.00000,0.00000,0.00000,0.00000,0.00000,0.15483,0.00012,0.00000,0.00000,0.00000,0.11975,0.00000,0.00000,0.00000,0.00000,0.00000,0.00000,0.01533,0.15855,0.00000,0.00000,0.00000,0.00000,0.00000,0.00000,0.00000,0.00000,0.00000,0.00000,0.00000,0.08897,-0.90000,0.84597,0.81300,2.88800,0.58600,0.57700,5.00000,0,-0.90000,0.84597,0.00000,0.00000,0.00000
352,0.00000,0.00000,0.00000,0.00000,0.00000,0.00000,0.00000,0.00000,0.00000,0.00000,0.00000,0.00000,0.00000,0.00000,0.00000,0.00000,0.00000,0.00000,0.00000,0.00000,0.00000,0.00000,0.00000,0.00000,0.00000,0.00000,0.00000,0.00000,0.00000,0.00000,0.00000,0.00000,0.00000,0.00000,0.00000,0.00000,0.00000,0.00000,0.00000,0.00000,0.00000,0.00000,0.00000,0.00000,0.00000,0.00000,0.00000,0.00000,0.00000,0.00000,0.00000,0.00000,0.00000,0.00000,0.00000,0.00000,0.00000,0.00000,0.00000,0.00000,0.00000,0.00000,0.00000,0.00000,0.00000,0.00000,0.00000,0.00000,0.00000,0.00584,0.00000,0.00000,0.00000,0.00000,0.00342,0.04222,0.00000,0.00000,0.00000,0.00000,0.09481,0.05961,0.00000,0.00000,0.00000,0.00000,0.00000,0.10596,0.00000,0.00000,0.00000,0.01427,0.18827,0.00000,0.00000,0.00000,0.00000,0.00000,0.00000,0.00000,0.00000,0.00000,0.00000,0.02070,0.00035,0.00000,0.00000,0.00000,0.00000,0.00000,0.00000,0.00000,-0.90000,0.84597,0.80950,0.79300,0.50750,0.51400,0.54000,0,-0.90000,0.85320,0.00000,0.00000,0.00000
353,0.00000,0.00000,0.00000,0.00000,0.00000,0.00000,0.00000,0.00000,0.00000,0.00000,0.00000,0.00000,0.00000,0.00000,0.00000,0.00000,0.00000,0.00000,0.00000,0.00000,0.00000,0.00000,0.00000,0.00000,0.00000,0.00000,0.00000,0.00000,0.00000,0.00000,0.00000,0.00000,0.00000,0.00000,0.00000,0.00000,0.00000,0.00000,0.00000,0.00000,0.00000,0.00000,0.00000,0.00000,0.00000,0.00000,0.00000,0.00000,0.00000,0.00000,0.00000,0.00000,0.00000,0.00000,0.00000,0.00000,0.00000,0.00000,0.00000,0.00000,0.00000,0.00000,0.00000,0.00000,0.00000,0.01008,0.00000,0.00000,0.00000,0.00000,0.02989,0.00000,0.00000,0.00000,0.00000,0.00000,0.03420,0.00277,0.00000,0.00000,0.00000,0.03396,0.01026,0.00000,0.00000,0.00000,0.00000,0.00000,0.00000,0.00000,0.00000,0.00000,0.00000,0.18874,0.00000,0.00000,0.00000,0.00000,0.00000,0.00000,0.00000,0.00000,0.00000,0.00000,0.08797,0.04098,0.00000,0.00000,0.00000,0.00000,0.00000,0.00000,-0.90000,0.85320,0.81350,0.74700,2.09900,0.49400,0.51750,0,-0.81109,0.84597,0.00000,0.00000,0.00000
354,0.00000,0.00000,0.00000,0.00000,0.00000,0.00000,0.00000,0.00000,0.00000,0.00000,0.00000,0.00000,0.00000,0.00000,0.00000,0.00000,0.00000,0.00000,0.00000,0.00000,0.00000,0.00000,0.00000,0.00000,0.00000,0.00000,0.00000,0.00000,0.00000,0.00000,0.00000,0.00000,0.00000,0.00000,0.00000,0.00000,0.00000,0.00000,0.00000,0.00000,0.00000,0.00000,0.00000,0.00000,0.00000,0.00000,0.00000,0.00000,0.00000,0.00000,0.00000,0.00000,0.00000,0.00000,0.00000,0.00000,0.00596,0.00395,0.00000,0.00000,0.00000,0.00000,0.00000,0.00000,0.00000,0.00000,0.00849,0.00000,0.00000,0.00000,0.00000,0.00000,0.00000,0.00000,0.00000,0.00000,0.09528,0.02199,0.00000,0.00000,0.00248,0.00000,0.00000,0.00000,0.00000,0.00000,0.00000,0.00000,0.00142,0.00000,0.00000,0.00000,0.00000,0.00000,0.02317,0.00000,0.00000,0.00000,0.00000,0.00000,0.00000,0.00000,0.00000,0.00000,0.00000,0.04493,0.06244,0.00000,0.00000,0.00000,0.00000,0.00000,-0.81109,0.84597,2.30600,0.69000,2.70650,0.44200,0.45200,0,0.00000,0.84597,0.00000,0.00000,0.00000
355,0.00000,0.00000,0.00000,0.00000,0.00000,0.00000,0.00000,0.00000,0.00000,0.00000,0.00000,0.00000,0.00000,0.00000,0.00000,0.00000,0.00000,0.00000,0.00000,0.00000,0.00000,0.00000,0.00000,0.00000,0.00000,0.00000,0.00000,0.00000,0.00000,0.00000,0.00000,0.00000,0.00000,0.00000,0.00000,0.00000,0.00000,0.00000,0.00000,0.00000,0.00000,0.00000,0.00000,0.00000,0.00000,0.00000,0.00000,0.00000,0.00000,0.00000,0.00000,0.00000,0.00000,0.00000,0.00000,0.00000,0.00000,0.00000,0.00000,0.00000,0.00000,0.00000,0.00000,0.00000,0.00000,0.00000,0.01274,0.01380,0.00000,0.00000,0.00000,0.00000,0.00000,0.00000,0.00000,0.00000,0.00483,0.11781,0.00507,0.00000,0.00000,0.00212,0.00265,0.00000,0.00000,0.00000,0.00000,0.00000,0.01291,0.00000,0.00000,0.00000,0.00000,0.00000,0.00000,0.00000,0.00000,0.00000,0.00000,0.00000,0.00000,0.00000,0.00000,0.00000,0.00000,0.00000,0.00000,0.00159,0.00000,0.00000,0.00000,0.00000,0.00000,0.84597,2.22000,0.63500,2.60350,1.97550,0.40100,0,0.00000,0.84597,0.00000,0.00000,0.00000
356,0.00000,0.00000,0.00000,0.00000,0.00000,0.00000,0.00000,0.00000,0.00000,0.00000,0.00000,0.00000,0.00000,0.00000,0.00000,0.00000,0.00000,0.00000,0.00000,0.00000,0.00000,0.00000,0.00000,0.00000,0.00000,0.00000,0.00000,0.00000,0.00000,0.00000,0.00000,0.00000,0.00000,0.00000,0.00000,0.00000,0.00000,0.00000,0.00000,0.00000,0.00000,0.00000,0.00000,0.00000,0.00000,0.00000,0.00000,0.00000,0.00000,0.00000,0.00000,0.00000,0.00000,0.00000,0.00000,0.00000,0.00000,0.00000,0.00000,0.00000,0.00000,0.00000,0.00000,0.00000,0.01380,0.00000,0.00000,0.00000,0.02724,0.00000,0.00000,0.00000,0.00000,0.00000,0.00000,0.00000,0.00000,0.04870,0.11032,0.06050,0.00000,0.00000,0.00000,0.00000,0.00000,0.00000,0.00000,0.00000,0.00230,0.09835,0.00000,0.00000,0.00000,0.00071,0.03237,0.00000,0.00000,0.00000,0.00000,0.00000,0.00000,0.00000,0.00000,0.00000,0.00000,0.00142,0.00000,0.00000,0.00000,0.00000,0.00000,0.00000,0.00000,0.84597,2.12400,0.58100,2.62650,1.94900,0.34800,0,0.00000,0.84597,0.00000,0.00000,0.00000
357,0.00000,0.00000,0.00000,0.00000,0.00000,0.00000,0.00000,0.00000,0.00000,0.00000,0.00000,0.00000,0.00000,0.00000,0.00000,0.00000,0.00000,0.00000,0.00000,0.00000,0.00000,0.00000,0.00000,0.00000,0.00000,0.00000,0.00000,0.00000,0.00000,0.00000,0.00000,0.00000,0.00000,0.00000,0.00000,0.00000,0.00000,0.00000,0.00000,0.00000,0.00000,0.00000,0.00000,0.00000,0.00000,0.00000,0.00000,0.00000,0.00000,0.00000,0.00000,0.00000,0.00000,0.00000,0.00000,0.00000,0.00000,0.00000,0.00000,0.00000,0.00000,0.00000,0.00000,0.00000,0.03785,0.00000,0.00000,0.00000,0.00000,0.00071,0.00035,0.00000,0.00000,0.00000,0.00000,0.00000,0.00000,0.00000,0.07465,0.02671,0.00000,0.00000,0.00000,0.00000,0.00000,0.00000,0.00000,0.00000,0.00047,0.14546,0.03998,0.00000,0.00000,0.00000,0.00000,0.00000,0.00000,0.00000,0.00000,0.00000,0.00000,0.00000,0.00000,0.00000,0.00000,0.00000,0.00000,0.00000,0.00000,0.00000,0.00000,0.00000,0.00000,0.84597,2.13500,0.52900,2.82250,1.90400,0.33500,0,0.58336,0.84597,0.00000,0.00000,0.00000
358,0.00000,0.00000,0.00000,0.00000,0.00000,0.00000,0.00000,0.00000,0.00000,0.00000,0.00000,0.00000,0.00000,0.00000,0.00000,0.00000,0.00000,0.00000,0.00000,0.00000,0.00000,0.00000,0.00000,0.00000,0.00000,0.00000,0.00000,0.00000,0.00000,0.00000,0.00000,0.00000,0.00000,0.00000,0.00000,0.00000,0.00000,0.00000,0.00000,0.00000,0.00000,0.00000,0.00000,0.00000,0.00000,0.00000,0.00000,0.00000,0.00000,0.00000,0.00000,0.00000,0.00000,0.00000,0.00000,0.00000,0.00000,0.00000,0.00000,0.00000,0.00000,0.00000,0.00000,0.00000,0.09416,0.00366,0.00000,0.00000,0.00000,0.03768,0.01822,0.00000,0.00000,0.00000,0.00000,0.00000,0.00000,0.00000,0.00124,0.02901,0.00000,0.00000,0.00000,0.00000,0.00000,0.00000,0.00000,0.00000,0.00000,0.12205,0.13196,0.01185,0.00000,0.00000,0.00000,0.00000,0.00000,0.00000,0.00000,0.00000,0.07812,0.03402,0.00000,0.00000,0.00000,0.00000,0.00000,0.00000,0.00000,0.00000,0.00000,0.00000,0.58336,0.84597,2.15000,0.50200,2.88150,1.88100,0.32200,0,0.90000,0.84597,0.00000,0.00000,0.00000
359,0.00000,0.00000,0.00000,0.00000,0.00000,0.00000,0.00000,0.00000,0.00000,0.00000,0.00000,0.00000,0.00000,0.00000,0.00000,0.00000,0.00000,0.00000,0.00000,0.00000,0.00000,0.00000,0.00000,0.00000,0.00000,0.00000,0.00000,0.00000,0.00000,0.00000,0.00000,0.00000,0.00000,0.00000,0.00000,0.00000,0.00000,0.00000,0.00000,0.00000,0.00000,0.00000,0.00000,0.00000,0.00000,0.00000,0.00000,0.00000,0.00000,0.00000,0.00000,0.00000,0.00000,0.00000,0.00000,0.00000,0.00000,0.00000,0.00000,0.00177,0.00000,0.00000,0.00000,0.00000,0.00000,0.00000,0.00000,0.00000,0.00000,0.08738,0.09729,0.01627,0.00000,0.00000,0.00000,0.00000,0.00000,0.00000,0.00000,0.00000,0.08019,0.02948,0.00000,0.00000,0.00000,0.00000,0.00000,0.00000,0.00000,0.03573,0.11993,0.00000,0.00000,0.00000,0.00000,0.00000,0.00000,0.00000,0.00000,0.00000,0.15307,0.10926,0.00000,0.00000,0.00000,0.00000,0.00000,0.00000,0.00000,0.00000,0.00000,0.00000,0.90000,0.84597,1.99950,0.45500,3.02850,1.83400,0.29900,0,0.90000,0.84597,0.00000,0.00000,0.00000
360,0.00000,0.00000,0.00000,0.00000,0.00000,0.00000,0.00000,0.00000,0.00000,0.00000,0.00000,0.00000,0.00000,0.00000,0.00000,0.00000,0.00000,0.00000,0.00000,0.00000,0.00000,0.00000,0.00000,0.00000,0.00000,0.00000,0.00000,0.00000,0.00000,0.00000,0.00000,0.00000,0.00000,0.00000,0.00000,0.00000,0.00000,0.00000,0.00000,0.00000,0.00000,0.00000,0.00000,0.00000,0.00000,0.00000,0.00000,0.00000,0.00000,0.00000,0.00000,0.00000,0.00000,0.00000,0.00000,0.00000,0.00000,0.00000,0.01061,0.00000,0.00000,0.00000,0.00000,0.00000,0.00000,0.00000,0.00000,0.00000,0.00000,0.12718,0.12152,0.00000,0.00000,0.00000,0.00000,0.00000,0.00000,0.00000,0.00000,0.07129,0.17252,0.03921,0.00000,0.00000,0.00000,0.00000,0.00000,0.00000,0.00000,0.00000,0.00000,0.05200,0.00000,0.00000,0.00000,0.00000,0.00000,0.00000,0.00000,0.00000,0.08821,0.12388,0.00000,0.00000,0.00000,0.00000,0.00000,0.00000,0.00000,0.00000,0.00000,0.00000,0.90000,0.84597,0.56400,0.43600,3.06650,1.81400,0.28500,0,0.00000,0.84597,0.00000,0.00000,0.00000
361,0.00000,0.00000,0.00000,0.00000,0.00000,0.00000,0.00000,0.00000,0.00000,0.00000,0.00000,0.00000,0.00000,0.00000,0.00000,0.00000,0.00000,0.00000,0.00000,0.00000,0.00000,0.00000,0.00000,0.00000,0.00000,0.00000,0.00000,0.00000,0.00000,0.00000,0.00000,0.00000,0.00000,0.00000,0.00000,0.00000,0.00000,0.00000,0.00000,0.00000,0.00000,0.00000,0.00000,0.00000,0.00000,0.00000,0.00000,0.00000,0.00000,0.00000,0.00000,0.00000,0.00000,0.00000,0.00000,0.00000,0.00000,0.00000,0.01167,0.00000,0.00000,0.00000,0.00000,0.00000,0.00000,0.00000,0.00000,0.00000,0.00071,0.16238,0.07712,0.00000,0.00000,0.00000,0.00000,0.00000,0.00000,0.00000,0.00000,0.06433,0.16450,0.01439,0.00000,0.00000,0.00000,0.00000,0.00000,0.00000,0.00000,0.00000,0.09287,0.11020,0.00000,0.00000,0.00000,0.00000,0.00000,0.00000,0.00000,0.00000,0.00000,0.00000,0.00000,0.00000,0.00000,0.00000,0.00000,0.00000,0.00000,0.00000,0.00000,0.00000,0.00000,0.84597,0.42500,2.48850,3.16150,1.96350,0.26200,0,0.00000,0.84597,0.00000,0.00000,0.00000
362,0.00000,0.00000,0.00000,0.00000,0.00000,0.00000,0.00000,0.00000,0.00000,0.00000,0.00000,0.00000,0.00000,0.00000,0.00000,0.00000,0.00000,0.00000,0.00000,0.00000,0.00000,0.00000,0.00000,0.00000,0.00000,0.00000,0.00000,0.00000,0.00000,0.00000,0.00000,0.00000,0.00000,0.00000,0.00000,0.00000,0.00000,0.00000,0.00000,0.00000,0.00000,0.00000,0.00000,0.00000,0.00000,0.00000,0.00000,0.00000,0.00000,0.00000,0.00000,0.00000,0.00000,0.00000,0.00000,0.00000,0.00000,0.00000,0.00725,0.00000,0.00000,0.00000,0.00000,0.00000,0.00000,0.00000,0.00000,0.00000,0.02011,0.15837,0.02353,0.00000,0.00000,0.00000,0.00000,0.00000,0.00000,0.00000,0.00000,0.09263,0.15537,0.00000,0.00000,0.00000,0.00000,0.00000,0.00000,0.00000,0.00000,0.00000,0.14487,0.09481,0.00000,0.00000,0.00000,0.00000,0.00000,0.00000,0.00000,0.00000,0.00000,0.04493,0.02335,0.00000,0.00000,0.00000,0.00000,0.00000,0.00000,0.00000,0.00000,0.00000,0.00000,0.84597,0.37200,2.48700,3.10150,1.70150,0.24700,0,0.90000,0.84597,0.00000,0.00000,0.00000
363,0.00000,0.00000,0.00000,0.00000,0.00000,0.00000,0.00000,0.00000,0.00000,0.00000,0.00000,0.00000,0.00000,0.00000,0.00000,0.00000,0.00000,0.00000,0.00000,0.00000,0.00000,0.00000,0.00000,0.00000,0.00000,0.00000,0.00000,0.00000,0.00000,0.00000,0.00000,0.00000,0.00000,0.00000,0.00000,0.00000,0.00000,0.00000,0.00000,0.00000,0.00000,0.00000,0.00000,0.00000,0.00000,0.00000,0.00000,0.00000,0.00000,0.00000,0.00000,0.00000,0.00000,0.00000,0.00000,0.00000,0.00000,0.00000,0.00814,0.00000,0.00000,0.00000,0.00000,0.00000,0.00407,0.00000,0.00000,0.00000,0.01639,0.18809,0.00000,0.00000,0.00000,0.00000,0.00000,0.00000,0.01787,0.00000,0.00000,0.05879,0.18550,0.00088,0.00000,0.00000,0.00000,0.00000,0.00000,0.00000,0.00000,0.00000,0.09729,0.14292,0.00000,0.00000,0.00000,0.00000,0.00000,0.00000,0.00000,0.00000,0.00000,0.00142,0.06987,0.00000,0.00000,0.00000,0.00000,0.00000,0.00000,0.00000,0.00000,0.00000,0.90000,0.84597,0.32700,2.46100,3.25350,1.61450,5.00000,0,0.00000,0.84597,0.00000,0.00000,0.00000
364,0.00000,0.00000,0.00000,0.00000,0.00000,0.00000,0.00000,0.00000,0.00000,0.00000,0.00000,0.00000,0.00000,0.00000,0.00000,0.00000,0.00000,0.00000,0.00000,0.00000,0.00000,0.00000,0.00000,0.00000,0.00000,0.00000,0.00000,0.00000,0.00000,0.00000,0.00000,0.00000,0.00000,0.00000,0.00000,0.00000,0.00000,0.00000,0.00000,0.00000,0.00000,0.00000,0.00000,0.00000,0.00000,0.00000,0.00000,0.00000,0.00000,0.00000,0.00000,0.00000,0.00000,0.00000,0.00000,0.00000,0.00000,0.01486,0.02512,0.00000,0.00000,0.00000,0.00000,0.00000,0.10820,0.03137,0.00000,0.00000,0.06739,0.12134,0.00000,0.00000,0.00000,0.00000,0.00124,0.00000,0.00000,0.00000,0.00000,0.07058,0.15336,0.00000,0.00000,0.00000,0.00000,0.00000,0.00000,0.00000,0.00000,0.00000,0.12152,0.11781,0.00000,0.00000,0.00000,0.00000,0.00000,0.00000,0.00000,0.00000,0.00000,0.13638,0.09817,0.00000,0.00000,0.00000,0.00000,0.00000,0.00000,0.00000,0.00000,0.00000,0.00000,0.84597,2.15300,2.55600,1.63000,1.58300,5.00000,0,0.00000,0.87489,0.00000,0.00000,0.00000
365,0.00000,0.00000,0.00000,0.00000,0.00000,0.00000,0.00000,0.00000,0.00000,0.00000,0.00000,0.00000,0.00000,0.00000,0.00000,0.00000,0.00000,0.00000,0.00000,0.00000,0.00000,0.00000,0.00000,0.00000,0.00000,0.00000,0.00000,0.00000,0.00000,0.00000,0.00000,0.00000,0.00000,0.00000,0.00000,0.00000,0.00000,0.00000,0.00000,0.00000,0.00000,0.00000,0.00000,0.00000,0.00000,0.00000,0.00000,0.00000,0.00000,0.00000,0.00000,0.00000,0.00000,0.00000,0.00000,0.00000,0.00000,0.07005,0.00000,0.00000,0.00000,0.00000,0.00000,0.00000,0.10354,0.02966,0.00000,0.00000,0.11669,0.06728,0.00000,0.00000,0.00000,0.00000,0.00000,0.00000,0.00000,0.00000,0.00000,0.15419,0.08585,0.00000,0.00000,0.00000,0.00000,0.00000,0.00000,0.00000,0.00000,0.00000,0.11268,0.05395,0.00000,0.00000,0.00000,0.00000,0.00000,0.00000,0.00000,0.00000,0.00000,0.16144,0.06763,0.00000,0.00000,0.00000,0.00000,0.00000,0.00000,0.00000,0.00000,0.00000,0.00000,0.87489,2.11450,2.55700,1.59400,1.53250,5.00000,0,0.00000,0.89657,0.00000,0.00000,0.00000
366,0.00000,0.00000,0.00000,0.00000,0.00000,0.00000,0.00000,0.00000,0.00000,0.00000,0.00000,0.00000,0.00000,0.00000,0.00000,0.00000,0.00000,0.00000,0.00000,0.00000,0.00000,0.00000,0.00000,0.00000,0.00000,0.00000,0.00000,0.00000,0.00000,0.00000,0.00000,0.00000,0.00000,0.00000,0.00000,0.00000,0.00000,0.00000,0.00000,0.00000,0.00000,0.00000,0.00000,0.00000,0.00000,0.00000,0.00000,0.00000,0.00000,0.00000,0.00000,0.00000,0.00000,0.00000,0.00000,0.00000,0.00000,0.03945,0.00000,0.00000,0.00000,0.00000,0.00000,0.00000,0.12241,0.04917,0.00000,0.00000,0.13550,0.07500,0.00000,0.00000,0.00000,0.05377,0.00000,0.00000,0.00000,0.00000,0.00000,0.13550,0.09941,0.00000,0.00000,0.00000,0.00000,0.00354,0.00000,0.00000,0.00000,0.00000,0.09800,0.10454,0.00000,0.00000,0.00000,0.00000,0.00000,0.00000,0.00000,0.00000,0.00000,0.00000,0.00000,0.00000,0.00000,0.00000,0.00000,0.00000,0.00000,0.00000,0.00000,0.00000,0.00000,0.89657,2.19050,2.57350,1.54200,2.79750,5.00000,0,0.84660,0.89657,0.00000,0.00000,0.00000
367,0.00000,0.00000,0.00000,0.00000,0.00000,0.00000,0.00000,0.00000,0.00000,0.00000,0.00000,0.00000,0.00000,0.00000,0.00000,0.00000,0.00000,0.00000,0.00000,0.00000,0.00000,0.00000,0.00000,0.00000,0.00000,0.00000,0.00000,0.00000,0.00000,0.00000,0.00000,0.00000,0.00000,0.00000,0.00000,0.00000,0.00000,0.00000,0.00000,0.00000,0.00000,0.00000,0.00000,0.00000,0.00000,0.00000,0.00000,0.00000,0.00000,0.00000,0.00000,0.00000,0.00000,0.00000,0.00000,0.00000,0.00000,0.00000,0.00000,0.00000,0.00000,0.00884,0.00000,0.00000,0.10625,0.00802,0.00000,0.00000,0.15083,0.05985,0.00000,0.00000,0.00000,0.17653,0.00000,0.00000,0.00000,0.00000,0.00000,0.13691,0.09623,0.00000,0.00000,0.00000,0.00000,0.09782,0.05430,0.00000,0.00000,0.00000,0.11268,0.12842,0.00000,0.00000,0.00000,0.00000,0.00000,0.00000,0.00000,0.00000,0.00000,0.01386,0.14658,0.00000,0.00000,0.00000,0.00000,0.00000,0.00000,0.00000,0.00000,0.00000,0.84660,0.89657,2.13950,2.55450,1.51300,3.31750,5.00000,0,0.00000,0.89657,0.00000,0.00000,0.00000
368,0.00000,0.00000,0.00000,0.00000,0.00000,0.00000,0.00000,0.00000,0.00000,0.00000,0.00000,0.00000,0.00000,0.00000,0.00000,0.00000,0.00000,0.00000,0.00000,0.00000,0.00000,0.00000,0.00000,0.00000,0.00000,0.00000,0.00000,0.00000,0.00000,0.00000,0.00000,0.00000,0.00000,0.00000,0.00000,0.00000,0.00000,0.00000,0.00000,0.00000,0.00000,0.00000,0.00000,0.00000,0.00000,0.00000,0.00000,0.00000,0.00000,0.00000,0.00000,0.00000,0.00000,0.00000,0.00000,0.00000,0.00130,0.03037,0.00000,0.00000,0.04422,0.00106,0.00000,0.00000,0.05890,0.00000,0.00000,0.00000,0.19552,0.00596,0.00000,0.00000,0.02618,0.16893,0.00000,0.00000,0.00000,0.00000,0.00000,0.16274,0.05979,0.00000,0.00000,0.00000,0.00000,0.19298,0.00814,0.00000,0.00000,0.00000,0.13231,0.08455,0.00000,0.00000,0.00000,0.00000,0.00000,0.00814,0.07818,0.00000,0.00000,0.09287,0.14222,0.00000,0.00000,0.00000,0.00000,0.00000,0.00000,0.00000,0.00000,0.00000,0.00000,0.89657,2.04050,2.62650,1.41000,1.41550,5.00000,0,0.00000,0.89657,0.00000,0.00000,0.00000
369,0.00000,0.00000,0.00000,0.00000,0.00000,0.00000,0.00000,0.00000,0.00000,0.00000,0.00000,0.00000,0.00000,0.00000,0.00000,0.00000,0.00000,0.00000,0.00000,0.00000,0.00000,0.00000,0.00000,0.00000,0.00000,0.00000,0.00000,0.00000,0.00000,0.00000,0.00000,0.00000,0.00000,0.00000,0.00000,0.00000,0.00000,0.00000,0.00000,0.00000,0.00000,0.00000,0.00000,0.00000,0.00000,0.00000,0.00000,0.00000,0.00000,0.00000,0.00000,0.00000,0.00000,0.00000,0.00000,0.00000,0.00000,0.00000,0.00000,0.00018,0.05890,0.00000,0.00000,0.00000,0.05200,0.00000,0.00000,0.10218,0.04994,0.00000,0.00000,0.00000,0.18892,0.00000,0.00000,0.00000,0.00000,0.00000,0.05183,0.16344,0.00000,0.00000,0.00000,0.00000,0.07252,0.14558,0.00000,0.00000,0.00000,0.00088,0.18007,0.00000,0.00000,0.00000,0.00000,0.00000,0.00000,0.19982,0.00200,0.00000,0.00000,0.09941,0.00000,0.00000,0.00000,0.00000,0.00000,0.00000,0.00000,0.00666,0.00077,0.00000,0.00000,0.89657,2.31050,2.81800,1.30650,1.28200,5.00000,0,0.00000,0.89657,0.00000,0.00000,0.00000
370,0.00000,0.00000,0.00000,0.00000,0.00000,0.00000,0.00000,0.00000,0.00000,0.00000,0.00000,0.00000,0.00000,0.00000,0.00000,0.00000,0.00000,0.00000,0.00000,0.00000,0.00000,0.00000,0.00000,0.00000,0.00000,0.00000,0.00000,0.00000,0.00000,0.00000,0.00000,0.00000,0.00000,0.00000,0.00000,0.00000,0.00000,0.00000,0.00000,0.00000,0.00000,0.00000,0.00000,0.00000,0.00000,0.00000,0.00000,0.00000,0.00000,0.00000,0.00000,0.00000,0.00000,0.00000,0.00000,0.00000,0.00000,0.00000,0.00000,0.02394,0.02011,0.00000,0.00000,0.00000,0.00053,0.00000,0.00000,0.02459,0.00000,0.00000,0.00000,0.00195,0.20820,0.00000,0.00000,0.00000,0.00000,0.00000,0.08101,0.09888,0.00000,0.00000,0.00000,0.00000,0.10755,0.09888,0.00000,0.00000,0.00000,0.02476,0.20218,0.00000,0.00000,0.00000,0.00000,0.00000,0.00000,0.21651,0.00000,0.00000,0.00000,0.20542,0.00118,0.00000,0.00000,0.00000,0.00000,0.00000,0.00000,0.05619,0.12883,0.00000,0.00000,0.89657,2.17800,1.23850,1.22900,5.00000,5.00000,0,0.00000,0.89657,0.00000,0.00000,0.00000
371,0.00000,0.00000,0.00000,0.00000,0.00000,0.00000,0.00000,0.00000,0.00000,0.00000,0.00000,0.00000,0.00000,0.00000,0.00000,0.00000,0.00000,0.00000,0.00000,0.00000,0.00000,0.00000,0.00000,0.00000,0.00000,0.00000,0.00000,0.00000,0.00000,0.00000,0.00000,0.00000,0.00000,0.00000,0.00000,0.00000,0.00000,0.00000,0.00000,0.00000,0.00000,0.00000,0.00000,0.00000,0.00000,0.00000,0.00000,0.00000,0.00000,0.00000,0.00000,0.00000,0.00000,0.00000,0.00000,0.00000,0.00000,0.00000,0.00000,0.03131,0.00000,0.00000,0.00000,0.00000,0.02476,0.00000,0.00000,0.00000,0.00000,0.00000,0.00000,0.05041,0.15318,0.00000,0.00000,0.00000,0.00000,0.00000,0.04068,0.02034,0.00000,0.00000,0.00000,0.00000,0.18608,0.02353,0.00000,0.00000,0.00000,0.06857,0.07966,0.00000,0.00000,0.00000,0.00000,0.00000,0.00000,0.21580,0.00000,0.00000,0.00383,0.19357,0.00000,0.00000,0.00000,0.00000,0.00000,0.00000,0.00000,0.11333,0.07258,0.00000,0.00000,0.89657,2.18450,1.23150,1.19500,5.00000,5.00000,0,0.00000,0.89657,0.00000,0.00000,0.00000
372,0.00000,0.00000,0.00000,0.00000,0.00000,0.00000,0.00000,0.00000,0.00000,0.00000,0.00000,0.00000,0.00000,0.00000,0.00000,0.00000,0.00000,0.00000,0.00000,0.00000,0.00000,0.00000,0.00000,0.00000,0.00000,0.00000,0.00000,0.00000,0.00000,0.00000,0.00000,0.00000,0.00000,0.00000,0.00000,0.00000,0.00000,0.00000,0.00000,0.00000,0.00000,0.00000,0.00000,0.00000,0.00000,0.00000,0.00000,0.00000,0.00000,0.00000,0.00000,0.00000,0.00000,0.00000,0.00000,0.00000,0.00000,0.00000,0.00000,0.07146,0.00000,0.00000,0.00000,0.00000,0.01557,0.00000,0.00000,0.00584,0.00000,0.00000,0.00000,0.16515,0.04287,0.00000,0.00000,0.00000,0.00000,0.00000,0.13355,0.00000,0.00000,0.00000,0.00000,0.00000,0.21739,0.00000,0.00000,0.00000,0.00000,0.09452,0.04310,0.00000,0.00000,0.00000,0.00000,0.00000,0.09605,0.06032,0.00000,0.00000,0.00000,0.00000,0.00000,0.00000,0.00000,0.00000,0.00000,0.00000,0.00000,0.00000,0.00000,0.00000,0.00000,0.89657,2.26850,1.11200,1.11250,5.00000,5.00000,0,0.00000,0.89657,0.00000,0.00000,0.00000
373,0.00000,0.00000,0.00000,0.00000,0.00000,0.00000,0.00000,0.00000,0.00000,0.00000,0.00000,0.00000,0.00000,0.00000,0.00000,0.00000,0.00000,0.00000,0.00000,0.00000,0.00000,0.00000,0.00000,0.00000,0.00000,0.00000,0.00000,0.00000,0.00000,0.00000,0.00000,0.00000,0.00000,0.00000,0.00000,0.00000,0.00000,0.00000,0.00000,0.00000,0.00000,0.00000,0.00000,0.00000,0.00000,0.00000,0.00000,0.00000,0.00000,0.00000,0.00000,0.00000,0.00000,0.00000,0.00000,0.00000,0.00000,0.00000,0.00837,0.04009,0.00000,0.01203,0.00000,0.00000,0.10419,0.00584,0.00000,0.00000,0.00000,0.00000,0.00000,0.22005,0.00000,0.01285,0.09210,0.11297,0.00000,0.01733,0.00761,0.00000,0.00000,0.00000,0.00000,0.08656,0.13384,0.00000,0.00000,0.00000,0.00000,0.20908,0.00000,0.00000,0.00000,0.00000,0.00000,0.00000,0.21492,0.00531,0.00000,0.00000,0.17989,0.03502,0.00000,0.00000,0.00000,0.00000,0.00000,0.00000,0.01574,0.18715,0.00000,0.00000,0.00000,0.89657,2.35550,0.97700,0.96900,5.00000,5.00000,0,0.00000,0.75198,0.00000,0.00000,0.00000
374,0.00000,0.00000,0.00000,0.00000,0.00000,0.00000,0.00000,0.00000,0.00000,0.00000,0.00000,0.00000,0.00000,0.00000,0.00000,0.00000,0.00000,0.00000,0.00000,0.00000,0.00000,0.00000,0.00000,0.00000,0.00000,0.00000,0.00000,0.00000,0.00000,0.00000,0.00000,0.00000,0.00000,0.00000,0.00000,0.00000,0.00000,0.00000,0.00000,0.00000,0.00000,0.00000,0.00000,0.00000,0.00000,0.00000,0.00000,0.00000,0.00000,0.00000,0.00000,0.00000,0.00000,0.00000,0.00000,0.00000,0.00000,0.00000,0.00000,0.00000,0.00000,0.00000,0.00000,0.00000,0.00124,0.00000,0.00000,0.00000,0.00000,0.00000,0.06126,0.10377,0.00000,0.00171,0.05301,0.11527,0.00000,0.00678,0.02223,0.00000,0.00000,0.00000,0.00000,0.17677,0.00012,0.00000,0.00000,0.00000,0.07854,0.01362,0.00000,0.00000,0.00000,0.00000,0.00000,0.03927,0.17759,0.00000,0.00000,0.00000,0.14947,0.00000,0.00000,0.00000,0.00000,0.00000,0.00000,0.00000,0.15708,0.02017,0.00000,0.00000,0.00000,0.75198,2.43550,0.88900,0.82850,5.00000,5.00000,0,-0.54785,0.74475,0.00000,0.00000,0.00000
375,0.00000,0.00000,0.00000,0.00000,0.00000,0.00000,0.00000,0.00000,0.00000,0.00000,0.00000,0.00000,0.00000,0.00000,0.00000,0.00000,0.00000,0.00000,0.00000,0.00000,0.00000,0.00000,0.00000,0.00000,0.00000,0.00000,0.00000,0.00000,0.00000,0.00000,0.00000,0.00000,0.00000,0.00000,0.00000,0.00000,0.00000,0.00000,0.00000,0.00000,0.00000,0.00000,0.00000,0.00000,0.00000,0.00000,0.00000,0.00000,0.00000,0.00000,0.00000,0.00000,0.00000,0.00000,0.00212,0.00000,0.00000,0.00000,0.00000,0.00000,0.00000,0.00000,0.00000,0.00000,0.00000,0.00000,0.00301,0.00000,0.00000,0.00000,0.10790,0.00000,0.00000,0.00566,0.00000,0.00000,0.01975,0.15006,0.00000,0.00000,0.00000,0.00000,0.05124,0.09505,0.00000,0.00000,0.00000,0.00088,0.12848,0.00029,0.00000,0.00000,0.00000,0.00000,0.00000,0.00000,0.00000,0.00000,0.00000,0.00000,0.00000,0.00000,0.00000,0.00000,0.00000,0.00000,0.00000,0.00000,0.03980,0.00000,0.00000,0.00000,-0.54785,0.74475,2.65450,0.83600,0.74300,5.00000,5.00000,0,-0.82532,0.80259,0.00000,0.00000,0.00000
376,0.00000,0.00000,0.00000,0.00000,0.00000,0.00000,0.00000,0.00000,0.00000,0.00000,0.00000,0.00000,0.00000,0.00000,0.00000,0.00000,0.00000,0.00000,0.00000,0.00000,0.00000,0.00000,0.00000,0.00000,0.00000,0.00000,0.00000,0.00000,0.00000,0.00000,0.00000,0.00000,0.00000,0.00000,0.00000,0.00000,0.00000,0.00000,0.00000,0.00000,0.00000,0.00000,0.00000,0.00000,0.00000,0.00000,0.00000,0.00000,0.00000,0.00000,0.00000,0.00000,0.00000,0.00000,0.00000,0.00000,0.00000,0.00000,0.00000,0.00000,0.00000,0.00000,0.00000,0.00000,0.00000,0.00407,0.00000,0.00000,0.00000,0.00000,0.02895,0.00200,0.00000,0.00000,0.00000,0.00000,0.00147,0.16621,0.00000,0.00000,0.00000,0.00000,0.01981,0.17777,0.00000,0.00000,0.00596,0.10248,0.21268,0.01692,0.00000,0.00000,0.00000,0.00000,0.00000,0.11498,0.00000,0.00000,0.00000,0.00000,0.03679,0.00000,0.00000,0.00000,0.00000,0.00000,0.00000,0.00000,0.00000,0.00000,0.00000,0.00000,-0.82532,0.80259,2.77000,0.78100,0.74300,5.00000,5.00000,0,0.00000,0.71584,0.00000,0.00000,0.00000
377,0.00000,0.00000,0.00000,0.00000,0.00000,0.00000,0.00000,0.00000,0.00000,0.00000,0.00000,0.00000,0.00000,0.00000,0.00000,0.00000,0.00000,0.00000,0.00000,0.00000,0.00000,0.00000,0.00000,0.00000,0.00000,0.00000,0.00000,0.00000,0.00000,0.00000,0.00000,0.00000,0.00000,0.00000,0.00000,0.00000,0.00000,0.00000,0.00000,0.00000,0.00000,0.00000,0.00000,0.00000,0.00000,0.00000,0.00000,0.00000,0.00000,0.00000,0.00000,0.00000,0.00000,0.00000,0.00000,0.00000,0.00000,0.00000,0.00000,0.00000,0.00000,0.00000,0.00000,0.00000,0.00000,0.00000,0.00000,0.00000,0.00000,0.00000,0.00000,0.00088,0.00000,0.00000,0.00000,0.00000,0.00000,0.07524,0.06008,0.00000,0.00000,0.00000,0.00000,0.11509,0.06763,0.00000,0.00000,0.00000,0.03255,0.19581,0.00000,0.00000,0.00000,0.00000,0.00000,0.00000,0.20713,0.00000,0.00000,0.00000,0.18644,0.00000,0.00000,0.00000,0.00000,0.00000,0.00000,0.00000,0.09517,0.00000,0.00000,0.00000,0.00000,0.71584,2.57000,0.71600,0.64500,5.00000,5.00000,0,0.00000,0.73029,0.00000,0.00000,0.00000
378,0.00000,0.00000,0.00000,0.00000,0.00000,0.00000,0.00000,0.00000,0.00000,0.00000,0.00000,0.00000,0.00000,0.00000,0.00000,0.00000,0.00000,0.00000,0.00000,0.00000,0.00000,0.00000,0.00000,0.00000,0.00000,0.00000,0.00000,0.00000,0.00000,0.00000,0.00000,0.00000,0.00000,0.00000,0.00000,0.00000,0.00000,0.00000,0.00000,0.00000,0.00000,0.00000,0.00000,0.00000,0.00000,0.00000,0.00000,0.00000,0.00000,0.00000,0.00000,0.00000,0.00000,0.00000,0.00000,0.00000,0.00000,0.00000,0.00000,0.00000,0.00000,0.00000,0.00000,0.00000,0.00000,0.00000,0.00000,0.00000,0.00000,0.00000,0.00000,0.00000,0.00000,0.00000,0.00000,0.00000,0.00000,0.00000,0.11639,0.00000,0.00000,0.00000,0.00000,0.00000,0.02388,0.00295,0.00147,0.09764,0.00000,0.13691,0.09357,0.00000,0.00000,0.00000,0.00000,0.00000,0.02795,0.12612,0.00000,0.01061,0.08626,0.13255,0.00000,0.00000,0.00000,0.00000,0.00000,0.00000,0.00000,0.10419,0.00000,0.00000,0.00000,0.73029,2.27400,0.67100,1.00600,0.62300,5.00000,0,0.00000,0.80259,0.00000,0.00000,0.00000
379,0.00000,0.00000,0.00000,0.00000,0.00000,0.00000,0.00000,0.00000,0.00000,0.00000,0.00000,0.00000,0.00000,0.00000,0.00000,0.00000,0.00000,0.00000,0.00000,0.00000,0.00000,0.00000,0.00000,0.00000,0.00000,0.00000,0.00000,0.00000,0.00000,0.00000,0.00000,0.00000,0.00000,0.00000,0.00000,0.00000,0.00000,0.00000,0.00000,0.00000,0.00000,0.00000,0.00000,0.00000,0.00000,0.00000,0.00000,0.00000,0.00000,0.00000,0.00000,0.00000,0.00000,0.00000,0.00000,0.00000,0.00000,0.00000,0.00000,0.00000,0.00000,0.00000,0.00000,0.00000,0.00000,0.00000,0.00000,0.00000,0.00000,0.00000,0.00000,0.00000,0.00000,0.00000,0.00000,0.00000,0.00000,0.00000,0.08349,0.02476,0.00000,0.00000,0.00000,0.00000,0.00000,0.00000,0.00566,0.03184,0.00000,0.06504,0.15554,0.00000,0.00000,0.00000,0.00000,0.00000,0.00000,0.13390,0.00000,0.07889,0.01067,0.19646,0.00000,0.00000,0.00000,0.00000,0.00000,0.00000,0.00000,0.05696,0.00124,0.00000,0.00000,0.80259,2.24350,0.63800,0.96850,0.78300,5.00000,0,0.00000,0.88934,0.00000,0.00000,0.00000
380,0.00000,0.00000,0.00000,0.00000,0.00000,0.00000,0.00000,0.00000,0.00000,0.00000,0.00000,0.00000,0.00000,0.00000,0.00000,0.00000,0.00000,0.00000,0.00000,0.00000,0.00000,0.00000,0.00000,0.00000,0.00000,0.00000,0.00000,0.00000,0.00000,0.00000,0.00000,0.00000,0.00000,0.00000,0.00000,0.00000,0.00000,0.00000,0.00000,0.00000,0.00000,0.00000,0.00000,0.00000,0.00000,0.00000,0.00000,0.00000,0.00000,0.00000,0.00000,0.00000,0.00000,0.00000,0.00000,0.00000,0.00000,0.00000,0.00000,0.00000,0.00000,0.00000,0.00000,0.00000,0.00000,0.00000,0.00000,0.00000,0.00000,0.00000,0.00000,0.00000,0.00000,0.00000,0.00000,0.00000,0.00000,0.00000,0.05554,0.01097,0.00000,0.00000,0.00000,0.00000,0.00000,0.00000,0.00000,0.00195,0.00566,0.02901,0.19794,0.00000,0.00000,0.00000,0.00000,0.00000,0.00000,0.05660,0.00000,0.02901,0.00000,0.21392,0.00012,0.00000,0.00000,0.00000,0.00000,0.00000,0.00000,0.04994,0.08838,0.00000,0.00000,0.88934,2.25150,0.60500,0.94100,0.55600,5.00000,0,0.00000,0.87489,0.00000,0.00000,0.00000
381,0.00000,0.00000,0.00000,0.00000,0.00000,0.00000,0.00000,0.00000,0.00000,0.00000,0.00000,0.00000,0.00000,0.00000,0.00000,0.00000,0.00000,0.00000,0.00000,0.00000,0.00000,0.00000,0.00000,0.00000,0.00000,0.00000,0.00000,0.00000,0.00000,0.00000,0.00000,0.00000,0.00000,0.00000,0.00000,0.00000,0.00000,0.00000,0.00000,0.00000,0.00000,0.00000,0.00000,0.00000,0.00000,0.00000,0.00000,0.00000,0.00000,0.00000,0.00000,0.00000,0.00000,0.00000,0.00000,0.00000,0.00000,0.00000,0.00000,0.00000,0.00000,0.00000,0.00000,0.00000,0.00000,0.00000,0.00000,0.00000,0.00000,0.00000,0.00000,0.00000,0.00000,0.00000,0.00000,0.00000,0.00000,0.00000,0.00371,0.00106,0.00000,0.00000,0.00000,0.00000,0.00000,0.00000,0.00000,0.00000,0.00000,0.00000,0.19705,0.00053,0.00000,0.00000,0.00000,0.00000,0.00000,0.01928,0.02388,0.07429,0.00000,0.17624,0.04575,0.00000,0.00000,0.00000,0.00000,0.00000,0.00000,0.00012,0.15236,0.00000,0.00000,0.87489,2.24050,0.55800,0.75500,0.52100,5.00000,0,0.43397,0.87489,0.00000,0.00000,0.00000
382,0.00000,0.00000,0.00000,0.00000,0.00000,0.00000,0.00000,0.00000,0.00000,0.00000,0.00000,0.00000,0.00000,0.00000,0.00000,0.00000,0.00000,0.00000,0.00000,0.00000,0.00000,0.00000,0.00000,0.00000,0.00000,0.00000,0.00000,0.00000,0.00000,0.00000,0.00000,0.00000,0.00000,0.00000,0.00000,0.00000,0.00000,0.00000,0.00000,0.00000,0.00000,0.00000,0.00000,0.00000,0.00000,0.00000,0.00000,0.00000,0.00000,0.00000,0.00000,0.00000,0.00000,0.00000,0.00000,0.00000,0.00000,0.00000,0.00000,0.00000,0.00000,0.00000,0.00000,0.00000,0.00000,0.00000,0.00000,0.00000,0.00000,0.00000,0.00000,0.00000,0.00000,0.00000,0.00000,0.00000,0.00000,0.00000,0.00000,0.00000,0.00000,0.00000,0.00000,0.00000,0.00000,0.00000,0.00000,0.00000,0.00000,0.00000,0.08331,0.00425,0.00000,0.00000,0.00000,0.00000,0.00000,0.00000,0.00000,0.00991,0.00000,0.03880,0.17683,0.00000,0.00000,0.00000,0.00000,0.00000,0.00000,0.00000,0.00000,0.00018,0.43397,0.87489,1.95550,0.48100,0.81800,0.45600,0.45900,0,0.00000,0.88212,0.00000,0.00000,0.00000
383,0.00000,0.00000,0.00000,0.00000,0.00000,0.00000,0.00000,0.00000,0.00000,0.00000,0.00000,0.00000,0.00000,0.00000,0.00000,0.00000,0.00000,0.00000,0.00000,0.00000,0.00000,0.00000,0.00000,0.00000,0.00000,0.00000,0.00000,0.00000,0.00000,0.00000,0.00000,0.00000,0.00000,0.00000,0.00000,0.00000,0.00000,0.00000,0.00000,0.00000,0.00000,0.00000,0.00000,0.00000,0.00000,0.00000,0.00000,0.00000,0.00000,0.00000,0.00000,0.00000,0.00000,0.00000,0.00000,0.00000,0.00000,0.00000,0.00000,0.00000,0.00000,0.00000,0.00000,0.00000,0.00000,0.00000,0.00000,0.00000,0.00000,0.00000,0.00000,0.00000,0.00000,0.00000,0.00000,0.00000,0.00000,0.00000,0.00000,0.00000,0.00000,0.00000,0.00000,0.00000,0.00000,0.00000,0.00000,0.00000,0.00000,0.00000,0.00000,0.00000,0.00000,0.00000,0.00000,0.00000,0.00000,0.00000,0.00000,0.00000,0.00000,0.08526,0.01981,0.00000,0.00000,0.00000,0.00000,0.00000,0.00000,0.00000,0.00000,0.09127,0.00000,0.88212,0.44800,0.44300,1.37550,0.40400,5.00000,0,0.00000,0.88212,0.00000,0.00000,0.00000
384,0.00000,0.00000,0.00000,0.00000,0.00000,0.00000,0.00000,0.00000,0.00000,0.00000,0.00000,0.00000,0.00000,0.00000,0.00000,0.00000,0.00000,0.00000,0.00000,0.00000,0.00000,0.00000,0.00000,0.00000,0.00000,0.00000,0.00000,0.00000,0.00000,0.00000,0.00000,0.00000,0.00000,0.00000,0.00000,0.00000,0.00000,0.00000,0.00000,0.00000,0.00000,0.00000,0.00000,0.00000,0.00000,0.00000,0.00000,0.00000,0.00000,0.00000,0.00000,0.00000,0.00000,0.00000,0.00000,0.00000,0.00000,0.00000,0.00000,0.00000,0.00000,0.00000,0.00000,0.00000,0.00000,0.00000,0.00000,0.00000,0.00000,0.00000,0.00000,0.00000,0.00000,0.00000,0.00000,0.00000,0.00000,0.00000,0.00000,0.00000,0.00000,0.00000,0.00000,0.00000,0.00000,0.00000,0.00000,0.00000,0.00000,0.00000,0.00000,0.00000,0.00000,0.00000,0.00000,0.00000,0.00000,0.00000,0.00000,0.00000,0.00124,0.00142,0.00000,0.00000,0.00000,0.00000,0.00000,0.00000,0.00000,0.00000,0.04888,0.05407,0.00000,0.88212,0.38800,0.58500,1.51850,0.37800,5.00000,0,0.00000,0.88212,0.00000,0.00000,0.00000
385,0.00000,0.00000,0.00000,0.00000,0.00000,0.00000,0.00000,0.00000,0.00000,0.00000,0.00000,0.00000,0.00000,0.00000,0.00000,0.00000,0.00000,0.00000,0.00000,0.00000,0.00000,0.00000,0.00000,0.00000,0.00000,0.00000,0.00000,0.00000,0.00000,0.00000,0.00000,0.00000,0.00000,0.00000,0.00000,0.00000,0.00000,0.00000,0.00000,0.00000,0.00000,0.00000,0.00000,0.00000,0.00000,0.00000,0.00000,0.00000,0.00000,0.00000,0.00000,0.00000,0.00000,0.00000,0.00000,0.00000,0.00000,0.00000,0.00000,0.00000,0.00000,0.00000,0.00000,0.00000,0.00000,0.00000,0.00000,0.00000,0.00000,0.00000,0.00000,0.00000,0.00000,0.00000,0.00000,0.00000,0.00000,0.00000,0.00000,0.00000,0.00000,0.00000,0.00000,0.00000,0.00000,0.00000,0.00000,0.00000,0.00000,0.00000,0.00000,0.00000,0.00000,0.00000,0.00000,0.00000,0.00000,0.00000,0.00000,0.00000,0.00000,0.00336,0.00000,0.00000,0.00000,0.00000,0.00000,0.00000,0.00000,0.00000,0.01875,0.00000,0.00000,0.88212,0.35500,0.52900,0.87300,0.32300,0.33800,0,0.00000,0.88212,0.00000,0.00000,0.00000
386,0.00000,0.00000,0.00000,0.00000,0.00000,0.00000,0.00000,0.00000,0.00000,0.00000,0.00000,0.00000,0.00000,0.00000,0.00000,0.00000,0.00000,0.00000,0.00000,0.00000,0.00000,0.00000,0.00000,0.00000,0.00000,0.00000,0.00000,0.00000,0.00000,0.00000,0.00000,0.00000,0.00000,0.00000,0.00000,0.00000,0.00000,0.00000,0.00000,0.00000,0.00000,0.00000,0.00000,0.00000,0.00000,0.00000,0.00000,0.00000,0.00000,0.00000,0.00000,0.00000,0.00000,0.00000,0.00000,0.00000,0.00000,0.00000,0.00000,0.00000,0.00000,0.00000,0.00000,0.00000,0.00000,0.00000,0.00000,0.00000,0.00000,0.00000,0.00000,0.00000,0.00000,0.00000,0.00000,0.00000,0.00000,0.00000,0.00000,0.00000,0.00000,0.00000,0.00000,0.00000,0.00000,0.01645,0.00000,0.00000,0.00000,0.00000,0.00000,0.00000,0.00000,0.00000,0.00000,0.00000,0.00902,0.00000,0.00000,0.00000,0.00000,0.00000,0.00000,0.00000,0.00000,0.00000,0.00000,0.00000,0.00000,0.00000,0.00000,0.00000,0.00000,0.88212,0.30300,0.61000,0.82600,0.26400,0.26500,0,0.00000,0.88212,0.00000,0.00000,0.00000
387,0.00000,0.00000,0.00000,0.00000,0.00000,0.00000,0.00000,0.00000,0.00000,0.00000,0.00000,0.00000,0.00000,0.00000,0.00000,0.00000,0.00000,0.00000,0.00000,0.00000,0.00000,0.00000,0.00000,0.00000,0.00000,0.00000,0.00000,0.00000,0.00000,0.00000,0.00000,0.00000,0.00000,0.00000,0.00000,0.00000,0.00000,0.00000,0.00000,0.00000,0.00000,0.00000,0.00000,0.00000,0.00000,0.00000,0.00000,0.00000,0.00000,0.00000,0.00000,0.00000,0.00000,0.00000,0.00000,0.00000,0.00000,0.00000,0.00000,0.00000,0.00000,0.00000,0.00000,0.00000,0.00000,0.00000,0.00000,0.00000,0.00000,0.00000,0.00000,0.00000,0.00000,0.00000,0.00000,0.00000,0.00000,0.00000,0.00000,0.00000,0.00000,0.00000,0.00000,0.00000,0.00000,0.00000,0.00000,0.00000,0.00000,0.00000,0.00000,0.00000,0.00000,0.00000,0.00000,0.00000,0.00000,0.00000,0.03591,0.00000,0.00000,0.00000,0.00000,0.00000,0.00000,0.00000,0.00000,0.00000,0.00000,0.02193,0.02771,0.00413,0.00000,0.88212,0.40300,0.55600,0.75900,0.37500,0.19800,0,0.00000,0.88212,0.00000,0.00000,0.00000
388,0.00000,0.00000,0.00000,0.00000,0.00000,0.00000,0.00000,0.00000,0.00000,0.00000,0.00000,0.00000,0.00000,0.00000,0.00000,0.00000,0.00000,0.00000,0.00000,0.00000,0.00000,0.00000,0.00000,0.00000,0.00000,0.00000,0.00000,0.00000,0.00000,0.00000,0.00000,0.00000,0.00000,0.00000,0.00000,0.00000,0.00000,0.00000,0.00000,0.00000,0.00000,0.00000,0.00000,0.00000,0.00000,0.00000,0.00000,0.00000,0.00000,0.00000,0.00000,0.00000,0.00000,0.00000,0.00000,0.00000,0.00000,0.00000,0.00000,0.00000,0.00000,0.00000,0.00000,0.00000,0.00000,0.00000,0.00000,0.00000,0.00000,0.00000,0.00000,0.00000,0.00000,0.00000,0.00000,0.00000,0.00000,0.00000,0.00000,0.00000,0.00000,0.00000,0.00000,0.00000,0.00000,0.00000,0.00000,0.00000,0.00000,0.00000,0.00000,0.00000,0.00000,0.00000,0.00000,0.00000,0.00000,0.00000,0.00000,0.00000,0.00000,0.00000,0.00000,0.00000,0.00000,0.00000,0.00000,0.00000,0.00000,0.00000,0.00000,0.00000,0.00000,0.88212,0.31500,0.72200,0.64000,0.25300,0.13200,0,0.00000,0.00000,0.00000,0.00000,0.00000
389,0.00000,0.00000,0.00000,0.00000,0.00000,0.00000,0.00000,0.00000,0.00000,0.00000,0.00000,0.00000,0.00000,0.00000,0.00000,0.00000,0.00000,0.00000,0.00000,0.00000,0.00000,0.00000,0.00000,0.00000,0.00000,0.00000,0.00000,0.00000,0.00000,0.00000,0.00000,0.00000,0.00000,0.00000,0.00000,0.00000,0.00000,0.00000,0.00000,0.00000,0.00000,0.00000,0.00000,0.00000,0.00000,0.00000,0.00000,0.00000,0.00000,0.00000,0.00000,0.00000,0.00000,0.00000,0.00000,0.00000,0.00000,0.00000,0.00000,0.00000,0.00000,0.00000,0.00000,0.00000,0.00000,0.00000,0.00000,0.00000,0.00000,0.00000,0.00000,0.00000,0.00000,0.00000,0.00000,0.00000,0.00000,0.00000,0.00000,0.00000,0.00000,0.00000,0.00000,0.00000,0.00000,0.00000,0.00000,0.00000,0.00000,0.00000,0.00000,0.00000,0.00000,0.00000,0.00000,0.00000,0.00000,0.00000,0.00000,0.00000,0.00000,0.00000,0.00000,0.00000,0.00000,0.00248,0.00000,0.00000,0.00000,0.00000,0.00000,0.00000,0.00000,0.00000,0.38100,0.88650,0.31050,0.16300,0.16400,0,0.00000,0.00000,0.00000,0.00000,0.00000
390,0.00000,0.00000,0.00000,0.00000,0.00000,0.00000,0.00000,0.00000,0.00000,0.00000,0.00000,0.00000,0.00000,0.00000,0.00000,0.00000,0.00000,0.00000,0.00000,0.00000,0.00000,0.00000,0.00000,0.00000,0.00000,0.00000,0.00000,0.00000,0.00000,0.00000,0.00000,0.00000,0.00000,0.00000,0.00000,0.00000,0.00000,0.00000,0.00000,0.00000,0.00000,0.00000,0.00000,0.00000,0.00000,0.00000,0.00000,0.00000,0.00000,0.00000,0.00000,0.00000,0.00000,0.00000,0.00000,0.00000,0.00000,0.00000,0.00000,0.00000,0.00000,0.00000,0.00000,0.00000,0.00000,0.00000,0.00000,0.00000,0.00000,0.00000,0.00000,0.00000,0.00000,0.00000,0.00000,0.00000,0.00000,0.00000,0.00000,0.00000,0.00000,0.00000,0.00000,0.00000,0.00000,0.00000,0.00000,0.00000,0.00000,0.00000,0.00000,0.00000,0.00000,0.00000,0.00000,0.00000,0.00000,0.00000,0.03667,0.05000,0.00000,0.00000,0.00000,0.00000,0.00000,0.00000,0.00000,0.00000,0.00000,0.00000,0.00000,0.00124,0.00000,0.00000,0.38200,0.88600,0.30650,0.16000,0.16000,0,0.00000,0.00000,0.00000,0.00000,0.00000
391,0.00000,0.00000,0.00000,0.00000,0.00000,0.00000,0.00000,0.00000,0.00000,0.00000,0.00000,0.00000,0.00000,0.00000,0.00000,0.00000,0.00000,0.00000,0.00000,0.00000,0.00000,0.00000,0.00000,0.00000,0.00000,0.00000,0.00000,0.00000,0.00000,0.00000,0.00000,0.00000,0.00000,0.00000,0.00000,0.00000,0.00000,0.00000,0.00000,0.00000,0.00000,0.00000,0.00000,0.00000,0.00000,0.00000,0.00000,0.00000,0.00000,0.00000,0.00000,0.00000,0.00000,0.00000,0.00000,0.00000,0.00000,0.00000,0.00000,0.00000,0.00000,0.00000,0.00000,0.00000,0.00000,0.00000,0.00000,0.00000,0.00000,0.00000,0.00000,0.00000,0.00000,0.00000,0.00000,0.00000,0.00000,0.00000,0.00000,0.00000,0.00000,0.00000,0.00000,0.00000,0.00000,0.00000,0.00018,0.00000,0.00000,0.00000,0.00000,0.00000,0.00000,0.00000,0.00000,0.00000,0.00000,0.00000,0.04758,0.05200,0.00000,0.00000,0.00000,0.00000,0.00000,0.00000,0.00000,0.00000,0.00000,0.00000,0.00000,0.00000,0.00000,0.00000,0.38200,0.88700,0.30700,0.15900,0.16000,0,0.00000,0.00000,0.00000,0.00000,0.00000
392,0.00000,0.00000,0.00000,0.00000,0.00000,0.00000,0.00000,0.00000,0.00000,0.00000,0.00000,0.00000,0.00000,0.00000,0.00000,0.00000,0.00000,0.00000,0.00000,0.00000,0.00000,0.00000,0.00000,0.00000,0.00000,0.00000,0.00000,0.00000,0.00000,0.00000,0.00000,0.00000,0.00000,0.00000,0.00000,0.00000,0.00000,0.00000,0.00000,0.00000,0.00000,0.00000,0.00000,0.00000,0.00000,0.00000,0.00000,0.00000,0.00000,0.00000,0.00000,0.00000,0.00000,0.00000,0.00000,0.00000,0.00000,0.00000,0.00000,0.00000,0.00000,0.00000,0.00000,0.00000,0.00000,0.00000,0.00000,0.00000,0.00000,0.00000,0.00000,0.00000,0.00000,0.00000,0.00000,0.00000,0.00000,0.00000,0.00000,0.00000,0.00000,0.00000,0.00000,0.00000,0.00000,0.00000,0.00000,0.00000,0.00000,0.00000,0.00000,0.00000,0.00000,0.00000,0.00000,0.00000,0.00000,0.00000,0.04699,0.03933,0.00000,0.00000,0.00000,0.00000,0.00000,0.00000,0.00000,0.00000,0.00000,0.00000,0.00000,0.00142,0.00000,0.00000,0.38200,0.88700,0.30250,0.16000,0.16000,0,0.00000,0.00000,0.00000,0.00000,0.00000
