frame_id,obj0_valid,obj0_class_norm,obj0_conf,obj0_dist_norm,obj0_lat_offset,obj0_width_norm,obj0_height_norm,obj0_lane_overlap,obj1_valid,obj1_class_norm,obj1_conf,obj1_dist_norm,obj1_lat_offset,obj1_width_norm,obj1_height_norm,obj1_lane_overlap,obj2_valid,obj2_class_norm,obj2_conf,obj2_dist_norm,obj2_lat_offset,obj2_width_norm,obj2_height_norm,obj2_lane_overlap,obj3_valid,obj3_class_norm,obj3_conf,obj3_dist_norm,obj3_lat_offset,obj3_width_norm,obj3_height_norm,obj3_lane_overlap,obj4_valid,obj4_class_norm,obj4_conf,obj4_dist_norm,obj4_lat_offset,obj4_width_norm,obj4_height_norm,obj4_lane_overlap,lane_r0c0,lane_r0c1,lane_r0c2,lane_r0c3,lane_r0c4,lane_r0c5,lane_r0c6,lane_r0c7,lane_r0c8,lane_r0c9,lane_r0c10,lane_r0c11,lane_r1c0,lane_r1c1,lane_r1c2,lane_r1c3,lane_r1c4,lane_r1c5,lane_r1c6,lane_r1c7,lane_r1c8,lane_r1c9,lane_r1c10,lane_r1c11,lane_r2c0,lane_r2c1,lane_r2c2,lane_r2c3,lane_r2c4,lane_r2c5,lane_r2c6,lane_r2c7,lane_r2c8,lane_r2c9,lane_r2c10,lane_r2c11,lane_r3c0,lane_r3c1,lane_r3c2,lane_r3c3,lane_r3c4,lane_r3c5,lane_r3c6,lane_r3c7,lane_r3c8,lane_r3c9,lane_r3c10,lane_r3c11,lane_r4c0,lane_r4c1,lane_r4c2,lane_r4c3,lane_r4c4,lane_r4c5,lane_r4c6,lane_r4c7,lane_r4c8,lane_r4c9,lane_r4c10,lane_r4c11,lane_r5c0,lane_r5c1,lane_r5c2,lane_r5c3,lane_r5c4,lane_r5c5,lane_r5c6,lane_r5c7,lane_r5c8,lane_r5c9,lane_r5c10,lane_r5c11,ego_steering,ego_throttle,lidar_s0,lidar_s1,lidar_s2,lidar_s3,lidar_s4,scenario,target_steering,target_throttle
1,0.0,0.0,0.0,0.0,0.0,0.0,0.0,0.0,0.0,0.0,0.0,0.0,0.0,0.0,0.0,0.0,0.0,0.0,0.0,0.0,0.0,0.0,0.0,0.0,0.0,0.0,0.0,0.0,0.0,0.0,0.0,0.0,0.0,0.0,0.0,0.0,0.0,0.0,0.0,0.0,0.0,0.0,0.0,0.0,0.0,0.0,0.0,0.0,0.0,0.0,0.0,0.0,0.0,0.0,0.0,0.02724,0.01344,0.0,0.0,0.0,0.0,0.0,0.0,0.0,0.0,0.0,0.0,0.20183,0.0,0.0,0.0,0.00024,0.05371,0.0,0.0,0.0,0.0,0.0,0.19298,0.02618,0.0,0.0,0.0,0.0,0.20572,0.00867,0.0,0.0,0.0,0.15065,0.07771,0.0,0.0,0.0,0.0,0.0,0.00831,0.21209,0.0,0.0,0.07465,0.12807,0.0,0.0,0.0,0.0,0.0,0.0,0.0,0.09729,0.08137,0.0,0.0,0.0,3.2425,4.9335,5.0,5.0,5.0,0,0.0,0.0
2,0.0,0.0,0.0,0.0,0.0,0.0,0.0,0.0,0.0,0.0,0.0,0.0,0.0,0.0,0.0,0.0,0.0,0.0,0.0,0.0,0.0,0.0,0.0,0.0,0.0,0.0,0.0,0.0,0.0,0.0,0.0,0.0,0.0,0.0,0.0,0.0,0.0,0.0,0.0,0.0,0.0,0.0,0.0,0.0,0.0,0.0,0.0,0.0,0.0,0.0,0.0,0.0,0.0,0.0,0.0,0.02524,0.00696,0.0,0.0,0.0,0.0,0.0,0.0,0.0,0.0,0.0,0.0,0.20094,0.0,0.0,0.0,0.00024,0.05053,0.0,0.0,0.0,0.0,0.0,0.19334,0.02689,0.0,0.0,0.0,0.0,0.20448,0.00849,0.0,0.0,0.0,0.15006,0.076,0.0,0.0,0.0,0.0,0.0,0.00849,0.21085,0.0,0.0,0.06893,0.12512,0.0,0.0,0.0,0.0,0.0,0.0,0.0,0.09605,0.08597,0.0,0.0,0.0,3.2065,5.0,5.0,5.0,5.0,0,0.0,0.0
3,0.0,0.0,0.0,0.0,0.0,0.0,0.0,0.0,0.0,0.0,0.0,0.0,0.0,0.0,0.0,0.0,0.0,0.0,0.0,0.0,0.0,0.0,0.0,0.0,0.0,0.0,0.0,0.0,0.0,0.0,0.0,0.0,0.0,0.0,0.0,0.0,0.0,0.0,0.0,0.0,0.0,0.0,0.0,0.0,0.0,0.0,0.0,0.0,0.0,0.0,0.0,0.0,0.0,0.0,0.0,0.02742,0.01238,0.0,0.0,0.0,0.0,0.0,0.0,0.0,0.0,0.0,0.0,0.20165,0.0,0.0,0.0,0.00537,0.06592,0.0,0.0,0.0,0.0,0.0,0.19458,0.02565,0.0,0.0,0.0,0.0,0.2066,0.0092,0.0,0.0,0.0,0.15348,0.07807,0.0,0.0,0.0,0.0,0.0,0.00796,0.21297,0.0,0.0,0.07559,0.13048,0.0,0.0,0.0,0.0,0.0,0.0,0.0,0.09658,0.08844,0.0,0.0,0.0,3.1715,4.8145,5.0,5.0,5.0,0,0.0,0.0
4,0.0,0.0,0.0,0.0,0.0,0.0,0.0,0.0,0.0,0.0,0.0,0.0,0.0,0.0,0.0,0.0,0.0,0.0,0.0,0.0,0.0,0.0,0.0,0.0,0.0,0.0,0.0,0.0,0.0,0.0,0.0,0.0,0.0,0.0,0.0,0.0,0.0,0.0,0.0,0.0,0.0,0.0,0.0,0.0,0.0,0.0,0.0,0.0,0.0,0.0,0.0,0.0,0.0,0.0,0.0,0.02453,0.0089,0.0,0.0,0.0,0.0,0.0,0.0,0.0,0.0,0.0,0.0,0.20254,0.0,0.0,0.0,0.00466,0.06539,0.0,0.0,0.0,0.0,0.0,0.19175,0.02636,0.0,0.0,0.0,0.0,0.20784,0.00884,0.0,0.0,0.0,0.14959,0.077,0.0,0.0,0.0,0.0,0.0,0.00814,0.21209,0.0,0.0,0.06527,0.12382,0.0,0.0,0.0,0.0,0.0,0.0,0.0,0.0987,0.08721,0.0,0.0,0.0,3.2705,4.9165,5.0,5.0,5.0,0,0.0,0.0
5,0.0,0.0,0.0,0.0,0.0,0.0,0.0,0.0,0.0,0.0,0.0,0.0,0.0,0.0,0.0,0.0,0.0,0.0,0.0,0.0,0.0,0.0,0.0,0.0,0.0,0.0,0.0,0.0,0.0,0.0,0.0,0.0,0.0,0.0,0.0,0.0,0.0,0.0,0.0,0.0,0.0,0.0,0.0,0.0,0.0,0.0,0.0,0.0,0.0,0.0,0.0,0.0,0.0,0.0,0.0,0.0217,0.00307,0.0,0.0,0.0,0.0,0.0,0.0,0.0,0.0,0.0,0.0,0.20147,0.0,0.0,0.0,0.0,0.04546,0.0,0.0,0.0,0.0,0.0,0.19245,0.02636,0.0,0.0,0.0,0.0,0.20572,0.00884,0.0,0.0,0.0,0.14976,0.07736,0.0,0.0,0.0,0.0,0.0,0.00814,0.21173,0.0,0.0,0.06344,0.126,0.0,0.0,0.0,0.0,0.0,0.0,0.0,0.09746,0.08667,0.0,0.0,0.0,3.2125,5.0,5.0,5.0,5.0,0,0.0,0.0
6,0.0,0.0,0.0,0.0,0.0,0.0,0.0,0.0,0.0,0.0,0.0,0.0,0.0,0.0,0.0,0.0,0.0,0.0,0.0,0.0,0.0,0.0,0.0,0.0,0.0,0.0,0.0,0.0,0.0,0.0,0.0,0.0,0.0,0.0,0.0,0.0,0.0,0.0,0.0,0.0,0.0,0.0,0.0,0.0,0.0,0.0,0.0,0.0,0.0,0.0,0.0,0.0,0.0,0.0,0.0,0.02364,0.00324,0.0,0.0,0.0,0.0,0.0,0.0,0.0,0.0,0.0,0.0,0.20024,0.0,0.0,0.0,0.00012,0.04499,0.0,0.0,0.0,0.0,0.0,0.19298,0.02583,0.0,0.0,0.0,0.0,0.20607,0.00867,0.0,0.0,0.0,0.15112,0.07689,0.0,0.0,0.0,0.0,0.0,0.00814,0.21209,0.0,0.0,0.0681,0.12471,0.0,0.0,0.0,0.0,0.0,0.0,0.0,0.09623,0.08667,0.0,0.0,0.0,3.2185,4.9575,5.0,5.0,5.0,0,0.0,0.0
7,0.0,0.0,0.0,0.0,0.0,0.0,0.0,0.0,0.0,0.0,0.0,0.0,0.0,0.0,0.0,0.0,0.0,0.0,0.0,0.0,0.0,0.0,0.0,0.0,0.0,0.0,0.0,0.0,0.0,0.0,0.0,0.0,0.0,0.0,0.0,0.0,0.0,0.0,0.0,0.0,0.0,0.0,0.0,0.0,0.0,0.0,0.0,0.0,0.0,0.0,0.0,0.0,0.0,0.0,0.0,0.02618,0.01203,0.0,0.0,0.0,0.0,0.0,0.0,0.0,0.0,0.0,0.0,0.20218,0.0,0.0,0.0,0.00448,0.06362,0.0,0.0,0.0,0.0,0.0,0.19263,0.026,0.0,0.0,0.0,0.0,0.20607,0.00867,0.0,0.0,0.0,0.14959,0.07771,0.0,0.0,0.0,0.0,0.0,0.00831,0.21297,0.0,0.0,0.06751,0.12671,0.0,0.0,0.0,0.0,0.0,0.0,0.0,0.0977,0.09493,0.0,0.0,0.0,3.2035,4.8875,5.0,5.0,5.0,0,0.0,0.0
8,0.0,0.0,0.0,0.0,0.0,0.0,0.0,0.0,0.0,0.0,0.0,0.0,0.0,0.0,0.0,0.0,0.0,0.0,0.0,0.0,0.0,0.0,0.0,0.0,0.0,0.0,0.0,0.0,0.0,0.0,0.0,0.0,0.0,0.0,0.0,0.0,0.0,0.0,0.0,0.0,0.0,0.0,0.0,0.0,0.0,0.0,0.0,0.0,0.0,0.0,0.0,0.0,0.0,0.0,0.0,0.02341,0.00525,0.0,0.0,0.0,0.0,0.0,0.0,0.0,0.0,0.0,0.0,0.20342,0.0,0.0,0.0,0.00018,0.05254,0.0,0.0,0.0,0.0,0.0,0.19351,0.02583,0.0,0.0,0.0,0.0,0.20643,0.00867,0.0,0.0,0.0,0.14976,0.07789,0.0,0.0,0.0,0.0,0.0,0.00849,0.2112,0.0,0.0,0.06952,0.1286,0.0,0.0,0.0,0.0,0.0,0.0,0.0,0.09923,0.07995,0.0,0.0,0.0,3.2325,4.9435,5.0,5.0,5.0,0,0.0,0.0
9,0.0,0.0,0.0,0.0,0.0,0.0,0.0,0.0,0.0,0.0,0.0,0.0,0.0,0.0,0.0,0.0,0.0,0.0,0.0,0.0,0.0,0.0,0.0,0.0,0.0,0.0,0.0,0.0,0.0,0.0,0.0,0.0,0.0,0.0,0.0,0.0,0.0,0.0,0.0,0.0,0.0,0.0,0.0,0.0,0.0,0.0,0.0,0.0,0.0,0.0,0.0,0.0,0.0,0.0,0.0,0.02205,0.00289,0.0,0.0,0.0,0.0,0.0,0.0,0.0,0.0,0.0,0.0,0.20041,0.0,0.0,0.0,0.00088,0.06085,0.0,0.0,0.0,0.0,0.0,0.19298,0.02529,0.0,0.0,0.0,0.0,0.20483,0.00884,0.0,0.0,0.0,0.15077,0.07565,0.0,0.0,0.0,0.0,0.0,0.00796,0.21173,0.0,0.0,0.07111,0.12577,0.0,0.0,0.0,0.0,0.0,0.0,0.0,0.0987,0.09446,0.0,0.0,0.0,3.2365,5.0,5.0,5.0,5.0,0,0.0,0.60872
10,0.0,0.0,0.0,0.0,0.0,0.0,0.0,0.0,0.0,0.0,0.0,0.0,0.0,0.0,0.0,0.0,0.0,0.0,0.0,0.0,0.0,0.0,0.0,0.0,0.0,0.0,0.0,0.0,0.0,0.0,0.0,0.0,0.0,0.0,0.0,0.0,0.0,0.0,0.0,0.0,0.0,0.0,0.0,0.0,0.0,0.0,0.0,0.0,0.0,0.0,0.0,0.0,0.0,0.0,0.0,0.02441,0.00566,0.0,0.0,0.0,0.0,0.0,0.0,0.0,0.0,0.0,0.0,0.19935,0.0,0.0,0.0,0.00047,0.06232,0.0,0.0,0.0,0.0,0.0,0.19245,0.02547,0.0,0.0,0.0,0.0,0.20307,0.00902,0.0,0.0,0.0,0.15124,0.07783,0.0,0.0,0.0,0.0,0.0,0.00796,0.20979,0.0,0.0,0.06792,0.12559,0.0,0.0,0.0,0.0,0.0,0.0,0.0,0.09782,0.0888,0.0,0.0,0.60872,3.2015,4.8145,5.0,5.0,5.0,0,0.0,1.0
11,0.0,0.0,0.0,0.0,0.0,0.0,0.0,0.0,0.0,0.0,0.0,0.0,0.0,0.0,0.0,0.0,0.0,0.0,0.0,0.0,0.0,0.0,0.0,0.0,0.0,0.0,0.0,0.0,0.0,0.0,0.0,0.0,0.0,0.0,0.0,0.0,0.0,0.0,0.0,0.0,0.0,0.0,0.0,0.0,0.0,0.0,0.0,0.0,0.0,0.0,0.0,0.0,0.0,0.0,0.0,0.02471,0.00607,0.0,0.0,0.0,0.0,0.0,0.0,0.0,0.0,0.0,0.0,0.20324,0.0,0.0,0.0,0.00419,0.06639,0.0,0.0,0.0,0.0,0.0,0.19404,0.02618,0.0,0.0,0.0,0.0,0.20855,0.00867,0.0,0.0,0.0,0.15018,0.07748,0.0,0.0,0.0,0.0,0.0,0.00814,0.21226,0.0,0.0,0.0635,0.12311,0.0,0.0,0.0,0.0,0.0,0.0,0.0,0.09605,0.08632,0.0,0.0,1.0,3.2375,5.0,5.0,5.0,5.0,0,0.0,0.921744
12,0.0,0.0,0.0,0.0,0.0,0.0,0.0,0.0,0.0,0.0,0.0,0.0,0.0,0.0,0.0,0.0,0.0,0.0,0.0,0.0,0.0,0.0,0.0,0.0,0.0,0.0,0.0,0.0,0.0,0.0,0.0,0.0,0.0,0.0,0.0,0.0,0.0,0.0,0.0,0.0,0.0,0.0,0.0,0.0,0.0,0.0,0.0,0.0,0.0,0.0,0.0,0.0,0.0,0.0,0.0,0.01657,0.00094,0.0,0.0,0.0,0.0,0.0,0.0,0.0,0.0,0.0,0.0,0.19882,0.0,0.0,0.0,0.01162,0.05914,0.0,0.0,0.0,0.0,0.0,0.18803,0.02989,0.0,0.0,0.0,0.0,0.21333,0.00495,0.0,0.0,0.0,0.14823,0.08172,0.0,0.0,0.0,0.0,0.0,0.01344,0.2059,0.0,0.0,0.06509,0.13426,0.0,0.0,0.0,0.0,0.0,0.0,0.0,0.10572,0.0579,0.0,0.0,1.0,3.7455,5.0,5.0,5.0,5.0,0,0.0,1.0
13,0.0,0.0,0.0,0.0,0.0,0.0,0.0,0.0,0.0,0.0,0.0,0.0,0.0,0.0,0.0,0.0,0.0,0.0,0.0,0.0,0.0,0.0,0.0,0.0,0.0,0.0,0.0,0.0,0.0,0.0,0.0,0.0,0.0,0.0,0.0,0.0,0.0,0.0,0.0,0.0,0.0,0.0,0.0,0.0,0.0,0.0,0.0,0.0,0.0,0.0,0.0,0.0,0.0,0.0,0.0,0.02011,6e-05,0.0,0.0,0.0,0.0,0.0,0.0,0.0,0.0,0.0,0.0,0.1852,0.0,0.0,0.0,0.002,0.04682,0.0,0.0,0.0,0.0,0.0,0.18998,0.0237,0.0,0.0,0.0,0.0,0.21739,0.00265,0.0,0.0,0.0,0.14929,0.08013,0.0,0.0,0.0,0.0,0.0,0.01875,0.20218,0.0,0.0,0.08013,0.13054,0.0,0.0,0.0,0.0,0.0,0.0,0.0,0.10702,0.03998,0.0,0.0,1.0,3.569,5.0,5.0,5.0,5.0,0,0.0,1.0
14,0.0,0.0,0.0,0.0,0.0,0.0,0.0,0.0,0.0,0.0,0.0,0.0,0.0,0.0,0.0,0.0,0.0,0.0,0.0,0.0,0.0,0.0,0.0,0.0,0.0,0.0,0.0,0.0,0.0,0.0,0.0,0.0,0.0,0.0,0.0,0.0,0.0,0.0,0.0,0.0,0.0,0.0,0.0,0.0,0.0,0.0,0.0,0.0,0.0,0.0,0.0,0.0,0.0,0.0,0.0,0.0,0.0,0.0,0.0,0.0,0.0,0.0,0.0,0.0,0.0,0.0,0.02406,0.12842,0.0,0.0,0.0,0.01963,0.01822,0.0,0.0,0.0,0.0,0.0,0.21492,0.0,0.0,0.0,0.0,0.00083,0.2148,0.0,0.0,0.0,0.0,0.19328,0.0319,0.0,0.0,0.0,0.0,0.0,0.06226,0.15566,0.0,0.0,0.13072,0.08278,0.0,0.0,0.0,0.0,0.0,0.0,0.0,0.09623,0.00159,0.0,0.0,1.0,3.419,5.0,5.0,5.0,5.0,0,-0.09534200000000001,1.0
15,0.0,0.0,0.0,0.0,0.0,0.0,0.0,0.0,0.0,0.0,0.0,0.0,0.0,0.0,0.0,0.0,0.0,0.0,0.0,0.0,0.0,0.0,0.0,0.0,0.0,0.0,0.0,0.0,0.0,0.0,0.0,0.0,0.0,0.0,0.0,0.0,0.0,0.0,0.0,0.0,0.0,0.0,0.0,0.0,0.0,0.0,0.0,0.0,0.0,0.0,0.0,0.0,0.0,0.0,0.0,0.00142,0.0,0.0,0.0,0.0,0.0,0.0,0.0,0.0,0.0,0.0,0.05147,0.12983,0.0,0.0,0.0,0.00318,0.0,0.0,0.0,0.0,0.0,0.01291,0.20307,0.0,0.0,0.0,0.0,0.02358,0.18125,0.0,0.0,0.0,0.0,0.22659,0.00478,0.0,0.0,0.0,0.0,0.0,0.11268,0.10224,0.0,0.0,0.18178,0.04375,0.0,0.0,0.0,0.0,0.0,0.0,0.0,0.17229,0.0,0.0,0.0,1.0,3.307,5.0,5.0,5.0,5.0,0,-0.09534200000000001,1.0
16,0.0,0.0,0.0,0.0,0.0,0.0,0.0,0.0,0.0,0.0,0.0,0.0,0.0,0.0,0.0,0.0,0.0,0.0,0.0,0.0,0.0,0.0,0.0,0.0,0.0,0.0,0.0,0.0,0.0,0.0,0.0,0.0,0.0,0.0,0.0,0.0,0.0,0.0,0.0,0.0,0.0,0.0,0.0,0.0,0.0,0.0,0.0,0.0,0.0,0.0,0.0,0.0,0.0,0.0,0.0,0.00106,0.0,0.0,0.0,0.0,0.0,0.0,0.0,0.0,0.0,0.0,0.10312,0.0605,0.0,0.0,0.0,0.00708,0.0,0.0,0.0,0.0,0.0,0.06834,0.15224,0.0,0.0,0.0,0.0,0.06651,0.12842,0.0,0.0,0.0,0.0273,0.2,0.0,0.0,0.0,0.0,0.0,0.0,0.176,0.04581,0.0,0.0,0.20189,0.00029,0.0,0.0,0.0,0.0,0.0,0.0,0.0,0.17158,0.0,0.0,0.0,1.0,2.9425,4.5105,5.0,5.0,5.0,0,-0.09534200000000001,1.0
17,0.0,0.0,0.0,0.0,0.0,0.0,0.0,0.0,0.0,0.0,0.0,0.0,0.0,0.0,0.0,0.0,0.0,0.0,0.0,0.0,0.0,0.0,0.0,0.0,0.0,0.0,0.0,0.0,0.0,0.0,0.0,0.0,0.0,0.0,0.0,0.0,0.0,0.0,0.0,0.0,0.0,0.0,0.0,0.0,0.0,0.0,0.0,0.0,0.0,0.0,0.0,0.0,0.0,0.0,0.0,0.0,0.0,0.0,0.0,0.0,0.0,0.0,0.0,0.0,0.0,0.0,0.12329,0.01822,0.0,0.0,0.0,0.0,0.0,0.0,0.0,0.0,0.0,0.10012,0.11904,0.0,0.0,0.0,0.0,0.0,0.0,0.0,0.0,0.0,0.06462,0.17152,0.0,0.0,0.0,0.0,0.0,0.0,0.11462,0.00071,0.0,0.0,0.18856,0.0,0.0,0.0,0.0,0.0,0.0,0.0,0.0214,0.12541,0.0,0.0,-0.47671,1.0,4.097,5.0,5.0,5.0,5.0,0,0.084658,1.0
18,0.0,0.0,0.0,0.0,0.0,0.0,0.0,0.0,0.0,0.0,0.0,0.0,0.0,0.0,0.0,0.0,0.0,0.0,0.0,0.0,0.0,0.0,0.0,0.0,0.0,0.0,0.0,0.0,0.0,0.0,0.0,0.0,0.0,0.0,0.0,0.0,0.0,0.0,0.0,0.0,0.0,0.0,0.0,0.0,0.0,0.0,0.0,0.0,0.0,0.0,0.0,0.0,0.0,0.0,0.0,0.0,0.0,0.0,0.0,0.0,0.0,0.0,0.0,0.0,0.0,0.0,0.0,0.15094,0.00277,0.0,0.0,0.0,0.0,0.0,0.0,0.0,0.0,0.0,0.13744,0.08986,0.0,0.0,0.0,0.0,0.0,0.0,0.0,0.0,0.0,0.09009,0.13296,0.0,0.0,0.0,0.0,0.0,0.0,0.0,0.0,0.0,0.0418,0.16568,0.0,0.0,0.0,0.0,0.0,0.0,0.0,0.0,0.0,0.0,0.0,1.0,2.8115,3.6895,5.0,5.0,5.0,0,0.264658,1.0
19,0.0,0.0,0.0,0.0,0.0,0.0,0.0,0.0,0.0,0.0,0.0,0.0,0.0,0.0,0.0,0.0,0.0,0.0,0.0,0.0,0.0,0.0,0.0,0.0,0.0,0.0,0.0,0.0,0.0,0.0,0.0,0.0,0.0,0.0,0.0,0.0,0.0,0.0,0.0,0.0,0.0,0.0,0.0,0.0,0.0,0.0,0.0,0.0,0.0,0.0,0.0,0.0,0.0,0.01604,0.0066,0.0,0.0,0.0,0.0,0.0,0.0,0.0,0.0,0.0,0.04015,0.03255,0.0,0.0,0.13502,0.05584,0.0,0.0,0.0,0.00584,0.00088,0.0,0.0,0.0,0.0,0.07871,0.14133,0.0,0.0,0.0,0.0,0.00542,0.17677,0.0,0.0,0.0,0.02866,0.18998,0.0,0.0,0.0,0.0,0.0,0.0,0.07506,0.11863,0.0,0.00029,0.2148,0.0,0.0,0.0,0.0,0.0,0.0,0.0,0.0,0.01079,0.0,1.0,2.8835,3.684,5.0,5.0,5.0,0,0.36,1.0
20,0.0,0.0,0.0,0.0,0.0,0.0,0.0,0.0,0.0,0.0,0.0,0.0,0.0,0.0,0.0,0.0,0.0,0.0,0.0,0.0,0.0,0.0,0.0,0.0,0.0,0.0,0.0,0.0,0.0,0.0,0.0,0.0,0.0,0.0,0.0,0.0,0.0,0.0,0.0,0.0,0.0,0.0,0.0,0.0,0.0,0.0,0.0,0.0,0.0,0.0,0.0,0.0,0.0,0.00171,0.01757,0.0,0.0,0.0,0.00142,0.0,0.0,0.0,0.0,0.0,0.02824,0.08172,0.00448,0.0,0.0,0.16875,0.0,0.0,0.0,0.0,0.08396,0.00961,0.0,0.0,0.0,0.0,0.1043,0.08974,0.0,0.0,0.0,0.0,0.00436,0.21197,0.0,0.0,0.0,0.01509,0.18939,0.0,0.0,0.0,0.0,0.0,0.0,0.01592,0.0,0.0,0.0,0.17942,0.0033,0.0,0.0,0.0,0.0,0.0,0.0,0.0,0.9,1.0,2.1265,3.5885,5.0,5.0,5.0,0,0.18,0.99605
21,0.0,0.0,0.0,0.0,0.0,0.0,0.0,0.0,0.0,0.0,0.0,0.0,0.0,0.0,0.0,0.0,0.0,0.0,0.0,0.0,0.0,0.0,0.0,0.0,0.0,0.0,0.0,0.0,0.0,0.0,0.0,0.0,0.0,0.0,0.0,0.0,0.0,0.0,0.0,0.0,0.0,0.0,0.0,0.0,0.0,0.0,0.0,0.0,0.0,0.0,0.0,0.0,0.0,0.0,0.0,0.0,0.0,0.0,0.0,0.0,0.0,0.0,0.0,0.0,0.0,0.0,0.0,0.0,0.0,0.0,0.0,0.0,0.0,0.07199,0.00106,0.0,0.0,0.0,0.0,0.0,0.0,0.0,0.0,0.0,0.0,0.00289,0.19499,0.00289,0.0,0.0,0.0,0.0,0.0,0.0,0.0,0.0,0.0,0.0,0.01126,0.1957,0.0,0.0,0.0,0.00018,0.0,0.0,0.0,0.0,0.0,0.0,0.0,0.01097,0.9,1.0,2.6325,4.8145,5.0,5.0,5.0,0,-2.2204460492503132e-17,0.9921
22,0.0,0.0,0.0,0.0,0.0,0.0,0.0,0.0,0.0,0.0,0.0,0.0,0.0,0.0,0.0,0.0,0.0,0.0,0.0,0.0,0.0,0.0,0.0,0.0,0.0,0.0,0.0,0.0,0.0,0.0,0.0,0.0,0.0,0.0,0.0,0.0,0.0,0.0,0.0,0.0,0.0,0.0,0.0,0.0,0.0,0.0,0.0,0.0,0.0,0.0,0.0,0.0,0.0,0.0,0.0,0.0,0.0,0.0,0.0,0.0,0.0,0.0,0.0,0.0,0.0,0.0,0.0,0.0,0.0,0.0,0.0,0.0,0.00177,0.0,0.0,0.0,0.0,0.0,0.0,0.0,0.0,0.0,0.0,0.0,0.13956,0.03998,0.0,0.0,0.0,0.0,0.0,0.0,0.0,0.0,0.0,0.0,0.0,0.15949,0.03296,0.0,0.0,0.0,0.0,0.0,0.0,0.0,0.0,0.0,0.0,0.0,0.10737,0.0,0.0,1.0,3.2235,5.0,5.0,5.0,5.0,0,-0.18,0.9754328533333332
23,0.0,0.0,0.0,0.0,0.0,0.0,0.0,0.0,0.0,0.0,0.0,0.0,0.0,0.0,0.0,0.0,0.0,0.0,0.0,0.0,0.0,0.0,0.0,0.0,0.0,0.0,0.0,0.0,0.0,0.0,0.0,0.0,0.0,0.0,0.0,0.0,0.0,0.0,0.0,0.0,0.0,0.0,0.0,0.0,0.0,0.0,0.0,0.0,0.0,0.0,0.0,0.0,0.0,0.0,0.0,0.0,0.0,0.0,0.0,0.0,0.0,0.0,0.0,0.0,0.02494,0.0,0.0,0.0,0.0,0.0,0.0,0.0,0.0,0.0,0.0,0.0,0.00513,0.0,0.0,0.0,0.0,0.0,0.0,0.0,0.0,0.0,0.0,0.0,0.0,0.0,0.0,0.0,0.0,0.0,0.0,0.00566,0.0,0.0,0.0,0.0,0.0,0.0,0.0,0.0,0.0,0.0,0.0,0.0,0.0,0.0,0.0,0.0,-0.9,0.98025,4.9885,5.0,5.0,5.0,5.0,0,-0.18,0.8133848533333333
24,0.0,0.0,0.0,0.0,0.0,0.0,0.0,0.0,0.0,0.0,0.0,0.0,0.0,0.0,0.0,0.0,0.0,0.0,0.0,0.0,0.0,0.0,0.0,0.0,0.0,0.0,0.0,0.0,0.0,0.0,0.0,0.0,0.0,0.0,0.0,0.0,0.0,0.0,0.0,0.0,0.0,0.0,0.0,0.0,0.0,0.0,0.0,0.0,0.0,0.0,0.0,0.0,0.0,0.0,0.0,0.0,0.0,0.0,0.0,0.0,0.0,0.0,0.0,0.0,0.10643,0.01739,0.0,0.0,0.0,0.0,0.0,0.0,0.0,0.0,0.0,0.0,0.08031,0.0,0.0,0.0,0.0,0.0,0.0,0.0,0.0,0.0,0.0,0.0,0.0,0.0,0.0,0.0,0.0,0.0,0.0,0.0,0.0,0.0,0.0,0.0,0.0,0.0,0.0,0.0,0.0,0.0,0.0,0.08532,0.0079,0.0,0.0,0.0,-0.9,0.98025,4.2725,5.0,5.0,5.0,5.0,0,-0.18,0.7867327822222222
25,0.0,0.0,0.0,0.0,0.0,0.0,0.0,0.0,0.0,0.0,0.0,0.0,0.0,0.0,0.0,0.0,0.0,0.0,0.0,0.0,0.0,0.0,0.0,0.0,0.0,0.0,0.0,0.0,0.0,0.0,0.0,0.0,0.0,0.0,0.0,0.0,0.0,0.0,0.0,0.0,0.0,0.0,0.0,0.0,0.0,0.0,0.0,0.0,0.0,0.0,0.0,0.0,0.0,0.0,0.0,0.05112,0.0,0.0,0.0,0.0,0.0,0.0,0.0,0.0,0.0,0.0,0.18414,0.04104,0.0,0.0,0.0,0.0,0.0,0.0,0.0,0.0,0.0,0.17117,0.05383,0.0,0.0,0.0,0.0,0.0,0.0,0.0,0.0,0.0,0.15778,0.06828,0.0,0.0,0.0,0.0,0.0,0.0,0.0,0.0,0.0,0.0,0.05572,0.0,0.0,0.0,0.0,0.0,0.0,0.0,0.0,0.0,0.0,0.0,0.0,0.81426,3.4665,5.0,5.0,5.0,5.0,0,0.0,0.7657031200000001
26,0.0,0.0,0.0,0.0,0.0,0.0,0.0,0.0,0.0,0.0,0.0,0.0,0.0,0.0,0.0,0.0,0.0,0.0,0.0,0.0,0.0,0.0,0.0,0.0,0.0,0.0,0.0,0.0,0.0,0.0,0.0,0.0,0.0,0.0,0.0,0.0,0.0,0.0,0.0,0.0,0.0,0.0,0.0,0.0,0.0,0.0,0.0,0.0,0.0,0.0,0.0,0.0,0.0,0.0,0.0,0.0,0.0069,0.0,0.0,0.0,0.0,0.0,0.0,0.0,0.02783,0.00065,0.0,0.03915,0.17453,0.0,0.0,0.0,0.0,0.0,0.0,0.0,0.0,0.0,0.02105,0.21722,0.0,0.0,0.0,0.0,0.0,0.0,0.0,0.0,0.0,0.00808,0.22524,0.00053,0.0,0.0,0.0,0.0,0.0,0.0,0.0,0.0,0.00024,0.22429,0.00825,0.0,0.0,0.0,0.0,0.0,0.0,0.0,0.0,0.0,0.9,0.18976,2.6035,5.0,5.0,5.0,5.0,0,0.18,0.66136112
27,0.0,0.0,0.0,0.0,0.0,0.0,0.0,0.0,0.0,0.0,0.0,0.0,0.0,0.0,0.0,0.0,0.0,0.0,0.0,0.0,0.0,0.0,0.0,0.0,0.0,0.0,0.0,0.0,0.0,0.0,0.0,0.0,0.0,0.0,0.0,0.0,0.0,0.0,0.0,0.0,0.0,0.0,0.0,0.0,0.0,0.0,0.0,0.0,0.0,0.0,0.0,0.0,0.0,0.0,0.0,0.0,0.01627,0.0,0.0,0.0,0.0,0.0,0.0,0.0,0.0,0.0,0.0,0.05271,0.15,0.0,0.0,0.0,0.0,0.0,0.0,0.0,0.0,0.0,0.03219,0.20519,0.0,0.0,0.0,0.0,0.0,0.0,0.0,0.0,0.0,0.01916,0.2214,0.0,0.0,0.0,0.0,0.0,0.0,0.0,0.0,0.0,0.00708,0.22547,0.002,0.0,0.0,0.0,0.0,0.0,0.0,0.0,0.0,0.0,0.0,0.0,2.6895,5.0,5.0,5.0,5.0,0,0.18,0.6487862666666666
28,0.0,0.0,0.0,0.0,0.0,0.0,0.0,0.0,0.0,0.0,0.0,0.0,0.0,0.0,0.0,0.0,0.0,0.0,0.0,0.0,0.0,0.0,0.0,0.0,0.0,0.0,0.0,0.0,0.0,0.0,0.0,0.0,0.0,0.0,0.0,0.0,0.0,0.0,0.0,0.0,0.0,0.0,0.0,0.0,0.0,0.0,0.0,0.0,0.0,0.0,0.0,0.0,0.0,0.0,0.0,0.0,0.01574,0.0,0.0,0.0,0.0,0.0,0.0,0.0,0.0,0.0,0.0,0.05531,0.15324,0.0,0.0,0.0,0.0,0.0,0.0,0.0,0.0,0.0,0.03255,0.20413,0.0,0.0,0.0,0.0,0.0,0.0,0.0,0.0,0.0,0.01698,0.22341,0.0,0.0,0.0,0.0,0.0,0.0,0.0,0.0,0.0,0.00354,0.22883,0.00236,0.0,0.0,0.0,0.0,0.0,0.0,0.0,0.0,0.0,0.0,0.0,2.8375,5.0,5.0,5.0,5.0,0,0.0,0.7815922666666666
29,0.0,0.0,0.0,0.0,0.0,0.0,0.0,0.0,0.0,0.0,0.0,0.0,0.0,0.0,0.0,0.0,0.0,0.0,0.0,0.0,0.0,0.0,0.0,0.0,0.0,0.0,0.0,0.0,0.0,0.0,0.0,0.0,0.0,0.0,0.0,0.0,0.0,0.0,0.0,0.0,0.0,0.0,0.0,0.0,0.0,0.0,0.0,0.0,0.0,0.0,0.0,0.0,0.0,0.0,0.0,0.0,0.02476,0.0,0.0,0.0,0.0,0.0,0.0,0.0,0.00177,0.0,0.0,0.05478,0.15342,0.0,0.0,0.0,0.0,0.0,0.0,0.0,0.0,0.0,0.03202,0.20572,0.0,0.0,0.0,0.0,0.0,0.0,0.0,0.0,0.0,0.01704,0.22565,0.0,0.0,0.0,0.0,0.0,0.0,0.0,0.0,0.0,0.00419,0.22801,0.00254,0.0,0.0,0.0,0.0,0.0,0.0,0.0,0.0,0.0,0.0,0.45854,2.8765,5.0,5.0,5.0,5.0,0,0.0,0.7790023377777777
30,0.0,0.0,0.0,0.0,0.0,0.0,0.0,0.0,0.0,0.0,0.0,0.0,0.0,0.0,0.0,0.0,0.0,0.0,0.0,0.0,0.0,0.0,0.0,0.0,0.0,0.0,0.0,0.0,0.0,0.0,0.0,0.0,0.0,0.0,0.0,0.0,0.0,0.0,0.0,0.0,0.0,0.0,0.0,0.0,0.0,0.0,0.0,0.0,0.0,0.0,0.0,0.0,0.0,0.0,0.0,0.0,0.00831,0.0,0.0,0.0,0.0,0.0,0.0,0.0,0.0,0.0,0.0,0.0543,0.14416,0.0,0.0,0.0,0.0,0.0,0.0,0.0,0.0,0.0,0.03219,0.2013,0.0,0.0,0.0,0.0,0.0,0.0,0.0,0.0,0.0,0.01792,0.22423,0.0,0.0,0.0,0.0,0.0,0.0,0.0,0.0,0.0,0.00383,0.22765,0.00236,0.0,0.0,0.0,0.0,0.0,0.0,0.0,0.0,0.0,0.0,0.85379,2.9515,5.0,5.0,5.0,5.0,0,0.0,0.8039820000000001
31,0.0,0.0,0.0,0.0,0.0,0.0,0.0,0.0,0.0,0.0,0.0,0.0,0.0,0.0,0.0,0.0,0.0,0.0,0.0,0.0,0.0,0.0,0.0,0.0,0.0,0.0,0.0,0.0,0.0,0.0,0.0,0.0,0.0,0.0,0.0,0.0,0.0,0.0,0.0,0.0,0.0,0.0,0.0,0.0,0.0,0.0,0.0,0.0,0.0,0.0,0.0,0.0,0.0,0.0,0.0,0.0,0.00354,0.0,0.0,0.0,0.0,0.0,0.0,0.0,0.0,0.0,0.0,0.05142,0.14192,0.0,0.0,0.0,0.0,0.0,0.0,0.0,0.0,0.0,0.02954,0.2036,0.0,0.0,0.0,0.0,0.0,0.0,0.0,0.0,0.0,0.01409,0.22559,0.0,0.0,0.0,0.0,0.0,0.0,0.0,0.0,0.0,0.00124,0.22129,0.00371,0.0,0.0,0.0,0.0,0.0,0.0,0.0,0.0,0.0,0.0,0.85379,3.0495,5.0,5.0,5.0,5.0,0,0.0,0.912274
32,0.0,0.0,0.0,0.0,0.0,0.0,0.0,0.0,0.0,0.0,0.0,0.0,0.0,0.0,0.0,0.0,0.0,0.0,0.0,0.0,0.0,0.0,0.0,0.0,0.0,0.0,0.0,0.0,0.0,0.0,0.0,0.0,0.0,0.0,0.0,0.0,0.0,0.0,0.0,0.0,0.0,0.0,0.0,0.0,0.0,0.0,0.0,0.0,0.0,0.0,0.0,0.0,0.0,0.0,0.0,0.0,0.0161,0.0,0.0,0.0,0.0,0.0,0.0,0.0,0.00018,0.0,0.0,0.05318,0.14864,0.0,0.0,0.0,0.0,0.0,0.0,0.0,0.0,0.0,0.03007,0.20483,0.0,0.0,0.0,0.0,0.0,0.0,0.0,0.0,0.0,0.01592,0.22482,0.0,0.0,0.0,0.0,0.0,0.0,0.0,0.0,0.0,0.00183,0.22559,0.00289,0.0,0.0,0.0,0.0,0.0,0.0,0.0,0.0,0.0,0.0,0.85379,2.9585,5.0,5.0,5.0,5.0,0,0.0,0.9233399999999999
33,0.0,0.0,0.0,0.0,0.0,0.0,0.0,0.0,0.0,0.0,0.0,0.0,0.0,0.0,0.0,0.0,0.0,0.0,0.0,0.0,0.0,0.0,0.0,0.0,0.0,0.0,0.0,0.0,0.0,0.0,0.0,0.0,0.0,0.0,0.0,0.0,0.0,0.0,0.0,0.0,0.0,0.0,0.0,0.0,0.0,0.0,0.0,0.0,0.0,0.0,0.0,0.0,0.0,0.0,0.0,0.0,0.01362,0.0,0.0,0.0,0.0,0.0,0.0,0.0,0.0,0.0,0.0,0.05289,0.14699,0.0,0.0,0.0,0.0,0.0,0.0,0.0,0.0,0.0,0.02989,0.20554,0.0,0.0,0.0,0.0,0.0,0.0,0.0,0.0,0.0,0.01521,0.22465,0.0,0.0,0.0,0.0,0.0,0.0,0.0,0.0,0.0,0.002,0.22241,0.00289,0.0,0.0,0.0,0.0,0.0,0.0,0.0,0.0,0.0,0.0,1.0,3.0185,5.0,5.0,5.0,5.0,0,0.0,0.9296620000000001
34,0.0,0.0,0.0,0.0,0.0,0.0,0.0,0.0,0.0,0.0,0.0,0.0,0.0,0.0,0.0,0.0,0.0,0.0,0.0,0.0,0.0,0.0,0.0,0.0,0.0,0.0,0.0,0.0,0.0,0.0,0.0,0.0,0.0,0.0,0.0,0.0,0.0,0.0,0.0,0.0,0.0,0.0,0.0,0.0,0.0,0.0,0.0,0.0,0.0,0.0,0.0,0.0,0.0,0.0,0.0,0.0,0.01468,0.0,0.0,0.0,0.0,0.0,0.0,0.0,0.01026,0.0,0.0,0.04858,0.15625,0.0,0.0,0.0,0.0,0.0,0.0,0.0,0.0,0.0,0.02618,0.20996,0.0,0.0,0.0,0.0,0.0,0.0,0.0,0.0,0.0,0.01191,0.22706,0.0,0.0,0.0,0.0,0.0,0.0,0.0,0.0,0.0,0.0,0.21291,0.00448,0.0,0.0,0.0,0.0,0.0,0.0,0.0,0.0,0.0,0.0,1.0,2.8955,5.0,5.0,5.0,5.0,0,0.0,0.935984
35,0.0,0.0,0.0,0.0,0.0,0.0,0.0,0.0,0.0,0.0,0.0,0.0,0.0,0.0,0.0,0.0,0.0,0.0,0.0,0.0,0.0,0.0,0.0,0.0,0.0,0.0,0.0,0.0,0.0,0.0,0.0,0.0,0.0,0.0,0.0,0.0,0.0,0.0,0.0,0.0,0.0,0.0,0.0,0.0,0.0,0.0,0.0,0.0,0.0,0.0,0.0,0.0,0.0,0.0,0.0,0.0,0.02406,0.0,0.0,0.0,0.0,0.0,0.0,0.0,0.0,0.0,0.0,0.07718,0.13508,0.0,0.0,0.0,0.0,0.0,0.0,0.0,0.0,0.0,0.05413,0.17883,0.0,0.0,0.0,0.0,0.0,0.0,0.0,0.0,0.0,0.02158,0.21545,0.0,0.0,0.0,0.0,0.0,0.0,0.0,0.0,0.0,0.0,0.20725,0.00183,0.0,0.0,0.0,0.0,0.0,0.0,0.0,0.0,0.0,0.0,0.90912,3.3525,5.0,5.0,5.0,5.0,0,0.0,0.913064
36,0.0,0.0,0.0,0.0,0.0,0.0,0.0,0.0,0.0,0.0,0.0,0.0,0.0,0.0,0.0,0.0,0.0,0.0,0.0,0.0,0.0,0.0,0.0,0.0,0.0,0.0,0.0,0.0,0.0,0.0,0.0,0.0,0.0,0.0,0.0,0.0,0.0,0.0,0.0,0.0,0.0,0.0,0.0,0.0,0.0,0.0,0.0,0.0,0.0,0.0,0.0,0.0,0.0,0.0,0.0,0.0,0.02335,0.0,0.0,0.0,0.0,0.0,0.0,0.0,0.0,0.0,0.0,0.11156,0.10531,0.0,0.0,0.0,0.0,0.0,0.0,0.0,0.0,0.0,0.08013,0.14505,0.0,0.0,0.0,0.0,0.0,0.0,0.0,0.0,0.0,0.04623,0.18886,0.0,0.0,0.0,0.0,0.0,0.0,0.0,0.0,0.0,0.00873,0.21981,0.0,0.0,0.0,0.0,0.0,0.0,0.0,0.0,0.0,0.0,0.0,0.8854,3.5825,5.0,5.0,5.0,5.0,0,0.0,0.8901439999999999
37,0.0,0.0,0.0,0.0,0.0,0.0,0.0,0.0,0.0,0.0,0.0,0.0,0.0,0.0,0.0,0.0,0.0,0.0,0.0,0.0,0.0,0.0,0.0,0.0,0.0,0.0,0.0,0.0,0.0,0.0,0.0,0.0,0.0,0.0,0.0,0.0,0.0,0.0,0.0,0.0,0.0,0.0,0.0,0.0,0.0,0.0,0.0,0.0,0.0,0.0,0.0,0.0,0.0,0.0,0.0,0.0,0.01875,0.0,0.0,0.0,0.0,0.0,0.0,0.0,0.0,0.0,0.0,0.13001,0.08349,0.0,0.0,0.0,0.0,0.0,0.0,0.0,0.0,0.0,0.09676,0.12665,0.0,0.0,0.0,0.0,0.0,0.0,0.0,0.0,0.0,0.05896,0.16728,0.0,0.0,0.0,0.0,0.0,0.0,0.0,0.0,0.0,0.01539,0.20466,0.0,0.0,0.0,0.0,0.0,0.0,0.0,0.0,0.0,0.0,0.0,0.8854,3.5645,5.0,5.0,5.0,5.0,0,0.0,0.8854
38,0.0,0.0,0.0,0.0,0.0,0.0,0.0,0.0,0.0,0.0,0.0,0.0,0.0,0.0,0.0,0.0,0.0,0.0,0.0,0.0,0.0,0.0,0.0,0.0,0.0,0.0,0.0,0.0,0.0,0.0,0.0,0.0,0.0,0.0,0.0,0.0,0.0,0.0,0.0,0.0,0.0,0.0,0.0,0.0,0.0,0.0,0.0,0.0,0.0,0.0,0.0,0.0,0.0,0.0,0.0,0.0,0.04351,0.0,0.0,0.0,0.0,0.0,0.0,0.0,0.0,0.0,0.0,0.14658,0.06692,0.0,0.0,0.0,0.0,0.00318,0.0,0.0,0.0,0.0,0.11215,0.1148,0.0,0.0,0.0,0.0,0.0,0.0,0.0,0.0,0.0,0.07052,0.15837,0.0,0.0,0.0,0.0,0.0,0.0,0.0,0.0,0.0,0.01279,0.19116,0.0,0.0,0.0,0.0,0.0,0.0,0.0,0.0,0.0,0.0,0.0,0.8854,3.5765,5.0,5.0,5.0,5.0,0,0.0,0.8854
39,0.0,0.0,0.0,0.0,0.0,0.0,0.0,0.0,0.0,0.0,0.0,0.0,0.0,0.0,0.0,0.0,0.0,0.0,0.0,0.0,0.0,0.0,0.0,0.0,0.0,0.0,0.0,0.0,0.0,0.0,0.0,0.0,0.0,0.0,0.0,0.0,0.0,0.0,0.0,0.0,0.0,0.0,0.0,0.0,0.0,0.0,0.0,0.0,0.0,0.0,0.0,0.0,0.0,0.0,0.0,0.00483,0.01409,0.0,0.0,0.0,0.0,0.0,0.0,0.0,0.0,0.0,0.0,0.20684,0.00542,0.0,0.0,0.0,0.01928,0.10926,0.09682,0.00177,0.0,0.0,0.17264,0.05289,0.0,0.0,0.0,0.0,0.0,0.0,0.0,0.0,0.0,0.13791,0.09947,0.0,0.0,0.0,0.0,0.0,0.0,0.0,0.0,0.0,0.08272,0.14404,0.0,0.0,0.0,0.0,0.0,0.0,0.0,0.0,0.0,0.0,0.0,0.8854,3.8175,5.0,5.0,5.0,5.0,0,0.0,0.8854
40,0.0,0.0,0.0,0.0,0.0,0.0,0.0,0.0,0.0,0.0,0.0,0.0,0.0,0.0,0.0,0.0,0.0,0.0,0.0,0.0,0.0,0.0,0.0,0.0,0.0,0.0,0.0,0.0,0.0,0.0,0.0,0.0,0.0,0.0,0.0,0.0,0.0,0.0,0.0,0.0,0.0,0.0,0.0,0.0,0.0,0.0,0.0,0.0,0.0,0.0,0.0,0.0,0.0,0.0,0.0,0.01875,0.0,0.0,0.0,0.0,0.0,0.0,0.0,0.0,0.0,0.0,0.00902,0.19298,0.0,0.0,0.0,0.0,0.03202,0.0888,0.09487,0.00719,0.0,0.0,0.22358,0.00513,0.0,0.0,0.0,0.0,0.0,0.0,0.0,0.07199,0.0,0.1888,0.04045,0.0,0.0,0.0,0.0,0.0,0.0,0.0,0.0,0.0,0.13296,0.08231,0.0,0.0,0.0,0.0,0.0,0.0,0.0,0.0,0.0,0.0,0.0,0.8854,3.8905,5.0,5.0,5.0,5.0,0,-0.021352,0.8854
41,0.0,0.0,0.0,0.0,0.0,0.0,0.0,0.0,0.0,0.0,0.0,0.0,0.0,0.0,0.0,0.0,0.0,0.0,0.0,0.0,0.0,0.0,0.0,0.0,0.0,0.0,0.0,0.0,0.0,0.0,0.0,0.0,0.0,0.0,0.0,0.0,0.0,0.0,0.0,0.0,0.0,0.0,0.0,0.0,0.0,0.0,0.0,0.0,0.0,0.0,0.0,0.0,0.0,0.0,0.0,0.05572,0.0,0.0,0.0,0.0,0.0,0.0,0.0,0.0,0.0,0.0,0.08597,0.12453,0.0,0.0,0.0,0.0,0.04758,0.09994,0.00124,0.0,0.0,0.03673,0.1865,0.0,0.0,0.0,0.0,0.0,0.0,0.01669,0.12311,0.10024,0.00666,0.21975,0.0,0.0,0.0,0.0,0.0,0.0,0.0,0.0,0.0,0.0,0.19917,0.00955,0.0,0.0,0.0,0.0,0.0,0.0,0.0,0.0,0.0,0.0,0.0,0.8854,3.8325,5.0,5.0,5.0,5.0,0,-0.17361,0.8854
42,0.0,0.0,0.0,0.0,0.0,0.0,0.0,0.0,0.0,0.0,0.0,0.0,0.0,0.0,0.0,0.0,0.0,0.0,0.0,0.0,0.0,0.0,0.0,0.0,0.0,0.0,0.0,0.0,0.0,0.0,0.0,0.0,0.0,0.0,0.0,0.0,0.0,0.0,0.0,0.0,0.0,0.0,0.0,0.0,0.0,0.0,0.0,0.0,0.0,0.0,0.0,0.0,0.0,0.0,0.0,0.03414,0.0,0.0,0.0,0.0,0.0,0.0,0.0,0.0,0.0,0.0,0.14629,0.06527,0.0,0.0,0.0,0.0,0.08862,0.00637,0.0,0.0,0.0,0.1033,0.12046,0.0,0.0,0.0,0.0,0.0,0.00124,0.12229,0.12264,0.07665,0.06185,0.17695,0.0,0.0,0.0,0.0,0.0,0.0,0.0,0.0,0.0,0.0,0.18325,0.0,0.0,0.0,0.0,0.0,0.0,0.0,0.0,0.0,0.0,0.0,0.0,0.8854,4.0235,5.0,5.0,5.0,5.0,0,-0.17361,0.8854
43,0.0,0.0,0.0,0.0,0.0,0.0,0.0,0.0,0.0,0.0,0.0,0.0,0.0,0.0,0.0,0.0,0.0,0.0,0.0,0.0,0.0,0.0,0.0,0.0,0.0,0.0,0.0,0.0,0.0,0.0,0.0,0.0,0.0,0.0,0.0,0.0,0.0,0.0,0.0,0.0,0.0,0.0,0.0,0.0,0.0,0.0,0.0,0.0,0.0,0.0,0.0,0.0,0.0,0.0,0.02742,0.02689,0.0,0.0,0.0,0.0,0.0,0.0,0.0,0.0,0.0,0.00383,0.2148,0.0,0.0,0.0,0.0,0.0,0.00177,0.0,0.0,0.0,0.0,0.21486,0.01191,0.0,0.0,0.0,0.0,0.0,0.08526,0.13508,0.11733,0.00248,0.19458,0.0467,0.0,0.0,0.0,0.0,0.0,0.0,0.0,0.0,0.01203,0.11162,0.07518,0.0,0.0,0.0,0.0,0.0,0.0,0.0,0.0,0.0,0.0,0.0,-0.10676,0.8854,4.5035,5.0,5.0,5.0,5.0,0,-0.17361,0.8854
44,0.0,0.0,0.0,0.0,0.0,0.0,0.0,0.0,0.0,0.0,0.0,0.0,0.0,0.0,0.0,0.0,0.0,0.0,0.0,0.0,0.0,0.0,0.0,0.0,0.0,0.0,0.0,0.0,0.0,0.0,0.0,0.0,0.0,0.0,0.0,0.0,0.0,0.0,0.0,0.0,0.0,0.0,0.0,0.0,0.0,0.0,0.0,0.0,0.0,0.0,0.0,0.0,0.0,0.0,0.03715,0.0,0.0,0.0,0.0,0.0,0.0,0.0,0.0,0.0,0.0,0.05342,0.15566,0.0,0.0,0.0,0.0,0.0,0.0,0.0,0.0,0.0,0.02524,0.2056,0.0,0.0,0.0,0.0,0.0,0.00029,0.08143,0.09994,0.0,0.0,0.2339,0.00029,0.0,0.0,0.0,0.0,0.0,0.0,0.0,0.04729,0.13284,0.09192,0.0046,0.0,0.0,0.0,0.0,0.0,0.0,0.0,0.0,0.0,0.0,0.0,-0.76129,0.8854,4.9575,5.0,5.0,5.0,5.0,0,-0.17361,0.8854
45,0.0,0.0,0.0,0.0,0.0,0.0,0.0,0.0,0.0,0.0,0.0,0.0,0.0,0.0,0.0,0.0,0.0,0.0,0.0,0.0,0.0,0.0,0.0,0.0,0.0,0.0,0.0,0.0,0.0,0.0,0.0,0.0,0.0,0.0,0.0,0.0,0.0,0.0,0.0,0.0,0.0,0.0,0.0,0.0,0.0,0.0,0.0,0.0,0.0,0.0,0.0,0.0,0.0,0.0,0.00389,0.0168,0.0,0.0,0.0,0.0,0.0,0.0,0.0,0.0,0.0,0.0,0.20395,0.0046,0.0,0.0,0.0,0.0,0.0,0.0,0.0,0.0,0.0,0.18856,0.04245,0.0,0.0,0.0,0.0,0.0,0.13037,0.07199,0.0,0.0,0.15613,0.08373,0.0,0.0,0.0,0.0,0.0,0.0,0.0,0.08726,0.12842,0.0852,0.1079,0.0,0.0,0.0,0.0,0.0,0.0,0.0,0.0,0.0,0.0,0.02795,0.0,0.8854,4.5545,5.0,5.0,5.0,5.0,0,-0.152258,0.8854
46,0.0,0.0,0.0,0.0,0.0,0.0,0.0,0.0,0.0,0.0,0.0,0.0,0.0,0.0,0.0,0.0,0.0,0.0,0.0,0.0,0.0,0.0,0.0,0.0,0.0,0.0,0.0,0.0,0.0,0.0,0.0,0.0,0.0,0.0,0.0,0.0,0.0,0.0,0.0,0.0,0.0,0.0,0.0,0.0,0.0,0.0,0.0,0.0,0.0,0.0,0.0,0.0,0.0,0.0,0.0,0.08013,0.0,0.0,0.0,0.0,0.0,0.0,0.0,0.0,0.0,0.0,0.08721,0.13107,0.0,0.0,0.0,0.0,0.0,0.0,0.0,0.0,0.0,0.06002,0.17647,0.0,0.0,0.0,0.0,0.0,0.07588,0.05802,0.0,0.0,0.03255,0.20625,0.0,0.0,0.0,0.0,0.0,0.0,0.0,0.13131,0.1342,0.0,0.21156,0.0,0.0,0.0,0.0,0.0,0.0,0.0,0.0,0.0,0.03921,0.17535,0.0,0.8854,3.9805,5.0,5.0,5.0,5.0,0,0.0,0.8854
47,0.0,0.0,0.0,0.0,0.0,0.0,0.0,0.0,0.0,0.0,0.0,0.0,0.0,0.0,0.0,0.0,0.0,0.0,0.0,0.0,0.0,0.0,0.0,0.0,0.0,0.0,0.0,0.0,0.0,0.0,0.0,0.0,0.0,0.0,0.0,0.0,0.0,0.0,0.0,0.0,0.0,0.0,0.0,0.0,0.0,0.0,0.0,0.0,0.0,0.0,0.0,0.0,0.0,0.0,0.0,0.03491,0.00949,0.0,0.0,0.0,0.0,0.0,0.0,0.0,0.0,0.0,0.01256,0.20926,0.0,0.0,0.0,0.0,0.0,0.0,0.0,0.0,0.0,0.00029,0.23302,0.00336,0.0,0.0,0.0,0.0,0.05183,0.03962,0.0,0.0,0.0,0.21539,0.02871,0.0,0.0,0.0,0.0,0.0,0.0,0.18485,0.05696,0.0,0.1786,0.05684,0.0,0.0,0.0,0.0,0.0,0.0,0.0,0.0,0.15472,0.10407,0.0,0.8854,4.0715,5.0,5.0,5.0,5.0,0,0.0,0.8854
48,0.0,0.0,0.0,0.0,0.0,0.0,0.0,0.0,0.0,0.0,0.0,0.0,0.0,0.0,0.0,0.0,0.0,0.0,0.0,0.0,0.0,0.0,0.0,0.0,0.0,0.0,0.0,0.0,0.0,0.0,0.0,0.0,0.0,0.0,0.0,0.0,0.0,0.0,0.0,0.0,0.0,0.0,0.0,0.0,0.0,0.0,0.0,0.0,0.0,0.0,0.0,0.0,0.0,0.0,0.0,0.00012,0.01598,0.0,0.0,0.0,0.0,0.0,0.0,0.0,0.0,0.0,0.0,0.20106,0.01881,0.0,0.0,0.0,0.0,0.0,0.0,0.0,0.0,0.0,0.17211,0.06156,0.0,0.0,0.0,0.0,0.02989,0.05943,0.0,0.0,0.0,0.1434,0.09912,0.0,0.0,0.0,0.0,0.0,0.0,0.18774,0.04487,0.0,0.10018,0.13225,0.0,0.0,0.0,0.0,0.0,0.0,0.0,0.0,0.19351,0.04864,0.0,0.8854,3.9065,5.0,5.0,5.0,5.0,0,0.0,0.8854
49,0.0,0.0,0.0,0.0,0.0,0.0,0.0,0.0,0.0,0.0,0.0,0.0,0.0,0.0,0.0,0.0,0.0,0.0,0.0,0.0,0.0,0.0,0.0,0.0,0.0,0.0,0.0,0.0,0.0,0.0,0.0,0.0,0.0,0.0,0.0,0.0,0.0,0.0,0.0,0.0,0.0,0.0,0.0,0.0,0.0,0.0,0.0,0.0,0.0,0.0,0.0,0.0,0.0,0.0,0.0,0.0,0.03715,0.0,0.0,0.0,0.0,0.0,0.0,0.0,0.0,0.0,0.0,0.13343,0.08325,0.0,0.0,0.0,0.0,0.0,0.0,0.0,0.0,0.0,0.09357,0.13514,0.0,0.0,0.0,0.0,0.0,0.075,0.0,0.0,0.0,0.05808,0.17877,0.0,0.0,0.0,0.0,0.0,0.0,0.13367,0.09735,0.0,0.02264,0.21244,0.0,0.0,0.0,0.0,0.0,0.0,0.0,0.0,0.17577,0.05312,0.0,0.8854,3.5805,5.0,5.0,5.0,5.0,0,0.18,0.8854
50,0.0,0.0,0.0,0.0,0.0,0.0,0.0,0.0,0.0,0.0,0.0,0.0,0.0,0.0,0.0,0.0,0.0,0.0,0.0,0.0,0.0,0.0,0.0,0.0,0.0,0.0,0.0,0.0,0.0,0.0,0.0,0.0,0.0,0.0,0.0,0.0,0.0,0.0,0.0,0.0,0.0,0.0,0.0,0.0,0.0,0.0,0.0,0.0,0.0,0.0,0.0,0.0,0.0,0.0,0.0,0.0,0.03679,0.0,0.0,0.0,0.0,0.0,0.0,0.0,0.00088,0.0,0.0,0.05248,0.16403,0.0,0.0,0.0,0.0,0.0,0.0,0.0,0.0,0.0,0.00973,0.21633,0.0,0.0,0.0,0.0,0.0,0.07223,0.00029,0.0,0.0,0.0,0.22535,0.0046,0.0,0.0,0.0,0.0,0.0,0.02813,0.20094,0.0,0.0,0.17665,0.04428,0.0,0.0,0.0,0.0,0.0,0.0,0.0,0.09045,0.12642,0.0,0.8854,3.3465,5.0,5.0,5.0,5.0,0,0.18,0.8854
51,0.0,0.0,0.0,0.0,0.0,0.0,0.0,0.0,0.0,0.0,0.0,0.0,0.0,0.0,0.0,0.0,0.0,0.0,0.0,0.0,0.0,0.0,0.0,0.0,0.0,0.0,0.0,0.0,0.0,0.0,0.0,0.0,0.0,0.0,0.0,0.0,0.0,0.0,0.0,0.0,0.0,0.0,0.0,0.0,0.0,0.0,0.0,0.0,0.0,0.0,0.0,0.0,0.0,0.0,0.0,0.0,0.00094,0.05159,0.0,0.0,0.0,0.0,0.0,0.0,0.0,0.0,0.0,0.0,0.20448,0.01981,0.0,0.0,0.0,0.04971,0.0,0.0,0.0,0.0,0.0,0.14499,0.07913,0.0,0.0,0.0,0.0,0.05401,0.14534,0.0,0.0,0.0,0.08597,0.15,0.0,0.0,0.0,0.0,0.0,0.0,0.12394,0.10053,0.0,0.01333,0.19151,0.0,0.0,0.0,0.0,0.0,0.0,0.0,0.0,0.16804,0.0,0.8854,3.4615,5.0,5.0,5.0,5.0,0,0.18,0.8854
52,0.0,0.0,0.0,0.0,0.0,0.0,0.0,0.0,0.0,0.0,0.0,0.0,0.0,0.0,0.0,0.0,0.0,0.0,0.0,0.0,0.0,0.0,0.0,0.0,0.0,0.0,0.0,0.0,0.0,0.0,0.0,0.0,0.0,0.0,0.0,0.0,0.0,0.0,0.0,0.0,0.0,0.0,0.0,0.0,0.0,0.0,0.0,0.0,0.0,0.0,0.0,0.0,0.0,0.0,0.0,0.0,0.0,0.0329,0.0,0.0,0.0,0.0,0.0,0.0,0.0,0.0,0.0,0.0,0.07789,0.14959,0.0,0.0,0.0,0.0339,0.07594,0.0,0.0,0.0,0.0,0.0112,0.21221,0.0,0.0,0.0,0.0,0.0,0.1855,0.0365,0.0,0.0,0.0,0.21203,0.00607,0.0,0.0,0.0,0.0,0.0,0.0,0.2227,0.0,0.0,0.10171,0.07394,0.0,0.0,0.0,0.0,0.0,0.0,0.0,0.00354,0.9,0.8854,2.2705,4.2295,5.0,5.0,5.0,0,0.18,0.8854
53,0.0,0.0,0.0,0.0,0.0,0.0,0.0,0.0,0.0,0.0,0.0,0.0,0.0,0.0,0.0,0.0,0.0,0.0,0.0,0.0,0.0,0.0,0.0,0.0,0.0,0.0,0.0,0.0,0.0,0.0,0.0,0.0,0.0,0.0,0.0,0.0,0.0,0.0,0.0,0.0,0.0,0.0,0.0,0.0,0.0,0.0,0.0,0.0,0.0,0.0,0.0,0.0,0.0,0.0,0.0,0.0,0.0,0.01963,0.0,0.0,0.0,0.0,0.0,0.0,0.0,0.0,0.0,0.0,0.14835,0.06445,0.0,0.0,0.0,0.1194,0.0,0.0,0.0,0.0,0.0,0.07553,0.14151,0.0,0.0,0.0,0.0,0.02871,0.20071,0.0,0.0,0.0,0.00053,0.21085,0.0,0.0,0.0,0.0,0.0,0.0,0.0612,0.16769,0.0,0.0,0.13886,0.02193,0.0,0.0,0.0,0.0,0.0,0.0,0.0,0.09145,0.0,0.8854,2.7885,4.9285,5.0,5.0,5.0,0,0.18,0.8869819999999999
54,0.0,0.0,0.0,0.0,0.0,0.0,0.0,0.0,0.0,0.0,0.0,0.0,0.0,0.0,0.0,0.0,0.0,0.0,0.0,0.0,0.0,0.0,0.0,0.0,0.0,0.0,0.0,0.0,0.0,0.0,0.0,0.0,0.0,0.0,0.0,0.0,0.0,0.0,0.0,0.0,0.0,0.0,0.0,0.0,0.0,0.0,0.0,0.0,0.0,0.0,0.0,0.0,0.0,0.0,0.0,0.0,0.0214,0.0,0.0,0.0,0.0,0.0,0.0,0.0,0.0,0.0,0.0,0.0375,0.18308,0.0,0.0,0.0,0.0559,0.0895,0.0,0.0,0.0,0.0,0.0,0.21456,0.0,0.0,0.0,0.0,0.0,0.16863,0.05831,0.0,0.0,0.0,0.1523,0.05996,0.0,0.0,0.0,0.0,0.0,0.0,0.20324,0.02936,0.0,0.0342,0.16232,0.0,0.0,0.0,0.0,0.0,0.0,0.0,6e-05,0.20301,0.0,0.8854,2.9505,5.0,5.0,5.0,5.0,0,0.0,0.888564
55,0.0,0.0,0.0,0.0,0.0,0.0,0.0,0.0,0.0,0.0,0.0,0.0,0.0,0.0,0.0,0.0,0.0,0.0,0.0,0.0,0.0,0.0,0.0,0.0,0.0,0.0,0.0,0.0,0.0,0.0,0.0,0.0,0.0,0.0,0.0,0.0,0.0,0.0,0.0,0.0,0.0,0.0,0.0,0.0,0.0,0.0,0.0,0.0,0.0,0.0,0.0,0.0,0.0,0.0,0.0,0.0,0.00743,0.0,0.0,0.0,0.0,0.0,0.0,0.0,0.0,0.0,0.0,0.07736,0.14746,0.0,0.0,0.0,0.09994,0.03697,0.0,0.0,0.0,0.0,0.00796,0.20908,0.0,0.0,0.0,0.0,0.0,0.2207,0.00767,0.0,0.0,0.0,0.20183,0.00778,0.0,0.0,0.0,0.0,0.0,0.00666,0.226,0.00012,0.0,0.08255,0.10938,0.0,0.0,0.0,0.0,0.0,0.0,0.0,0.02465,0.21008,0.0,0.8854,3.4255,5.0,5.0,5.0,5.0,0,0.0,0.890146
56,0.0,0.0,0.0,0.0,0.0,0.0,0.0,0.0,0.0,0.0,0.0,0.0,0.0,0.0,0.0,0.0,0.0,0.0,0.0,0.0,0.0,0.0,0.0,0.0,0.0,0.0,0.0,0.0,0.0,0.0,0.0,0.0,0.0,0.0,0.0,0.0,0.0,0.0,0.0,0.0,0.0,0.0,0.0,0.0,0.0,0.0,0.0,0.0,0.0,0.0,0.0,0.0,0.0,0.0,0.0,0.0,0.01203,0.00442,0.0,0.0,0.0,0.0,0.0,0.0,0.0,0.0,0.0,0.0773,0.15831,0.0,0.0,0.0,0.11321,0.00672,0.0,0.0,0.0,0.0,0.03626,0.18697,0.0,0.0,0.0,0.0,0.00902,0.22093,0.0,0.0,0.0,0.0,0.21191,0.0,0.0,0.0,0.0,0.0,0.0,0.0411,0.1954,0.0,0.0,0.12565,0.07459,0.0,0.0,0.0,0.0,0.0,0.0,0.0,0.06344,0.17005,0.0,0.89331,3.4535,5.0,5.0,5.0,5.0,0,0.0,0.891728
57,0.0,0.0,0.0,0.0,0.0,0.0,0.0,0.0,0.0,0.0,0.0,0.0,0.0,0.0,0.0,0.0,0.0,0.0,0.0,0.0,0.0,0.0,0.0,0.0,0.0,0.0,0.0,0.0,0.0,0.0,0.0,0.0,0.0,0.0,0.0,0.0,0.0,0.0,0.0,0.0,0.0,0.0,0.0,0.0,0.0,0.0,0.0,0.0,0.0,0.0,0.0,0.0,0.0,0.0,0.0,0.0,0.00106,0.0,0.0,0.0,0.0,0.0,0.0,0.0,0.0,0.0,0.0,0.07901,0.15277,0.00012,0.0,0.0,0.10312,0.0,0.0,0.0,0.0,0.0,0.06633,0.15902,0.0,0.0,0.0,0.0,0.03096,0.19528,0.0,0.0,0.0,0.00059,0.22052,0.0,0.0,0.0,0.0,0.0,0.0,0.08514,0.14853,0.0,0.0,0.16427,0.02925,0.0,0.0,0.0,0.0,0.0,0.0,0.0,0.10448,0.13113,0.0,0.89331,3.7295,5.0,5.0,5.0,5.0,0,0.0,0.89331
58,0.0,0.0,0.0,0.0,0.0,0.0,0.0,0.0,0.0,0.0,0.0,0.0,0.0,0.0,0.0,0.0,0.0,0.0,0.0,0.0,0.0,0.0,0.0,0.0,0.0,0.0,0.0,0.0,0.0,0.0,0.0,0.0,0.0,0.0,0.0,0.0,0.0,0.0,0.0,0.0,0.0,0.0,0.0,0.0,0.0,0.0,0.0,0.0,0.0,0.0,0.0,0.0,0.0,0.0,0.0,0.0,0.0,0.0,0.0,0.0,0.0,0.0,0.0,0.0,0.0,0.0,0.0,0.07199,0.15967,0.00324,0.0,0.0,0.00195,0.00035,0.0,0.0,0.0,0.0,0.08774,0.14416,0.0,0.0,0.0,0.0,0.05837,0.13567,0.0,0.0,0.0,0.03349,0.19469,0.0,0.0,0.0,0.0,0.0,0.0,0.13614,0.09646,0.0,0.0,0.21091,0.00012,0.0,0.0,0.0,0.0,0.0,0.0,0.0,0.1635,0.0707,0.0,0.89331,4.0395,5.0,5.0,5.0,5.0,0,0.0,0.89331
59,0.0,0.0,0.0,0.0,0.0,0.0,0.0,0.0,0.0,0.0,0.0,0.0,0.0,0.0,0.0,0.0,0.0,0.0,0.0,0.0,0.0,0.0,0.0,0.0,0.0,0.0,0.0,0.0,0.0,0.0,0.0,0.0,0.0,0.0,0.0,0.0,0.0,0.0,0.0,0.0,0.0,0.0,0.0,0.0,0.0,0.0,0.0,0.0,0.0,0.0,0.0,0.0,0.0,0.0,0.0,0.0,0.0,0.0,0.0,0.0,0.0,0.0,0.0,0.0,0.0,0.0,0.0,0.05737,0.15873,0.00077,0.0,0.0,0.0,0.0,0.0,0.0,0.0,0.0,0.08526,0.15195,0.0,0.0,0.0,0.0,0.01415,0.12488,0.0,0.0,0.0,0.05873,0.17406,0.0,0.0,0.0,0.0,0.0,0.0,0.16539,0.06262,0.0,0.00094,0.22282,0.0,0.0,0.0,0.0,0.0,0.0,0.0,0.0,0.20024,0.03025,0.0,0.89331,3.8855,5.0,5.0,5.0,5.0,0,0.0,0.89331
60,0.0,0.0,0.0,0.0,0.0,0.0,0.0,0.0,0.0,0.0,0.0,0.0,0.0,0.0,0.0,0.0,0.0,0.0,0.0,0.0,0.0,0.0,0.0,0.0,0.0,0.0,0.0,0.0,0.0,0.0,0.0,0.0,0.0,0.0,0.0,0.0,0.0,0.0,0.0,0.0,0.0,0.0,0.0,0.0,0.0,0.0,0.0,0.0,0.0,0.0,0.0,0.0,0.0,0.0,0.0,0.0,0.0,0.0,0.0,0.0,0.0,0.0,0.0,0.0,0.0,0.0,0.0,0.03443,0.16474,0.00301,0.0,0.0,0.0,0.0,0.0,0.0,0.0,0.0,0.07659,0.16999,0.0,0.0,0.0,0.0,0.0,0.0352,0.0,0.0,0.0,0.08502,0.15448,0.0,0.0,0.0,0.0,0.0,0.0,0.21586,0.00808,0.0,0.05413,0.17812,0.0,0.0,0.0,0.0,0.0,0.0,0.0,0.00955,0.21067,0.0,0.0,0.89331,4.814,5.0,5.0,5.0,5.0,0,0.0,0.89331
61,0.0,0.0,0.0,0.0,0.0,0.0,0.0,0.0,0.0,0.0,0.0,0.0,0.0,0.0,0.0,0.0,0.0,0.0,0.0,0.0,0.0,0.0,0.0,0.0,0.0,0.0,0.0,0.0,0.0,0.0,0.0,0.0,0.0,0.0,0.0,0.0,0.0,0.0,0.0,0.0,0.0,0.0,0.0,0.0,0.0,0.0,0.0,0.0,0.0,0.0,0.0,0.0,0.0,0.0,0.0,0.0,0.0,0.0,0.0,0.0,0.0,0.0,0.0,0.0,0.0,0.0,0.0,0.00932,0.15961,0.00884,0.0,0.0,0.0,0.01787,0.00195,0.0,0.0,0.0,0.04688,0.19605,0.00136,0.0,0.0,0.0,0.0,0.0092,0.0,0.0,0.0,0.07311,0.1763,0.0,0.0,0.0,0.0,0.0,0.0,0.05218,0.0,0.0,0.07258,0.17382,0.0,0.0,0.0,0.0,0.0,0.0,0.0,0.05949,0.08927,0.0,0.0,0.89331,4.3175,5.0,5.0,5.0,5.0,0,0.0,0.89331
62,0.0,0.0,0.0,0.0,0.0,0.0,0.0,0.0,0.0,0.0,0.0,0.0,0.0,0.0,0.0,0.0,0.0,0.0,0.0,0.0,0.0,0.0,0.0,0.0,0.0,0.0,0.0,0.0,0.0,0.0,0.0,0.0,0.0,0.0,0.0,0.0,0.0,0.0,0.0,0.0,0.0,0.0,0.0,0.0,0.0,0.0,0.0,0.0,0.0,0.0,0.0,0.0,0.0,0.0,0.0,0.0,0.0,0.0,0.0,0.0,0.0,0.0,0.0,0.0,0.0,0.0,0.0,0.00029,0.11846,0.00047,0.0,0.0,0.0,0.0,0.00531,0.04458,0.0,0.0,0.02689,0.20088,0.01669,0.0,0.0,0.0,0.0,0.01598,0.08573,0.0,0.0,0.05112,0.20094,0.0,0.0,0.0,0.0,0.0,0.0,0.0,0.0,0.0,0.06103,0.18679,0.0,0.0,0.0,0.0,0.0,0.0,0.0,0.00088,0.0,0.0,0.0,0.89331,4.16,5.0,5.0,5.0,5.0,0,0.18,0.89331
63,0.0,0.0,0.0,0.0,0.0,0.0,0.0,0.0,0.0,0.0,0.0,0.0,0.0,0.0,0.0,0.0,0.0,0.0,0.0,0.0,0.0,0.0,0.0,0.0,0.0,0.0,0.0,0.0,0.0,0.0,0.0,0.0,0.0,0.0,0.0,0.0,0.0,0.0,0.0,0.0,0.0,0.0,0.0,0.0,0.0,0.0,0.0,0.0,0.0,0.0,0.0,0.0,0.0,0.0,0.0,0.0,0.0,0.0,0.0,0.0,0.0,0.0,0.0,0.0,0.0,0.0,0.0,0.0,0.06987,0.0,0.0,0.0,0.0,0.0,0.0,0.0,0.0,0.0,0.00991,0.19528,0.04988,0.0,0.0,0.0,0.0,0.0,0.08367,0.0,0.0,0.02311,0.21904,0.00354,0.0,0.0,0.0,0.0,0.0,0.0,0.0,0.0,0.03219,0.21757,0.00088,0.0,0.0,0.0,0.0,0.0,0.0,0.0,0.0,0.0,0.0,0.89331,4.4545,5.0,5.0,5.0,5.0,0,0.36,0.89331
64,0.0,0.0,0.0,0.0,0.0,0.0,0.0,0.0,0.0,0.0,0.0,0.0,0.0,0.0,0.0,0.0,0.0,0.0,0.0,0.0,0.0,0.0,0.0,0.0,0.0,0.0,0.0,0.0,0.0,0.0,0.0,0.0,0.0,0.0,0.0,0.0,0.0,0.0,0.0,0.0,0.0,0.0,0.0,0.0,0.0,0.0,0.0,0.0,0.0,0.0,0.0,0.0,0.0,0.0,0.0,0.0,0.0,0.0,0.0,0.0,0.0,0.0,0.0,0.0,0.0,0.0,0.0,0.0,0.0,0.0,0.0,0.0,0.0,0.0,0.0,0.0,0.0,0.0,0.0,0.14835,0.06639,0.0,0.0,0.0,0.0,0.0,0.0,0.0,0.0,0.00301,0.2089,0.04263,0.0,0.0,0.0,0.0,0.0,0.0,0.0,0.0,0.00513,0.22559,0.01462,0.0,0.0,0.0,0.0,0.0,0.0,0.0,0.0,0.0,0.0,0.89331,4.1355,5.0,5.0,5.0,5.0,0,0.36,0.89331
65,0.0,0.0,0.0,0.0,0.0,0.0,0.0,0.0,0.0,0.0,0.0,0.0,0.0,0.0,0.0,0.0,0.0,0.0,0.0,0.0,0.0,0.0,0.0,0.0,0.0,0.0,0.0,0.0,0.0,0.0,0.0,0.0,0.0,0.0,0.0,0.0,0.0,0.0,0.0,0.0,0.0,0.0,0.0,0.0,0.0,0.0,0.0,0.0,0.0,0.0,0.0,0.0,0.0,0.0,0.0,0.0,0.0,0.0,0.0,0.0,0.0,0.0,0.0,0.0,0.0,0.0,0.0,0.0,0.0,0.0,0.0,0.0,0.0,0.0,0.0,0.0,0.0,0.0,0.0,0.08933,0.13355,0.0,0.00018,0.0,0.0,0.0,0.0,0.0,0.0,0.0,0.14611,0.10666,0.0,0.0,0.0,0.0,0.0,0.0,0.0,0.0,0.0,0.16987,0.07954,0.0,0.0,0.0,0.0,0.0,0.0,0.0,0.0,0.0,0.9,0.89331,3.2015,4.9975,5.0,5.0,5.0,0,0.36,0.89331
66,0.0,0.0,0.0,0.0,0.0,0.0,0.0,0.0,0.0,0.0,0.0,0.0,0.0,0.0,0.0,0.0,0.0,0.0,0.0,0.0,0.0,0.0,0.0,0.0,0.0,0.0,0.0,0.0,0.0,0.0,0.0,0.0,0.0,0.0,0.0,0.0,0.0,0.0,0.0,0.0,0.0,0.0,0.0,0.0,0.0,0.0,0.0,0.0,0.0,0.0,0.0,0.0,0.0,0.0,0.0,0.0,0.0,0.0,0.0,0.0,0.0,0.0,0.0,0.0,0.0,0.0,0.0,0.0,0.0,0.0,0.0,0.0,0.0,0.0,0.0,0.0,0.0,0.0,0.0,0.06568,0.06008,0.0,0.0,0.0,0.0,0.0,0.0,0.0,0.0,0.0,0.15088,0.12046,0.0,0.0,0.0,0.0,0.0,0.0,0.0,0.0,0.00478,0.20259,0.05159,0.0,0.0,0.0,0.0,0.0,0.0,0.0,0.0,0.0,0.9,0.89331,3.1555,4.357,5.0,5.0,5.0,0,0.46956,0.89331
67,0.0,0.0,0.0,0.0,0.0,0.0,0.0,0.0,0.0,0.0,0.0,0.0,0.0,0.0,0.0,0.0,0.0,0.0,0.0,0.0,0.0,0.0,0.0,0.0,0.0,0.0,0.0,0.0,0.0,0.0,0.0,0.0,0.0,0.0,0.0,0.0,0.0,0.0,0.0,0.0,0.0,0.0,0.0,0.0,0.0,0.0,0.0,0.0,0.0,0.0,0.0,0.0,0.0,0.0,0.0,0.0,0.0,0.0,0.0,0.0,0.0,0.0,0.0,0.0,0.0,0.0,0.0,0.0,0.0,0.0,0.0,0.0,0.0,0.0,0.0,0.0,0.0,0.0,0.0,0.03555,0.0,0.0,0.0,0.0,0.0,0.0,0.0,0.0,0.0,0.00053,0.18131,0.0727,0.0,0.0,0.0,0.0,0.0,0.0,0.0,0.0,0.03196,0.2066,0.02111,0.0,0.0,0.0,0.0,0.0,0.0,0.0,0.0,0.0,0.0,0.89331,3.2255,4.1745,5.0,5.0,5.0,0,0.4695600000000001,0.89331
68,0.0,0.0,0.0,0.0,0.0,0.0,0.0,0.0,0.0,0.0,0.0,0.0,0.0,0.0,0.0,0.0,0.0,0.0,0.0,0.0,0.0,0.0,0.0,0.0,0.0,0.0,0.0,0.0,0.0,0.0,0.0,0.0,0.0,0.0,0.0,0.0,0.0,0.0,0.0,0.0,0.0,0.0,0.0,0.0,0.0,0.0,0.0,0.0,0.0,0.0,0.0,0.0,0.0,0.0,0.0,0.0,0.0,0.0,0.0,0.0,0.0,0.0,0.0,0.0,0.0,0.0,0.0,0.0,0.0,0.00991,0.0,0.0,0.0,0.0,0.0,0.0,0.0,0.0,0.0,0.0,0.0,0.0,0.0,0.0,0.0,0.0,0.0,0.00053,0.0,0.02848,0.15743,0.0,0.0,0.0,0.0,0.0,0.0,0.0,0.0,0.0,0.06338,0.18797,0.0,0.0,0.0,0.0,0.0,0.0,0.0,0.0,0.0,0.0,0.0,0.89331,3.679,3.98,4.9575,5.0,5.0,0,0.46956,0.89331
69,0.0,0.0,0.0,0.0,0.0,0.0,0.0,0.0,0.0,0.0,0.0,0.0,0.0,0.0,0.0,0.0,0.0,0.0,0.0,0.0,0.0,0.0,0.0,0.0,0.0,0.0,0.0,0.0,0.0,0.0,0.0,0.0,0.0,0.0,0.0,0.0,0.0,0.0,0.0,0.0,0.0,0.0,0.0,0.0,0.0,0.0,0.0,0.0,0.0,0.0,0.0,0.0,0.0,0.0,0.0,0.0,0.0,0.0,0.0,0.0,0.0,0.0,0.0,0.0,0.0,0.0,0.0,0.0,0.0,0.01627,0.0,0.0,0.0,0.0,0.0,0.0,0.0,0.0,0.0,0.00195,0.0,0.0,0.0,0.0,0.0,0.0,0.0,0.0,0.0,0.00631,0.11327,0.0,0.0,0.0,0.0,0.0,0.0,0.0,0.0,0.0,0.03721,0.20684,0.00713,0.0,0.0,0.0,0.0,0.0,0.0,0.0,0.0,0.0,0.5478,0.89331,3.1385,3.8845,5.0,5.0,5.0,0,0.6495599999999999,0.89331
70,0.0,0.0,0.0,0.0,0.0,0.0,0.0,0.0,0.0,0.0,0.0,0.0,0.0,0.0,0.0,0.0,0.0,0.0,0.0,0.0,0.0,0.0,0.0,0.0,0.0,0.0,0.0,0.0,0.0,0.0,0.0,0.0,0.0,0.0,0.0,0.0,0.0,0.0,0.0,0.0,0.0,0.0,0.0,0.0,0.0,0.0,0.0,0.0,0.0,0.0,0.0,0.0,0.0,0.0,0.0,0.0,0.0,0.0,0.0,0.0,0.0,0.0,0.0,0.0,0.0,0.0,0.0,0.0,0.0,0.12011,0.03343,0.0,0.0,0.0,0.0,0.0,0.0,0.0,0.0,0.0,0.05501,0.01875,0.0,0.0,0.0,0.0,0.0,0.0,0.0,0.0,0.00495,0.0,0.0,0.0,0.0,0.0,0.0,0.0,0.0,0.0,0.0,0.16433,0.07394,0.0,0.0,0.0,0.0,0.0,0.0,0.0,0.0,0.0,0.9,0.89331,3.1415,4.0595,5.0,5.0,5.0,0,0.6495599999999999,0.89331
71,0.0,0.0,0.0,0.0,0.0,0.0,0.0,0.0,0.0,0.0,0.0,0.0,0.0,0.0,0.0,0.0,0.0,0.0,0.0,0.0,0.0,0.0,0.0,0.0,0.0,0.0,0.0,0.0,0.0,0.0,0.0,0.0,0.0,0.0,0.0,0.0,0.0,0.0,0.0,0.0,0.0,0.0,0.0,0.0,0.0,0.0,0.0,0.0,0.0,0.0,0.0,0.0,0.0,0.0,0.0,0.0,0.0,0.0,0.0,0.0,0.0,0.0,0.0,0.0,0.0,0.0,0.0,0.0,0.02848,0.12577,0.0,0.0,0.0,0.0,0.0,0.0,0.0,0.0,0.0,0.04629,0.13909,0.0,0.0,0.0,0.0,0.0,0.0,0.0,0.0,0.0,0.0,0.0,0.0,0.0,0.0,0.0,0.0,0.0,0.0,0.0,0.0,0.08844,0.0,0.0,0.0,0.0,0.0,0.0,0.0,0.0,0.0,0.0,0.9,0.89331,3.2325,4.4545,5.0,4.891,5.0,0,0.54,0.89331
72,0.0,0.0,0.0,0.0,0.0,0.0,0.0,0.0,0.0,0.0,0.0,0.0,0.0,0.0,0.0,0.0,0.0,0.0,0.0,0.0,0.0,0.0,0.0,0.0,0.0,0.0,0.0,0.0,0.0,0.0,0.0,0.0,0.0,0.0,0.0,0.0,0.0,0.0,0.0,0.0,0.0,0.0,0.0,0.0,0.0,0.0,0.0,0.0,0.0,0.0,0.0,0.0,0.0,0.0,0.0,0.0,0.0,0.0,0.0,0.0,0.0,0.0,0.0,0.0,0.0,0.0,0.0,0.0,0.10472,0.05855,0.0,0.0,0.0,0.0,0.0,0.0,0.0,0.0,0.00177,0.16899,0.06344,0.0,0.0,0.0,0.0,0.0,0.0,0.0,0.0,0.0,0.01291,0.00637,0.0,0.0,0.0,0.0,0.0,0.0,0.0,0.0,0.0,0.0,0.0,0.0,0.0,0.0,0.0,0.0,0.0,0.0,0.0,0.0,0.9,0.89331,2.8225,4.5105,4.818,4.766,5.0,0,0.36,0.89331
73,0.0,0.0,0.0,0.0,0.0,0.0,0.0,0.0,0.0,0.0,0.0,0.0,0.0,0.0,0.0,0.0,0.0,0.0,0.0,0.0,0.0,0.0,0.0,0.0,0.0,0.0,0.0,0.0,0.0,0.0,0.0,0.0,0.0,0.0,0.0,0.0,0.0,0.0,0.0,0.0,0.0,0.0,0.0,0.0,0.0,0.0,0.0,0.0,0.0,0.0,0.0,0.0,0.0,0.0,0.0,0.0,0.0,0.0,0.0,0.0,0.0,0.0,0.0,0.0,0.0,0.0,0.0,0.0145,0.16026,0.01645,0.0,0.0,0.0,0.0,0.0,0.0,0.0,0.0,0.07022,0.17871,0.00047,0.0,0.0,0.0,0.0,0.0,0.0,0.0,0.0,0.02264,0.1033,0.0,0.0,0.0,0.0,0.0,0.0,0.0,0.0,0.0,0.0,0.0,0.0,0.0,0.0,0.0,0.0,0.0,0.0,0.0,0.0,0.0,0.0,0.89331,3.3485,5.0,4.772,5.0,5.0,0,0.18,0.89331
74,0.0,0.0,0.0,0.0,0.0,0.0,0.0,0.0,0.0,0.0,0.0,0.0,0.0,0.0,0.0,0.0,0.0,0.0,0.0,0.0,0.0,0.0,0.0,0.0,0.0,0.0,0.0,0.0,0.0,0.0,0.0,0.0,0.0,0.0,0.0,0.0,0.0,0.0,0.0,0.0,0.0,0.0,0.0,0.0,0.0,0.0,0.0,0.0,0.0,0.0,0.0,0.0,0.0,0.0,0.0,0.0,0.00407,0.0,0.0,0.0,0.0,0.0,0.0,0.0,0.0,0.0,0.0,0.08685,0.098,0.0,0.0,0.0,0.00283,0.0,0.0,0.0,0.0,0.0,0.14116,0.10136,0.0,0.0,0.0,0.0,0.0,0.0,0.0,0.0,0.0,0.17111,0.06804,0.0,0.0,0.0,0.0,0.0,0.0,0.0,0.0,0.0,0.02907,0.02647,0.0,0.0,0.0,0.0,0.0,0.0,0.0,0.0,0.0,0.0,0.0,0.89331,3.3495,4.8295,4.702,5.0,5.0,0,0.0,0.89331
75,0.0,0.0,0.0,0.0,0.0,0.0,0.0,0.0,0.0,0.0,0.0,0.0,0.0,0.0,0.0,0.0,0.0,0.0,0.0,0.0,0.0,0.0,0.0,0.0,0.0,0.0,0.0,0.0,0.0,0.0,0.0,0.0,0.0,0.0,0.0,0.0,0.0,0.0,0.0,0.0,0.0,0.0,0.0,0.0,0.0,0.0,0.0,0.0,0.0,0.0,0.0,0.0,0.0,0.0,0.0,0.0,0.00035,0.0,0.0,0.0,0.0,0.0,0.0,0.0,0.0,0.0,0.0,0.14794,0.04947,0.0,0.0,0.0,0.02706,0.0,0.0,0.0,0.0,0.0,0.18007,0.05183,0.0,0.0,0.0,0.0,0.0,0.0,0.0,0.0,0.00896,0.20755,0.03113,0.0,0.0,0.0,0.0,0.0,0.0,0.0,0.0,0.0,0.11108,0.00495,0.0,0.0,0.0,0.0,0.0,0.0,0.0,0.0,0.0,0.0,0.0,0.89331,4.0095,4.773,4.582,5.0,5.0,0,0.0,0.89331
76,0.0,0.0,0.0,0.0,0.0,0.0,0.0,0.0,0.0,0.0,0.0,0.0,0.0,0.0,0.0,0.0,0.0,0.0,0.0,0.0,0.0,0.0,0.0,0.0,0.0,0.0,0.0,0.0,0.0,0.0,0.0,0.0,0.0,0.0,0.0,0.0,0.0,0.0,0.0,0.0,0.0,0.0,0.0,0.0,0.0,0.0,0.0,0.0,0.0,0.0,0.0,0.0,0.0,0.0,0.0,0.0,0.0,0.0,0.0,0.0,0.0,0.0,0.0,0.0,0.0,0.0,0.00248,0.14062,0.0046,0.0,0.0,0.00525,0.14458,0.0,0.0,0.0,0.0,0.00578,0.21303,0.00654,0.0,0.0,0.0,0.0,0.18485,0.0,0.0,0.0,0.01238,0.21922,0.00808,0.0,0.0,0.0,0.0,0.0,0.06633,0.1056,0.0,0.0,0.16574,0.00318,0.0,0.0,0.0,0.0,0.0,0.0,0.0,0.0237,0.0,0.0,0.0,0.89331,3.8915,4.5035,4.461,5.0,5.0,0,0.0,0.89331
77,0.0,0.0,0.0,0.0,0.0,0.0,0.0,0.0,0.0,0.0,0.0,0.0,0.0,0.0,0.0,0.0,0.0,0.0,0.0,0.0,0.0,0.0,0.0,0.0,0.0,0.0,0.0,0.0,0.0,0.0,0.0,0.0,0.0,0.0,0.0,0.0,0.0,0.0,0.0,0.0,0.0,0.0,0.0,0.0,0.0,0.0,0.0,0.0,0.0,0.0,0.0,0.0,0.0,0.0,0.0,0.0,0.0,0.0,0.0,0.0,0.0,0.0,0.0,0.0,0.0,0.0,0.02034,0.16008,0.0,0.0,0.0,0.0,0.03361,0.0,0.0,0.0,0.0,0.03585,0.18986,0.0,0.0,0.0,0.0,0.0,0.16132,0.0,0.0,0.0,0.03426,0.19746,0.0,0.0,0.0,0.0,0.0,0.0,0.09534,0.06739,0.0,0.0,0.18555,0.0,0.0,0.0,0.0,0.0,0.0,0.0,0.0,0.04935,0.0,0.0,0.0,0.89331,3.9685,4.464,5.0,5.0,5.0,0,0.0,0.89331
78,0.0,0.0,0.0,0.0,0.0,0.0,0.0,0.0,0.0,0.0,0.0,0.0,0.0,0.0,0.0,0.0,0.0,0.0,0.0,0.0,0.0,0.0,0.0,0.0,0.0,0.0,0.0,0.0,0.0,0.0,0.0,0.0,0.0,0.0,0.0,0.0,0.0,0.0,0.0,0.0,0.0,0.0,0.0,0.0,0.0,0.0,0.0,0.0,0.0,0.0,0.0,0.0,0.0,0.0,0.0,0.0,0.0,0.0,0.0,0.0,0.0,0.0,0.0,0.0,0.0,0.0,0.0421,0.06775,0.0,0.0,0.0,0.0,0.0,0.0,0.0,0.0,0.0,0.06946,0.1582,0.0,0.0,0.0,0.0,0.0,0.10843,0.0,0.0,0.0,0.08603,0.15472,0.0,0.0,0.0,0.0,0.0,0.0,0.17034,0.01663,0.0,0.0,0.14522,0.0,0.0,0.0,0.0,0.0,0.0,0.0,0.00389,0.09729,0.0,0.0,0.0,0.89331,3.6595,4.333,5.0,5.0,5.0,0,0.0,0.89331
79,0.0,0.0,0.0,0.0,0.0,0.0,0.0,0.0,0.0,0.0,0.0,0.0,0.0,0.0,0.0,0.0,0.0,0.0,0.0,0.0,0.0,0.0,0.0,0.0,0.0,0.0,0.0,0.0,0.0,0.0,0.0,0.0,0.0,0.0,0.0,0.0,0.0,0.0,0.0,0.0,0.0,0.0,0.0,0.0,0.0,0.0,0.0,0.0,0.0,0.0,0.0,0.0,0.0,0.0,0.0,0.0,0.0,0.0,0.0,0.0,0.0,0.0,0.0,0.0,0.0,0.0,0.07199,0.02176,0.0,0.0,0.0,0.0,0.0,0.0,0.0,0.0,0.0,0.1066,0.11574,0.0,0.0,0.0,0.0,0.0,0.00018,0.0,0.0,0.0,0.1286,0.11409,0.0,0.0,0.0,0.0,0.0,0.0,0.14257,0.0,0.0,0.0,0.0957,0.0,0.0,0.0,0.0,0.0,0.0,0.0,0.05996,0.04493,0.0,0.0,0.0,0.89331,3.8365,4.245,4.953,5.0,5.0,0,0.0,0.89331
80,0.0,0.0,0.0,0.0,0.0,0.0,0.0,0.0,0.0,0.0,0.0,0.0,0.0,0.0,0.0,0.0,0.0,0.0,0.0,0.0,0.0,0.0,0.0,0.0,0.0,0.0,0.0,0.0,0.0,0.0,0.0,0.0,0.0,0.0,0.0,0.0,0.0,0.0,0.0,0.0,0.0,0.0,0.0,0.0,0.0,0.0,0.0,0.0,0.0,0.0,0.0,0.0,0.0,0.0,0.0,0.0,0.0,0.0,0.0,0.0,0.0,0.0,0.0,0.0,0.0,0.0,0.03715,0.00301,0.0,0.0,0.0,0.0,0.0,0.0,0.0,0.0,0.0,0.1385,0.05996,0.0,0.0,0.0,0.0,0.0,0.0,0.0,0.0,0.0,0.17919,0.05501,0.0,0.0,0.0,0.0,0.0,0.0,0.0,0.0,0.0,0.0,0.03379,0.0,0.0,0.0,0.0,0.0,0.0,0.0,0.04086,0.0,0.0,0.0,0.0,0.89331,4.322,4.125,4.835,5.0,5.0,0,0.0,0.89331
81,0.0,0.0,0.0,0.0,0.0,0.0,0.0,0.0,0.0,0.0,0.0,0.0,0.0,0.0,0.0,0.0,0.0,0.0,0.0,0.0,0.0,0.0,0.0,0.0,0.0,0.0,0.0,0.0,0.0,0.0,0.0,0.0,0.0,0.0,0.0,0.0,0.0,0.0,0.0,0.0,0.0,0.0,0.0,0.0,0.0,0.0,0.0,0.0,0.0,0.0,0.0,0.0,0.0,0.0,0.0,0.0,0.0,0.0,0.0,0.0,0.0,0.0,0.0,0.0,0.0,0.0,0.01946,0.00301,0.0,0.0,0.0,0.0,0.0046,0.0,0.0,0.0,0.0,0.13638,0.09446,0.0,0.0,0.0,0.0,0.0,0.00743,0.0,0.0,0.0,0.1885,0.04764,0.0,0.0,0.0,0.0,0.0,0.0,0.0,0.0,0.0,0.0,0.00035,0.0,0.0,0.0,0.0,0.0,0.0,0.0,0.01167,0.0,0.0,0.0,0.0,0.89331,4.215,4.055,4.776,5.0,5.0,0,0.0,0.89331
82,0.0,0.0,0.0,0.0,0.0,0.0,0.0,0.0,0.0,0.0,0.0,0.0,0.0,0.0,0.0,0.0,0.0,0.0,0.0,0.0,0.0,0.0,0.0,0.0,0.0,0.0,0.0,0.0,0.0,0.0,0.0,0.0,0.0,0.0,0.0,0.0,0.0,0.0,0.0,0.0,0.0,0.0,0.0,0.0,0.0,0.0,0.0,0.0,0.0,0.0,0.0,0.0,0.0,0.0,0.0,0.0,0.0,0.0,0.0,0.0,0.0,0.0,0.0,0.0,0.0,0.0,0.01097,0.05501,0.0,0.0,0.0,0.0,0.0023,0.0,0.0,0.00071,0.0,0.1059,0.06745,0.0,0.0,0.0,0.0,0.0,0.13479,0.0,0.0,0.0,0.17848,0.07199,0.0,0.0,0.0,0.0,0.0,0.0,0.0,0.0,0.0,0.0,0.00425,0.0,0.0,0.0,0.0,0.0,0.0,0.0,0.0,0.0,0.0,0.0,0.0,0.89331,4.111,3.979,4.662,5.0,5.0,0,0.102446,0.89331
83,0.0,0.0,0.0,0.0,0.0,0.0,0.0,0.0,0.0,0.0,0.0,0.0,0.0,0.0,0.0,0.0,0.0,0.0,0.0,0.0,0.0,0.0,0.0,0.0,0.0,0.0,0.0,0.0,0.0,0.0,0.0,0.0,0.0,0.0,0.0,0.0,0.0,0.0,0.0,0.0,0.0,0.0,0.0,0.0,0.0,0.0,0.0,0.0,0.0,0.0,0.0,0.0,0.0,0.0,0.0,0.0,0.0,0.0,0.0,0.0,0.0,0.0,0.0,0.0,0.0,0.0,0.0,0.04192,0.0,0.0,0.0,0.0,0.0,0.0,0.0,0.0,0.0,0.07129,0.14062,0.03432,0.0,0.0,0.0,0.0,0.05979,0.04139,0.0,0.0,0.15708,0.09074,0.0,0.0,0.0,0.0,0.0,0.0,0.02759,0.0,0.0,0.0,0.01698,0.0,0.0,0.0,0.0,0.0,0.0,0.0,0.0,0.0,0.0,0.0,0.0,0.89331,3.925,3.9085,4.5455,5.0,5.0,0,0.28244600000000003,0.89331
84,0.0,0.0,0.0,0.0,0.0,0.0,0.0,0.0,0.0,0.0,0.0,0.0,0.0,0.0,0.0,0.0,0.0,0.0,0.0,0.0,0.0,0.0,0.0,0.0,0.0,0.0,0.0,0.0,0.0,0.0,0.0,0.0,0.0,0.0,0.0,0.0,0.0,0.0,0.0,0.0,0.0,0.0,0.0,0.0,0.0,0.0,0.0,0.0,0.0,0.0,0.0,0.0,0.0,0.0,0.0,0.0,0.0,0.0,0.0,0.0,0.0,0.0,0.0,0.0,0.0,0.0,0.0,0.02046,6e-05,0.0,0.0,0.0,0.0,0.0,0.0,0.0,0.0,0.02417,0.15483,0.08137,0.0,0.0,0.0,0.0,0.0,0.00212,0.0,0.00053,0.12276,0.15212,0.0,0.0,0.0,0.0,0.0,0.0,0.0,0.00761,0.0,0.0,0.04776,0.0,0.0,0.0,0.0,0.0,0.0,0.0,0.0,0.0,0.0,0.0,0.0,0.89331,3.758,5.0,4.4595,5.0,5.0,0,0.462446,0.89331
85,0.0,0.0,0.0,0.0,0.0,0.0,0.0,0.0,0.0,0.0,0.0,0.0,0.0,0.0,0.0,0.0,0.0,0.0,0.0,0.0,0.0,0.0,0.0,0.0,0.0,0.0,0.0,0.0,0.0,0.0,0.0,0.0,0.0,0.0,0.0,0.0,0.0,0.0,0.0,0.0,0.0,0.0,0.0,0.0,0.0,0.0,0.0,0.0,0.0,0.0,0.0,0.0,0.0,0.0,0.0,0.0,0.0,0.0,0.0,0.0,0.0,0.0,0.0,0.0,0.0,0.0,0.0,0.0,0.00071,0.00831,0.0,0.0,0.0,0.0,0.0,0.0,0.0,0.0,0.05926,0.0612,0.0,0.0,0.0,0.0,0.0,0.0,0.0,0.0,0.0046,0.17382,0.09929,0.0,0.0,0.0,0.0,0.0,0.0,0.0,0.0,0.0,0.17936,0.00902,0.0,0.0,0.0,0.0,0.0,0.0,0.0,0.0,0.0,0.0,0.51223,0.89331,3.702,4.3215,4.353,5.0,5.0,0,0.642446,0.89331
86,0.0,0.0,0.0,0.0,0.0,0.0,0.0,0.0,0.0,0.0,0.0,0.0,0.0,0.0,0.0,0.0,0.0,0.0,0.0,0.0,0.0,0.0,0.0,0.0,0.0,0.0,0.0,0.0,0.0,0.0,0.0,0.0,0.0,0.0,0.0,0.0,0.0,0.0,0.0,0.0,0.0,0.0,0.0,0.0,0.0,0.0,0.0,0.0,0.0,0.0,0.0,0.0,0.0,0.0,0.0,0.0,0.0,0.0,0.0,0.0,0.0,0.0,0.0,0.0,0.0,0.0,0.0,0.0,0.0,0.0,0.0,0.0,0.0,0.0,0.0,0.0,0.0,0.0,0.02105,0.12866,0.01215,0.0,0.0,0.0,0.0,0.0,0.0,0.0,0.0,0.13526,0.12353,0.0,0.0,0.0,0.0,0.0,0.0,0.0,0.0,0.0,0.18343,0.04741,0.0,0.0,0.0,0.0,0.0,0.0,0.0,0.0,0.0,0.0,0.9,0.89331,3.639,4.2495,5.0,5.0,5.0,0,0.727818,0.89331
87,0.0,0.0,0.0,0.0,0.0,0.0,0.0,0.0,0.0,0.0,0.0,0.0,0.0,0.0,0.0,0.0,0.0,0.0,0.0,0.0,0.0,0.0,0.0,0.0,0.0,0.0,0.0,0.0,0.0,0.0,0.0,0.0,0.0,0.0,0.0,0.0,0.0,0.0,0.0,0.0,0.0,0.0,0.0,0.0,0.0,0.0,0.0,0.0,0.0,0.0,0.0,0.0,0.0,0.0,0.0,0.0,0.0,0.0,0.0,0.0,0.0,0.0,0.0,0.0,0.0,0.0,0.0,0.0,0.05295,0.01356,0.0,0.0,0.0,0.0,0.0,0.0,0.0,0.0,0.00955,0.16562,0.09988,0.0,0.0,0.0,0.0,0.0,0.0,0.0,0.0,0.11621,0.16274,0.00354,0.0,0.0,0.0,0.0,0.0,0.0,0.0,0.0,0.17341,0.06291,0.0,0.0,0.0,0.0,0.0,0.0,0.0,0.0,0.0,0.0,0.9,0.89331,3.6455,4.2185,5.0,5.0,5.0,0,0.6253719999999999,0.89331
88,0.0,0.0,0.0,0.0,0.0,0.0,0.0,0.0,0.0,0.0,0.0,0.0,0.0,0.0,0.0,0.0,0.0,0.0,0.0,0.0,0.0,0.0,0.0,0.0,0.0,0.0,0.0,0.0,0.0,0.0,0.0,0.0,0.0,0.0,0.0,0.0,0.0,0.0,0.0,0.0,0.0,0.0,0.0,0.0,0.0,0.0,0.0,0.0,0.0,0.0,0.0,0.0,0.0,0.0,0.0,0.0,0.0,0.0,0.0,0.0,0.0,0.0,0.0,0.0,0.0,0.0,0.0,0.01904,0.0395,0.0,0.0,0.0,0.0,0.0,0.0,0.0,0.0,0.0,0.04829,0.16132,0.0,0.0,0.0,0.0,0.0,0.0,0.0,0.0,0.0,0.11863,0.14829,0.0,0.0,0.0,0.0,0.0,0.0,0.0,0.0,0.0,0.17482,0.07653,0.0,0.0,0.0,0.0,0.0,0.0,0.0,0.0,0.0,0.0,0.9,0.89331,4.1145,5.0,4.7945,5.0,5.0,0,0.265372,0.89331
89,0.0,0.0,0.0,0.0,0.0,0.0,0.0,0.0,0.0,0.0,0.0,0.0,0.0,0.0,0.0,0.0,0.0,0.0,0.0,0.0,0.0,0.0,0.0,0.0,0.0,0.0,0.0,0.0,0.0,0.0,0.0,0.0,0.0,0.0,0.0,0.0,0.0,0.0,0.0,0.0,0.0,0.0,0.0,0.0,0.0,0.0,0.0,0.0,0.0,0.0,0.0,0.0,0.0,0.0,0.0,0.0,0.0,0.0,0.0,0.0,0.0,0.0,0.0,0.0,0.0,0.0,0.0,0.0,0.0,0.0,0.0,0.0,0.0,0.0,0.0,0.0,0.0,0.0,0.1286,0.0,0.0,0.0,0.0,0.0,0.0,0.0,0.0,0.0,0.0,0.18626,0.05165,0.0,0.0,0.0,0.0,0.0,0.0,0.0,0.0,0.0,0.20419,0.0309,0.0,0.0,0.0,0.0,0.0,0.0,0.0,0.0,0.0,0.0,0.42686,0.89331,4.0765,5.0,4.6925,5.0,5.0,0,-0.094628,0.89331
90,0.0,0.0,0.0,0.0,0.0,0.0,0.0,0.0,0.0,0.0,0.0,0.0,0.0,0.0,0.0,0.0,0.0,0.0,0.0,0.0,0.0,0.0,0.0,0.0,0.0,0.0,0.0,0.0,0.0,0.0,0.0,0.0,0.0,0.0,0.0,0.0,0.0,0.0,0.0,0.0,0.0,0.0,0.0,0.0,0.0,0.0,0.0,0.0,0.0,0.0,0.0,0.0,0.0,0.0,0.0,0.0,0.0,0.0,0.0,0.0,0.0,0.0,0.0,0.0,0.0,0.0,0.0,0.0,0.0,0.0,0.0,0.0,0.0,0.0,0.0,0.0,0.0,0.0,0.0,0.0,0.0,0.0,0.0,0.0,0.0,0.0,0.0,0.0,0.13308,0.03178,0.0,0.0,0.0,0.0,0.0,0.0,0.0,0.0,0.0,0.0,0.08508,0.0,0.0,0.0,0.0,0.0,0.0,0.0,0.0,0.0,0.0,0.0,0.0,0.89331,4.0465,5.0,5.0,5.0,5.0,0,-0.45462800000000003,0.89331
91,0.0,0.0,0.0,0.0,0.0,0.0,0.0,0.0,0.0,0.0,0.0,0.0,0.0,0.0,0.0,0.0,0.0,0.0,0.0,0.0,0.0,0.0,0.0,0.0,0.0,0.0,0.0,0.0,0.0,0.0,0.0,0.0,0.0,0.0,0.0,0.0,0.0,0.0,0.0,0.0,0.0,0.0,0.0,0.0,0.0,0.0,0.0,0.0,0.0,0.0,0.0,0.0,0.0,0.0,0.0,0.0,0.0,0.0,0.0,0.0,0.0,0.0,0.0,0.0,0.0,0.0,0.0,0.0,0.0,0.0,0.0,0.0,0.0,0.0,0.0,0.0,0.0,0.0,0.0,0.0,0.0,0.0,0.0,0.0,0.0,0.0,0.0,0.0,0.0,0.0,0.0,0.0,0.0,0.0,0.0,0.0,0.0,0.0,0.0,0.0,0.0,0.0,0.0,0.0,0.0,0.0,0.0,0.0,0.0,0.0,0.0,0.0,-0.9,0.89331,3.9705,5.0,4.5295,5.0,5.0,0,-0.72,0.89331
92,0.0,0.0,0.0,0.0,0.0,0.0,0.0,0.0,0.0,0.0,0.0,0.0,0.0,0.0,0.0,0.0,0.0,0.0,0.0,0.0,0.0,0.0,0.0,0.0,0.0,0.0,0.0,0.0,0.0,0.0,0.0,0.0,0.0,0.0,0.0,0.0,0.0,0.0,0.0,0.0,0.0,0.0,0.0,0.0,0.0,0.0,0.0,0.0,0.0,0.0,0.0,0.0,0.0,0.0,0.0,0.0,0.0,0.0,0.0,0.0,0.0,0.0,0.0,0.0,0.0,0.0,0.0,0.0,0.0,0.0,0.0,0.0,0.0,0.0,0.0,0.0,0.0,0.0,0.0,0.0,0.0,0.0,0.0,0.0,0.0,0.0,0.0,0.0,0.0,0.0,0.0,0.0,0.0,0.0,0.0,0.0,0.0,0.0,0.0,0.0,0.0,0.0,0.0,0.0,0.0,0.0,0.0,0.0,0.0,0.0,0.0,0.0,-0.9,0.89331,3.9545,5.0,4.4755,5.0,5.0,0,-0.72,0.89331
93,0.0,0.0,0.0,0.0,0.0,0.0,0.0,0.0,0.0,0.0,0.0,0.0,0.0,0.0,0.0,0.0,0.0,0.0,0.0,0.0,0.0,0.0,0.0,0.0,0.0,0.0,0.0,0.0,0.0,0.0,0.0,0.0,0.0,0.0,0.0,0.0,0.0,0.0,0.0,0.0,0.0,0.0,0.0,0.0,0.0,0.0,0.0,0.0,0.0,0.0,0.0,0.0,0.0,0.0,0.0,0.0,0.0,0.0,0.0,0.0,0.0,0.0,0.0,0.0,0.0,0.0,0.0,0.0,0.0,0.0,0.0,0.0,0.0,0.0,0.0,0.0,0.0,0.0,0.0,0.0,0.0,0.0,0.0,0.0,0.0,0.0,0.0,0.0,0.0,0.0,0.0,0.0,0.0,0.0,0.0,0.0,0.0,0.0,0.0,0.0,0.0,0.0,0.0,0.0,0.0,0.0,0.0,0.0,0.0,0.0,0.0,0.0,-0.9,0.89331,3.8305,5.0,4.4265,4.0765,5.0,0,-0.54,0.89331
94,0.0,0.0,0.0,0.0,0.0,0.0,0.0,0.0,0.0,0.0,0.0,0.0,0.0,0.0,0.0,0.0,0.0,0.0,0.0,0.0,0.0,0.0,0.0,0.0,0.0,0.0,0.0,0.0,0.0,0.0,0.0,0.0,0.0,0.0,0.0,0.0,0.0,0.0,0.0,0.0,0.0,0.0,0.0,0.0,0.0,0.0,0.0,0.0,0.0,0.0,0.0,0.0,0.0,0.0,0.0,0.0,0.0,0.0,0.0,0.0,0.0,0.0,0.0,0.0,0.0,0.0,0.0,0.0,0.0,0.0,0.0,0.0,0.0,0.0,0.0,0.0,0.0,0.0,0.0,0.0,0.0,0.0,0.0,0.0,0.0,0.0,0.0,0.0,0.0,0.0,0.0,0.0,0.0,0.0,0.0,0.0,0.0,0.0,0.0,0.0,0.0375,0.0,0.0,0.0,0.0,0.0,0.0,0.0,0.0,0.0,0.0,0.0,-0.9,0.89331,3.7055,4.0535,5.0,4.5915,4.0015,0,-0.36,0.89331
95,0.0,0.0,0.0,0.0,0.0,0.0,0.0,0.0,0.0,0.0,0.0,0.0,0.0,0.0,0.0,0.0,0.0,0.0,0.0,0.0,0.0,0.0,0.0,0.0,0.0,0.0,0.0,0.0,0.0,0.0,0.0,0.0,0.0,0.0,0.0,0.0,0.0,0.0,0.0,0.0,0.0,0.0,0.0,0.0,0.0,0.0,0.0,0.0,0.0,0.0,0.0,0.0,0.0,0.0,0.0,0.0,0.0,0.0,0.0,0.0,0.0,0.0,0.0,0.0,0.0,0.0,0.0,0.0,0.0,0.0,0.0,0.0,0.0,0.0,0.0,0.0,0.0,0.0,0.0,0.0,0.0,0.0,0.0,0.0,0.0,0.0,0.0,0.0,0.0,0.0,0.0,0.0,0.0,0.0,0.0,0.0,0.0,0.0,0.0,0.0,0.0,0.0,0.0,0.0,0.0,0.0,0.0,0.0,0.0,0.0,0.0,0.0,0.0,0.89331,3.4185,3.663,5.0,4.2235,5.0,0,-0.36,0.891728
96,0.0,0.0,0.0,0.0,0.0,0.0,0.0,0.0,0.0,0.0,0.0,0.0,0.0,0.0,0.0,0.0,0.0,0.0,0.0,0.0,0.0,0.0,0.0,0.0,0.0,0.0,0.0,0.0,0.0,0.0,0.0,0.0,0.0,0.0,0.0,0.0,0.0,0.0,0.0,0.0,0.0,0.0,0.0,0.0,0.0,0.0,0.0,0.0,0.0,0.0,0.0,0.0,0.0,0.0,0.0,0.0,0.0,0.0,0.0,0.0,0.0,0.0,0.0,0.0,0.0,0.0,0.0,0.0,0.0,0.0,0.0,0.01893,0.00743,0.0,0.0,0.0,0.0,0.0,0.0,0.0,0.0,0.0,0.0,0.0,0.0,0.0,0.0,0.0,0.0,0.0,0.0,0.0,0.0,0.0,0.0,0.0,0.0,0.0,0.0,0.0,0.0,0.0,0.0,0.0,0.0,0.0,0.0,0.0,0.0,0.0,0.0,0.0,0.0,0.89331,3.3865,3.626,5.0,5.0,5.0,0,-0.36,0.883824
97,0.0,0.0,0.0,0.0,0.0,0.0,0.0,0.0,0.0,0.0,0.0,0.0,0.0,0.0,0.0,0.0,0.0,0.0,0.0,0.0,0.0,0.0,0.0,0.0,0.0,0.0,0.0,0.0,0.0,0.0,0.0,0.0,0.0,0.0,0.0,0.0,0.0,0.0,0.0,0.0,0.0,0.0,0.0,0.0,0.0,0.0,0.0,0.0,0.0,0.0,0.0,0.0,0.0,0.0,0.0,0.0,0.0,0.0,0.0,0.0,0.0,0.0,0.0,0.0,0.0,0.0,0.0,0.0,0.0,0.0,0.03013,0.09281,0.0,0.0,0.0,0.0,0.0,0.0,0.0,0.0,0.0,0.0,0.0,0.0207,0.03538,0.0,0.0,0.0,0.0,0.0,0.0,0.0,0.0,0.0,0.0,0.0,0.0,0.0,0.0,0.0,0.0,0.0,0.0,0.0,0.0,0.0,0.0,0.0,0.0,0.0,0.0,0.0,0.0,0.89331,3.3795,3.5175,5.0,5.0,5.0,0,-0.36,0.8890850933333333
98,0.0,0.0,0.0,0.0,0.0,0.0,0.0,0.0,0.0,0.0,0.0,0.0,0.0,0.0,0.0,0.0,0.0,0.0,0.0,0.0,0.0,0.0,0.0,0.0,0.0,0.0,0.0,0.0,0.0,0.0,0.0,0.0,0.0,0.0,0.0,0.0,0.0,0.0,0.0,0.0,0.0,0.0,0.0,0.0,0.0,0.0,0.0,0.0,0.0,0.0,0.0,0.0,0.0,0.0,0.0,0.0,0.0,0.00389,0.00124,0.0,0.0,0.0,0.0,0.0,0.0,0.0,0.0,0.0,0.0,0.00513,0.15767,0.05991,0.0,0.0,0.0,0.0,0.0,0.0,0.0,0.0,0.0,0.0,0.0,0.11604,0.14505,0.00018,0.0,0.0,0.0,0.0,0.0,0.0,0.0,0.0,0.0,0.0,0.01698,0.14127,0.06038,0.0,0.00195,0.0,0.0,0.0,0.0,0.0,0.0,0.0,0.0,0.0,0.0,0.0,-0.9,0.8854,3.6555,3.4315,5.0,5.0,5.0,0,-0.36,0.89419872
99,0.0,0.0,0.0,0.0,0.0,0.0,0.0,0.0,0.0,0.0,0.0,0.0,0.0,0.0,0.0,0.0,0.0,0.0,0.0,0.0,0.0,0.0,0.0,0.0,0.0,0.0,0.0,0.0,0.0,0.0,0.0,0.0,0.0,0.0,0.0,0.0,0.0,0.0,0.0,0.0,0.0,0.0,0.0,0.0,0.0,0.0,0.0,0.0,0.0,0.0,0.0,0.0,0.0,0.0,0.0,0.0,0.0,0.01185,0.00548,0.0,0.0,0.0,0.0,0.0,0.0,0.0,0.0,0.0,0.0,0.00177,0.17736,0.04941,0.0,0.0,0.0,0.0,0.0,0.0,0.0,0.0,0.0,0.0,0.0,0.15165,0.09263,0.0,0.0,0.0,0.0,0.0,0.0,0.0,0.0,0.0,0.0,0.0,0.10206,0.16533,0.00024,0.0,0.0,0.0,0.0,0.0,0.0,0.0,0.0,0.0,0.0,0.02099,0.16238,0.06551,-0.9,0.85379,3.22,3.3905,3.627,5.0,5.0,0,-0.36,0.8831327200000001
100,0.0,0.0,0.0,0.0,0.0,0.0,0.0,0.0,0.0,0.0,0.0,0.0,0.0,0.0,0.0,0.0,0.0,0.0,0.0,0.0,0.0,0.0,0.0,0.0,0.0,0.0,0.0,0.0,0.0,0.0,0.0,0.0,0.0,0.0,0.0,0.0,0.0,0.0,0.0,0.0,0.0,0.0,0.0,0.0,0.0,0.0,0.0,0.0,0.0,0.0,0.0,0.0,0.0,0.0,0.0,0.0,0.0,0.0,0.0,0.0,0.0,0.0,0.0,0.0,0.0,0.0,0.0,0.0,0.0,0.0,0.00383,0.20047,0.01097,0.0,0.0,0.0,0.0,0.0,0.0,0.0,0.0,0.0,0.0,0.00342,0.21114,0.02158,0.0,0.0,0.0,0.0,0.0,0.0,0.0,0.0,0.0,0.0,0.00018,0.19517,0.03709,0.0,0.0,0.0,0.0,0.0,0.0,0.0,0.0,0.0,0.0,0.0,0.16704,0.06804,0.0,0.84588,3.132,4.8115,3.2675,5.0,5.0,0,-0.18,0.87364872
101,0.0,0.0,0.0,0.0,0.0,0.0,0.0,0.0,0.0,0.0,0.0,0.0,0.0,0.0,0.0,0.0,0.0,0.0,0.0,0.0,0.0,0.0,0.0,0.0,0.0,0.0,0.0,0.0,0.0,0.0,0.0,0.0,0.0,0.0,0.0,0.0,0.0,0.0,0.0,0.0,0.0,0.0,0.0,0.0,0.0,0.0,0.0,0.0,0.0,0.0,0.0,0.0,0.0,0.0,0.0,0.0,0.0,0.0,0.0,0.0,0.0,0.0,0.0,0.0,0.0,0.0,0.0,0.0,0.0,0.0,0.0,0.03585,0.13626,0.0,0.0,0.0,0.0,0.0,0.0,0.0,0.0,0.0,0.0,0.0,0.08402,0.14841,0.0,0.0,0.0,0.0,0.0,0.0,0.0,0.0,0.0,0.0,0.0,0.09086,0.14422,0.0,0.0,0.00985,0.00448,0.0,0.0,0.0,0.0,0.0,0.0,0.0,0.08921,0.14304,0.0,0.83798,3.092,4.7145,3.206,5.0,5.0,0,0.0,0.87048672
102,0.0,0.0,0.0,0.0,0.0,0.0,0.0,0.0,0.0,0.0,0.0,0.0,0.0,0.0,0.0,0.0,0.0,0.0,0.0,0.0,0.0,0.0,0.0,0.0,0.0,0.0,0.0,0.0,0.0,0.0,0.0,0.0,0.0,0.0,0.0,0.0,0.0,0.0,0.0,0.0,0.0,0.0,0.0,0.0,0.0,0.0,0.0,0.0,0.0,0.0,0.0,0.0,0.0,0.0,0.0,0.0,0.0,0.0,0.0,0.00265,0.0,0.0,0.0,0.0,0.0,0.0,0.0,0.0,0.0,0.0,0.0,0.08726,0.14428,0.0,0.0,0.0,0.0,0.0,0.0,0.0,0.0,0.0,0.0,0.0,0.02671,0.2059,0.0,0.0,0.0,0.0,0.03343,0.0,0.0,0.0,0.0,0.0,0.0,0.04375,0.19646,0.0,0.0,0.00702,0.00483,0.0,0.0,0.0,0.0,0.0,0.0,0.0,0.05018,0.18579,0.0,0.83798,3.0,4.2615,3.1165,3.362,5.0,0,0.0,0.8541596266666666
103,0.0,0.0,0.0,0.0,0.0,0.0,0.0,0.0,0.0,0.0,0.0,0.0,0.0,0.0,0.0,0.0,0.0,0.0,0.0,0.0,0.0,0.0,0.0,0.0,0.0,0.0,0.0,0.0,0.0,0.0,0.0,0.0,0.0,0.0,0.0,0.0,0.0,0.0,0.0,0.0,0.0,0.0,0.0,0.0,0.0,0.0,0.0,0.0,0.0,0.0,0.0,0.0,0.0,0.0,0.0,0.0,0.0,0.0,0.0,0.0,0.0,0.0,0.0,0.0,0.0,0.0,0.0,0.0,0.0,0.0,0.0,0.07134,0.11881,0.0,0.0,0.0,0.0,0.0,0.0,0.0,0.0,0.0,0.0,0.0,0.04369,0.18732,0.02105,0.0,0.0,0.0,0.00778,0.0,0.0,0.0,0.0,0.0,0.0,0.00041,0.23072,0.00501,0.0,0.0046,0.04599,0.0,0.0,0.0,0.0,0.0,0.0,0.0,0.01061,0.16203,0.0,0.83798,2.943,4.2195,3.0555,5.0,5.0,0,0.0,0.83798
104,0.0,0.0,0.0,0.0,0.0,0.0,0.0,0.0,0.0,0.0,0.0,0.0,0.0,0.0,0.0,0.0,0.0,0.0,0.0,0.0,0.0,0.0,0.0,0.0,0.0,0.0,0.0,0.0,0.0,0.0,0.0,0.0,0.0,0.0,0.0,0.0,0.0,0.0,0.0,0.0,0.0,0.0,0.0,0.0,0.0,0.0,0.0,0.0,0.0,0.0,0.0,0.0,0.0,0.0,0.0,0.0,0.0,0.0,0.0,0.0,0.0,0.0,0.0,0.0,0.0,0.0,0.00407,0.0,0.0,0.0,0.0,0.05525,0.10625,0.0,0.0,0.0,0.0,0.0,0.0,0.0,0.0,0.0,0.0,0.0,0.05448,0.18237,0.01592,0.0,0.0,0.0,0.00619,0.0,0.0,0.0,0.0,0.0,0.0,0.00077,0.18054,0.0559,0.0,0.0,0.0283,0.0,0.0,0.0,0.0,0.0,0.0,0.0,0.0,0.15159,0.0,0.83798,2.923,4.1495,3.0355,3.3015,5.0,0,0.0,0.83798
105,0.0,0.0,0.0,0.0,0.0,0.0,0.0,0.0,0.0,0.0,0.0,0.0,0.0,0.0,0.0,0.0,0.0,0.0,0.0,0.0,0.0,0.0,0.0,0.0,0.0,0.0,0.0,0.0,0.0,0.0,0.0,0.0,0.0,0.0,0.0,0.0,0.0,0.0,0.0,0.0,0.0,0.0,0.0,0.0,0.0,0.0,0.0,0.0,0.0,0.0,0.0,0.0,0.0,0.0,0.0,0.0,0.0,0.0,0.0,0.0,0.0,0.0,0.0,0.0,0.0,0.0,0.0,0.0,0.0,0.0,0.0,0.09906,0.10366,0.0,0.0,0.0,0.0,0.0,0.0,0.0,0.0,0.0,0.0,0.0,0.07323,0.17341,0.00295,0.0,0.0,0.0,0.0,0.0,0.0,0.0,0.0,0.0,0.0,0.01179,0.18779,0.05177,0.0,0.0,0.00814,0.0,0.0,0.0,0.0,0.0,0.0,0.0,0.0,0.11834,0.0,0.83798,2.867,3.896,2.985,3.2475,5.0,0,0.0,0.83956
106,0.0,0.0,0.0,0.0,0.0,0.0,0.0,0.0,0.0,0.0,0.0,0.0,0.0,0.0,0.0,0.0,0.0,0.0,0.0,0.0,0.0,0.0,0.0,0.0,0.0,0.0,0.0,0.0,0.0,0.0,0.0,0.0,0.0,0.0,0.0,0.0,0.0,0.0,0.0,0.0,0.0,0.0,0.0,0.0,0.0,0.0,0.0,0.0,0.0,0.0,0.0,0.0,0.0,0.0,0.0,0.0,0.0,0.0,0.0,0.0,0.0,0.0,0.0,0.0,0.0,0.00053,0.00796,0.0,0.0,0.0,0.0,0.08632,0.10277,0.0,0.0,0.0,0.0,0.0,0.0,0.0,0.0,0.0,0.0,0.0,0.07801,0.16521,0.0,0.0,0.0,0.0,0.0,0.0,0.0,0.0,0.0,0.0,0.0,0.02512,0.19169,0.03208,0.0,0.0,0.00035,0.0,0.0,0.0,0.0,0.0,0.0,0.0,0.0,0.09853,0.0,0.83798,2.839,3.819,2.9045,2.944,5.0,0,0.0,0.84114
107,0.0,0.0,0.0,0.0,0.0,0.0,0.0,0.0,0.0,0.0,0.0,0.0,0.0,0.0,0.0,0.0,0.0,0.0,0.0,0.0,0.0,0.0,0.0,0.0,0.0,0.0,0.0,0.0,0.0,0.0,0.0,0.0,0.0,0.0,0.0,0.0,0.0,0.0,0.0,0.0,0.0,0.0,0.0,0.0,0.0,0.0,0.0,0.0,0.0,0.0,0.0,0.0,0.0,0.0,0.0,0.0,0.0,0.0,0.0,0.0,0.0,0.0,0.0,0.0,0.0,0.0,0.0,0.0,0.0,0.0,0.00548,0.0842,0.08208,0.0,0.0,0.0,0.0,0.0,0.0,0.0,0.0,0.0,0.0,0.0,0.09269,0.15336,0.0,0.0,0.0,0.0,0.0,0.0,0.0,0.0,0.0,0.0,0.0,0.04971,0.18768,0.00371,0.0,0.0,0.0,0.0,0.0,0.0,0.0,0.0,0.0,0.0,0.00831,0.15743,0.0,0.83798,2.739,3.1325,2.7995,2.948,5.0,0,0.0,0.8427199999999999
108,0.0,0.0,0.0,0.0,0.0,0.0,0.0,0.0,0.0,0.0,0.0,0.0,0.0,0.0,0.0,0.0,0.0,0.0,0.0,0.0,0.0,0.0,0.0,0.0,0.0,0.0,0.0,0.0,0.0,0.0,0.0,0.0,0.0,0.0,0.0,0.0,0.0,0.0,0.0,0.0,0.0,0.0,0.0,0.0,0.0,0.0,0.0,0.0,0.0,0.0,0.0,0.0,0.0,0.0,0.0,0.0,0.0,0.0,0.0,0.0,0.0,0.0,0.0,0.0,0.0,0.0,0.0,0.0,0.0,0.0,0.0066,0.10206,0.05796,0.0,0.0,0.0,0.0,0.0,0.0,0.0,0.0,0.0,0.0,0.0,0.11409,0.13886,0.0,0.0,0.0,0.0,0.0,0.0,0.0,0.0,0.0,0.0,0.0,0.0625,0.18302,0.0,0.0,0.0,0.0,0.0,0.0,0.0,0.0,0.0,0.0,0.0,0.02925,0.15985,0.0,0.84588,2.705,3.0735,2.735,2.874,5.0,0,0.0,0.8442999999999999
109,0.0,0.0,0.0,0.0,0.0,0.0,0.0,0.0,0.0,0.0,0.0,0.0,0.0,0.0,0.0,0.0,0.0,0.0,0.0,0.0,0.0,0.0,0.0,0.0,0.0,0.0,0.0,0.0,0.0,0.0,0.0,0.0,0.0,0.0,0.0,0.0,0.0,0.0,0.0,0.0,0.0,0.0,0.0,0.0,0.0,0.0,0.0,0.0,0.0,0.0,0.0,0.0,0.0,0.0,0.0,0.0,0.0,0.0,0.0,0.0,0.0,0.0,0.0,0.0,0.0,0.0,0.0,0.0,0.0,0.0,0.02264,0.0967,0.03243,0.0,0.0,0.0,0.0,0.0,0.0,0.0,0.0,0.0,0.0,0.0,0.12241,0.12647,0.0,0.0,0.0,0.0,0.0,0.0,0.0,0.0,0.0,0.0,0.0,0.06167,0.18367,0.0,0.0,0.0,0.0,0.0,0.0,0.0,0.0,0.0,0.0,0.0,0.02647,0.14634,0.0,0.84588,2.659,3.0075,2.7025,2.788,5.0,0,0.0,0.8606270933333333
110,0.0,0.0,0.0,0.0,0.0,0.0,0.0,0.0,0.0,0.0,0.0,0.0,0.0,0.0,0.0,0.0,0.0,0.0,0.0,0.0,0.0,0.0,0.0,0.0,0.0,0.0,0.0,0.0,0.0,0.0,0.0,0.0,0.0,0.0,0.0,0.0,0.0,0.0,0.0,0.0,0.0,0.0,0.0,0.0,0.0,0.0,0.0,0.0,0.0,0.0,0.0,0.0,0.0,0.0,0.0,0.0,0.0,0.0,0.0,0.0,0.0,0.0,0.0,0.0,0.0,0.0,0.0,0.0,0.0,0.00053,0.03125,0.08272,0.00896,0.0,0.0,0.0,0.0,0.0,0.0,0.0,0.0,0.0,0.0,6e-05,0.14021,0.11002,0.0,0.0,0.0,0.0,0.0,0.0,0.0,0.0,0.0,0.0,0.0,0.0773,0.17176,0.0,0.0,0.0,0.0,0.0,0.0,0.0,0.0,0.0,0.0,0.0,0.0214,0.1033,0.0,0.84588,2.616,2.933,2.622,2.703,5.0,0,0.0,0.8753741866666667
111,0.0,0.0,0.0,0.0,0.0,0.0,0.0,0.0,0.0,0.0,0.0,0.0,0.0,0.0,0.0,0.0,0.0,0.0,0.0,0.0,0.0,0.0,0.0,0.0,0.0,0.0,0.0,0.0,0.0,0.0,0.0,0.0,0.0,0.0,0.0,0.0,0.0,0.0,0.0,0.0,0.0,0.0,0.0,0.0,0.0,0.0,0.0,0.0,0.0,0.0,0.0,0.0,0.0,0.0,0.0,0.0,0.0,0.0,0.0,0.0,0.0,0.0,0.0,0.0,0.0,0.0,0.0,0.0,0.0,0.04475,0.06969,0.05607,0.0,0.0,0.0,0.0,0.0,0.0,0.0,0.0,0.0,0.0,0.0,0.02417,0.14741,0.08031,0.0,0.0,0.0,0.0,0.0,0.0,0.0,0.0,0.0,0.0,0.0,0.09475,0.15696,0.0,0.0,0.0,0.0,0.0,0.0,0.0,0.0,0.0,0.0,0.0,0.03667,0.16303,0.0,0.84588,2.509,2.8895,3.272,2.627,5.0,0,-0.18,0.89012128
112,0.0,0.0,0.0,0.0,0.0,0.0,0.0,0.0,0.0,0.0,0.0,0.0,0.0,0.0,0.0,0.0,0.0,0.0,0.0,0.0,0.0,0.0,0.0,0.0,0.0,0.0,0.0,0.0,0.0,0.0,0.0,0.0,0.0,0.0,0.0,0.0,0.0,0.0,0.0,0.0,0.0,0.0,0.0,0.0,0.0,0.0,0.0,0.0,0.0,0.0,0.0,0.0,0.0,0.0,0.0,0.0,0.0,0.0,0.0,0.0,0.0,0.0,0.0,0.0,0.0,0.0,0.0,0.0,0.00737,0.05755,0.12087,0.04593,0.0,0.0,0.0,0.0,0.0,0.0,0.0,0.0,0.0,0.0,0.0,0.07512,0.13927,0.03892,0.0,0.0,0.0,0.0,0.0,0.0,0.0,0.0,0.0,0.0,0.0,0.13962,0.12129,0.0,0.0,0.0,0.0,0.0,0.0,0.0,0.0,0.0,0.0,0.0,0.06392,0.17276,0.0,0.84588,2.421,2.7795,4.034,2.5195,2.82,0,-0.36,0.9048683733333334
113,0.0,0.0,0.0,0.0,0.0,0.0,0.0,0.0,0.0,0.0,0.0,0.0,0.0,0.0,0.0,0.0,0.0,0.0,0.0,0.0,0.0,0.0,0.0,0.0,0.0,0.0,0.0,0.0,0.0,0.0,0.0,0.0,0.0,0.0,0.0,0.0,0.0,0.0,0.0,0.0,0.0,0.0,0.0,0.0,0.0,0.0,0.0,0.0,0.0,0.0,0.0,0.0,0.0,0.0,0.0,0.0,0.0,0.0,0.0,0.0,0.0,0.0,0.0,0.0,0.0,0.0,0.0,0.0,0.04723,0.08986,0.03202,0.0,0.0,0.0,0.0,0.0,0.0,0.0,0.0,0.0,0.0,0.0,0.06787,0.12812,0.04033,0.0,0.0,0.0,0.0,0.0,0.0,0.0,0.0,0.0,0.0,0.0,0.11568,0.15112,0.00047,0.0,0.0,0.0,0.0,0.0,0.0,0.0,0.0,0.0,0.0,0.0168,0.17364,0.03278,0.0,0.84588,2.3355,2.7035,3.9135,2.4155,2.756,0,-0.54,0.9196154666666667
114,0.0,0.0,0.0,0.0,0.0,0.0,0.0,0.0,0.0,0.0,0.0,0.0,0.0,0.0,0.0,0.0,0.0,0.0,0.0,0.0,0.0,0.0,0.0,0.0,0.0,0.0,0.0,0.0,0.0,0.0,0.0,0.0,0.0,0.0,0.0,0.0,0.0,0.0,0.0,0.0,0.0,0.0,0.0,0.0,0.0,0.0,0.0,0.0,0.0,0.0,0.0,0.0,0.0,0.0,0.0,0.0,0.0,0.0,0.0,0.0,0.0,0.0,0.0,0.0,0.0,0.0,0.0,0.06167,0.10065,0.0533,0.0,0.0,0.0,0.0,0.0,0.0,0.0,0.0,0.0,0.0,0.0,0.03184,0.08508,0.08968,0.0,0.0,0.0,0.0,0.0,0.0,0.0,0.0,0.0,0.0,0.0,0.05584,0.16297,0.03927,0.0,0.0,0.0,0.0,0.0,0.0,0.0,0.0,0.0,0.0,0.0,0.11403,0.03367,0.0,-0.9,0.84588,2.3625,2.4515,3.4965,2.3865,2.56,0,-0.72,0.9196154666666667
115,0.0,0.0,0.0,0.0,0.0,0.0,0.0,0.0,0.0,0.0,0.0,0.0,0.0,0.0,0.0,0.0,0.0,0.0,0.0,0.0,0.0,0.0,0.0,0.0,0.0,0.0,0.0,0.0,0.0,0.0,0.0,0.0,0.0,0.0,0.0,0.0,0.0,0.0,0.0,0.0,0.0,0.0,0.0,0.0,0.0,0.0,0.0,0.0,0.0,0.0,0.0,0.0,0.0,0.0,0.0,0.0,0.0,0.0,0.0,0.0,0.0,0.0,0.0,0.0,0.0,0.0,0.03113,0.08196,0.0704,0.00896,0.0,0.0,0.0,0.0,0.0,0.0,0.0,0.0,0.0,0.0,0.0,0.04935,0.07105,0.02465,0.0,0.0,0.0,0.0,0.0,0.0,0.0,0.0,0.0,0.0,0.0,0.09458,0.12423,0.0,0.0,0.0,0.0,0.0,0.0,0.0,0.0,0.0,0.0,0.0,0.02866,0.13933,0.0181,0.0,-0.9,0.84588,2.7585,2.254,3.198,2.2905,2.3165,0,-0.9,0.9196154666666667
116,0.0,0.0,0.0,0.0,0.0,0.0,0.0,0.0,0.0,0.0,0.0,0.0,0.0,0.0,0.0,0.0,0.0,0.0,0.0,0.0,0.0,0.0,0.0,0.0,0.0,0.0,0.0,0.0,0.0,0.0,0.0,0.0,0.0,0.0,0.0,0.0,0.0,0.0,0.0,0.0,0.0,0.0,0.0,0.0,0.0,0.0,0.0,0.0,0.0,0.0,0.0,0.0,0.00136,0.00855,0.0,0.0,0.0,0.0,0.0,0.0,0.0,0.0,0.0,0.0,0.0,0.03603,0.10407,0.13992,0.13779,0.03184,0.0,0.0,0.0,0.0,0.0,0.0,0.0,0.0,0.0,0.0,0.0,0.098,0.1533,0.02889,0.0,0.0,0.0,0.0,0.0,0.0,0.0,0.0,0.0,0.0,0.0,0.14051,0.10059,0.0,0.0,0.0,0.0,0.0,0.0,0.0,0.0,0.0,0.0,0.0,0.06563,0.08703,0.0,0.0,-0.9,0.84588,3.4755,2.1505,2.186,3.741,2.2305,0,-0.9,0.9196154666666667
117,0.0,0.0,0.0,0.0,0.0,0.0,0.0,0.0,0.0,0.0,0.0,0.0,0.0,0.0,0.0,0.0,0.0,0.0,0.0,0.0,0.0,0.0,0.0,0.0,0.0,0.0,0.0,0.0,0.0,0.0,0.0,0.0,0.0,0.0,0.0,0.0,0.0,0.0,0.0,0.0,0.0,0.0,0.0,0.0,0.0,0.0,0.0,0.0,0.0,0.0,0.0,0.0,0.0,0.0,0.03838,0.0,0.0,0.0,0.0,0.0,0.0,0.0,0.0,0.0,0.0,0.0,0.05307,0.13962,0.1464,0.05483,0.0,0.0,0.0,0.0,0.0,0.0,0.0,0.0,0.0,0.0,0.0,0.0987,0.16822,0.01893,0.0,0.0,0.0,0.0,0.0,0.0,0.0,0.0,0.0,0.0,0.00012,0.15619,0.09788,0.0,0.0,0.0,0.0,0.0,0.0,0.0,0.0,0.0,0.0,0.0,0.06085,0.10312,0.0,0.0,-0.9,0.84588,5.0,2.3265,2.073,3.0175,2.1365,0,-0.9,0.9196154666666667
118,0.0,0.0,0.0,0.0,0.0,0.0,0.0,0.0,0.0,0.0,0.0,0.0,0.0,0.0,0.0,0.0,0.0,0.0,0.0,0.0,0.0,0.0,0.0,0.0,0.0,0.0,0.0,0.0,0.0,0.0,0.0,0.0,0.0,0.0,0.0,0.0,0.0,0.0,0.0,0.0,0.0,0.0,0.0,0.0,0.0,0.0,0.0,0.0,0.0,0.0,0.0,0.0,0.0,0.0,0.0138,0.04599,0.0,0.0,0.0,0.0,0.0,0.0,0.0,0.0,0.0,0.0,0.0,0.08166,0.14605,0.11173,0.0,0.0,0.0,0.0,0.0,0.0,0.0,0.0,0.0,0.0,0.0,0.05218,0.1592,0.04794,0.0,0.0,0.0,0.0,0.0,0.0,0.0,0.0,0.0,0.0,0.0,0.14281,0.11421,0.0,0.0,0.0,0.0,0.0,0.0,0.0,0.0,0.0,0.0,0.0,0.07199,0.12258,0.0,0.0,-0.9,0.84588,5.0,2.6385,2.066,3.207,2.1625,0,-0.9,0.9196154666666667
119,0.0,0.0,0.0,0.0,0.0,0.0,0.0,0.0,0.0,0.0,0.0,0.0,0.0,0.0,0.0,0.0,0.0,0.0,0.0,0.0,0.0,0.0,0.0,0.0,0.0,0.0,0.0,0.0,0.0,0.0,0.0,0.0,0.0,0.0,0.0,0.0,0.0,0.0,0.0,0.0,0.0,0.0,0.0,0.0,0.0,0.0,0.0,0.0,0.0,0.0,0.0,0.0,0.0,0.0,0.0,0.06828,0.00425,0.0,0.0,0.0,0.0,0.0,0.0,0.0,0.0,0.0,0.0,0.00825,0.14776,0.15177,0.00318,0.0,0.0,0.0,0.0,0.0,0.0,0.0,0.0,0.0,0.0,0.00566,0.1612,0.07583,0.0,0.0,0.0,0.0,0.0,0.0,0.0,0.0,0.0,0.0,0.0,0.10884,0.13561,0.0,0.0,0.0,0.0,0.0,0.0,0.0,0.0,0.0,0.0,0.0,0.06739,0.15035,0.0,0.0,-0.9,0.84588,5.0,3.1595,1.987,2.9305,2.8915,0,-0.72,0.9196154666666667
120,0.0,0.0,0.0,0.0,0.0,0.0,0.0,0.0,0.0,0.0,0.0,0.0,0.0,0.0,0.0,0.0,0.0,0.0,0.0,0.0,0.0,0.0,0.0,0.0,0.0,0.0,0.0,0.0,0.0,0.0,0.0,0.0,0.0,0.0,0.0,0.0,0.0,0.0,0.0,0.0,0.0,0.0,0.0,0.0,0.0,0.0,0.0,0.0,0.0,0.0,0.0,0.0,0.0,0.0,0.0,0.0,0.11002,0.00124,0.0,0.0,0.0,0.0,0.0,0.0,0.0,0.0,0.0,0.0,0.01498,0.16262,0.0918,0.0,0.0,0.0,0.0,0.0,0.0,0.0,0.0,0.0,0.0,0.0,0.08962,0.15501,0.0,0.0,0.0,0.0,0.0,0.0,0.0,0.0,0.0,0.0,0.0,0.03721,0.19522,0.00495,0.0,0.0,0.0,0.0,0.0,0.0,0.0,0.0,0.0,0.0,0.00672,0.19269,0.0079,0.0,-0.9,0.84588,5.0,5.0,2.0375,1.929,2.9135,0,-0.54,0.9196154666666667
121,0.0,0.0,0.0,0.0,0.0,0.0,0.0,0.0,0.0,0.0,0.0,0.0,0.0,0.0,0.0,0.0,0.0,0.0,0.0,0.0,0.0,0.0,0.0,0.0,0.0,0.0,0.0,0.0,0.0,0.0,0.0,0.0,0.0,0.0,0.0,0.0,0.0,0.0,0.0,0.0,0.0,0.0,0.0,0.0,0.0,0.0,0.0,0.0,0.0,0.0,0.0,0.0,0.0,0.0,0.0,0.0,0.00884,0.07836,0.0,0.0,0.0,0.0,0.0,0.0,0.0,0.0,0.0,0.0,0.0,0.02954,0.18349,0.01834,0.0,0.0,0.0,0.0,0.0,0.0,0.0,0.0,0.0,0.0,0.0,0.16781,0.05295,0.0,0.0,0.0,0.0,0.0,0.0,0.0,0.0,0.0,0.0,0.0,0.14752,0.08031,0.0,0.0,0.0,0.0,0.0,0.0,0.0,0.0,0.0,0.0,0.0,0.10684,0.01716,0.0,-0.9,0.84588,4.731,4.463,2.8555,1.828,1.815,0,-0.36,0.9048683733333334
122,0.0,0.0,0.0,0.0,0.0,0.0,0.0,0.0,0.0,0.0,0.0,0.0,0.0,0.0,0.0,0.0,0.0,0.0,0.0,0.0,0.0,0.0,0.0,0.0,0.0,0.0,0.0,0.0,0.0,0.0,0.0,0.0,0.0,0.0,0.0,0.0,0.0,0.0,0.0,0.0,0.0,0.0,0.0,0.0,0.0,0.0,0.0,0.0,0.0,0.0,0.0,0.0,0.0,0.0,0.0,0.0,0.0,0.0,0.0319,0.00171,0.0,0.0,0.0,0.0,0.0,0.0,0.0,0.0,0.0,0.0,0.00996,0.19906,0.00767,0.0,0.0,0.0,0.0,0.0,0.0,0.0,0.0,0.0,0.0,0.00318,0.17759,0.02123,0.0,0.0,0.0,0.0,0.0,0.0,0.0,0.0,0.0,0.0,0.0,0.1842,0.04027,0.0,0.0,0.0,0.0,0.0,0.0,0.0,0.0,0.0,0.0,0.0,0.17211,0.03237,0.0,0.84588,3.899,3.71,3.6885,2.092,1.779,0,-0.18,0.89012128
123,0.0,0.0,0.0,0.0,0.0,0.0,0.0,0.0,0.0,0.0,0.0,0.0,0.0,0.0,0.0,0.0,0.0,0.0,0.0,0.0,0.0,0.0,0.0,0.0,0.0,0.0,0.0,0.0,0.0,0.0,0.0,0.0,0.0,0.0,0.0,0.0,0.0,0.0,0.0,0.0,0.0,0.0,0.0,0.0,0.0,0.0,0.0,0.0,0.0,0.0,0.0,0.0,0.0,0.0,0.0,0.0,0.0,0.0,0.0,0.02317,0.0,0.0,0.0,0.0,0.0,0.0,0.0,0.0,0.0,0.0,0.0,0.05943,0.16627,0.0,0.0,0.0,0.0,0.0,0.0,0.0,0.0,0.0,0.0,0.0,0.06173,0.16592,0.0,0.0,0.0,0.0,0.04705,0.0,0.0,0.0,0.0,0.0,0.0,0.05755,0.17665,0.0,0.0,0.01498,0.07276,0.0,0.0,0.0,0.0,0.0,0.0,0.0,0.05837,0.17459,0.0,0.84588,3.639,3.58,3.564,2.317,1.683,0,0.0,0.8753741866666667
124,0.0,0.0,0.0,0.0,0.0,0.0,0.0,0.0,0.0,0.0,0.0,0.0,0.0,0.0,0.0,0.0,0.0,0.0,0.0,0.0,0.0,0.0,0.0,0.0,0.0,0.0,0.0,0.0,0.0,0.0,0.0,0.0,0.0,0.0,0.0,0.0,0.0,0.0,0.0,0.0,0.0,0.0,0.0,0.0,0.0,0.0,0.0,0.0,0.0,0.0,0.0,0.0,0.0,0.0,0.0,0.0,0.0,0.0,0.0,0.02052,0.0,0.0,0.0,0.0,0.0,0.0,0.0,0.0,0.0,0.0,0.0,0.05354,0.17235,0.0,0.0,0.0,0.0,0.0,0.0,0.0,0.0,0.0,0.0,0.0,0.04458,0.18042,0.0,0.0,0.0,0.0,0.0,0.0,0.0,0.0,0.0,0.0,0.0,0.05407,0.17465,0.0,0.0,0.00784,0.04169,0.0,0.0,0.0,0.0,0.0,0.0,0.0,0.02588,0.15436,0.0,0.84588,3.663,3.626,3.723,2.3235,1.6745,0,0.0,0.8606270933333333
125,0.0,0.0,0.0,0.0,0.0,0.0,0.0,0.0,0.0,0.0,0.0,0.0,0.0,0.0,0.0,0.0,0.0,0.0,0.0,0.0,0.0,0.0,0.0,0.0,0.0,0.0,0.0,0.0,0.0,0.0,0.0,0.0,0.0,0.0,0.0,0.0,0.0,0.0,0.0,0.0,0.0,0.0,0.0,0.0,0.0,0.0,0.0,0.0,0.0,0.0,0.0,0.0,0.0,0.0,0.0,0.0,0.0,0.0,0.0,0.00142,0.0,0.0,0.0,0.0,0.0,0.0,0.0,0.0,0.0,0.0,0.0,0.06474,0.14522,0.0,0.0,0.0,0.0,0.0,0.0,0.0,0.0,0.0,0.0,0.0,0.04281,0.18909,0.0,0.0,0.0,0.0,0.0,0.0,0.0,0.0,0.0,0.0,0.0,0.05843,0.17948,0.0,0.0,0.0,0.0,0.0,0.0,0.0,0.0,0.0,0.0,0.0,0.0671,0.16356,0.0,0.84588,4.143,3.906,3.9465,2.3945,1.626,0,0.0,0.84588
126,0.0,0.0,0.0,0.0,0.0,0.0,0.0,0.0,0.0,0.0,0.0,0.0,0.0,0.0,0.0,0.0,0.0,0.0,0.0,0.0,0.0,0.0,0.0,0.0,0.0,0.0,0.0,0.0,0.0,0.0,0.0,0.0,0.0,0.0,0.0,0.0,0.0,0.0,0.0,0.0,0.0,0.0,0.0,0.0,0.0,0.0,0.0,0.0,0.0,0.0,0.0,0.0,0.0,0.0,0.0,0.0,0.0,0.0,0.0,0.0,0.0,0.0,0.0,0.0,0.0,0.0,0.0,0.0,0.0,0.0,0.0,0.0559,0.1355,0.0,0.0,0.0,0.0,0.0,0.0,0.0,0.0,0.0,0.0,0.0,0.0352,0.19953,0.00035,0.0,0.0,0.0,0.0,0.0,0.0,0.0,0.0,0.0,0.0,0.02199,0.21415,0.0,0.0,0.0,0.0,0.0,0.0,0.0,0.0,0.0,0.0,0.0,0.03491,0.19717,0.0,0.84588,4.099,3.976,4.081,2.5395,1.555,0,0.0,0.84588
127,0.0,0.0,0.0,0.0,0.0,0.0,0.0,0.0,0.0,0.0,0.0,0.0,0.0,0.0,0.0,0.0,0.0,0.0,0.0,0.0,0.0,0.0,0.0,0.0,0.0,0.0,0.0,0.0,0.0,0.0,0.0,0.0,0.0,0.0,0.0,0.0,0.0,0.0,0.0,0.0,0.0,0.0,0.0,0.0,0.0,0.0,0.0,0.0,0.0,0.0,0.0,0.0,0.0,0.0,0.0,0.0,0.0,0.0,0.0,0.0,0.0,0.0,0.0,0.0,0.0,0.08208,0.04475,0.0,0.0,0.0,0.00454,0.08685,0.08956,0.0,0.0,0.0,0.0,0.0,0.0,0.0,0.0,0.0,0.0,0.0,0.06846,0.15584,0.0,0.0,0.0,0.0,0.0,0.0,0.0,0.0,0.0,0.0,0.0,0.02476,0.20531,0.01262,0.0,0.0,0.0,0.0,0.0,0.0,0.0,0.0,0.0,0.0,0.00301,0.17087,0.0,0.84588,4.475,4.256,4.574,2.6065,1.562,0,0.0,0.8606270933333333
128,0.0,0.0,0.0,0.0,0.0,0.0,0.0,0.0,0.0,0.0,0.0,0.0,0.0,0.0,0.0,0.0,0.0,0.0,0.0,0.0,0.0,0.0,0.0,0.0,0.0,0.0,0.0,0.0,0.0,0.0,0.0,0.0,0.0,0.0,0.0,0.0,0.0,0.0,0.0,0.0,0.0,0.0,0.0,0.0,0.0,0.0,0.0,0.0,0.0,0.0,0.0,0.0,0.0,0.0,0.0,0.0,0.0,0.0,0.01044,0.0,0.0,0.0,0.0,0.0,0.0,0.04758,0.0,0.0,0.0,0.0,0.06633,0.12966,0.05466,0.0,0.0,0.0,0.0,0.03862,0.01108,0.0,0.0,0.0,0.0,0.0,0.10666,0.12948,0.0,0.0,0.0,0.0,0.0,0.0,0.0,0.0,0.0,0.0,0.0,0.04971,0.18367,0.00171,0.0,0.0,0.0,0.0,0.0,0.0,0.0,0.0,0.0,0.0,0.01309,0.17777,0.0,0.84588,4.887,4.574,4.7215,2.7605,1.598,0,0.0,0.8753741866666667
129,0.0,0.0,0.0,0.0,0.0,0.0,0.0,0.0,0.0,0.0,0.0,0.0,0.0,0.0,0.0,0.0,0.0,0.0,0.0,0.0,0.0,0.0,0.0,0.0,0.0,0.0,0.0,0.0,0.0,0.0,0.0,0.0,0.0,0.0,0.0,0.0,0.0,0.0,0.0,0.0,0.0,0.0,0.0,0.0,0.0,0.0,0.0,0.0,0.0,0.0,0.0,0.0,0.0,0.0,0.0,0.0,0.0,0.0207,0.0,0.0,0.0,0.0,0.0,0.0,0.0,0.0,0.0,0.0,0.0,0.02105,0.1191,0.1398,0.00837,0.0,0.0,0.0,0.0,0.0,0.0,0.0,0.0,0.0,0.0,0.00024,0.15206,0.08897,0.0,0.0,0.0,0.0,0.0,0.0,0.0,0.0,0.0,0.0,0.0,0.08968,0.15531,0.0,0.0,0.0,0.0,0.0,0.0,0.0,0.0,0.0,0.0,0.0,0.03897,0.17188,0.0,0.84588,4.437,4.248,4.4905,5.0,1.624,0,-0.18,0.89012128
130,0.0,0.0,0.0,0.0,0.0,0.0,0.0,0.0,0.0,0.0,0.0,0.0,0.0,0.0,0.0,0.0,0.0,0.0,0.0,0.0,0.0,0.0,0.0,0.0,0.0,0.0,0.0,0.0,0.0,0.0,0.0,0.0,0.0,0.0,0.0,0.0,0.0,0.0,0.0,0.0,0.0,0.0,0.0,0.0,0.0,0.0,0.0,0.0,0.0,0.0,0.0,0.0,0.0,0.0,0.0,0.0,0.00749,0.00065,0.0,0.0,0.0,0.0,0.0,0.0,0.0,0.0,0.0,0.0,0.0191,0.13196,0.11822,0.0684,0.0,0.0,0.0,0.0,0.0,0.0,0.0,0.0,0.0,0.0,0.0,0.06834,0.15277,0.01344,0.0,0.0,0.0,0.0,0.0,0.0,0.0,0.0,0.0,0.0,0.00018,0.15702,0.07966,0.0,0.0,0.0,0.0,0.0,0.0,0.0,0.0,0.0,0.0,0.0,0.11244,0.11238,0.0,0.84588,4.814,4.574,4.8875,5.0,1.68,0,-0.36,0.9048683733333334
131,0.0,0.0,0.0,0.0,0.0,0.0,0.0,0.0,0.0,0.0,0.0,0.0,0.0,0.0,0.0,0.0,0.0,0.0,0.0,0.0,0.0,0.0,0.0,0.0,0.0,0.0,0.0,0.0,0.0,0.0,0.0,0.0,0.0,0.0,0.0,0.0,0.0,0.0,0.0,0.0,0.0,0.0,0.0,0.0,0.0,0.0,0.0,0.0,0.0,0.0,0.0,0.0,0.0,0.0,0.0,0.0,0.0,0.0,0.0,0.0,0.0,0.0,0.0,0.0,0.0,0.0,0.0,0.0,0.10159,0.13791,0.14004,0.00731,0.0,0.0,0.0,0.0,0.0,0.0,0.0,0.0,0.0,0.0,0.00077,0.13662,0.10973,0.0,0.0,0.0,0.0,0.0,0.0,0.0,0.0,0.0,0.0,0.0,0.05784,0.17146,0.01392,0.0,0.0,0.0,0.0,0.0,0.0,0.0,0.0,0.0,0.0,0.00088,0.16851,0.05224,0.0,0.84588,5.0,5.0,5.0,5.0,1.741,0,-0.54,0.9196154666666667
132,0.0,0.0,0.0,0.0,0.0,0.0,0.0,0.0,0.0,0.0,0.0,0.0,0.0,0.0,0.0,0.0,0.0,0.0,0.0,0.0,0.0,0.0,0.0,0.0,0.0,0.0,0.0,0.0,0.0,0.0,0.0,0.0,0.0,0.0,0.0,0.0,0.0,0.0,0.0,0.0,0.0,0.0,0.0,0.0,0.0,0.0,0.0,0.0,0.0,0.0,0.0,0.0,0.0,0.0,0.0,0.0,0.0,0.0,0.0,0.0,0.0,0.0,0.0,0.0,0.0,0.0,0.0,0.00814,0.12182,0.13361,0.00301,0.0,0.0,0.0,0.0,0.0,0.0,0.0,0.0,0.0,0.0,0.01079,0.14693,0.1342,0.00012,0.0,0.0,0.0,0.0,0.0,0.0,0.0,0.0,0.0,0.0,0.01893,0.17724,0.05678,0.0,0.0,0.0,0.0,0.0,0.0,0.00059,0.00065,0.0,0.0,0.0,0.13331,0.09912,0.0,-0.9,0.84588,5.0,5.0,5.0,5.0,1.802,0,-0.72,0.9196154666666667
133,0.0,0.0,0.0,0.0,0.0,0.0,0.0,0.0,0.0,0.0,0.0,0.0,0.0,0.0,0.0,0.0,0.0,0.0,0.0,0.0,0.0,0.0,0.0,0.0,0.0,0.0,0.0,0.0,0.0,0.0,0.0,0.0,0.0,0.0,0.0,0.0,0.0,0.0,0.0,0.0,0.0,0.0,0.0,0.0,0.0,0.0,0.0,0.0,0.0,0.0,0.0,0.0,0.0,0.0,0.0,0.0,0.0,0.0,0.0,0.0,0.0,0.0,0.0,0.0,0.0,0.0,0.00265,0.02524,0.06244,0.03438,0.0,0.0,0.0,0.0,0.0,0.0,0.0,0.0,0.0,0.0,0.0,0.07925,0.14623,0.06215,0.0,0.0,0.0,0.0,0.0,0.0,0.0,0.0,0.0,0.0,0.0,0.10584,0.15684,0.00035,0.0,0.0,0.0,0.0,0.0,0.0,0.0,0.0,0.0,0.0,0.01751,0.18614,0.03638,0.0,-0.9,0.84588,5.0,5.0,5.0,5.0,2.059,0,-0.9,0.9196154666666667
134,0.0,0.0,0.0,0.0,0.0,0.0,0.0,0.0,0.0,0.0,0.0,0.0,0.0,0.0,0.0,0.0,0.0,0.0,0.0,0.0,0.0,0.0,0.0,0.0,0.0,0.0,0.0,0.0,0.0,0.0,0.0,0.0,0.0,0.0,0.0,0.0,0.0,0.0,0.0,0.0,0.0,0.0,0.0,0.0,0.0,0.0,0.0,0.0,0.0,0.0,0.0,0.0,0.0,0.0,0.0,0.0,0.0,0.0,0.0,0.0,0.0,0.0,0.0,0.0,0.0,0.00077,0.04045,0.11875,0.12783,0.04404,0.0,0.0,0.0,0.0,0.0,0.0,0.0,0.0,0.0,0.0,0.0,0.02494,0.13544,0.0579,0.0,0.0,0.0,0.0,0.0,0.0,0.0,0.0,0.0,0.0,0.0,0.11108,0.16203,0.00018,0.0,0.0,0.0,0.0,0.0,0.0,0.0,0.0,0.0,0.0,0.01875,0.19864,0.02547,0.0,-0.9,0.84588,5.0,5.0,5.0,5.0,2.409,0,-0.9,0.9196154666666667
135,0.0,0.0,0.0,0.0,0.0,0.0,0.0,0.0,0.0,0.0,0.0,0.0,0.0,0.0,0.0,0.0,0.0,0.0,0.0,0.0,0.0,0.0,0.0,0.0,0.0,0.0,0.0,0.0,0.0,0.0,0.0,0.0,0.0,0.0,0.0,0.0,0.0,0.0,0.0,0.0,0.0,0.0,0.0,0.0,0.0,0.0,0.0,0.0,0.0,0.0,0.0,0.0,0.0,0.0,0.0,0.0,0.0,0.0,0.0,0.0,0.0,0.0,0.0,0.0,0.0,0.04623,0.11439,0.11303,0.12482,0.02624,0.0,0.0,0.0,0.0,0.0,0.0,0.0,0.0,0.0,0.0,0.0,0.02246,0.00425,0.02459,0.0,0.0,0.0,0.0,0.0,0.0,0.0,0.0,0.0,0.0,0.0,0.07636,0.11167,0.0,0.0,0.0,0.0,0.0,0.0,0.0,0.0,0.0,0.0,0.0,0.05625,0.18308,0.00371,0.0,-0.9,0.84588,5.0,5.0,5.0,5.0,5.0,0,-0.9,0.9196154666666667
136,0.0,0.0,0.0,0.0,0.0,0.0,0.0,0.0,0.0,0.0,0.0,0.0,0.0,0.0,0.0,0.0,0.0,0.0,0.0,0.0,0.0,0.0,0.0,0.0,0.0,0.0,0.0,0.0,0.0,0.0,0.0,0.0,0.0,0.0,0.0,0.0,0.0,0.0,0.0,0.0,0.0,0.0,0.0,0.0,0.0,0.0,0.0,0.0,0.0,0.0,0.0,0.0,0.0,0.0,0.0,0.00124,0.0,0.0,0.0,0.0,0.0,0.0,0.0,0.0,0.0,0.0,0.0,0.09935,0.13349,0.05106,0.0,0.0,0.0,0.0,0.0,0.0,0.0,0.0,0.0,0.0,0.0,0.07571,0.0306,0.0,0.0,0.0,0.0,0.0,0.0,0.0,0.0,0.0,0.0,0.0,0.0,0.01521,0.09499,0.0,0.0,0.0,0.0,0.0,0.0,0.0,0.0,0.0,0.0,0.0,0.04617,0.16698,0.00654,0.0,-0.9,0.84588,5.0,5.0,5.0,5.0,5.0,0,-0.72,0.9196154666666667
137,0.0,0.0,0.0,0.0,0.0,0.0,0.0,0.0,0.0,0.0,0.0,0.0,0.0,0.0,0.0,0.0,0.0,0.0,0.0,0.0,0.0,0.0,0.0,0.0,0.0,0.0,0.0,0.0,0.0,0.0,0.0,0.0,0.0,0.0,0.0,0.0,0.0,0.0,0.0,0.0,0.0,0.0,0.0,0.0,0.0,0.0,0.0,0.0,0.0,0.0,0.0,0.0,0.0,0.0,0.0,0.0,0.0,0.0,0.0,0.0,0.0,0.0,0.0,0.0,0.0,0.0,0.0,0.0,0.09817,0.11816,0.0,0.0,0.0,0.0,0.0,0.0,0.0,0.0,0.0,0.0,0.0,0.02724,0.01256,0.0,0.0,0.0,0.0,0.0,0.0,0.0,0.0,0.0,0.0,0.0,0.0,0.0,0.0,0.0,0.0,0.0,0.0,0.0,0.0,0.0,0.0,0.0,0.0,0.0,0.0,0.10147,0.00024,0.0,-0.9,0.84588,5.0,5.0,5.0,5.0,5.0,0,-0.54,0.9196154666666667
138,0.0,0.0,0.0,0.0,0.0,0.0,0.0,0.0,0.0,0.0,0.0,0.0,0.0,0.0,0.0,0.0,0.0,0.0,0.0,0.0,0.0,0.0,0.0,0.0,0.0,0.0,0.0,0.0,0.0,0.0,0.0,0.0,0.0,0.0,0.0,0.0,0.0,0.0,0.0,0.0,0.0,0.0,0.0,0.0,0.0,0.0,0.0,0.0,0.0,0.0,0.0,0.0,0.0,0.0,0.0,0.0,0.00248,0.0,0.0,0.0,0.0,0.0,0.0,0.0,0.0,0.0,0.0,0.0,0.02329,0.15731,0.03715,0.0,0.0,0.0,0.0,0.0,0.0,0.0,0.0,0.0,0.0,0.0,0.08915,0.0,0.0,0.0,0.0,0.0,0.0,0.0,0.0,0.0,0.0,0.0,0.0,0.0,0.00796,0.0,0.0,0.0,0.0,0.0,0.0,0.0,0.0,0.0,0.0,0.0,0.00195,0.08585,0.01179,0.0,-0.9,0.84588,5.0,5.0,5.0,5.0,4.996,0,-0.36000000000000004,0.9048683733333334
139,0.0,0.0,0.0,0.0,0.0,0.0,0.0,0.0,0.0,0.0,0.0,0.0,0.0,0.0,0.0,0.0,0.0,0.0,0.0,0.0,0.0,0.0,0.0,0.0,0.0,0.0,0.0,0.0,0.0,0.0,0.0,0.0,0.0,0.0,0.0,0.0,0.0,0.0,0.0,0.0,0.0,0.0,0.0,0.0,0.0,0.0,0.0,0.0,0.0,0.0,0.0,0.0,0.0,0.0,0.0,0.0,0.0,0.04794,0.02671,0.0,0.0,0.0,0.0,0.0,0.0,0.0,0.0,0.0,0.0,0.0,0.17883,0.04953,0.0,0.0,0.0,0.0,0.0,0.0,0.0,0.0,0.0,0.0,0.0,0.14971,0.05637,0.0,0.0,0.0,0.0,0.0,0.0,0.0,0.0,0.0,0.0,0.0,0.02583,0.0,0.0,0.0,0.0,0.0,0.0,0.0,0.0,0.0,0.0,0.0,0.0,0.0,0.0,0.0,0.0,0.84588,5.0,5.0,5.0,5.0,5.0,0,-0.18,0.89012128
140,0.0,0.0,0.0,0.0,0.0,0.0,0.0,0.0,0.0,0.0,0.0,0.0,0.0,0.0,0.0,0.0,0.0,0.0,0.0,0.0,0.0,0.0,0.0,0.0,0.0,0.0,0.0,0.0,0.0,0.0,0.0,0.0,0.0,0.0,0.0,0.0,0.0,0.0,0.0,0.0,0.0,0.0,0.0,0.0,0.0,0.04316,0.0,0.0,0.0,0.0,0.0,0.0,0.0,0.0,0.0,0.0,0.0,0.02335,0.18697,0.0,0.0,0.0,0.0,0.0,0.0,0.0,0.101,0.0,0.0,0.0,0.02936,0.199,0.0,0.0,0.0,0.0,0.0,0.03667,0.10165,0.0,0.0,0.0,0.0,0.03892,0.1546,0.0,0.0,0.0,0.0,0.10206,0.0,0.0,0.0,0.0,0.0,0.0,0.02883,0.06244,0.0,0.0,0.00142,0.00548,0.0,0.0,0.0,0.0,0.0,0.0,0.0,0.0,0.0,0.0,0.0,0.84588,5.0,5.0,5.0,5.0,5.0,0,0.0,0.8753741866666667
141,0.0,0.0,0.0,0.0,0.0,0.0,0.0,0.0,0.0,0.0,0.0,0.0,0.0,0.0,0.0,0.0,0.0,0.0,0.0,0.0,0.0,0.0,0.0,0.0,0.0,0.0,0.0,0.0,0.0,0.0,0.0,0.0,0.0,0.0,0.0,0.0,0.0,0.0,0.0,0.0,0.0,0.0,0.0,0.0,0.0,0.00142,0.01928,0.0,0.0,0.0,0.0,0.0,0.0,0.0,0.0,0.0,0.0,0.0,0.15625,0.02011,0.0,0.0,0.0,0.0,0.0,0.0,0.07695,0.04139,0.0,0.0,0.00088,0.21952,0.01008,0.0,0.0,0.0,0.0,0.0,0.17052,0.0,0.0,0.0,0.0,0.00436,0.21657,0.00018,0.0,0.0,0.0,0.13355,0.03538,0.0,0.0,0.0,0.0,0.0,0.01733,0.14186,0.0,0.0,0.00442,0.08614,0.0,0.0,0.0,0.0,0.0,0.0,0.0,0.00177,0.00442,0.0,0.0,0.84588,5.0,5.0,5.0,5.0,5.0,0,0.0,0.8622090933333334
142,0.0,0.0,0.0,0.0,0.0,0.0,0.0,0.0,0.0,0.0,0.0,0.0,0.0,0.0,0.0,0.0,0.0,0.0,0.0,0.0,0.0,0.0,0.0,0.0,0.0,0.0,0.0,0.0,0.0,0.0,0.0,0.0,0.0,0.0,0.0,0.0,0.0,0.0,0.0,0.0,0.0,0.0,0.0,0.0,0.0,0.0,0.0,0.0,0.0,0.0,0.0,0.0,0.0,0.0,0.0,0.0,0.0,0.0,0.06875,0.08125,0.0,0.0,0.0,0.0,0.0,0.0,0.00336,0.09623,0.0,0.0,0.0,0.16197,0.05666,0.0,0.0,0.0,0.0,0.0,0.15478,0.0069,0.0,0.0,0.0,0.0,0.17476,0.02671,0.0,0.0,0.0,0.06421,0.11639,0.0,0.0,0.0,0.0,0.0,0.0,0.09021,0.0,0.0,0.0,0.15088,0.0,0.0,0.0,0.0,0.0,0.0,0.0,0.0,0.0,0.0,0.0,0.84588,5.0,5.0,5.0,5.0,5.0,0,0.0,0.8622090933333333
143,0.0,0.0,0.0,0.0,0.0,0.0,0.0,0.0,0.0,0.0,0.0,0.0,0.0,0.0,0.0,0.0,0.0,0.0,0.0,0.0,0.0,0.0,0.0,0.0,0.0,0.0,0.0,0.0,0.0,0.0,0.0,0.0,0.0,0.0,0.0,0.0,0.0,0.0,0.0,0.0,0.0,0.0,0.0,0.0,0.0,0.0,0.0,0.0,0.0,0.0,0.0,0.0,0.0,0.0,0.0,0.0,0.0,0.0,0.0069,0.11144,0.0,0.0,0.0,0.0,0.0,0.0,0.0,0.13921,0.0,0.0,0.0,0.13396,0.09988,0.0,0.0,0.0,0.0,0.0,0.12948,0.04475,0.0,0.0,0.0,0.0,0.15849,0.05324,0.0,0.0,0.0,0.02618,0.15566,0.0,0.0,0.0,0.0,0.0,0.0,0.17258,0.02624,0.0,0.0,0.13396,0.00012,0.0,0.0,0.0,0.0,0.0,0.0,0.0,0.0941,0.0,0.0,0.84588,5.0,5.0,5.0,5.0,5.0,0,0.18,0.8637910933333334
144,0.0,0.0,0.0,0.0,0.0,0.0,0.0,0.0,0.0,0.0,0.0,0.0,0.0,0.0,0.0,0.0,0.0,0.0,0.0,0.0,0.0,0.0,0.0,0.0,0.0,0.0,0.0,0.0,0.0,0.0,0.0,0.0,0.0,0.0,0.0,0.0,0.0,0.0,0.0,0.0,0.0,0.0,0.0,0.0,0.0,0.0,0.0,0.0,0.0,0.0,0.0,0.0,0.0,0.0,0.0,0.0,0.0,0.0,0.0,0.08614,0.0,0.0,0.0,0.0,0.0,0.0,0.0,0.12311,0.00212,0.0,0.0,0.05849,0.16244,0.0,0.0,0.0,0.0,0.0,0.04652,0.12347,0.0,0.0,0.0,0.0,0.09711,0.11657,0.0,0.0,0.0,0.0,0.19758,0.0,0.0,0.0,0.0,0.0,0.0,0.09794,0.05684,0.0,0.0,0.11704,0.06498,0.0,0.0,0.0,0.0,0.0,0.0,0.0,0.11704,0.0158,0.0,0.85379,5.0,5.0,5.0,5.0,5.0,0,0.36,0.8653730933333333
145,0.0,0.0,0.0,0.0,0.0,0.0,0.0,0.0,0.0,0.0,0.0,0.0,0.0,0.0,0.0,0.0,0.0,0.0,0.0,0.0,0.0,0.0,0.0,0.0,0.0,0.0,0.0,0.0,0.0,0.0,0.0,0.0,0.0,0.0,0.0,0.0,0.0,0.0,0.0,0.0,0.0,0.0,0.0,0.0,0.0,0.0,0.0,0.0,0.0,0.0,0.0,0.0,0.0,0.0,0.0,0.0,0.0,0.0,0.0,0.0536,0.05342,0.0,0.0,0.0,0.0,0.0,0.0,0.01716,0.11232,0.0,0.0,0.0,0.18626,0.03538,0.0,0.0,0.0,0.0,0.0,0.1615,0.00035,0.0,0.0,0.0,0.0,0.20578,0.00454,0.0,0.0,0.0,0.09552,0.08721,0.0,0.0,0.0,0.0,0.0,0.01008,0.20059,0.0,0.0,0.0,0.16999,0.0,0.0,0.0,0.0,0.0,0.0,0.0,0.02146,0.11279,0.0,0.84588,5.0,5.0,5.0,5.0,5.0,0,0.36,0.8669550933333333
146,0.0,0.0,0.0,0.0,0.0,0.0,0.0,0.0,0.0,0.0,0.0,0.0,0.0,0.0,0.0,0.0,0.0,0.0,0.0,0.0,0.0,0.0,0.0,0.0,0.0,0.0,0.0,0.0,0.0,0.0,0.0,0.0,0.0,0.0,0.0,0.0,0.0,0.0,0.0,0.0,0.0,0.0,0.0,0.0,0.0,0.0,0.0,0.0,0.0,0.0,0.0,0.0,0.0,0.0,0.0,0.0,0.0,0.0,0.0,0.0,0.07252,0.0,0.0,0.0,0.0,0.0,0.0,0.0,0.11309,0.00949,0.0,0.0,0.04546,0.16274,0.0,0.0,0.0,0.0,0.0,0.02677,0.07406,0.0,0.0,0.0,0.0,0.06627,0.14953,0.0,0.0,0.0,0.0,0.13779,0.0,0.0,0.0,0.0,0.0,0.0,0.08933,0.12241,0.0,0.0,0.05183,0.08013,0.0,0.0,0.0,0.0,0.0,0.0,0.0,0.09853,0.9,0.85379,5.0,5.0,5.0,5.0,5.0,0,0.36,0.8669550933333333
147,0.0,0.0,0.0,0.0,0.0,0.0,0.0,0.0,0.0,0.0,0.0,0.0,0.0,0.0,0.0,0.0,0.0,0.0,0.0,0.0,0.0,0.0,0.0,0.0,0.0,0.0,0.0,0.0,0.0,0.0,0.0,0.0,0.0,0.0,0.0,0.0,0.0,0.0,0.0,0.0,0.0,0.0,0.0,0.0,0.0,0.0,0.0,0.0,0.0,0.0,0.0,0.0,0.0,0.0,0.0,0.0,0.0,0.0,0.0,0.0,0.07075,0.0,0.0,0.0,0.0,0.0,0.0,0.0,0.07217,0.0,0.0,0.0,0.09304,0.12647,0.0,0.0,0.0,0.0,0.0,0.03184,0.04263,0.0,0.0,0.0,0.0,0.1171,0.09393,0.0,0.0,0.0,0.0,0.14894,0.0,0.0,0.0,0.0,0.0,0.0,0.14929,0.07712,0.0,0.0,0.09304,0.06014,0.0,0.0,0.0,0.0,0.0,0.0,0.0,0.15619,0.9,0.85379,5.0,5.0,5.0,5.0,5.0,0,0.36,0.8522080000000001
148,0.0,0.0,0.0,0.0,0.0,0.0,0.0,0.0,0.0,0.0,0.0,0.0,0.0,0.0,0.0,0.0,0.0,0.0,0.0,0.0,0.0,0.0,0.0,0.0,0.0,0.0,0.0,0.0,0.0,0.0,0.0,0.0,0.0,0.0,0.0,0.0,0.0,0.0,0.0,0.0,0.0,0.0,0.0,0.0,0.0,0.0,0.0,0.0,0.0,0.0,0.0,0.0,0.0,0.0,0.0,0.0,0.0,0.0,0.0,0.07571,0.0,0.0,0.0,0.0,0.0,0.0,0.0,0.03573,0.0,0.0,0.0,0.0648,0.14941,0.0,0.0,0.0,0.0,0.0,0.0,0.02211,0.0,0.0,0.0,0.0,0.08402,0.12329,0.0,0.0,0.0,0.0,0.00177,0.0,0.0,0.0,0.0,0.0,0.0,0.11415,0.10979,0.0,0.0,0.0,0.01433,0.0,0.0,0.0,0.0,0.0,0.0,0.0,0.1339,0.06598,0.0,0.85379,5.0,5.0,5.0,5.0,5.0,0,0.18,0.8522080000000001
149,0.0,0.0,0.0,0.0,0.0,0.0,0.0,0.0,0.0,0.0,0.0,0.0,0.0,0.0,0.0,0.0,0.0,0.0,0.0,0.0,0.0,0.0,0.0,0.0,0.0,0.0,0.0,0.0,0.0,0.0,0.0,0.0,0.0,0.0,0.0,0.0,0.0,0.0,0.0,0.0,0.0,0.0,0.0,0.0,0.0,0.0,0.0,0.0,0.0,0.0,0.0,0.0,0.0,0.0,0.0,0.0,0.0,0.0,0.01828,0.12358,0.0,0.0,0.0,0.0,0.0,0.0,0.0,0.04157,0.0,0.0,0.0,0.12028,0.10755,0.0,0.0,0.0,0.0,0.0,0.02972,0.07429,0.0,0.0,0.0,0.0,0.14257,0.08632,0.0,0.0,0.0,0.0,0.124,0.0,0.0,0.0,0.0,0.0,0.0,0.16132,0.06209,0.0,0.0,0.01374,0.02394,0.0,0.0,0.0,0.0,0.0,0.0,0.0,0.16657,0.00289,0.0,0.85379,5.0,5.0,5.0,5.0,5.0,0,0.0,0.8522080000000001
150,0.0,0.0,0.0,0.0,0.0,0.0,0.0,0.0,0.0,0.0,0.0,0.0,0.0,0.0,0.0,0.0,0.0,0.0,0.0,0.0,0.0,0.0,0.0,0.0,0.0,0.0,0.0,0.0,0.0,0.0,0.0,0.0,0.0,0.0,0.0,0.0,0.0,0.0,0.0,0.0,0.0,0.0,0.0,0.0,0.0,0.0,0.0,0.0,0.0,0.0,0.0,0.0,0.0,0.0,0.0,0.00018,0.0,0.0,0.02765,0.10448,0.0,0.0,0.0,0.0,0.0,0.0,0.0,0.10702,0.0,0.0,0.0,0.14841,0.07942,0.0,0.0,0.0,0.0,0.0,0.09888,0.05094,0.0,0.0,0.0,0.0,0.16857,0.05466,0.0,0.0,0.0,0.00684,0.10761,0.0,0.0,0.0,0.0,0.0,0.0,0.19817,0.02754,0.0,0.0,0.02777,0.00425,0.0,0.0,0.0,0.0,0.0,0.0,0.0,0.19528,0.0,0.0,0.84588,5.0,5.0,5.0,5.0,5.0,0,0.0,0.8522080000000001
151,0.0,0.0,0.0,0.0,0.0,0.0,0.0,0.0,0.0,0.0,0.0,0.0,0.0,0.0,0.0,0.0,0.0,0.0,0.0,0.0,0.0,0.0,0.0,0.0,0.0,0.0,0.0,0.0,0.0,0.0,0.0,0.0,0.0,0.0,0.0,0.0,0.0,0.0,0.0,0.0,0.0,0.0,0.0,0.0,0.0,0.0,0.0,0.0,0.0,0.0,0.0,0.0,0.0,0.0,0.0,0.00106,0.0,0.0,0.06409,0.06079,0.0,0.0,0.0,0.0,0.0,0.0,0.00071,0.10914,0.0,0.0,0.0,0.19746,0.02665,0.0,0.0,0.0,0.0,0.0,0.11462,0.00937,0.0,0.0,0.0,0.0,0.22093,0.00708,0.0,0.0,0.0,0.03945,0.10932,0.0,0.0,0.0,0.0,0.0,0.00761,0.20767,0.0,0.0,0.0,0.0,0.0,0.0,0.0,0.0,0.0,0.0,0.0,0.04298,0.16946,0.0,0.0,0.85379,5.0,5.0,5.0,5.0,5.0,0,0.0,0.8522080000000001
152,0.0,0.0,0.0,0.0,0.0,0.0,0.0,0.0,0.0,0.0,0.0,0.0,0.0,0.0,0.0,0.0,0.0,0.0,0.0,0.0,0.0,0.0,0.0,0.0,0.0,0.0,0.0,0.0,0.0,0.0,0.0,0.0,0.0,0.0,0.0,0.0,0.0,0.0,0.0,0.0,0.0,0.0,0.0,0.0,0.0,0.0,0.0,0.0,0.0,0.0,0.0,0.0,0.0,0.0,0.0,0.00991,0.0,0.0,0.06904,0.0355,0.0,0.0,0.0,0.0,0.0,0.0,0.01592,0.14611,0.0,0.0,0.0,0.22229,0.00377,0.0,0.0,0.0,0.0,0.0,0.15425,0.0,0.0,0.0,0.0,0.01126,0.20295,0.0,0.0,0.0,0.0,0.1138,0.04575,0.0,0.0,0.0,0.0,0.0,0.04688,0.15973,0.0,0.0,0.0,0.03998,0.0,0.0,0.0,0.0,0.0,0.0,0.0,0.07919,0.13874,0.0,0.0,0.85379,5.0,5.0,5.0,5.0,5.0,0,0.0,0.85379
153,0.0,0.0,0.0,0.0,0.0,0.0,0.0,0.0,0.0,0.0,0.0,0.0,0.0,0.0,0.0,0.0,0.0,0.0,0.0,0.0,0.0,0.0,0.0,0.0,0.0,0.0,0.0,0.0,0.0,0.0,0.0,0.0,0.0,0.0,0.0,0.0,0.0,0.0,0.0,0.0,0.0,0.0,0.0,0.0,0.0,0.0,0.0,0.0,0.0,0.0,0.0,0.0,0.0,0.0,0.0,0.0168,0.0,0.0,0.08296,0.01645,0.0,0.0,0.0,0.0,0.0,0.0,0.03945,0.13744,0.0,0.0,0.00271,0.22282,0.0,0.0,0.0,0.0,0.0,0.0,0.1615,0.0,0.0,0.0,0.0,0.03314,0.18284,0.0,0.0,0.0,0.0,0.1066,0.03862,0.0,0.0,0.0,0.0,0.0,0.07854,0.14292,0.0,0.0,0.0286,0.10708,0.0,0.0,0.0,0.0,0.0,0.0,0.0,0.1148,0.0513,0.0,0.0,0.85379,5.0,5.0,5.0,5.0,5.0,0,0.0,0.85379
154,0.0,0.0,0.0,0.0,0.0,0.0,0.0,0.0,0.0,0.0,0.0,0.0,0.0,0.0,0.0,0.0,0.0,0.0,0.0,0.0,0.0,0.0,0.0,0.0,0.0,0.0,0.0,0.0,0.0,0.0,0.0,0.0,0.0,0.0,0.0,0.0,0.0,0.0,0.0,0.0,0.0,0.0,0.0,0.0,0.0,0.0,0.0,0.0,0.0,0.0,0.0,0.0,0.0,0.0,0.0,0.02388,0.0,0.0,0.07895,0.01144,0.0,0.0,0.0,0.0,0.0,0.0,0.06315,0.11621,0.0,0.0,0.00566,0.21439,0.0,0.0,0.0,0.0,0.0,0.00083,0.17217,0.0,0.0,0.0,0.0,0.0441,0.1694,0.0,0.0,0.0,0.0,0.10973,0.02046,0.0,0.0,0.0,0.0,0.0,0.101,0.11303,0.0,0.0,0.0,0.00035,0.0,0.0,0.0,0.0,0.0,0.0,0.0,0.14245,0.06857,0.0,0.0,0.85379,5.0,5.0,5.0,5.0,5.0,0,-0.15794999999999998,0.85379
155,0.0,0.0,0.0,0.0,0.0,0.0,0.0,0.0,0.0,0.0,0.0,0.0,0.0,0.0,0.0,0.0,0.0,0.0,0.0,0.0,0.0,0.0,0.0,0.0,0.0,0.0,0.0,0.0,0.0,0.0,0.0,0.0,0.0,0.0,0.0,0.0,0.0,0.0,0.0,0.0,0.0,0.0,0.0,0.0,0.0,0.0,0.0,0.0,0.0,0.0,0.0,0.0,0.0,0.0,0.0,0.01698,0.0,0.0,0.06268,0.00383,0.0,0.0,0.0,0.0,0.0,0.0,0.08367,0.08968,0.0,0.0,0.0135,0.20018,0.0,0.0,0.0,0.0,0.0,0.01356,0.17588,0.0,0.0,0.0,0.0,0.06645,0.15643,0.0,0.0,0.0,0.0,0.17075,0.00313,0.0,0.0,0.0,0.0,0.0,0.10419,0.07712,0.0,0.0,0.00478,0.00566,0.0,0.0,0.0,0.0,0.0,0.0,0.0,0.16321,0.02659,0.0,0.0,0.85379,5.0,5.0,5.0,5.0,5.0,0,-0.15794999999999998,0.85379
156,0.0,0.0,0.0,0.0,0.0,0.0,0.0,0.0,0.0,0.0,0.0,0.0,0.0,0.0,0.0,0.0,0.0,0.0,0.0,0.0,0.0,0.0,0.0,0.0,0.0,0.0,0.0,0.0,0.0,0.0,0.0,0.0,0.0,0.0,0.0,0.0,0.0,0.0,0.0,0.0,0.0,0.0,0.0,0.0,0.0,0.0,0.0,0.0,0.0,0.0,0.0,0.0,0.0,0.0,0.0,0.01274,0.0,0.0,0.02936,0.0,0.0,0.0,0.0,0.0,0.0,0.0,0.10613,0.06704,0.0,0.0,0.03709,0.18756,0.0,0.0,0.0,0.0,0.0,0.05206,0.14233,0.0,0.0,0.0,0.0,0.11061,0.10024,0.0,0.0,0.0,0.00024,0.16993,0.0,0.0,0.0,0.0,0.0,0.0,0.17335,0.03237,0.0,0.0,0.06097,0.01085,0.0,0.0,0.0,0.0,0.0,0.0,0.0,0.12471,0.0,0.0,0.0,0.85379,5.0,5.0,5.0,5.0,5.0,0,-0.15794999999999998,0.85379
157,0.0,0.0,0.0,0.0,0.0,0.0,0.0,0.0,0.0,0.0,0.0,0.0,0.0,0.0,0.0,0.0,0.0,0.0,0.0,0.0,0.0,0.0,0.0,0.0,0.0,0.0,0.0,0.0,0.0,0.0,0.0,0.0,0.0,0.0,0.0,0.0,0.0,0.0,0.0,0.0,0.0,0.0,0.0,0.0,0.0,0.0,0.0,0.0,0.0,0.0,0.0,0.0,0.0,0.0,0.0,0.0,0.0,0.0,0.00018,0.0,0.0,0.0,0.0,0.0,0.0,0.0,0.1293,0.0543,0.0,0.0,0.04994,0.16179,0.0,0.0,0.0,0.0,0.0,0.07335,0.11769,0.0,0.0,0.0,0.0,0.13361,0.08149,0.0,0.0,0.0,0.0105,0.18231,0.0,0.0,0.0,0.0,0.0,0.0,0.15814,0.00425,0.0,0.0,0.14316,0.00171,0.0,0.0,0.0,0.0,0.0,0.0,0.00389,0.07871,0.0,0.0,-0.78975,0.85379,5.0,5.0,5.0,5.0,5.0,0,-0.15794999999999998,0.85379
158,0.0,0.0,0.0,0.0,0.0,0.0,0.0,0.0,0.0,0.0,0.0,0.0,0.0,0.0,0.0,0.0,0.0,0.0,0.0,0.0,0.0,0.0,0.0,0.0,0.0,0.0,0.0,0.0,0.0,0.0,0.0,0.0,0.0,0.0,0.0,0.0,0.0,0.0,0.0,0.0,0.0,0.0,0.0,0.0,0.0,0.0,0.0,0.0,0.0,0.0,0.0,0.0,0.0,0.0,0.0,0.0,0.0,0.0,0.0,0.0,0.0,0.0,0.0,0.0,0.0,0.0,0.04015,0.14169,0.0,0.0,0.0,0.18715,0.0,0.0,0.0,0.0,0.0,0.0,0.17565,0.0,0.0,0.0,0.0,0.06108,0.15525,0.0,0.0,0.0,0.0,0.16893,0.02476,0.0,0.0,0.0,0.0,0.0,0.13408,0.05943,0.0,0.0,0.04499,0.07353,0.0,0.0,0.0,0.0,0.0,0.0,0.0,0.04794,0.0,0.0,0.0,0.85379,5.0,5.0,5.0,5.0,5.0,0,-0.15794999999999998,0.85379
159,0.0,0.0,0.0,0.0,0.0,0.0,0.0,0.0,0.0,0.0,0.0,0.0,0.0,0.0,0.0,0.0,0.0,0.0,0.0,0.0,0.0,0.0,0.0,0.0,0.0,0.0,0.0,0.0,0.0,0.0,0.0,0.0,0.0,0.0,0.0,0.0,0.0,0.0,0.0,0.0,0.0,0.0,0.0,0.0,0.0,0.0,0.0,0.0,0.0,0.0,0.0,0.0,0.0,0.0,0.0,0.0,0.00106,0.0,0.0,0.0,0.0,0.0,0.0,0.0,0.0,0.0,0.0,0.12895,0.06527,0.0,0.0,0.0,0.08331,0.0,0.0,0.0,0.0,0.0,0.05696,0.14487,0.0,0.0,0.0,0.0,0.13196,0.07305,0.0,0.0,0.0,0.00737,0.21126,0.0,0.0,0.0,0.0,0.0,0.0,0.1954,0.00448,0.0,0.0,0.17311,0.00802,0.0,0.0,0.0,0.0,0.0,0.0,0.00566,0.06474,0.0,0.0,0.85379,5.0,5.0,5.0,5.0,5.0,0,0.18,0.85379
160,0.0,0.0,0.0,0.0,0.0,0.0,0.0,0.0,0.0,0.0,0.0,0.0,0.0,0.0,0.0,0.0,0.0,0.0,0.0,0.0,0.0,0.0,0.0,0.0,0.0,0.0,0.0,0.0,0.0,0.0,0.0,0.0,0.0,0.0,0.0,0.0,0.0,0.0,0.0,0.0,0.0,0.0,0.0,0.0,0.0,0.0,0.0,0.0,0.0,0.0,0.0,0.0,0.0,0.0,0.0,0.0,0.00177,0.0,0.0,0.0,0.0,0.0,0.0,0.0,0.0,0.0,0.0,0.06262,0.12612,0.0,0.0,0.0,0.00053,0.0,0.0,0.0,0.0,0.0,0.00265,0.2036,0.0,0.0,0.0,0.0,0.04298,0.12417,0.0,0.0,0.0,0.0,0.18219,0.01132,0.0,0.0,0.0,0.0,0.0,0.12653,0.06486,0.0,0.0,0.0921,0.074,0.0,0.0,0.0,0.0,0.0,0.0,0.0,0.09693,0.0,0.0,0.85379,5.0,5.0,5.0,5.0,5.0,0,0.18,0.85379
161,0.0,0.0,0.0,0.0,0.0,0.0,0.0,0.0,0.0,0.0,0.0,0.0,0.0,0.0,0.0,0.0,0.0,0.0,0.0,0.0,0.0,0.0,0.0,0.0,0.0,0.0,0.0,0.0,0.0,0.0,0.0,0.0,0.0,0.0,0.0,0.0,0.0,0.0,0.0,0.0,0.0,0.0,0.0,0.0,0.0,0.0,0.0,0.0,0.0,0.0,0.0,0.0,0.0,0.0,0.0,0.0,0.0,0.0,0.0,0.0,0.0,0.0,0.0,0.0,0.0,0.0,0.0,0.0,0.15649,0.01103,0.0,0.0,0.0,0.0,0.0,0.0,0.0,0.0,0.0,0.15696,0.05106,0.0,0.0,0.0,0.0,0.00991,0.00035,0.0,0.0,0.0,0.07075,0.14292,0.0,0.0,0.0,0.0,0.0,0.0,0.11851,0.0,0.0,0.0,0.12471,0.0,0.0,0.0,0.0,0.0,0.0,0.0,0.03921,0.03508,0.0,0.85379,5.0,5.0,5.0,5.0,5.0,0,0.18,0.85379
162,0.0,0.0,0.0,0.0,0.0,0.0,0.0,0.0,0.0,0.0,0.0,0.0,0.0,0.0,0.0,0.0,0.0,0.0,0.0,0.0,0.0,0.0,0.0,0.0,0.0,0.0,0.0,0.0,0.0,0.0,0.0,0.0,0.0,0.0,0.0,0.0,0.0,0.0,0.0,0.0,0.0,0.0,0.0,0.0,0.0,0.0,0.0,0.0,0.0,0.0,0.0,0.0,0.0,0.0,0.0,0.0,0.0,0.0,0.0,0.0,0.0,0.0,0.0,0.0,0.0,0.0,0.0,0.0,0.07594,0.07901,0.0,0.0,0.0,0.0,0.00654,0.0,0.0,0.0,0.0,0.03438,0.15472,0.0,0.0,0.0,0.0,0.0,0.01274,0.0,0.0,0.0,0.0,0.17123,0.0,0.0,0.0,0.0,0.0,0.0,0.0,0.04139,0.0,0.0,0.02989,0.0582,0.0,0.0,0.0,0.0,0.0,0.0,0.0,0.05537,0.9,0.85379,4.899,4.943,5.0,5.0,5.0,0,0.18,0.85379
163,0.0,0.0,0.0,0.0,0.0,0.0,0.0,0.0,0.0,0.0,0.0,0.0,0.0,0.0,0.0,0.0,0.0,0.0,0.0,0.0,0.0,0.0,0.0,0.0,0.0,0.0,0.0,0.0,0.0,0.0,0.0,0.0,0.0,0.0,0.0,0.0,0.0,0.0,0.0,0.0,0.0,0.0,0.0,0.0,0.0,0.0,0.0,0.0,0.0,0.0,0.0,0.0,0.0,0.0,0.0,0.0,0.0,0.00071,0.0,0.0,0.0,0.0,0.0,0.0,0.0,0.0,0.0,0.0,0.06551,0.12252,0.0,0.0,0.0,0.02064,0.00448,0.0,0.0,0.0,0.0,0.07117,0.14782,0.0,0.0,0.0,0.0,0.01185,0.13603,0.0,0.0,0.0,0.0,0.17176,0.0,0.0,0.0,0.0,0.0,0.0,0.0145,0.0,0.0,0.0,0.00708,0.0191,0.0,0.0,0.0,0.0,0.0,0.0,0.0,0.00336,0.0,0.85379,4.7,4.814,5.0,5.0,5.0,0,0.18,0.85379
164,0.0,0.0,0.0,0.0,0.0,0.0,0.0,0.0,0.0,0.0,0.0,0.0,0.0,0.0,0.0,0.0,0.0,0.0,0.0,0.0,0.0,0.0,0.0,0.0,0.0,0.0,0.0,0.0,0.0,0.0,0.0,0.0,0.0,0.0,0.0,0.0,0.0,0.0,0.0,0.0,0.0,0.0,0.0,0.0,0.0,0.0,0.0,0.0,0.0,0.0,0.0,0.0,0.0,0.0,0.0,0.0,0.0,0.00283,0.0,0.0,0.0,0.0,0.0,0.0,0.0,0.0,0.0,0.0,0.15212,0.06103,0.0,0.0,0.0,0.08779,0.00171,0.0,0.0,0.0,0.0,0.15607,0.04063,0.0,0.0,0.0,0.0,0.1921,0.01132,0.0,0.0,0.0,0.16433,0.06032,0.0,0.0,0.0,0.0,0.0,0.00531,0.17636,0.0,0.0,0.00212,0.075,0.0,0.0,0.0,0.0,0.0,0.0,0.0,0.07305,0.09835,0.0,0.85379,4.691,4.7635,5.0,5.0,5.0,0,0.0,0.85379
165,0.0,0.0,0.0,0.0,0.0,0.0,0.0,0.0,0.0,0.0,0.0,0.0,0.0,0.0,0.0,0.0,0.0,0.0,0.0,0.0,0.0,0.0,0.0,0.0,0.0,0.0,0.0,0.0,0.0,0.0,0.0,0.0,0.0,0.0,0.0,0.0,0.0,0.0,0.0,0.0,0.0,0.0,0.0,0.0,0.0,0.0,0.0,0.0,0.0,0.0,0.0,0.0,0.0,0.0,0.0,0.0,0.0,0.0,0.0,0.0,0.0,0.0,0.0,0.0,0.0,0.0,0.0,0.0,0.11775,0.02429,0.0,0.0,0.0,0.04817,0.0783,0.04953,0.0,0.0,0.0,0.14735,0.06757,0.0,0.0,0.0,0.0,0.19575,0.01403,0.0,0.0,0.0,0.14664,0.07146,0.0,0.0,0.0,0.0,0.0,0.00483,0.20601,0.0,0.0,0.08349,0.09782,0.0,0.0,0.0,0.0,0.0,0.0,0.0,0.08408,0.07583,0.0,0.85379,4.631,4.791,5.0,5.0,5.0,0,0.0,0.85379
166,0.0,0.0,0.0,0.0,0.0,0.0,0.0,0.0,0.0,0.0,0.0,0.0,0.0,0.0,0.0,0.0,0.0,0.0,0.0,0.0,0.0,0.0,0.0,0.0,0.0,0.0,0.0,0.0,0.0,0.0,0.0,0.0,0.0,0.0,0.0,0.0,0.0,0.0,0.0,0.0,0.0,0.0,0.0,0.0,0.0,0.0,0.0,0.0,0.0,0.0,0.0,0.0,0.0,0.0,0.0,0.0,0.0,0.0,0.0,0.0,0.0,0.0,0.0,0.0,0.0,0.0,0.0,0.0,0.07818,0.06368,0.0,0.0,0.0,0.0,0.099,0.08337,0.0,0.0,0.0,0.13284,0.09198,0.0,0.0,0.0,0.0,0.01338,0.1796,0.0,0.0,0.0,0.12294,0.1056,0.0,0.0,0.0,0.0,0.0,0.0,0.21297,0.0,0.0,0.06846,0.12028,0.0,0.0,0.0,0.0,0.0,0.0,0.0,0.10242,0.06598,0.0,0.85379,4.31,4.574,5.0,5.0,5.0,0,0.0,0.85379
167,0.0,0.0,0.0,0.0,0.0,0.0,0.0,0.0,0.0,0.0,0.0,0.0,0.0,0.0,0.0,0.0,0.0,0.0,0.0,0.0,0.0,0.0,0.0,0.0,0.0,0.0,0.0,0.0,0.0,0.0,0.0,0.0,0.0,0.0,0.0,0.0,0.0,0.0,0.0,0.0,0.0,0.0,0.0,0.0,0.0,0.0,0.0,0.0,0.0,0.0,0.0,0.0,0.0,0.0,0.0,0.0,0.0,0.0,0.0,0.0,0.0,0.0,0.0,0.0,0.0,0.0,0.0,0.0,0.06427,0.08202,0.0,0.0,0.0,0.0,0.0,0.0704,0.0,0.0,0.0,0.11097,0.09033,0.0,0.0,0.0,0.0,0.0,0.12093,0.04499,0.0,0.0,0.10348,0.1286,0.0,0.0,0.0,0.0,0.0,0.0,0.20519,0.0,0.0,0.04334,0.15265,0.0,0.0,0.0,0.0,0.0,0.0,0.0,0.09257,0.10678,0.0,0.85379,4.357,4.66,5.0,5.0,5.0,0,0.18,0.85379
168,0.0,0.0,0.0,0.0,0.0,0.0,0.0,0.0,0.0,0.0,0.0,0.0,0.0,0.0,0.0,0.0,0.0,0.0,0.0,0.0,0.0,0.0,0.0,0.0,0.0,0.0,0.0,0.0,0.0,0.0,0.0,0.0,0.0,0.0,0.0,0.0,0.0,0.0,0.0,0.0,0.0,0.0,0.0,0.0,0.0,0.0,0.0,0.0,0.0,0.0,0.0,0.0,0.0,0.0,0.0,0.0,0.0,0.0,0.0,0.0,0.0,0.0,0.0,0.0,0.0,0.0,0.0,0.0,0.01669,0.09086,0.01999,0.0,0.0,0.0,0.0,0.0,0.0,0.0,0.0,0.07642,0.15,0.0,0.0,0.0,0.0,0.0,0.0,0.14841,0.0,0.0,0.06315,0.16185,0.0,0.0,0.0,0.0,0.0,0.0,0.0,0.17512,0.0,0.02046,0.19499,0.0,0.0,0.0,0.0,0.0,0.0,0.0,0.0,0.20183,0.0,0.85379,4.455,4.68,5.0,5.0,5.0,0,0.18,0.85379
169,0.0,0.0,0.0,0.0,0.0,0.0,0.0,0.0,0.0,0.0,0.0,0.0,0.0,0.0,0.0,0.0,0.0,0.0,0.0,0.0,0.0,0.0,0.0,0.0,0.0,0.0,0.0,0.0,0.0,0.0,0.0,0.0,0.0,0.0,0.0,0.0,0.0,0.0,0.0,0.0,0.0,0.0,0.0,0.0,0.0,0.0,0.0,0.0,0.0,0.0,0.0,0.0,0.0,0.0,0.0,0.0,0.0,0.0,0.0,0.0,0.0,0.0,0.0,0.0,0.0,0.0,0.0,0.0,0.0,0.01592,0.00248,0.0,0.0,0.0,0.0,0.0,0.0,0.0,0.0,0.0,0.16574,0.05802,0.0,0.0,0.0,0.0,0.0,0.0,0.0,0.0,0.00548,0.21138,0.026,0.0,0.0,0.0,0.0,0.0,0.0,0.0,0.0,0.0,0.18555,0.00814,0.0,0.0,0.0,0.0,0.0,0.0,0.0,0.0,0.0,0.85379,3.552,3.7475,4.4065,5.0,5.0,0,0.18,0.85379
170,0.0,0.0,0.0,0.0,0.0,0.0,0.0,0.0,0.0,0.0,0.0,0.0,0.0,0.0,0.0,0.0,0.0,0.0,0.0,0.0,0.0,0.0,0.0,0.0,0.0,0.0,0.0,0.0,0.0,0.0,0.0,0.0,0.0,0.0,0.0,0.0,0.0,0.0,0.0,0.0,0.0,0.0,0.0,0.0,0.0,0.0,0.0,0.0,0.0,0.0,0.0,0.0,0.0,0.0,0.0,0.0,0.0,0.0,0.0,0.0,0.0,0.02158,0.00018,0.0,0.0,0.0,0.0,0.0,0.0,0.0,0.04469,0.01032,0.00248,0.03166,0.0,0.0,0.0,0.0,0.0,0.0,0.0,0.04917,0.04953,0.0,0.0,0.0,0.0,0.0,0.0,0.0,0.0,0.06586,0.15118,0.0,0.0,0.0,0.0,0.0,0.0,0.0,0.0,0.0,0.05342,0.14275,0.0,0.0,0.0,0.0,0.0,0.0,0.0,0.0,0.9,0.85379,3.104,3.527,4.5295,5.0,4.918,0,0.323712,0.85379
171,0.0,0.0,0.0,0.0,0.0,0.0,0.0,0.0,0.0,0.0,0.0,0.0,0.0,0.0,0.0,0.0,0.0,0.0,0.0,0.0,0.0,0.0,0.0,0.0,0.0,0.0,0.0,0.0,0.0,0.0,0.0,0.0,0.0,0.0,0.0,0.0,0.0,0.0,0.0,0.0,0.0,0.0,0.0,0.0,0.0,0.0,0.0,0.0,0.0,0.0,0.0,0.0,0.0,0.0,0.0,0.0,0.0,0.0,0.0,0.0,0.0,0.0,0.0,0.0,0.0,0.0,0.0,0.0,0.0,0.0,0.06215,0.1013,0.03414,0.0,0.0,0.0,0.0,0.0,0.0,0.0,0.0217,0.16333,0.04882,0.0,0.0,0.0,0.0,0.0,0.0,0.0,0.0,0.06392,0.12594,0.00012,0.0,0.0,0.0,0.0,0.0,0.0,0.0,0.0,0.08243,0.05837,0.0,0.0,0.0,0.0,0.0,0.0,0.0,0.0,0.0,0.85379,2.659,3.3085,4.8685,5.0,4.821,0,0.5037119999999999,0.85379
172,0.0,0.0,0.0,0.0,0.0,0.0,0.0,0.0,0.0,0.0,0.0,0.0,0.0,0.0,0.0,0.0,0.0,0.0,0.0,0.0,0.0,0.0,0.0,0.0,0.0,0.0,0.0,0.0,0.0,0.0,0.0,0.0,0.0,0.0,0.0,0.0,0.0,0.0,0.0,0.0,0.0,0.0,0.0,0.0,0.0,0.0,0.0,0.0,0.0,0.0,0.0,0.0,0.0,0.0,0.0,0.0,0.0,0.0,0.0,0.0,0.0,0.0,0.0,0.0,0.0,0.0,0.0,0.0,0.0,0.0,0.10059,0.13815,0.05896,0.0,0.0,0.0,0.0,0.0,0.0,0.0,0.0217,0.15678,0.05059,0.0,0.0,0.0,0.0,0.0,0.0,0.0,0.0,0.06509,0.10224,0.0,0.0,0.0,0.0,0.0,0.0,0.0,0.0,0.0,0.08048,0.14629,0.0,0.0,0.0,0.0,0.0,0.0,0.0,0.0,0.0,0.85379,3.3765,4.2405,5.0,5.0,4.774,0,0.5037119999999999,0.85379
173,0.0,0.0,0.0,0.0,0.0,0.0,0.0,0.0,0.0,0.0,0.0,0.0,0.0,0.0,0.0,0.0,0.0,0.0,0.0,0.0,0.0,0.0,0.0,0.0,0.0,0.0,0.0,0.0,0.0,0.0,0.0,0.0,0.0,0.0,0.0,0.0,0.0,0.0,0.0,0.0,0.0,0.0,0.0,0.0,0.0,0.0,0.0,0.0,0.0,0.0,0.0,0.0,0.0,0.0,0.0,0.0,0.0,0.0,0.0,0.0,0.0,0.0,0.0,0.0,0.0,0.0,0.0,0.0,0.0,0.0,0.00106,0.13632,0.13644,0.02211,0.0,0.0,0.0,0.0,0.0,0.0,0.0,0.0987,0.1441,0.01456,0.0,0.0,0.0,0.0,0.0,0.0,0.0,0.0,0.12677,0.06887,0.0,0.0,0.0,0.0,0.0,0.0,0.0,0.0,0.0,0.04746,0.03178,0.0,0.0,0.0,0.0,0.0,0.0,0.0,0.71856,0.85379,2.7365,3.6185,5.0,5.0,4.701,0,0.6837120000000001,0.85379
174,0.0,0.0,0.0,0.0,0.0,0.0,0.0,0.0,0.0,0.0,0.0,0.0,0.0,0.0,0.0,0.0,0.0,0.0,0.0,0.0,0.0,0.0,0.0,0.0,0.0,0.0,0.0,0.0,0.0,0.0,0.0,0.0,0.0,0.0,0.0,0.0,0.0,0.0,0.0,0.0,0.0,0.0,0.0,0.0,0.0,0.0,0.0,0.0,0.0,0.0,0.0,0.0,0.0,0.0,0.0,0.0,0.0,0.0,0.0,0.0,0.0,0.00584,0.0,0.0,0.0,0.0,0.0,0.0,0.0,0.0,0.0,0.07989,0.16173,0.04741,0.0,0.0,0.0,0.0,0.0,0.0,0.0,0.00849,0.18272,0.09711,0.0,0.0,0.0,0.0,0.0,0.0,0.0,0.0,0.05271,0.17565,0.00159,0.0,0.0,0.0,0.0,0.0,0.0,0.0,0.0,0.0316,0.16138,0.0,0.0,0.0,0.0,0.0,0.0,0.0,0.9,0.85379,2.9905,3.8525,5.0,4.852,4.642,0,0.8637119999999999,0.85379
175,0.0,0.0,0.0,0.0,0.0,0.0,0.0,0.0,0.0,0.0,0.0,0.0,0.0,0.0,0.0,0.0,0.0,0.0,0.0,0.0,0.0,0.0,0.0,0.0,0.0,0.0,0.0,0.0,0.0,0.0,0.0,0.0,0.0,0.0,0.0,0.0,0.0,0.0,0.0,0.0,0.0,0.0,0.0,0.0,0.0,0.0,0.0,0.0,0.0,0.0,0.0,0.0,0.0,0.0,0.0,0.0,0.0,0.0,0.0,0.0,0.00513,0.0,0.0,0.0,0.0,0.0,0.0,0.0,0.0,0.0,0.0,0.14009,0.12152,0.0,0.0,0.0,0.0,0.0,0.0,0.0,0.0,0.01274,0.1987,0.04947,0.0,0.0,0.0,0.0,0.0,0.0,0.0,0.0,0.04233,0.17771,0.00142,0.0,0.0,0.0,0.0,0.0,0.0,0.0,0.0,0.0217,0.1069,0.0,0.0,0.0,0.0,0.0,0.0,0.0,0.9,0.85379,3.022,3.9345,5.0,4.704,4.595,0,0.9,0.85379
176,0.0,0.0,0.0,0.0,0.0,0.0,0.0,0.0,0.0,0.0,0.0,0.0,0.0,0.0,0.0,0.0,0.0,0.0,0.0,0.0,0.0,0.0,0.0,0.0,0.0,0.0,0.0,0.0,0.0,0.0,0.0,0.0,0.0,0.0,0.0,0.0,0.0,0.0,0.0,0.0,0.0,0.0,0.0,0.0,0.0,0.0,0.0,0.0,0.0,0.0,0.0,0.0,0.0,0.0,0.0,0.0,0.0,0.0,0.0,0.0,0.01733,0.0,0.0,0.0,0.0,0.0,0.0,0.0,0.0,0.0,0.00153,0.19121,0.05666,0.0,0.0,0.0,0.0,0.0,0.0,0.0,0.0,0.02017,0.21415,0.01439,0.0,0.0,0.0,0.0,0.0,0.0,0.0,0.0,0.0309,0.21073,0.00053,0.0,0.0,0.0,0.0,0.0,0.0,0.0,0.0,0.02518,0.18815,0.0,0.0,0.0,0.0,0.0,0.0,0.0,0.9,0.85379,3.057,4.3575,5.0,4.596,4.578,0,0.9,0.8553700000000001
177,0.0,0.0,0.0,0.0,0.0,0.0,0.0,0.0,0.0,0.0,0.0,0.0,0.0,0.0,0.0,0.0,0.0,0.0,0.0,0.0,0.0,0.0,0.0,0.0,0.0,0.0,0.0,0.0,0.0,0.0,0.0,0.0,0.0,0.0,0.0,0.0,0.0,0.0,0.0,0.0,0.0,0.0,0.0,0.0,0.0,0.0,0.0,0.0,0.0,0.0,0.0,0.0,0.0,0.0,0.0,0.0,0.0,0.0,0.0,0.01521,0.00159,0.0,0.0,0.0,0.0,0.0,0.0,0.0,0.0,0.0,0.06804,0.17058,0.0,0.0,0.0,0.0,0.0,0.0,0.0,0.0,0.0,0.06439,0.16751,0.0,0.0,0.0,0.0,0.0,0.0,0.0,0.0,0.0,0.05802,0.16044,0.0,0.0,0.0,0.0,0.0,0.0,0.0,0.0,0.0,0.02907,0.17506,0.0,0.0,0.0,0.0,0.0,0.0,0.0,0.9,0.85379,3.1115,4.9165,4.897,4.529,4.762,0,0.9,0.863274
178,0.0,0.0,0.0,0.0,0.0,0.0,0.0,0.0,0.0,0.0,0.0,0.0,0.0,0.0,0.0,0.0,0.0,0.0,0.0,0.0,0.0,0.0,0.0,0.0,0.0,0.0,0.0,0.0,0.0,0.0,0.0,0.0,0.0,0.0,0.0,0.0,0.0,0.0,0.0,0.0,0.0,0.0,0.0,0.0,0.0,0.0,0.0,0.0,0.0,0.0,0.0,0.0,0.0,0.0,0.0,0.0,0.0,0.0,0.0,0.02176,0.0,0.0,0.0,0.0,0.0,0.0,0.0,0.0,0.0,0.0,0.15519,0.06963,0.0,0.0,0.0,0.0,0.0,0.0,0.0,0.0,0.0,0.13797,0.08154,0.0,0.0,0.0,0.0,0.0,0.0,0.0,0.0,0.0,0.10218,0.11716,0.0,0.0,0.0,0.0,0.0,0.0,0.0,0.0,0.0,0.04835,0.14676,0.0,0.0,0.0,0.0,0.0,0.0,0.0,0.9,0.85379,3.1365,5.0,4.847,4.488,4.746,0,0.72,0.8695959999999999
179,0.0,0.0,0.0,0.0,0.0,0.0,0.0,0.0,0.0,0.0,0.0,0.0,0.0,0.0,0.0,0.0,0.0,0.0,0.0,0.0,0.0,0.0,0.0,0.0,0.0,0.0,0.0,0.0,0.0,0.0,0.0,0.0,0.0,0.0,0.0,0.0,0.0,0.0,0.0,0.0,0.0,0.0,0.0,0.0,0.0,0.0,0.0,0.0,0.0,0.0,0.0,0.0,0.0,0.0,0.0,0.0,0.0,0.0,0.00713,0.02329,0.0,0.0,0.0,0.0,0.0,0.0,0.0,0.0,0.0,0.01274,0.20342,0.00389,0.0,0.0,0.0,0.05731,0.0,0.0,0.0,0.0,0.0,0.22252,0.00318,0.0,0.0,0.0,0.0,0.0,0.0,0.0,0.0,0.0,0.16562,0.04487,0.0,0.0,0.0,0.0,0.0,0.0,0.0,0.0,0.0,0.07453,0.10324,0.0,0.0,0.0,0.0,0.0,0.0,0.0,0.9,0.86169,3.2645,5.0,4.7855,4.448,4.767,0,0.54,0.8806620000000001
180,0.0,0.0,0.0,0.0,0.0,0.0,0.0,0.0,0.0,0.0,0.0,0.0,0.0,0.0,0.0,0.0,0.0,0.0,0.0,0.0,0.0,0.0,0.0,0.0,0.0,0.0,0.0,0.0,0.0,0.0,0.0,0.0,0.0,0.0,0.0,0.0,0.0,0.0,0.0,0.0,0.0,0.0,0.0,0.0,0.0,0.0,0.0,0.0,0.0,0.0,0.0,0.0,0.0,0.0,0.0,0.0,0.0,0.0,0.03821,0.0,0.0,0.0,0.0,0.0,0.0,0.0,0.0,0.0,0.0,0.09393,0.1056,0.0,0.0,0.0,0.11209,0.07187,0.0,0.0,0.0,0.0,0.04752,0.1658,0.0,0.0,0.0,0.0,0.0,0.19794,0.0,0.0,0.0,0.0,0.20006,0.0,0.0,0.0,0.0,0.0,0.0,0.0207,0.0,0.0,0.0,0.11686,0.03473,0.0,0.0,0.0,0.0,0.0,0.0,0.0,0.9,0.89331,3.2165,5.0,4.784,4.438,4.7585,0,0.36000000000000004,0.893308
181,0.0,0.0,0.0,0.0,0.0,0.0,0.0,0.0,0.0,0.0,0.0,0.0,0.0,0.0,0.0,0.0,0.0,0.0,0.0,0.0,0.0,0.0,0.0,0.0,0.0,0.0,0.0,0.0,0.0,0.0,0.0,0.0,0.0,0.0,0.0,0.0,0.0,0.0,0.0,0.0,0.0,0.0,0.0,0.0,0.0,0.0,0.0,0.0,0.0,0.0,0.0,0.0,0.0,0.0,0.0,0.0,0.0,0.0,0.02742,0.0,0.0,0.0,0.0,0.0,0.0,0.0,0.0,0.0,0.0,0.15566,0.04228,0.0,0.0,0.0,0.19051,0.0,0.0,0.0,0.0,0.0,0.13838,0.07335,0.0,0.0,0.0,0.0,0.07329,0.13367,0.0,0.0,0.0,0.04051,0.15973,0.0,0.0,0.0,0.0,0.0,0.0,0.13726,0.0,0.0,0.0,0.13178,0.0,0.0,0.0,0.0,0.0,0.0,0.0,0.0,0.0,0.8854,3.7335,5.0,4.328,4.3825,4.729,0,0.18,0.904374
182,0.0,0.0,0.0,0.0,0.0,0.0,0.0,0.0,0.0,0.0,0.0,0.0,0.0,0.0,0.0,0.0,0.0,0.0,0.0,0.0,0.0,0.0,0.0,0.0,0.0,0.0,0.0,0.0,0.0,0.0,0.0,0.0,0.0,0.0,0.0,0.0,0.0,0.0,0.0,0.0,0.0,0.0,0.0,0.0,0.0,0.0,0.0,0.0,0.0,0.0,0.0,0.0,0.0,0.0,0.0,0.0,0.0,0.00142,0.01557,0.0,0.0,0.0,0.00407,0.0,0.0,0.0,0.0,0.0,0.00083,0.20542,0.00389,0.0,0.0,0.00094,0.20654,0.0,0.0,0.0,0.0,0.0,0.18945,0.0145,0.0,0.0,0.0,0.0,0.12671,0.06574,0.0,0.0,0.0,0.08591,0.08815,0.0,0.0,0.0,0.0,0.0,0.0,0.17512,0.0,0.0,0.0,0.06103,0.0,0.0,0.0,0.0,0.0,0.0,0.0,0.0,0.0,0.90912,3.7265,4.866,4.318,4.5745,4.7045,0,0.18,0.909116
183,0.0,0.0,0.0,0.0,0.0,0.0,0.0,0.0,0.0,0.0,0.0,0.0,0.0,0.0,0.0,0.0,0.0,0.0,0.0,0.0,0.0,0.0,0.0,0.0,0.0,0.0,0.0,0.0,0.0,0.0,0.0,0.0,0.0,0.0,0.0,0.0,0.0,0.0,0.0,0.0,0.0,0.0,0.0,0.0,0.0,0.0,0.0,0.0,0.0,0.0,0.0,0.0,0.0,0.0,0.0,0.0,0.0,0.00478,0.00902,0.0,0.0,0.0,0.00106,0.0,0.0,0.0,0.0,0.0,0.00271,0.16975,0.00407,0.0,0.0,0.0,0.20483,0.0,0.0,0.0,0.0,0.0,0.19823,0.01333,0.0,0.0,0.0,0.0,0.10466,0.0832,0.0,0.0,0.0,0.10719,0.08561,0.0,0.0,0.0,0.0,0.0,0.0,0.17176,0.0,0.0,0.0,0.10932,0.0,0.0,0.0,0.0,0.0,0.0,0.0,0.0,0.0,0.91702,3.4795,4.61,4.239,4.538,4.655,0,0.18,0.91386
184,0.0,0.0,0.0,0.0,0.0,0.0,0.0,0.0,0.0,0.0,0.0,0.0,0.0,0.0,0.0,0.0,0.0,0.0,0.0,0.0,0.0,0.0,0.0,0.0,0.0,0.0,0.0,0.0,0.0,0.0,0.0,0.0,0.0,0.0,0.0,0.0,0.0,0.0,0.0,0.0,0.0,0.0,0.0,0.0,0.0,0.0,0.0,0.0,0.0,0.0,0.0,0.0,0.0,0.0,0.0,0.0,0.0,0.00177,0.00937,0.0,0.0,0.0,0.0,0.0,0.0,0.0,0.0,0.0,0.00029,0.19906,0.00531,0.0,0.0,0.0,0.12736,0.0,0.0,0.0,0.0,0.0,0.19687,0.02459,0.0,0.0,0.0,0.0,0.09823,0.10147,0.0,0.0,0.0,0.11044,0.08732,0.0,0.0,0.0,0.0,0.0,0.0,0.13001,0.0,0.0,0.0,0.05183,0.0,0.0,0.0,0.0,0.0,0.0,0.0,0.0,0.0,0.91702,3.6005,4.299,4.151,4.349,4.562,0,0.18,0.91386
185,0.0,0.0,0.0,0.0,0.0,0.0,0.0,0.0,0.0,0.0,0.0,0.0,0.0,0.0,0.0,0.0,0.0,0.0,0.0,0.0,0.0,0.0,0.0,0.0,0.0,0.0,0.0,0.0,0.0,0.0,0.0,0.0,0.0,0.0,0.0,0.0,0.0,0.0,0.0,0.0,0.0,0.0,0.0,0.0,0.0,0.0,0.0,0.0,0.0,0.0,0.0,0.0,0.0,0.0,0.0,0.0,0.0,0.0,0.0214,0.0,0.0,0.0,0.0,0.0,0.0,0.0,0.0,0.0,0.0,0.18591,0.02282,0.0,0.0,0.0,0.01804,0.0,0.0,0.0,0.0,0.0,0.17193,0.04139,0.0,0.0,0.0,0.0,0.06887,0.11297,0.0,0.0,0.0,0.08526,0.12152,0.0,0.0,0.0,0.0,0.0,0.0,0.11781,0.0,0.0,0.0,0.14151,0.0,0.0,0.0,0.0,0.0,0.0,0.0,0.0,0.9,0.91702,2.7415,3.877,3.956,4.3775,4.806,0,0.18,0.91228
186,0.0,0.0,0.0,0.0,0.0,0.0,0.0,0.0,0.0,0.0,0.0,0.0,0.0,0.0,0.0,0.0,0.0,0.0,0.0,0.0,0.0,0.0,0.0,0.0,0.0,0.0,0.0,0.0,0.0,0.0,0.0,0.0,0.0,0.0,0.0,0.0,0.0,0.0,0.0,0.0,0.0,0.0,0.0,0.0,0.0,0.0,0.0,0.0,0.0,0.0,0.0,0.0,0.0,0.0,0.0,0.0,0.0,0.0,0.0,0.0,0.0,0.0,0.0,0.0,0.0,0.0,0.0,0.02187,0.05949,0.0,0.0,0.0,0.0,0.0,0.0,0.0,0.0,0.0,0.05324,0.09711,0.0,0.0,0.0,0.0,0.0,0.0,0.0,0.0,0.0,0.00024,0.18178,0.0,0.0,0.0,0.0,0.0,0.0,0.05112,0.04935,0.0,0.0,0.02176,0.01274,0.0,0.0,0.0,0.0,0.0,0.0,0.0,0.10678,0.0227,0.0,0.90912,3.599,3.617,3.9245,5.0,5.0,0,0.18,0.907538
187,0.0,0.0,0.0,0.0,0.0,0.0,0.0,0.0,0.0,0.0,0.0,0.0,0.0,0.0,0.0,0.0,0.0,0.0,0.0,0.0,0.0,0.0,0.0,0.0,0.0,0.0,0.0,0.0,0.0,0.0,0.0,0.0,0.0,0.0,0.0,0.0,0.0,0.0,0.0,0.0,0.0,0.0,0.0,0.0,0.0,0.0,0.0,0.0,0.0,0.0,0.0,0.0,0.0,0.0,0.0,0.0,0.0,0.0,0.0,0.0,0.0,0.0,0.0,0.0,0.0,0.0,0.00478,0.15029,0.01616,0.0,0.0,0.0,0.00159,0.0,0.0,0.0,0.0,0.00507,0.19357,0.0,0.0,0.0,0.0,0.0,0.0,0.0,0.0,0.0,0.0,0.21733,0.00961,0.0,0.0,0.0,0.0,0.0,0.01592,0.11285,0.0,0.0,0.12294,0.03485,0.0,0.0,0.0,0.0,0.0,0.0,0.0,0.11958,0.0559,0.0,0.0,0.90912,3.494,3.538,3.9205,5.0,5.0,0,0.0,0.8996339473684211
188,0.0,0.0,0.0,0.0,0.0,0.0,0.0,0.0,0.0,0.0,0.0,0.0,0.0,0.0,0.0,0.0,0.0,0.0,0.0,0.0,0.0,0.0,0.0,0.0,0.0,0.0,0.0,0.0,0.0,0.0,0.0,0.0,0.0,0.0,0.0,0.0,0.0,0.0,0.0,0.0,0.0,0.0,0.0,0.0,0.0,0.0,0.0,0.0,0.0,0.0,0.0,0.0,0.0,0.0,0.0,0.0,0.0,0.0,0.0,0.0,0.0,0.0,0.0,0.0,0.0,0.0,0.02158,0.08084,0.00053,0.0,0.0,0.0,0.00566,0.0,0.0,0.0,0.0,0.02801,0.15631,0.0,0.0,0.0,0.0,0.0,0.0,0.0,0.0,0.0,0.02441,0.20218,0.0,0.0,0.0,0.0,0.0,0.0,0.0,0.0,0.0,0.0,0.18803,0.0,0.0,0.0,0.0,0.0,0.0,0.0,0.0,0.0,0.0,0.0,0.0,0.90912,3.543,3.541,3.9915,5.0,5.0,0,0.0,0.8901478421052632
189,0.0,0.0,0.0,0.0,0.0,0.0,0.0,0.0,0.0,0.0,0.0,0.0,0.0,0.0,0.0,0.0,0.0,0.0,0.0,0.0,0.0,0.0,0.0,0.0,0.0,0.0,0.0,0.0,0.0,0.0,0.0,0.0,0.0,0.0,0.0,0.0,0.0,0.0,0.0,0.0,0.0,0.0,0.0,0.0,0.0,0.0,0.0,0.0,0.0,0.0,0.0,0.0,0.0,0.0,0.0,0.0,0.0,0.0,0.0,0.0,0.0,0.0,0.0,0.0,0.0,0.0,0.0,0.07724,0.00537,0.0,0.0,0.0,0.03697,0.0,0.0,0.0,0.0,0.05029,0.13066,0.01167,0.0,0.0,0.0,0.0,0.02017,0.0,0.0,0.0,0.07612,0.1388,0.0,0.0,0.0,0.0,0.0,0.0,0.0,0.0,0.0,0.0,0.13178,0.0,0.0,0.0,0.0,0.0,0.0,0.0,0.0,0.0,0.0,0.0,0.0,0.89331,3.394,3.5245,3.9135,5.0,4.3525,0,0.0,0.8774996842105264
190,0.0,0.0,0.0,0.0,0.0,0.0,0.0,0.0,0.0,0.0,0.0,0.0,0.0,0.0,0.0,0.0,0.0,0.0,0.0,0.0,0.0,0.0,0.0,0.0,0.0,0.0,0.0,0.0,0.0,0.0,0.0,0.0,0.0,0.0,0.0,0.0,0.0,0.0,0.0,0.0,0.0,0.0,0.0,0.0,0.0,0.0,0.0,0.0,0.0,0.0,0.0,0.0,0.0,0.0,0.0,0.0,0.00283,0.0,0.0,0.0,0.0,0.0,0.0,0.0,0.0,0.0,0.00248,0.09581,0.02995,0.0,0.0,0.0,0.0,0.0,0.00035,0.0,0.0,0.03544,0.15472,0.00212,0.0,0.0,0.0,0.00295,0.15448,0.0,0.0,0.0,0.07647,0.15578,0.0,0.0,0.0,0.0,0.0,0.0,0.0,0.0,0.0,0.0,0.03449,0.0,0.0,0.0,0.0,0.0,0.0,0.0,0.0,0.0,0.0,0.0,0.0,0.0,3.341,3.433,3.893,5.0,4.329,0,0.0,0.8616894736842106
191,0.0,0.0,0.0,0.0,0.0,0.0,0.0,0.0,0.0,0.0,0.0,0.0,0.0,0.0,0.0,0.0,0.0,0.0,0.0,0.0,0.0,0.0,0.0,0.0,0.0,0.0,0.0,0.0,0.0,0.0,0.0,0.0,0.0,0.0,0.0,0.0,0.0,0.0,0.0,0.0,0.0,0.0,0.0,0.0,0.0,0.0,0.0,0.0,0.0,0.0,0.0,0.0,0.0,0.0,0.0,0.0,0.01079,0.0,0.0,0.0,0.0,0.0,0.0,0.0,0.0,0.0,0.00725,0.09086,0.04163,0.0,0.0,0.0,0.0,0.0,0.0,0.0,0.0,0.04062,0.15908,0.00053,0.0,0.0,0.0,0.00053,0.12488,0.0,0.0,0.0,0.08768,0.15678,0.0,0.0,0.0,0.0,0.0,0.0,0.06103,0.0,0.0,0.0,0.0918,0.0,0.0,0.0,0.0,0.0,0.0,0.0,0.0,0.0,0.0,0.0,0.0,0.0,3.333,3.5245,3.871,5.0,4.299,0,0.0,0.8458792105263159
192,0.0,0.0,0.0,0.0,0.0,0.0,0.0,0.0,0.0,0.0,0.0,0.0,0.0,0.0,0.0,0.0,0.0,0.0,0.0,0.0,0.0,0.0,0.0,0.0,0.0,0.0,0.0,0.0,0.0,0.0,0.0,0.0,0.0,0.0,0.0,0.0,0.0,0.0,0.0,0.0,0.0,0.0,0.0,0.0,0.0,0.0,0.0,0.0,0.0,0.0,0.0,0.0,0.0,0.0,0.0,0.0,0.00442,0.0,0.0,0.0,0.0,0.0,0.0,0.0,0.0,0.0,0.0046,0.09976,0.05236,0.0,0.0,0.0,0.0,0.0,0.0,0.0,0.0,0.03697,0.16875,0.00124,0.0,0.0,0.0,0.00472,0.12512,0.0,0.0,0.0,0.08833,0.15985,0.0,0.0,0.0,0.0,0.0,0.0,0.06156,0.0,0.0,0.0,0.0964,0.0,0.0,0.0,0.0,0.0,0.0,0.0,0.00937,0.0,0.0,0.0,0.0,0.0,3.298,3.424,3.872,5.0,4.299,0,0.0,0.8300689473684211
193,0.0,0.0,0.0,0.0,0.0,0.0,0.0,0.0,0.0,0.0,0.0,0.0,0.0,0.0,0.0,0.0,0.0,0.0,0.0,0.0,0.0,0.0,0.0,0.0,0.0,0.0,0.0,0.0,0.0,0.0,0.0,0.0,0.0,0.0,0.0,0.0,0.0,0.0,0.0,0.0,0.0,0.0,0.0,0.0,0.0,0.0,0.0,0.0,0.0,0.0,0.0,0.0,0.0,0.0,0.0,0.0,0.00053,0.0,0.0,0.0,0.0,0.0,0.0,0.0,0.0,0.0,0.00318,0.04387,0.03361,0.0,0.0,0.0,0.0,0.0,0.0,0.0,0.0,0.03485,0.16822,0.0023,0.0,0.0,0.0,0.0,0.0,0.0,0.0,0.0,0.08361,0.16315,0.0,0.0,0.0,0.0,0.0,0.0,0.0,0.0,0.0,0.0,0.10259,0.0,0.0,0.0,0.0,0.0,0.0,0.0,0.00778,0.0,0.0,0.0,0.0,0.0,3.337,3.5295,3.87,5.0,4.304,0,0.0,0.8142586842105264
194,0.0,0.0,0.0,0.0,0.0,0.0,0.0,0.0,0.0,0.0,0.0,0.0,0.0,0.0,0.0,0.0,0.0,0.0,0.0,0.0,0.0,0.0,0.0,0.0,0.0,0.0,0.0,0.0,0.0,0.0,0.0,0.0,0.0,0.0,0.0,0.0,0.0,0.0,0.0,0.0,0.0,0.0,0.0,0.0,0.0,0.0,0.0,0.0,0.0,0.0,0.0,0.0,0.0,0.0,0.0,0.0,0.0,0.0,0.0,0.0,0.0,0.0,0.0,0.0,0.0,0.0,0.00177,0.03856,0.00991,0.0,0.0,0.0,0.0,0.0,0.0,0.0,0.0,0.03379,0.16946,0.0023,0.0,0.0,0.0,0.0,0.0,0.0,0.0,0.0,0.08255,0.16474,0.0,0.0,0.0,0.0,0.0,0.0,0.0,0.0,0.0,0.0,0.10083,0.0,0.0,0.0,0.0,0.0,0.0,0.0,0.00159,0.0,0.0,0.0,0.0,0.0,3.319,3.5115,3.875,5.0,4.291,0,0.0,0.7984484210526317
195,0.0,0.0,0.0,0.0,0.0,0.0,0.0,0.0,0.0,0.0,0.0,0.0,0.0,0.0,0.0,0.0,0.0,0.0,0.0,0.0,0.0,0.0,0.0,0.0,0.0,0.0,0.0,0.0,0.0,0.0,0.0,0.0,0.0,0.0,0.0,0.0,0.0,0.0,0.0,0.0,0.0,0.0,0.0,0.0,0.0,0.0,0.0,0.0,0.0,0.0,0.0,0.0,0.0,0.0,0.0,0.0,0.0,0.0,0.0,0.0,0.0,0.0,0.0,0.0,0.0,0.0,0.00265,0.03272,0.01274,0.0,0.0,0.0,0.0,0.0,0.0,0.0,0.0,0.03414,0.1684,0.0023,0.0,0.0,0.0,0.0,0.0,0.0,0.0,0.0,0.08166,0.16509,0.0,0.0,0.0,0.0,0.0,0.0,0.0,0.0,0.0,0.0,0.10277,0.0,0.0,0.0,0.0,0.0,0.0,0.0,0.00106,0.0,0.0,0.0,0.0,0.0,3.338,3.4735,3.866,5.0,4.295,0,0.0,0.7826381578947369
196,0.0,0.0,0.0,0.0,0.0,0.0,0.0,0.0,0.0,0.0,0.0,0.0,0.0,0.0,0.0,0.0,0.0,0.0,0.0,0.0,0.0,0.0,0.0,0.0,0.0,0.0,0.0,0.0,0.0,0.0,0.0,0.0,0.0,0.0,0.0,0.0,0.0,0.0,0.0,0.0,0.0,0.0,0.0,0.0,0.0,0.0,0.0,0.0,0.0,0.0,0.0,0.0,0.0,0.0,0.0,0.0,0.0,0.0,0.0,0.0,0.0,0.0,0.0,0.0,0.0,0.0,0.00177,0.0582,0.0092,0.0,0.0,0.0,0.0,0.0,0.0,0.0,0.0,0.03414,0.16645,0.0023,0.0,0.0,0.0,0.0,0.0,0.0,0.0,0.0,0.08149,0.16439,0.0,0.0,0.0,0.0,0.0,0.0,0.0,0.0,0.0,0.0,0.10277,0.0,0.0,0.0,0.0,0.0,0.0,0.0,0.00265,0.0,0.0,0.0,0.0,0.0,3.328,3.4645,3.863,5.0,4.295,0,0.0,0.7668278947368421
197,0.0,0.0,0.0,0.0,0.0,0.0,0.0,0.0,0.0,0.0,0.0,0.0,0.0,0.0,0.0,0.0,0.0,0.0,0.0,0.0,0.0,0.0,0.0,0.0,0.0,0.0,0.0,0.0,0.0,0.0,0.0,0.0,0.0,0.0,0.0,0.0,0.0,0.0,0.0,0.0,0.0,0.0,0.0,0.0,0.0,0.0,0.0,0.0,0.0,0.0,0.0,0.0,0.0,0.0,0.0,0.0,0.0,0.0,0.0,0.0,0.0,0.0,0.0,0.0,0.0,0.0,0.00212,0.05106,0.00873,0.0,0.0,0.0,0.0,0.0,0.0,0.0,0.0,0.03396,0.1684,0.00248,0.0,0.0,0.0,0.0,0.0,0.0,0.0,0.0,0.08096,0.16368,0.0,0.0,0.0,0.0,0.0,0.0,0.0,0.0,0.0,0.0,0.10153,0.0,0.0,0.0,0.0,0.0,0.0,0.0,0.0184,0.0,0.0,0.0,0.0,0.0,3.333,3.4765,3.857,5.0,4.301,0,0.0,0.7510176315789474
198,0.0,0.0,0.0,0.0,0.0,0.0,0.0,0.0,0.0,0.0,0.0,0.0,0.0,0.0,0.0,0.0,0.0,0.0,0.0,0.0,0.0,0.0,0.0,0.0,0.0,0.0,0.0,0.0,0.0,0.0,0.0,0.0,0.0,0.0,0.0,0.0,0.0,0.0,0.0,0.0,0.0,0.0,0.0,0.0,0.0,0.0,0.0,0.0,0.0,0.0,0.0,0.0,0.0,0.0,0.0,0.0,0.0,0.0,0.0,0.0,0.0,0.0,0.0,0.0,0.0,0.0,0.00195,0.05985,0.00861,0.0,0.0,0.0,0.0,0.0,0.0,0.0,0.0,0.03432,0.16857,0.00301,0.0,0.0,0.0,0.0,0.0,0.0,0.0,0.0,0.08237,0.16509,0.0,0.0,0.0,0.0,0.0,0.0,0.0,0.0,0.0,0.0,0.10118,0.0,0.0,0.0,0.0,0.0,0.0,0.0,0.0138,0.0,0.0,0.0,0.0,0.0,3.343,3.518,3.858,5.0,4.292,0,0.0,0.7352073684210527
199,0.0,0.0,0.0,0.0,0.0,0.0,0.0,0.0,0.0,0.0,0.0,0.0,0.0,0.0,0.0,0.0,0.0,0.0,0.0,0.0,0.0,0.0,0.0,0.0,0.0,0.0,0.0,0.0,0.0,0.0,0.0,0.0,0.0,0.0,0.0,0.0,0.0,0.0,0.0,0.0,0.0,0.0,0.0,0.0,0.0,0.0,0.0,0.0,0.0,0.0,0.0,0.0,0.0,0.0,0.0,0.0,0.0,0.0,0.0,0.0,0.0,0.0,0.0,0.0,0.0,0.0,0.00265,0.06792,0.00867,0.0,0.0,0.0,0.0,0.0,0.0,0.0,0.0,0.03432,0.17282,0.00336,0.0,0.0,0.0,0.0,0.0,0.0,0.0,0.0,0.08101,0.16415,0.0,0.0,0.0,0.0,0.0,0.0,0.0,0.0,0.0,0.0,0.10171,0.0,0.0,0.0,0.0,0.0,0.0,0.0,0.0161,0.0,0.0,0.0,0.0,0.0,3.343,3.518,3.868,5.0,4.296,0,0.0,0.7193971052631579
200,0.0,0.0,0.0,0.0,0.0,0.0,0.0,0.0,0.0,0.0,0.0,0.0,0.0,0.0,0.0,0.0,0.0,0.0,0.0,0.0,0.0,0.0,0.0,0.0,0.0,0.0,0.0,0.0,0.0,0.0,0.0,0.0,0.0,0.0,0.0,0.0,0.0,0.0,0.0,0.0,0.0,0.0,0.0,0.0,0.0,0.0,0.0,0.0,0.0,0.0,0.0,0.0,0.0,0.0,0.0,0.0,0.0,0.0,0.0,0.0,0.0,0.0,0.0,0.0,0.0,0.0,0.00212,0.05289,0.00831,0.0,0.0,0.0,0.0,0.0,0.0,0.0,0.0,0.03467,0.17229,0.00318,0.0,0.0,0.0,0.0,0.0,0.0,0.0,0.0,0.08166,0.16527,0.0,0.0,0.0,0.0,0.0,0.0,0.0,0.0,0.0,0.0,0.101,0.0,0.0,0.0,0.0,0.0,0.0,0.0,0.01079,0.0,0.0,0.0,0.0,0.0,3.333,3.4735,3.863,5.0,4.302,0,0.0,0.7035868421052631
201,0.0,0.0,0.0,0.0,0.0,0.0,0.0,0.0,0.0,0.0,0.0,0.0,0.0,0.0,0.0,0.0,0.0,0.0,0.0,0.0,0.0,0.0,0.0,0.0,0.0,0.0,0.0,0.0,0.0,0.0,0.0,0.0,0.0,0.0,0.0,0.0,0.0,0.0,0.0,0.0,0.0,0.0,0.0,0.0,0.0,0.0,0.0,0.0,0.0,0.0,0.0,0.0,0.0,0.0,0.0,0.0,0.0,0.0,0.0,0.0,0.0,0.0,0.0,0.0,0.0,0.0,0.00177,0.05059,0.00884,0.0,0.0,0.0,0.0,0.0,0.0,0.0,0.0,0.03432,0.16645,0.00265,0.0,0.0,0.0,0.0,0.0,0.0,0.0,0.0,0.08149,0.16474,0.0,0.0,0.0,0.0,0.0,0.0,0.0,0.0,0.0,0.0,0.10454,0.0,0.0,0.0,0.0,0.0,0.0,0.0,0.01804,0.0,0.0,0.0,0.0,0.0,3.333,3.4645,3.866,5.0,4.306,0,0.0,0.6877765789473684
202,0.0,0.0,0.0,0.0,0.0,0.0,0.0,0.0,0.0,0.0,0.0,0.0,0.0,0.0,0.0,0.0,0.0,0.0,0.0,0.0,0.0,0.0,0.0,0.0,0.0,0.0,0.0,0.0,0.0,0.0,0.0,0.0,0.0,0.0,0.0,0.0,0.0,0.0,0.0,0.0,0.0,0.0,0.0,0.0,0.0,0.0,0.0,0.0,0.0,0.0,0.0,0.0,0.0,0.0,0.0,0.0,0.0,0.0,0.0,0.0,0.0,0.0,0.0,0.0,0.0,0.0,0.00265,0.04864,0.00761,0.0,0.0,0.0,0.0,0.0,0.0,0.0,0.0,0.03502,0.16875,0.0023,0.0,0.0,0.0,0.0,0.0,0.0,0.0,0.0,0.08237,0.16386,0.0,0.0,0.0,0.0,0.0,0.0,0.0,0.0,0.0,0.0,0.10171,0.0,0.0,0.0,0.0,0.0,0.0,0.0,0.01981,0.0,0.0,0.0,0.0,0.0,3.372,3.519,3.871,5.0,4.291,0,0.0,0.6719663157894737
203,0.0,0.0,0.0,0.0,0.0,0.0,0.0,0.0,0.0,0.0,0.0,0.0,0.0,0.0,0.0,0.0,0.0,0.0,0.0,0.0,0.0,0.0,0.0,0.0,0.0,0.0,0.0,0.0,0.0,0.0,0.0,0.0,0.0,0.0,0.0,0.0,0.0,0.0,0.0,0.0,0.0,0.0,0.0,0.0,0.0,0.0,0.0,0.0,0.0,0.0,0.0,0.0,0.0,0.0,0.0,0.0,0.0,0.0,0.0,0.0,0.0,0.0,0.0,0.0,0.0,0.0,0.00248,0.05696,0.0069,0.0,0.0,0.0,0.0,0.0,0.0,0.0,0.0,0.03432,0.16645,0.00283,0.0,0.0,0.0,0.0,0.0,0.0,0.0,0.0,0.08184,0.16456,0.0,0.0,0.0,0.0,0.0,0.0,0.0,0.0,0.0,0.0,0.10189,0.0,0.0,0.0,0.0,0.0,0.0,0.0,0.01274,0.0,0.0,0.0,0.0,0.0,3.356,3.4875,3.873,5.0,4.29,0,0.0,0.6561560526315791
204,0.0,0.0,0.0,0.0,0.0,0.0,0.0,0.0,0.0,0.0,0.0,0.0,0.0,0.0,0.0,0.0,0.0,0.0,0.0,0.0,0.0,0.0,0.0,0.0,0.0,0.0,0.0,0.0,0.0,0.0,0.0,0.0,0.0,0.0,0.0,0.0,0.0,0.0,0.0,0.0,0.0,0.0,0.0,0.0,0.0,0.0,0.0,0.0,0.0,0.0,0.0,0.0,0.0,0.0,0.0,0.0,0.0,0.0,0.0,0.0,0.0,0.0,0.0,0.0,0.0,0.0,0.00212,0.04882,0.00265,0.0,0.0,0.0,0.0,0.0,0.0,0.0,0.0,0.03485,0.17158,0.00354,0.0,0.0,0.0,0.0,0.0,0.0,0.0,0.0,0.08096,0.16474,0.0,0.0,0.0,0.0,0.0,0.0,0.0,0.0,0.0,0.0,0.10153,0.0,0.0,0.0,0.0,0.0,0.0,0.0,0.00336,0.0,0.0,0.0,0.0,0.0,3.342,3.51,3.867,5.0,4.291,0,0.0,0.6403457894736843
205,0.0,0.0,0.0,0.0,0.0,0.0,0.0,0.0,0.0,0.0,0.0,0.0,0.0,0.0,0.0,0.0,0.0,0.0,0.0,0.0,0.0,0.0,0.0,0.0,0.0,0.0,0.0,0.0,0.0,0.0,0.0,0.0,0.0,0.0,0.0,0.0,0.0,0.0,0.0,0.0,0.0,0.0,0.0,0.0,0.0,0.0,0.0,0.0,0.0,0.0,0.0,0.0,0.0,0.0,0.0,0.0,0.0,0.0,0.0,0.0,0.0,0.0,0.0,0.0,0.0,0.0,0.0023,0.05507,0.01108,0.0,0.0,0.0,0.0,0.0,0.0,0.0,0.0,0.03361,0.16804,0.00371,0.0,0.0,0.0,0.0,0.0,0.0,0.0,0.0,0.08131,0.16439,0.0,0.0,0.0,0.0,0.0,0.0,0.0,0.0,0.0,0.0,0.10206,0.0,0.0,0.0,0.0,0.0,0.0,0.0,0.0115,0.0,0.0,0.0,0.0,0.0,3.323,3.494,3.871,5.0,4.302,0,0.0,0.6245355263157895
206,0.0,0.0,0.0,0.0,0.0,0.0,0.0,0.0,0.0,0.0,0.0,0.0,0.0,0.0,0.0,0.0,0.0,0.0,0.0,0.0,0.0,0.0,0.0,0.0,0.0,0.0,0.0,0.0,0.0,0.0,0.0,0.0,0.0,0.0,0.0,0.0,0.0,0.0,0.0,0.0,0.0,0.0,0.0,0.0,0.0,0.0,0.0,0.0,0.0,0.0,0.0,0.0,0.0,0.0,0.0,0.0,0.0,0.0,0.0,0.0,0.0,0.0,0.0,0.0,0.0,0.0,0.00177,0.04864,0.01203,0.0,0.0,0.0,0.0,0.0,0.0,0.0,0.0,0.03414,0.16397,0.0023,0.0,0.0,0.0,0.0,0.0,0.0,0.0,0.0,0.08119,0.1638,0.0,0.0,0.0,0.0,0.0,0.0,0.0,0.0,0.0,0.0,0.10189,0.0,0.0,0.0,0.0,0.0,0.0,0.0,0.00425,0.0,0.0,0.0,0.0,0.0,3.363,3.4855,3.88,5.0,4.295,0,0.0,0.6087252631578948
207,0.0,0.0,0.0,0.0,0.0,0.0,0.0,0.0,0.0,0.0,0.0,0.0,0.0,0.0,0.0,0.0,0.0,0.0,0.0,0.0,0.0,0.0,0.0,0.0,0.0,0.0,0.0,0.0,0.0,0.0,0.0,0.0,0.0,0.0,0.0,0.0,0.0,0.0,0.0,0.0,0.0,0.0,0.0,0.0,0.0,0.0,0.0,0.0,0.0,0.0,0.0,0.0,0.0,0.0,0.0,0.0,0.0,0.0,0.0,0.0,0.0,0.0,0.0,0.0,0.0,0.0,0.00212,0.04811,0.01132,0.0,0.0,0.0,0.0,0.0,0.0,0.0,0.0,0.03485,0.16733,0.00283,0.0,0.0,0.0,0.0,0.0,0.0,0.0,0.0,0.0829,0.16509,0.0,0.0,0.0,0.0,0.0,0.0,0.0,0.0,0.0,0.0,0.10224,0.0,0.0,0.0,0.0,0.0,0.0,0.0,0.01309,0.0,0.0,0.0,0.0,0.0,3.319,3.5,3.873,5.0,4.303,0,0.0,0.5929150000000001
208,0.0,0.0,0.0,0.0,0.0,0.0,0.0,0.0,0.0,0.0,0.0,0.0,0.0,0.0,0.0,0.0,0.0,0.0,0.0,0.0,0.0,0.0,0.0,0.0,0.0,0.0,0.0,0.0,0.0,0.0,0.0,0.0,0.0,0.0,0.0,0.0,0.0,0.0,0.0,0.0,0.0,0.0,0.0,0.0,0.0,0.0,0.0,0.0,0.0,0.0,0.0,0.0,0.0,0.0,0.0,0.0,0.0,0.0,0.0,0.0,0.0,0.0,0.0,0.0,0.0,0.0,0.00212,0.04971,0.00708,0.0,0.0,0.0,0.0,0.0,0.0,0.0,0.0,0.03432,0.16893,0.00336,0.0,0.0,0.0,0.0,0.0,0.0,0.0,0.0,0.08131,0.16439,0.0,0.0,0.0,0.0,0.0,0.0,0.0,0.0,0.0,0.0,0.10065,0.0,0.0,0.0,0.0,0.0,0.0,0.0,0.00955,0.0,0.0,0.0,0.0,0.0,3.348,3.4855,3.87,5.0,4.295,0,0.0,0.5771047368421053
209,0.0,0.0,0.0,0.0,0.0,0.0,0.0,0.0,0.0,0.0,0.0,0.0,0.0,0.0,0.0,0.0,0.0,0.0,0.0,0.0,0.0,0.0,0.0,0.0,0.0,0.0,0.0,0.0,0.0,0.0,0.0,0.0,0.0,0.0,0.0,0.0,0.0,0.0,0.0,0.0,0.0,0.0,0.0,0.0,0.0,0.0,0.0,0.0,0.0,0.0,0.0,0.0,0.0,0.0,0.0,0.0,0.0,0.0,0.0,0.0,0.0,0.0,0.0,0.0,0.0,0.0,0.00195,0.05165,0.00743,0.0,0.0,0.0,0.0,0.0,0.0,0.0,0.0,0.03361,0.16663,0.00283,0.0,0.0,0.0,0.0,0.0,0.0,0.0,0.0,0.08219,0.16315,0.0,0.0,0.0,0.0,0.0,0.0,0.0,0.0,0.0,0.0,0.10047,0.0,0.0,0.0,0.0,0.0,0.0,0.0,0.01221,0.0,0.0,0.0,0.0,0.0,3.333,3.4645,3.868,5.0,4.295,0,0.0,0.5612944736842106
210,0.0,0.0,0.0,0.0,0.0,0.0,0.0,0.0,0.0,0.0,0.0,0.0,0.0,0.0,0.0,0.0,0.0,0.0,0.0,0.0,0.0,0.0,0.0,0.0,0.0,0.0,0.0,0.0,0.0,0.0,0.0,0.0,0.0,0.0,0.0,0.0,0.0,0.0,0.0,0.0,0.0,0.0,0.0,0.0,0.0,0.0,0.0,0.0,0.0,0.0,0.0,0.0,0.0,0.0,0.0,0.0,0.0,0.0,0.0,0.0,0.0,0.0,0.0,0.0,0.0,0.0,0.00177,0.05254,0.00195,0.0,0.0,0.0,0.0,0.0,0.0,0.0,0.0,0.03308,0.16963,0.00301,0.0,0.0,0.0,0.0,0.0,0.0,0.0,0.0,0.08184,0.16633,0.0,0.0,0.0,0.0,0.0,0.0,0.0,0.0,0.0,0.0,0.10118,0.0,0.0,0.0,0.0,0.0,0.0,0.0,0.01875,0.0,0.0,0.0,0.0,0.0,3.348,3.4855,3.871,5.0,4.29,0,0.0,0.5454842105263158
211,0.0,0.0,0.0,0.0,0.0,0.0,0.0,0.0,0.0,0.0,0.0,0.0,0.0,0.0,0.0,0.0,0.0,0.0,0.0,0.0,0.0,0.0,0.0,0.0,0.0,0.0,0.0,0.0,0.0,0.0,0.0,0.0,0.0,0.0,0.0,0.0,0.0,0.0,0.0,0.0,0.0,0.0,0.0,0.0,0.0,0.0,0.0,0.0,0.0,0.0,0.0,0.0,0.0,0.0,0.0,0.0,0.0,0.0,0.0,0.0,0.0,0.0,0.0,0.0,0.0,0.0,0.00248,0.06103,0.00778,0.0,0.0,0.0,0.0,0.0,0.0,0.0,0.0,0.03449,0.16592,0.00265,0.0,0.0,0.0,0.0,0.0,0.0,0.0,0.0,0.08308,0.16474,0.0,0.0,0.0,0.0,0.0,0.0,0.0,0.0,0.0,0.0,0.10295,0.0,0.0,0.0,0.0,0.0,0.0,0.0,0.01167,0.0,0.0,0.0,0.0,0.0,3.333,3.501,3.876,5.0,4.294,0,0.0,0.5296739473684211
212,0.0,0.0,0.0,0.0,0.0,0.0,0.0,0.0,0.0,0.0,0.0,0.0,0.0,0.0,0.0,0.0,0.0,0.0,0.0,0.0,0.0,0.0,0.0,0.0,0.0,0.0,0.0,0.0,0.0,0.0,0.0,0.0,0.0,0.0,0.0,0.0,0.0,0.0,0.0,0.0,0.0,0.0,0.0,0.0,0.0,0.0,0.0,0.0,0.0,0.0,0.0,0.0,0.0,0.0,0.0,0.0,0.0,0.0,0.0,0.0,0.0,0.0,0.0,0.0,0.0,0.0,0.00212,0.04847,0.00867,0.0,0.0,0.0,0.0,0.0,0.0,0.0,0.0,0.03432,0.16822,0.00283,0.0,0.0,0.0,0.0,0.0,0.0,0.0,0.0,0.0829,0.16439,0.0,0.0,0.0,0.0,0.0,0.0,0.0,0.0,0.0,0.0,0.10153,0.0,0.0,0.0,0.0,0.0,0.0,0.0,0.00761,0.0,0.0,0.0,0.0,0.0,3.333,3.49,3.87,5.0,4.295,0,0.0,0.5138636842105264
213,0.0,0.0,0.0,0.0,0.0,0.0,0.0,0.0,0.0,0.0,0.0,0.0,0.0,0.0,0.0,0.0,0.0,0.0,0.0,0.0,0.0,0.0,0.0,0.0,0.0,0.0,0.0,0.0,0.0,0.0,0.0,0.0,0.0,0.0,0.0,0.0,0.0,0.0,0.0,0.0,0.0,0.0,0.0,0.0,0.0,0.0,0.0,0.0,0.0,0.0,0.0,0.0,0.0,0.0,0.0,0.0,0.0,0.0,0.0,0.0,0.0,0.0,0.0,0.0,0.0,0.0,0.00248,0.05065,0.00189,0.0,0.0,0.0,0.0,0.0,0.0,0.0,0.0,0.03467,0.1691,0.00283,0.0,0.0,0.0,0.0,0.0,0.0,0.0,0.0,0.08166,0.16509,0.0,0.0,0.0,0.0,0.0,0.0,0.0,0.0,0.0,0.0,0.10153,0.0,0.0,0.0,0.0,0.0,0.0,0.0,0.00991,0.0,0.0,0.0,0.0,0.0,3.348,3.4965,3.874,5.0,4.297,0,0.0,0.4980534210526317
214,0.0,0.0,0.0,0.0,0.0,0.0,0.0,0.0,0.0,0.0,0.0,0.0,0.0,0.0,0.0,0.0,0.0,0.0,0.0,0.0,0.0,0.0,0.0,0.0,0.0,0.0,0.0,0.0,0.0,0.0,0.0,0.0,0.0,0.0,0.0,0.0,0.0,0.0,0.0,0.0,0.0,0.0,0.0,0.0,0.0,0.0,0.0,0.0,0.0,0.0,0.0,0.0,0.0,0.0,0.0,0.0,0.0,0.0,0.0,0.0,0.0,0.0,0.0,0.0,0.0,0.0,0.00212,0.05289,0.00867,0.0,0.0,0.0,0.0,0.0,0.0,0.0,0.0,0.03432,0.16928,0.00248,0.0,0.0,0.0,0.0,0.0,0.0,0.0,0.0,0.08255,0.16333,0.0,0.0,0.0,0.0,0.0,0.0,0.0,0.0,0.0,0.0,0.10083,0.0,0.0,0.0,0.0,0.0,0.0,0.0,0.00867,0.0,0.0,0.0,0.0,0.0,3.362,3.5085,3.867,5.0,4.295,0,0.0,0.48224315789473693
215,0.0,0.0,0.0,0.0,0.0,0.0,0.0,0.0,0.0,0.0,0.0,0.0,0.0,0.0,0.0,0.0,0.0,0.0,0.0,0.0,0.0,0.0,0.0,0.0,0.0,0.0,0.0,0.0,0.0,0.0,0.0,0.0,0.0,0.0,0.0,0.0,0.0,0.0,0.0,0.0,0.0,0.0,0.0,0.0,0.0,0.0,0.0,0.0,0.0,0.0,0.0,0.0,0.0,0.0,0.0,0.0,0.0,0.0,0.0,0.0,0.0,0.0,0.0,0.0,0.0,0.0,0.00212,0.06887,0.01568,0.0,0.0,0.0,0.0,0.0,0.0,0.0,0.0,0.03502,0.173,0.00318,0.0,0.0,0.0,0.0,0.0,0.0,0.0,0.0,0.08137,0.16521,0.0,0.0,0.0,0.0,0.0,0.0,0.0,0.0,0.0,0.0,0.10136,0.0,0.0,0.0,0.0,0.0,0.0,0.0,0.01804,0.0,0.0,0.0,0.0,0.0,3.337,3.498,3.877,5.0,4.295,0,0.0,0.46643289473684213
216,0.0,0.0,0.0,0.0,0.0,0.0,0.0,0.0,0.0,0.0,0.0,0.0,0.0,0.0,0.0,0.0,0.0,0.0,0.0,0.0,0.0,0.0,0.0,0.0,0.0,0.0,0.0,0.0,0.0,0.0,0.0,0.0,0.0,0.0,0.0,0.0,0.0,0.0,0.0,0.0,0.0,0.0,0.0,0.0,0.0,0.0,0.0,0.0,0.0,0.0,0.0,0.0,0.0,0.0,0.0,0.0,0.0,0.0,0.0,0.0,0.0,0.0,0.0,0.0,0.0,0.0,0.00265,0.04741,0.00796,0.0,0.0,0.0,0.0,0.0,0.0,0.0,0.0,0.03308,0.16822,0.0023,0.0,0.0,0.0,0.0,0.0,0.0,0.0,0.0,0.08219,0.16368,0.0,0.0,0.0,0.0,0.0,0.0,0.0,0.0,0.0,0.0,0.10277,0.0,0.0,0.0,0.0,0.0,0.0,0.0,0.01397,0.0,0.0,0.0,0.0,0.0,3.358,3.4795,3.877,5.0,4.301,0,0.0,0.45062263157894744
217,0.0,0.0,0.0,0.0,0.0,0.0,0.0,0.0,0.0,0.0,0.0,0.0,0.0,0.0,0.0,0.0,0.0,0.0,0.0,0.0,0.0,0.0,0.0,0.0,0.0,0.0,0.0,0.0,0.0,0.0,0.0,0.0,0.0,0.0,0.0,0.0,0.0,0.0,0.0,0.0,0.0,0.0,0.0,0.0,0.0,0.0,0.0,0.0,0.0,0.0,0.0,0.0,0.0,0.0,0.0,0.0,0.0,0.0,0.0,0.0,0.0,0.0,0.0,0.0,0.0,0.0,0.00177,0.04581,0.00425,0.0,0.0,0.0,0.0,0.0,0.0,0.0,0.0,0.03414,0.1684,0.00265,0.0,0.0,0.0,0.0,0.0,0.0,0.0,0.0,0.08255,0.16439,0.0,0.0,0.0,0.0,0.0,0.0,0.0,0.0,0.0,0.0,0.10348,0.0,0.0,0.0,0.0,0.0,0.0,0.0,0.01044,0.0,0.0,0.0,0.0,0.0,3.333,3.5115,3.867,5.0,4.292,0,0.0,0.43481236842105264
218,0.0,0.0,0.0,0.0,0.0,0.0,0.0,0.0,0.0,0.0,0.0,0.0,0.0,0.0,0.0,0.0,0.0,0.0,0.0,0.0,0.0,0.0,0.0,0.0,0.0,0.0,0.0,0.0,0.0,0.0,0.0,0.0,0.0,0.0,0.0,0.0,0.0,0.0,0.0,0.0,0.0,0.0,0.0,0.0,0.0,0.0,0.0,0.0,0.0,0.0,0.0,0.0,0.0,0.0,0.0,0.03042,0.0,0.0,0.0,0.0,0.0,0.0,0.0,0.0,0.0,0.0,0.00442,0.19599,0.0,0.0,0.0,0.00548,0.06828,0.0,0.0,0.0,0.0,0.0,0.21191,0.01256,0.0,0.0,0.0,0.0,0.20855,0.00955,0.0,0.0,0.0,0.1602,0.05808,0.0,0.0,0.0,0.0,0.0,0.00778,0.21244,0.0,0.0,0.05401,0.11173,0.0,0.0,0.0,0.0,0.0,0.0,0.0,0.09741,0.11008,0.0,0.0,0.0,3.0795,4.2375,5.0,5.0,5.0,0,0.0,0.41900210526315795
219,0.0,0.0,0.0,0.0,0.0,0.0,0.0,0.0,0.0,0.0,0.0,0.0,0.0,0.0,0.0,0.0,0.0,0.0,0.0,0.0,0.0,0.0,0.0,0.0,0.0,0.0,0.0,0.0,0.0,0.0,0.0,0.0,0.0,0.0,0.0,0.0,0.0,0.0,0.0,0.0,0.0,0.0,0.0,0.0,0.0,0.0,0.0,0.0,0.0,0.0,0.0,0.0,0.0,0.0,0.0,0.02848,0.0,0.0,0.0,0.0,0.0,0.0,0.0,0.0,0.0,0.0,0.00495,0.19811,0.0,0.0,0.0,0.00932,0.07594,0.0,0.0,0.0,0.0,0.0,0.21226,0.01256,0.0,0.0,0.0,0.0,0.2089,0.0092,0.0,0.0,0.0,0.16126,0.05879,0.0,0.0,0.0,0.0,0.0,0.00778,0.21103,0.0,0.0,0.05607,0.11427,0.0,0.0,0.0,0.0,0.0,0.0,0.0,0.09741,0.11203,0.0,0.0,0.0,3.0995,4.2245,5.0,5.0,5.0,0,0.0,0.4031918421052632
220,0.0,0.0,0.0,0.0,0.0,0.0,0.0,0.0,0.0,0.0,0.0,0.0,0.0,0.0,0.0,0.0,0.0,0.0,0.0,0.0,0.0,0.0,0.0,0.0,0.0,0.0,0.0,0.0,0.0,0.0,0.0,0.0,0.0,0.0,0.0,0.0,0.0,0.0,0.0,0.0,0.0,0.0,0.0,0.0,0.0,0.0,0.0,0.0,0.0,0.0,0.0,0.0,0.0,0.0,0.0,0.02423,0.0,0.0,0.0,0.0,0.0,0.0,0.0,0.0,0.0,0.0,0.00513,0.19528,0.0,0.0,0.0,0.01392,0.07895,0.0,0.0,0.0,0.0,0.0,0.21297,0.01256,0.0,0.0,0.0,0.0,0.20961,0.0092,0.0,0.0,0.0,0.1625,0.06002,0.0,0.0,0.0,0.0,0.0,0.00778,0.21209,0.0,0.0,0.06474,0.11728,0.0,0.0,0.0,0.0,0.0,0.0,0.0,0.09794,0.10973,0.0,0.0,0.0,3.0725,4.2565,5.0,5.0,5.0,0,0.0,0.38738157894736847
221,0.0,0.0,0.0,0.0,0.0,0.0,0.0,0.0,0.0,0.0,0.0,0.0,0.0,0.0,0.0,0.0,0.0,0.0,0.0,0.0,0.0,0.0,0.0,0.0,0.0,0.0,0.0,0.0,0.0,0.0,0.0,0.0,0.0,0.0,0.0,0.0,0.0,0.0,0.0,0.0,0.0,0.0,0.0,0.0,0.0,0.0,0.0,0.0,0.0,0.0,0.0,0.0,0.0,0.0,0.0,0.02901,0.0,0.0,0.0,0.0,0.0,0.0,0.0,0.0,0.0,0.0,0.00478,0.19617,0.0,0.0,0.0,0.01156,0.07812,0.0,0.0,0.0,0.0,0.0,0.21368,0.01344,0.0,0.0,0.0,0.0,0.2082,0.00937,0.0,0.0,0.0,0.16445,0.06002,0.0,0.0,0.0,0.0,0.0,0.00778,0.21279,0.0,0.0,0.07017,0.12123,0.0,0.0,0.0,0.0,0.0,0.0,0.0,0.09788,0.11846,0.0,0.0,0.0,3.0905,4.2405,5.0,5.0,5.0,0,0.0,0.3715713157894738
222,0.0,0.0,0.0,0.0,0.0,0.0,0.0,0.0,0.0,0.0,0.0,0.0,0.0,0.0,0.0,0.0,0.0,0.0,0.0,0.0,0.0,0.0,0.0,0.0,0.0,0.0,0.0,0.0,0.0,0.0,0.0,0.0,0.0,0.0,0.0,0.0,0.0,0.0,0.0,0.0,0.0,0.0,0.0,0.0,0.0,0.0,0.0,0.0,0.0,0.0,0.0,0.0,0.0,0.0,0.0,0.03101,0.00012,0.0,0.0,0.0,0.0,0.0,0.0,0.0,0.0,0.0,0.00478,0.19404,0.0,0.0,0.0,0.01533,0.07736,0.0,0.0,0.0,0.0,0.0,0.20961,0.01185,0.0,0.0,0.0,0.0,0.20855,0.00937,0.0,0.0,0.0,0.16126,0.05985,0.0,0.0,0.0,0.0,0.0,0.00778,0.2112,0.0,0.0,0.05702,0.11651,0.0,0.0,0.0,0.0,0.0,0.0,0.0,0.09752,0.11386,0.0,0.0,0.0,3.1085,4.2705,5.0,5.0,5.0,0,0.0,0.355761052631579
223,0.0,0.0,0.0,0.0,0.0,0.0,0.0,0.0,0.0,0.0,0.0,0.0,0.0,0.0,0.0,0.0,0.0,0.0,0.0,0.0,0.0,0.0,0.0,0.0,0.0,0.0,0.0,0.0,0.0,0.0,0.0,0.0,0.0,0.0,0.0,0.0,0.0,0.0,0.0,0.0,0.0,0.0,0.0,0.0,0.0,0.0,0.0,0.0,0.0,0.0,0.0,0.0,0.0,0.0,0.0,0.03125,6e-05,0.0,0.0,0.0,0.0,0.0,0.0,0.0,0.0,0.0,0.00478,0.19971,0.0,0.0,0.0,0.01132,0.07588,0.0,0.0,0.0,0.0,0.0,0.21209,0.01238,0.0,0.0,0.0,0.0,0.20767,0.00937,0.0,0.0,0.0,0.16126,0.05932,0.0,0.0,0.0,0.0,0.0,0.00778,0.21279,0.0,0.0,0.04505,0.11521,0.0,0.0,0.0,0.0,0.0,0.0,0.0,0.09811,0.1145,0.0,0.0,0.0,3.0985,4.2705,5.0,5.0,5.0,0,0.0,0.3399507894736843
224,0.0,0.0,0.0,0.0,0.0,0.0,0.0,0.0,0.0,0.0,0.0,0.0,0.0,0.0,0.0,0.0,0.0,0.0,0.0,0.0,0.0,0.0,0.0,0.0,0.0,0.0,0.0,0.0,0.0,0.0,0.0,0.0,0.0,0.0,0.0,0.0,0.0,0.0,0.0,0.0,0.0,0.0,0.0,0.0,0.0,0.0,0.0,0.0,0.0,0.0,0.0,0.0,0.0,0.0,0.0,0.0283,0.0,0.0,0.0,0.0,0.0,0.0,0.0,0.0,0.0,0.0,0.00478,0.19334,0.0,0.0,0.0,0.01462,0.07612,0.0,0.0,0.0,0.0,0.0,0.20802,0.01256,0.0,0.0,0.0,0.0,0.2089,0.00937,0.0,0.0,0.0,0.15737,0.05825,0.0,0.0,0.0,0.0,0.0,0.00778,0.21156,0.0,0.0,0.02565,0.10348,0.0,0.0,0.0,0.0,0.0,0.0,0.0,0.09829,0.11097,0.0,0.0,0.0,3.0905,4.2655,5.0,5.0,5.0,0,0.0,0.3241405263157895
225,0.0,0.0,0.0,0.0,0.0,0.0,0.0,0.0,0.0,0.0,0.0,0.0,0.0,0.0,0.0,0.0,0.0,0.0,0.0,0.0,0.0,0.0,0.0,0.0,0.0,0.0,0.0,0.0,0.0,0.0,0.0,0.0,0.0,0.0,0.0,0.0,0.0,0.0,0.0,0.0,0.0,0.0,0.0,0.0,0.0,0.0,0.0,0.0,0.0,0.0,0.0,0.0,0.0,0.0,0.0,0.01857,0.0,0.0,0.0,0.0,0.0,0.0,0.0,0.0,0.0,0.0,0.00495,0.19245,0.0,0.0,0.0,0.01244,0.07353,0.0,0.0,0.0,0.0,0.0,0.20837,0.01185,0.0,0.0,0.0,0.0,0.20784,0.00937,0.0,0.0,0.0,0.15719,0.06002,0.0,0.0,0.0,0.0,0.0,0.00778,0.21156,0.0,0.0,0.03638,0.11344,0.0,0.0,0.0,0.0,0.0,0.0,0.0,0.09758,0.11044,0.0,0.0,0.0,3.1085,4.2895,5.0,5.0,5.0,0,0.0,0.3399543157894737
226,0.0,0.0,0.0,0.0,0.0,0.0,0.0,0.0,0.0,0.0,0.0,0.0,0.0,0.0,0.0,0.0,0.0,0.0,0.0,0.0,0.0,0.0,0.0,0.0,0.0,0.0,0.0,0.0,0.0,0.0,0.0,0.0,0.0,0.0,0.0,0.0,0.0,0.0,0.0,0.0,0.0,0.0,0.0,0.0,0.0,0.0,0.0,0.0,0.0,0.0,0.0,0.0,0.0,0.0,0.0,0.00513,0.0,0.0,0.0,0.0,0.0,0.0,0.0,0.0,0.0,0.0,0.00425,0.18449,0.0,0.0,0.0,0.01698,0.08031,0.0,0.0,0.0,0.0,0.0,0.2066,0.01327,0.0,0.0,0.0,0.0,0.20837,0.00884,0.0,0.0,0.0,0.15542,0.05967,0.0,0.0,0.0,0.0,0.0,0.00814,0.21067,0.0,0.0,0.03532,0.10725,0.0,0.0,0.0,0.0,0.0,0.0,0.0,0.09935,0.11061,0.0,0.0,0.0,3.0825,4.2565,5.0,5.0,5.0,0,0.0,0.41584615789473683
227,0.0,0.0,0.0,0.0,0.0,0.0,0.0,0.0,0.0,0.0,0.0,0.0,0.0,0.0,0.0,0.0,0.0,0.0,0.0,0.0,0.0,0.0,0.0,0.0,0.0,0.0,0.0,0.0,0.0,0.0,0.0,0.0,0.0,0.0,0.0,0.0,0.0,0.0,0.0,0.0,0.0,0.0,0.0,0.0,0.0,0.0,0.0,0.0,0.0,0.0,0.0,0.0,0.0,0.0,0.0,0.01627,0.0,0.0,0.0,0.0,0.0,0.0,0.0,0.0,0.0,0.0,0.00478,0.18662,0.0,0.0,0.0,0.01055,0.06816,0.0,0.0,0.0,0.0,0.0,0.20519,0.0115,0.0,0.0,0.0,0.0,0.20713,0.0092,0.0,0.0,0.0,0.15224,0.05843,0.0,0.0,0.0,0.0,0.0,0.00778,0.21209,0.0,0.0,0.00802,0.09617,0.0,0.0,0.0,0.0,0.0,0.0,0.0,0.09912,0.11474,0.0,0.0,0.29252,3.1125,4.2565,5.0,5.0,5.0,0,0.0,0.5154520526315789
228,0.0,0.0,0.0,0.0,0.0,0.0,0.0,0.0,0.0,0.0,0.0,0.0,0.0,0.0,0.0,0.0,0.0,0.0,0.0,0.0,0.0,0.0,0.0,0.0,0.0,0.0,0.0,0.0,0.0,0.0,0.0,0.0,0.0,0.0,0.0,0.0,0.0,0.0,0.0,0.0,0.0,0.0,0.0,0.0,0.0,0.0,0.0,0.0,0.0,0.0,0.0,0.0,0.0,0.0,0.0,0.01751,0.0,0.0,0.0,0.0,0.0,0.0,0.0,0.0,0.0,0.0,0.00407,0.18909,0.0,0.0,0.0,0.01203,0.07412,0.0,0.0,0.0,0.0,0.0,0.2082,0.01327,0.0,0.0,0.0,0.0,0.2082,0.00849,0.0,0.0,0.0,0.15755,0.05949,0.0,0.0,0.0,0.0,0.0,0.00831,0.21067,0.0,0.0,0.04676,0.11562,0.0,0.0,0.0,0.0,0.0,0.0,0.0,0.09687,0.11114,0.0,0.0,0.43483,3.1085,4.2765,5.0,5.0,5.0,0,0.0,0.649836
229,0.0,0.0,0.0,0.0,0.0,0.0,0.0,0.0,0.0,0.0,0.0,0.0,0.0,0.0,0.0,0.0,0.0,0.0,0.0,0.0,0.0,0.0,0.0,0.0,0.0,0.0,0.0,0.0,0.0,0.0,0.0,0.0,0.0,0.0,0.0,0.0,0.0,0.0,0.0,0.0,0.0,0.0,0.0,0.0,0.0,0.0,0.0,0.0,0.0,0.0,0.0,0.0,0.0,0.0,0.0,0.0214,0.0,0.0,0.0,0.0,0.0,0.0,0.0,0.0,0.0,0.0,0.00425,0.19475,0.0,0.0,0.0,0.01279,0.07335,0.0,0.0,0.0,0.0,0.0,0.21333,0.01362,0.0,0.0,0.0,0.0,0.20802,0.00884,0.0,0.0,0.0,0.16215,0.06126,0.0,0.0,0.0,0.0,0.0,0.00814,0.21244,0.0,0.0,0.07441,0.12123,0.0,0.0,0.0,0.0,0.0,0.0,0.0,0.09847,0.11132,0.0,0.0,0.71941,3.1085,4.3325,5.0,5.0,5.0,0,0.0,0.7913319999999999
230,0.0,0.0,0.0,0.0,0.0,0.0,0.0,0.0,0.0,0.0,0.0,0.0,0.0,0.0,0.0,0.0,0.0,0.0,0.0,0.0,0.0,0.0,0.0,0.0,0.0,0.0,0.0,0.0,0.0,0.0,0.0,0.0,0.0,0.0,0.0,0.0,0.0,0.0,0.0,0.0,0.0,0.0,0.0,0.0,0.0,0.0,0.0,0.0,0.0,0.0,0.0,0.0,0.0,0.0,0.0,0.02087,0.0,0.0,0.0,0.0,0.0,0.0,0.0,0.0,0.0,0.0,0.00478,0.19281,0.0,0.0,0.0,0.01097,0.07783,0.0,0.0,0.0,0.0,0.0,0.21456,0.01344,0.0,0.0,0.0,0.0,0.20802,0.00902,0.0,0.0,0.0,0.16303,0.06108,0.0,0.0,0.0,0.0,0.0,0.00814,0.21191,0.0,0.0,0.073,0.11928,0.0,0.0,0.0,0.0,0.0,0.0,0.0,0.09794,0.11291,0.0,0.0,0.82217,3.1235,4.3175,5.0,5.0,5.0,0,0.0,0.88777
231,0.0,0.0,0.0,0.0,0.0,0.0,0.0,0.0,0.0,0.0,0.0,0.0,0.0,0.0,0.0,0.0,0.0,0.0,0.0,0.0,0.0,0.0,0.0,0.0,0.0,0.0,0.0,0.0,0.0,0.0,0.0,0.0,0.0,0.0,0.0,0.0,0.0,0.0,0.0,0.0,0.0,0.0,0.0,0.0,0.0,0.0,0.0,0.0,0.0,0.0,0.0,0.0,0.0,0.0,0.0,0.02476,0.0,0.0,0.0,0.0,0.0,0.0,0.0,0.0,0.0,0.0,0.00513,0.19581,0.0,0.0,0.0,0.00855,0.06769,0.0,0.0,0.0,0.0,0.0,0.21403,0.01167,0.0,0.0,0.0,0.0,0.20713,0.0092,0.0,0.0,0.0,0.1645,0.05926,0.0,0.0,0.0,0.0,0.0,0.00778,0.21173,0.0,0.0,0.07187,0.12146,0.0,0.0,0.0,0.0,0.0,0.0,0.0,0.09688,0.1115,0.0,0.0,0.98025,3.2015,5.0,5.0,5.0,5.0,0,0.0,0.9241299999999999
232,0.0,0.0,0.0,0.0,0.0,0.0,0.0,0.0,0.0,0.0,0.0,0.0,0.0,0.0,0.0,0.0,0.0,0.0,0.0,0.0,0.0,0.0,0.0,0.0,0.0,0.0,0.0,0.0,0.0,0.0,0.0,0.0,0.0,0.0,0.0,0.0,0.0,0.0,0.0,0.0,0.0,0.0,0.0,0.0,0.0,0.0,0.0,0.0,0.0,0.0,0.0,0.0,0.0,0.0,0.0,0.00495,0.0,0.0,0.0,0.0,0.0,0.0,0.0,0.0,0.0,0.0,0.00106,0.18414,0.0,0.0,0.0,0.01333,0.06875,0.0,0.0,0.0,0.0,0.0,0.20147,0.01928,0.0,0.0,0.0,0.0,0.21527,0.00548,0.0,0.0,0.0,0.15749,0.06751,0.0,0.0,0.0,0.0,0.0,0.01327,0.20855,0.0,0.0,0.07459,0.12936,0.0,0.0,0.0,0.0,0.0,0.0,0.0,0.10448,0.09275,0.0,0.0,1.0,3.8725,5.0,5.0,5.0,5.0,0,0.0,0.9288719999999999
233,0.0,0.0,0.0,0.0,0.0,0.0,0.0,0.0,0.0,0.0,0.0,0.0,0.0,0.0,0.0,0.0,0.0,0.0,0.0,0.0,0.0,0.0,0.0,0.0,0.0,0.0,0.0,0.0,0.0,0.0,0.0,0.0,0.0,0.0,0.0,0.0,0.0,0.0,0.0,0.0,0.0,0.0,0.0,0.0,0.0,0.0,0.0,0.0,0.0,0.0,0.0,0.0,0.0,0.0,0.0,0.02553,0.00029,0.0,0.0,0.0,0.0,0.0,0.0,0.0,0.0,0.0,0.0,0.19121,0.0,0.0,0.0,0.01333,0.05566,0.0,0.0,0.0,0.0,0.0,0.19263,0.02494,0.0,0.0,0.0,0.0,0.22164,0.00142,0.0,0.0,0.0,0.14817,0.08267,0.0,0.0,0.0,0.0,0.0,0.0237,0.199,0.0,0.0,0.08373,0.13968,0.0,0.0,0.0,0.0,0.0,0.0,0.0,0.11427,0.07624,0.0,0.0,0.91702,3.6825,5.0,5.0,5.0,5.0,0,0.0,0.895674
234,0.0,0.0,0.0,0.0,0.0,0.0,0.0,0.0,0.0,0.0,0.0,0.0,0.0,0.0,0.0,0.0,0.0,0.0,0.0,0.0,0.0,0.0,0.0,0.0,0.0,0.0,0.0,0.0,0.0,0.0,0.0,0.0,0.0,0.0,0.0,0.0,0.0,0.0,0.0,0.0,0.0,0.0,0.0,0.0,0.0,0.0,0.0,0.0,0.0,0.0,0.0,0.0,0.0,0.0,0.0,0.02795,0.0,0.0,0.0,0.0,0.0,0.0,0.0,0.0,0.0,0.0,0.00407,0.19192,0.0,0.0,0.0,0.00324,0.03992,0.0,0.0,0.0,0.0,0.0,0.20943,0.01309,0.0,0.0,0.0,0.0,0.21846,0.00071,0.0,0.0,0.0,0.16008,0.06191,0.0,0.0,0.0,0.0,0.0,0.02547,0.19634,0.0,0.0,0.08774,0.12117,0.0,0.0,0.0,0.0,0.0,0.0,0.0,0.11934,0.04764,0.0,0.0,0.90121,3.524,5.0,5.0,5.0,5.0,0,0.0,0.858526
235,0.0,0.0,0.0,0.0,0.0,0.0,0.0,0.0,0.0,0.0,0.0,0.0,0.0,0.0,0.0,0.0,0.0,0.0,0.0,0.0,0.0,0.0,0.0,0.0,0.0,0.0,0.0,0.0,0.0,0.0,0.0,0.0,0.0,0.0,0.0,0.0,0.0,0.0,0.0,0.0,0.0,0.0,0.0,0.0,0.0,0.0,0.0,0.0,0.0,0.0,0.0,0.0,0.0,0.0,0.0,0.00177,0.0,0.0,0.0,0.0,0.0,0.0,0.0,0.0,0.0,0.0,0.03096,0.14204,0.0,0.0,0.0,0.02706,0.0161,0.0,0.0,0.0,0.0,0.00053,0.21669,0.0,0.0,0.0,0.0,0.00159,0.21439,0.0,0.0,0.0,0.0,0.20354,0.02606,0.0,0.0,0.0,0.0,0.0,0.06952,0.1546,0.0,0.0,0.13691,0.07995,0.0,0.0,0.0,0.0,0.0,0.0,0.0,0.13762,0.00407,0.0,0.0,0.84588,3.4335,5.0,5.0,5.0,5.0,0,0.0,0.837974
236,0.0,0.0,0.0,0.0,0.0,0.0,0.0,0.0,0.0,0.0,0.0,0.0,0.0,0.0,0.0,0.0,0.0,0.0,0.0,0.0,0.0,0.0,0.0,0.0,0.0,0.0,0.0,0.0,0.0,0.0,0.0,0.0,0.0,0.0,0.0,0.0,0.0,0.0,0.0,0.0,0.0,0.0,0.0,0.0,0.0,0.0,0.0,0.0,0.0,0.0,0.0,0.0,0.0,0.0,0.0,0.0092,0.0,0.0,0.0,0.0,0.0,0.0,0.0,0.0,0.0,0.0,0.05873,0.13532,0.0,0.0,0.0,0.03744,0.00024,0.0,0.0,0.0,0.0,0.01397,0.20324,0.0,0.0,0.0,0.0,0.02134,0.19605,0.0,0.0,0.0,0.0,0.22954,0.00448,0.0,0.0,0.0,0.0,0.0,0.11108,0.10932,0.0,0.0,0.18101,0.04381,0.0,0.0,0.0,0.0,0.0,0.0,0.0,0.19298,0.00442,0.0,0.0,0.81426,3.2475,5.0,5.0,5.0,5.0,0,0.0,0.822166
237,0.0,0.0,0.0,0.0,0.0,0.0,0.0,0.0,0.0,0.0,0.0,0.0,0.0,0.0,0.0,0.0,0.0,0.0,0.0,0.0,0.0,0.0,0.0,0.0,0.0,0.0,0.0,0.0,0.0,0.0,0.0,0.0,0.0,0.0,0.0,0.0,0.0,0.0,0.0,0.0,0.0,0.0,0.0,0.0,0.0,0.0,0.0,0.0,0.0,0.0,0.0,0.0,0.0,0.0,0.0,0.0,0.0,0.0,0.0,0.0,0.0,0.0,0.0,0.0,0.0,0.0,0.09057,0.07818,0.0,0.0,0.0,0.03131,0.0,0.0,0.0,0.0,0.0,0.04664,0.17305,0.0,0.0,0.0,0.0,0.06669,0.15371,0.0,0.0,0.0,0.00991,0.21456,0.0,0.0,0.0,0.0,0.0,0.0,0.16238,0.05554,0.0,0.0,0.21114,0.00713,0.0,0.0,0.0,0.0,0.0,0.0,0.0,0.19245,0.0,0.0,0.0,0.81426,3.0445,4.6565,5.0,5.0,5.0,0,0.0,0.8364705066666666
238,0.0,0.0,0.0,0.0,0.0,0.0,0.0,0.0,0.0,0.0,0.0,0.0,0.0,0.0,0.0,0.0,0.0,0.0,0.0,0.0,0.0,0.0,0.0,0.0,0.0,0.0,0.0,0.0,0.0,0.0,0.0,0.0,0.0,0.0,0.0,0.0,0.0,0.0,0.0,0.0,0.0,0.0,0.0,0.0,0.0,0.0,0.0,0.0,0.0,0.0,0.0,0.0,0.0,0.0,0.0,0.0,0.0,0.0,0.0,0.0,0.0,0.0,0.0,0.0,0.0,0.0,0.12294,0.0283,0.0,0.0,0.0,0.01097,0.0,0.0,0.0,0.0,0.0,0.09399,0.12783,0.0,0.0,0.0,0.0,0.08998,0.10955,0.0,0.0,0.0,0.05466,0.17866,0.0,0.0,0.0,0.0,0.0,0.0,0.2059,0.01751,0.0,0.0,0.19493,0.0,0.0,0.0,0.0,0.0,0.0,0.0,0.00318,0.18219,0.0,0.0,0.0,0.81426,2.9745,4.5745,5.0,5.0,5.0,0,-0.041271999999999996,0.8570990133333332
239,0.0,0.0,0.0,0.0,0.0,0.0,0.0,0.0,0.0,0.0,0.0,0.0,0.0,0.0,0.0,0.0,0.0,0.0,0.0,0.0,0.0,0.0,0.0,0.0,0.0,0.0,0.0,0.0,0.0,0.0,0.0,0.0,0.0,0.0,0.0,0.0,0.0,0.0,0.0,0.0,0.0,0.0,0.0,0.0,0.0,0.0,0.0,0.0,0.0,0.0,0.0,0.0,0.0,0.0,0.0,0.0,0.0,0.0,0.0,0.0,0.0,0.0,0.0,0.0,0.0,0.0,0.15478,0.02618,0.0,0.0,0.0,0.0,0.0,0.0,0.0,0.0,0.0,0.12129,0.09629,0.0,0.0,0.0,0.0,0.0,0.02353,0.0,0.0,0.0,0.09139,0.14015,0.0,0.0,0.0,0.0,0.0,0.0,0.19334,0.0,0.0,0.0,0.16203,0.0,0.0,0.0,0.0,0.0,0.0,0.0,0.04298,0.12665,0.0,0.0,0.0,0.82217,3.378,5.0,5.0,5.0,5.0,0,-0.160802,0.8772849333333333
240,0.0,0.0,0.0,0.0,0.0,0.0,0.0,0.0,0.0,0.0,0.0,0.0,0.0,0.0,0.0,0.0,0.0,0.0,0.0,0.0,0.0,0.0,0.0,0.0,0.0,0.0,0.0,0.0,0.0,0.0,0.0,0.0,0.0,0.0,0.0,0.0,0.0,0.0,0.0,0.0,0.0,0.0,0.0,0.0,0.0,0.0,0.0,0.0,0.0,0.0,0.0,0.0,0.0,0.0,0.0,0.00743,0.0,0.0,0.0,0.0,0.0,0.0,0.0,0.0,0.0,0.0,0.1592,0.03078,0.0,0.0,0.0,0.0,0.0,0.0,0.0,0.0,0.0,0.14062,0.07995,0.0,0.0,0.0,0.0,0.0,0.0,0.0,0.0,0.0,0.11179,0.11745,0.0,0.0,0.0,0.0,0.0,0.0,0.04723,0.0,0.0,0.0,0.14151,0.0,0.0,0.0,0.0,0.0,0.0,0.0,0.05643,0.02406,0.0,0.0,0.0,0.82217,3.1785,5.0,5.0,5.0,5.0,0,-0.160802,0.8973232
241,0.0,0.0,0.0,0.0,0.0,0.0,0.0,0.0,0.0,0.0,0.0,0.0,0.0,0.0,0.0,0.0,0.0,0.0,0.0,0.0,0.0,0.0,0.0,0.0,0.0,0.0,0.0,0.0,0.0,0.0,0.0,0.0,0.0,0.0,0.0,0.0,0.0,0.0,0.0,0.0,0.0,0.0,0.0,0.0,0.0,0.0,0.0,0.0,0.0,0.0,0.0,0.0,0.0,0.0,0.0,0.00955,0.0,0.0,0.0,0.0,0.0,0.0,0.0,0.0,0.0,0.0,0.18042,0.01716,0.0,0.0,0.0,0.0,0.0,0.0,0.0,0.0,0.0,0.16739,0.05566,0.0,0.0,0.0,0.0,0.0,0.0,0.0,0.0,0.0,0.13691,0.09552,0.0,0.0,0.0,0.0,0.0,0.0,0.0237,0.0,0.0,0.0,0.11586,0.0,0.0,0.0,0.0,0.0,0.0,0.0,0.07394,0.03007,0.0,0.0,-0.20636,0.82217,3.2655,5.0,5.0,5.0,5.0,0,-0.160802,0.8957412
242,0.0,0.0,0.0,0.0,0.0,0.0,0.0,0.0,0.0,0.0,0.0,0.0,0.0,0.0,0.0,0.0,0.0,0.0,0.0,0.0,0.0,0.0,0.0,0.0,0.0,0.0,0.0,0.0,0.0,0.0,0.0,0.0,0.0,0.0,0.0,0.0,0.0,0.0,0.0,0.0,0.0,0.0,0.0,0.0,0.0,0.0,0.0,0.0,0.0,0.0,0.0,0.0,0.0,0.0,0.0,0.00955,0.0,0.0,0.0,0.0,0.0,0.0,0.0,0.0,0.0,0.0,0.18272,0.01716,0.0,0.0,0.0,0.0,0.0,0.0,0.0,0.0,0.0,0.16704,0.05336,0.0,0.0,0.0,0.0,0.0,0.0,0.0,0.0,0.0,0.14505,0.09322,0.0,0.0,0.0,0.0,0.0,0.0,0.06987,0.0,0.0,0.0,0.11321,0.0,0.0,0.0,0.0,0.0,0.0,0.0,0.0605,0.0,0.0,0.0,-0.59765,0.79846,3.8905,5.0,5.0,5.0,5.0,0,-0.160802,0.8830186933333334
243,0.0,0.0,0.0,0.0,0.0,0.0,0.0,0.0,0.0,0.0,0.0,0.0,0.0,0.0,0.0,0.0,0.0,0.0,0.0,0.0,0.0,0.0,0.0,0.0,0.0,0.0,0.0,0.0,0.0,0.0,0.0,0.0,0.0,0.0,0.0,0.0,0.0,0.0,0.0,0.0,0.0,0.0,0.0,0.0,0.0,0.0,0.0,0.0,0.0,0.0,0.0,0.0,0.0,0.0,0.0,0.0,0.0,0.0,0.0,0.0,0.0,0.0,0.0,0.0,0.0,0.0,0.05342,0.13037,0.0,0.0,0.0,0.0,0.0,0.0,0.0,0.0,0.0,0.02288,0.19116,0.0,0.0,0.0,0.0,0.0,0.0,0.0,0.0,0.0,0.0043,0.22783,0.00012,0.0,0.0,0.0,0.0,0.0,0.00053,0.0,0.0,0.0,0.21079,0.01226,0.0,0.0,0.0,0.0,0.0,0.0,0.0,0.0,0.0,0.0,0.0,0.79055,3.052,3.8895,5.0,5.0,5.0,0,-0.11953,0.8861041866666668
244,0.0,0.0,0.0,0.0,0.0,0.0,0.0,0.0,0.0,0.0,0.0,0.0,0.0,0.0,0.0,0.0,0.0,0.0,0.0,0.0,0.0,0.0,0.0,0.0,0.0,0.0,0.0,0.0,0.0,0.0,0.0,0.0,0.0,0.0,0.0,0.0,0.0,0.0,0.0,0.0,0.0,0.0,0.0,0.0,0.0,0.0,0.0,0.0,0.0,0.0,0.0,0.0,0.0,0.0,0.0,0.0,0.0,0.0,0.0,0.0,0.0,0.0,0.0,0.0,0.0,0.0,0.0,0.1921,0.0,0.0,0.0,0.0,0.0,0.0,0.0,0.0,0.0,0.0,0.1898,0.03732,0.0,0.0,0.0,0.0,0.0,0.0,0.0,0.0,0.0,0.16356,0.0694,0.0,0.0,0.0,0.0,0.0,0.0,0.12188,0.0,0.0,0.12341,0.10407,0.0,0.0,0.0,0.0,0.0,0.0,0.0,0.03715,0.00407,0.0,0.0,0.81426,2.7845,4.3145,5.0,5.0,5.0,0,0.0,0.8927942666666666
245,0.0,0.0,0.0,0.0,0.0,0.0,0.0,0.0,0.0,0.0,0.0,0.0,0.0,0.0,0.0,0.0,0.0,0.0,0.0,0.0,0.0,0.0,0.0,0.0,0.0,0.0,0.0,0.0,0.0,0.0,0.0,0.0,0.0,0.0,0.0,0.0,0.0,0.0,0.0,0.0,0.0,0.0,0.0,0.0,0.0,0.0,0.0,0.0,0.0,0.0,0.0,0.0,0.0,0.0,0.0,0.0,0.00389,0.0,0.0,0.0,0.0,0.0,0.0,0.0,0.0,0.0,0.0,0.18373,0.01828,0.0,0.0,0.0,0.0,0.0,0.0,0.0,0.0,0.0,0.1638,0.06916,0.0,0.0,0.0,0.0,0.00283,0.00973,0.0,0.0,0.0,0.13491,0.10796,0.0,0.0,0.0,0.0,0.0,0.0,0.17406,0.0,0.0,0.09139,0.14121,0.0,0.0,0.0,0.0,0.0,0.0,0.0,0.05572,0.02689,0.0,0.0,0.85379,2.812,4.2795,5.0,5.0,5.0,0,0.082526,0.8964700000000001
246,0.0,0.0,0.0,0.0,0.0,0.0,0.0,0.0,0.0,0.0,0.0,0.0,0.0,0.0,0.0,0.0,0.0,0.0,0.0,0.0,0.0,0.0,0.0,0.0,0.0,0.0,0.0,0.0,0.0,0.0,0.0,0.0,0.0,0.0,0.0,0.0,0.0,0.0,0.0,0.0,0.0,0.0,0.0,0.0,0.0,0.0,0.0,0.0,0.0,0.0,0.0,0.0,0.0,0.0,0.0,0.0,0.01999,0.0,0.0,0.0,0.0,0.0,0.0,0.0,0.0,0.0,0.0,0.15,0.05784,0.0,0.0,0.0,0.0,0.0,0.0,0.0,0.0,0.0,0.11356,0.11568,0.0,0.0,0.0,0.0,0.02653,0.11038,0.0,0.0,0.0,0.08013,0.15371,0.0,0.0,0.0,0.0,0.0,0.0,0.18154,0.01975,0.0,0.04676,0.18691,0.0,0.0,0.0,0.0,0.0,0.0,0.0,0.00147,0.07547,0.0,0.0,0.93283,3.0955,4.3035,5.0,5.0,5.0,0,0.082526,0.9201840000000001
247,0.0,0.0,0.0,0.0,0.0,0.0,0.0,0.0,0.0,0.0,0.0,0.0,0.0,0.0,0.0,0.0,0.0,0.0,0.0,0.0,0.0,0.0,0.0,0.0,0.0,0.0,0.0,0.0,0.0,0.0,0.0,0.0,0.0,0.0,0.0,0.0,0.0,0.0,0.0,0.0,0.0,0.0,0.0,0.0,0.0,0.0,0.0,0.0,0.0,0.0,0.0,0.0,0.01344,0.0,0.0,0.0,0.00318,0.0,0.0,0.0,0.0,0.0,0.0,0.0,0.00566,0.0,0.0,0.07954,0.11574,0.0,0.0,0.0,0.00672,0.01238,0.0,0.0,0.0,0.0,0.03325,0.19422,0.0,0.0,0.0,0.0,0.0,0.2036,0.0,0.0,0.0,0.0066,0.22936,0.0,0.0,0.0,0.0,0.0,0.0,0.07447,0.13001,0.0,0.0,0.21338,0.01073,0.0,0.0,0.0,0.0,0.0,0.0,0.0,0.05749,0.0,0.0,0.94864,2.9585,3.8275,5.0,5.0,5.0,0,0.082526,0.93283
248,0.0,0.0,0.0,0.0,0.0,0.0,0.0,0.0,0.0,0.0,0.0,0.0,0.0,0.0,0.0,0.0,0.0,0.0,0.0,0.0,0.0,0.0,0.0,0.0,0.0,0.0,0.0,0.0,0.0,0.0,0.0,0.0,0.0,0.0,0.0,0.0,0.0,0.0,0.0,0.0,0.0,0.0,0.0,0.0,0.0,0.0,0.0,0.0,0.0,0.0,0.0,0.0,0.00124,0.0,0.0,0.0,0.01999,0.00778,0.0,0.0,0.0,0.0,0.0,0.0,0.06055,0.00012,0.0,0.00548,0.19829,0.0,0.0,0.0,0.0,0.06474,0.0,0.0,0.0,0.0,0.0,0.21663,0.00961,0.0,0.0,0.0,0.0,0.15572,0.06114,0.0,0.0,0.0,0.17282,0.05996,0.0,0.0,0.0,0.0,0.0,0.0,0.22199,0.0,0.0,0.11209,0.1115,0.0,0.0,0.0,0.0,0.0,0.0,0.0,0.0286,0.10425,0.41263,0.93283,2.4075,3.5245,5.0,5.0,5.0,0,0.082526,0.926506
249,0.0,0.0,0.0,0.0,0.0,0.0,0.0,0.0,0.0,0.0,0.0,0.0,0.0,0.0,0.0,0.0,0.0,0.0,0.0,0.0,0.0,0.0,0.0,0.0,0.0,0.0,0.0,0.0,0.0,0.0,0.0,0.0,0.0,0.0,0.0,0.0,0.0,0.0,0.0,0.0,0.0,0.0,0.0,0.0,0.0,0.0,0.0,0.0,0.0,0.0,0.0,0.0,0.0,0.0,0.0,0.0,0.0046,0.0,0.0,0.0,0.0,0.0,0.0,0.0,0.0,0.0,0.0,0.0704,0.08774,0.0,0.0,0.0,0.01751,0.04882,0.0,0.0,0.0,0.0,0.01415,0.2082,0.0,0.0,0.0,0.0,0.0,0.22005,0.00053,0.0,0.0,0.0,0.21757,0.00265,0.0,0.0,0.0,0.0,0.0,0.026,0.20554,0.0,0.0,0.13927,0.05513,0.0,0.0,0.0,0.0,0.0,0.0,0.0,0.09888,0.098,0.0,0.93283,2.7005,4.5955,5.0,5.0,5.0,0,0.082526,0.909116
250,0.0,0.0,0.0,0.0,0.0,0.0,0.0,0.0,0.0,0.0,0.0,0.0,0.0,0.0,0.0,0.0,0.0,0.0,0.0,0.0,0.0,0.0,0.0,0.0,0.0,0.0,0.0,0.0,0.0,0.0,0.0,0.0,0.0,0.0,0.0,0.0,0.0,0.0,0.0,0.0,0.0,0.0,0.0,0.0,0.0,0.0,0.0,0.0,0.0,0.0,0.0,0.0,0.0,0.0,0.0,0.01999,0.0,0.0,0.0,0.0,0.0,0.0,0.0,0.0,0.0,0.0,0.0,0.18874,0.0,0.0,0.0,0.0,0.03838,0.0,0.0,0.0,0.0,0.0,0.18821,0.0237,0.0,0.0,0.0,0.0,0.17123,0.05519,0.0,0.0,0.0,0.13962,0.08962,0.0,0.0,0.0,0.0,0.0,0.0,0.22618,0.00271,0.0,0.05342,0.15265,0.0,0.0,0.0,0.0,0.0,0.0,0.0,0.0191,0.18467,0.0,0.0,0.91702,3.1535,5.0,5.0,5.0,5.0,0,-0.18,0.893308
251,0.0,0.0,0.0,0.0,0.0,0.0,0.0,0.0,0.0,0.0,0.0,0.0,0.0,0.0,0.0,0.0,0.0,0.0,0.0,0.0,0.0,0.0,0.0,0.0,0.0,0.0,0.0,0.0,0.0,0.0,0.0,0.0,0.0,0.0,0.0,0.0,0.0,0.0,0.0,0.0,0.0,0.0,0.0,0.0,0.0,0.0,0.0,0.0,0.0,0.0,0.0,0.0,0.0,0.0,0.0,0.0421,0.0,0.0,0.0,0.0,0.0,0.0,0.0,0.0,0.0,0.0,0.06704,0.13939,0.0,0.0,0.0,0.03249,0.02871,0.0,0.0,0.0,0.0,0.00619,0.18361,0.0,0.0,0.0,0.0,6e-05,0.22388,0.0,0.0,0.0,0.0,0.22241,0.00737,0.0,0.0,0.0,0.0,0.0,0.04298,0.18715,0.0,0.0,0.15525,0.05666,0.0,0.0,0.0,0.0,0.0,0.0,0.0,0.11675,0.07323,0.0,0.0,0.90121,2.8795,4.9335,5.0,5.0,5.0,0,-0.18,0.8906650933333333
252,0.0,0.0,0.0,0.0,0.0,0.0,0.0,0.0,0.0,0.0,0.0,0.0,0.0,0.0,0.0,0.0,0.0,0.0,0.0,0.0,0.0,0.0,0.0,0.0,0.0,0.0,0.0,0.0,0.0,0.0,0.0,0.0,0.0,0.0,0.0,0.0,0.0,0.0,0.0,0.0,0.0,0.0,0.0,0.0,0.0,0.0,0.0,0.0,0.0,0.0,0.0,0.0,0.0,0.0,0.02583,0.0046,0.0,0.0,0.0,0.0,0.0,0.0,0.0,0.0,0.0,0.00313,0.2033,0.0,0.0,0.0,0.0,0.0,0.0,0.0,0.0,0.0,0.0,0.1977,0.01279,0.0,0.0,0.0,0.0,0.03803,0.05837,0.0,0.0,0.0,0.16592,0.06757,0.0,0.0,0.0,0.0,0.0,0.0,0.2036,0.0,0.0,0.0,0.08933,0.0,0.0,0.0,0.0,0.0,0.0,0.0,0.03237,0.11851,0.0,0.0,0.0,0.86169,3.1775,5.0,5.0,5.0,5.0,0,-0.18,0.8780190933333334
253,0.0,0.0,0.0,0.0,0.0,0.0,0.0,0.0,0.0,0.0,0.0,0.0,0.0,0.0,0.0,0.0,0.0,0.0,0.0,0.0,0.0,0.0,0.0,0.0,0.0,0.0,0.0,0.0,0.0,0.0,0.0,0.0,0.0,0.0,0.0,0.0,0.0,0.0,0.0,0.0,0.0,0.0,0.0,0.0,0.0,0.0,0.0,0.0,0.0,0.0,0.0,0.0,0.0,0.0,0.0,0.0,0.0,0.0,0.0,0.0,0.0,0.0,0.0,0.0,0.0,0.15672,0.01327,0.0,0.0,0.0,0.0,0.0,0.0,0.0,0.0,0.0,0.14805,0.07093,0.0,0.0,0.0,0.0,0.0,0.0,0.0,0.0,0.0,0.0,0.0842,0.0,0.0,0.0,0.0,0.0,0.0,0.0,0.0,0.0,0.0,0.0,0.0,0.0,0.0,0.0,0.0,0.0,0.0,0.0,0.0,0.0,0.0,0.0,-0.9,0.85379,5.0,5.0,5.0,5.0,5.0,0,-0.18,0.8685350933333333
254,0.0,0.0,0.0,0.0,0.0,0.0,0.0,0.0,0.0,0.0,0.0,0.0,0.0,0.0,0.0,0.0,0.0,0.0,0.0,0.0,0.0,0.0,0.0,0.0,0.0,0.0,0.0,0.0,0.0,0.0,0.0,0.0,0.0,0.0,0.0,0.0,0.0,0.0,0.0,0.0,0.0,0.0,0.0,0.0,0.0,0.0,0.0,0.0,0.0,0.0,0.0,0.0,0.0,0.0,0.00035,0.0,0.0,0.0,0.0,0.0,0.0,0.0,0.0,0.0,0.0,0.0605,0.10348,0.0,0.0,0.0,0.0,0.0,0.0,0.0,0.0,0.0,0.0431,0.17677,0.0,0.0,0.0,0.0,0.0,0.0,0.0,0.0,0.0,0.0,0.20483,0.0,0.0,0.0,0.0,0.0,0.0,0.0,0.0,0.0,0.0,0.0,0.0,0.0,0.0,0.0,0.0,0.0,0.0,0.0,0.0,0.0,0.0,0.0,0.0,0.84588,3.5245,5.0,5.0,5.0,5.0,0,-0.18,0.8669550933333333
255,0.0,0.0,0.0,0.0,0.0,0.0,0.0,0.0,0.0,0.0,0.0,0.0,0.0,0.0,0.0,0.0,0.0,0.0,0.0,0.0,0.0,0.0,0.0,0.0,0.0,0.0,0.0,0.0,0.0,0.0,0.0,0.0,0.0,0.0,0.0,0.0,0.0,0.0,0.0,0.0,0.0,0.0,0.0,0.0,0.0,0.0,0.0,0.0,0.0,0.0,0.0,0.0,0.0,0.0,0.0,0.0,0.0,0.0,0.0,0.0,0.0,0.0,0.0,0.0,0.0,0.0,0.1362,0.06562,0.0,0.0,0.0,0.0,0.0,0.0,0.0,0.0,0.0,0.12936,0.09935,0.0,0.0,0.0,0.0,0.0,0.0,0.0,0.0,0.0,0.12164,0.11539,0.0,0.0,0.0,0.0,0.0,0.0,0.0,0.0,0.0,0.0,0.11904,0.0,0.0,0.0,0.0,0.0,0.0,0.0,0.0,0.0,0.0,0.0,0.0,0.85379,3.0065,5.0,5.0,5.0,5.0,0,0.0,0.8685350933333333
256,0.0,0.0,0.0,0.0,0.0,0.0,0.0,0.0,0.0,0.0,0.0,0.0,0.0,0.0,0.0,0.0,0.0,0.0,0.0,0.0,0.0,0.0,0.0,0.0,0.0,0.0,0.0,0.0,0.0,0.0,0.0,0.0,0.0,0.0,0.0,0.0,0.0,0.0,0.0,0.0,0.0,0.0,0.0,0.0,0.0,0.0,0.0,0.0,0.0,0.0,0.0,0.0,0.0,0.0,0.0,0.0,0.0,0.0,0.0,0.0,0.0,0.0,0.0,0.0,0.0,0.0,0.0582,0.13673,0.0,0.0,0.0,0.0,0.0,0.0,0.0,0.0,0.0,0.04239,0.1911,0.0,0.0,0.0,0.0,0.0,0.0,0.0,0.0,0.0,0.03019,0.20312,0.0,0.0,0.0,0.0,0.0,0.0,0.0,0.0,0.0,0.0,0.18644,0.0,0.0,0.0,0.0,0.0,0.0,0.0,0.0,0.0,0.0,0.0,0.0,0.85379,3.0435,5.0,5.0,5.0,5.0,0,0.0,0.8506260000000001
257,0.0,0.0,0.0,0.0,0.0,0.0,0.0,0.0,0.0,0.0,0.0,0.0,0.0,0.0,0.0,0.0,0.0,0.0,0.0,0.0,0.0,0.0,0.0,0.0,0.0,0.0,0.0,0.0,0.0,0.0,0.0,0.0,0.0,0.0,0.0,0.0,0.0,0.0,0.0,0.0,0.0,0.0,0.0,0.0,0.0,0.0,0.0,0.0,0.0,0.0,0.0,0.0,0.0,0.0,0.0,0.00029,0.00183,0.0,0.0,0.0,0.0,0.0,0.0,0.0,0.0,0.0,0.0,0.19198,0.00666,0.0,0.0,0.0,0.0,0.0,0.0,0.0,0.0,0.0,0.2112,0.0283,0.0,0.0,0.0,0.0,0.0,0.0,0.0,0.0,0.0,0.1921,0.04351,0.0,0.0,0.0,0.0,0.0,0.0,0.0,0.0,0.0,0.17364,0.06179,0.0,0.0,0.0,0.0,0.0,0.0,0.0,0.0,0.0,0.0,0.0,0.85379,3.5875,5.0,5.0,5.0,5.0,0,0.0,0.8727579999999999
258,0.0,0.0,0.0,0.0,0.0,0.0,0.0,0.0,0.0,0.0,0.0,0.0,0.0,0.0,0.0,0.0,0.0,0.0,0.0,0.0,0.0,0.0,0.0,0.0,0.0,0.0,0.0,0.0,0.0,0.0,0.0,0.0,0.0,0.0,0.0,0.0,0.0,0.0,0.0,0.0,0.0,0.0,0.0,0.0,0.0,0.0,0.0,0.0,0.0,0.0,0.0,0.0,0.0,0.0,0.0,0.0,0.00778,0.0,0.0,0.0,0.0,0.0,0.0,0.0,0.0,0.0,0.0,0.13278,0.05737,0.0,0.0,0.0,0.0,0.0,0.0,0.0,0.0,0.0,0.127,0.10879,0.0,0.0,0.0,0.0,0.0,0.0,0.0,0.0,0.0,0.10938,0.12783,0.0,0.0,0.0,0.0,0.0,0.0,0.0,0.0,0.0,0.07364,0.14782,0.0,0.0,0.0,0.0,0.0,0.0,0.0,0.0,0.0,0.0,0.0,0.86169,3.5655,5.0,5.0,5.0,5.0,0,0.08679400000000001,0.89489
259,0.0,0.0,0.0,0.0,0.0,0.0,0.0,0.0,0.0,0.0,0.0,0.0,0.0,0.0,0.0,0.0,0.0,0.0,0.0,0.0,0.0,0.0,0.0,0.0,0.0,0.0,0.0,0.0,0.0,0.0,0.0,0.0,0.0,0.0,0.0,0.0,0.0,0.0,0.0,0.0,0.0,0.0,0.0,0.0,0.0,0.0,0.0,0.0,0.0,0.0,0.0,0.0,0.0,0.0,0.0,0.0,0.0214,0.0,0.0,0.0,0.0,0.0,0.0,0.0,0.0,0.0,0.0,0.08125,0.11775,0.0,0.0,0.0,0.0,0.0,0.0,0.0,0.0,0.0,0.06775,0.16627,0.0,0.0,0.0,0.0,0.0,0.0,0.0,0.0,0.0,0.0467,0.1898,0.0,0.0,0.0,0.0,0.0,0.0,0.0,0.0,0.0,0.01787,0.20961,0.0,0.0,0.0,0.0,0.0,0.0,0.0,0.0,0.0,0.0,0.0,0.83007,3.3815,5.0,5.0,5.0,5.0,0,0.08679400000000001,0.917022
260,0.0,0.0,0.0,0.0,0.0,0.0,0.0,0.0,0.0,0.0,0.0,0.0,0.0,0.0,0.0,0.0,0.0,0.0,0.0,0.0,0.0,0.0,0.0,0.0,0.0,0.0,0.0,0.0,0.0,0.0,0.0,0.0,0.0,0.0,0.0,0.0,0.0,0.0,0.0,0.0,0.0,0.0,0.0,0.0,0.0,0.0,0.0,0.0,0.0,0.0,0.0,0.0,0.01085,0.0033,0.0,0.0,0.02671,0.0,0.0,0.0,0.0,0.0,0.0,0.0,0.0145,0.00177,0.0,0.03066,0.19151,0.0,0.0,0.0,0.0,0.0,0.0,0.0,0.0,0.0,0.00902,0.22712,0.0,0.0,0.0,0.0,0.0,0.0,0.0,0.0,0.0,0.00029,0.23019,0.00584,0.0,0.0,0.0,0.0,0.0,0.0,0.0,0.0,0.0,0.19941,0.02789,0.0,0.0,0.0,0.0,0.0,0.0,0.0,0.0,0.0,0.0,0.96445,3.3455,5.0,5.0,5.0,5.0,0,0.08679400000000001,0.937574
261,0.0,0.0,0.0,0.0,0.0,0.0,0.0,0.0,0.0,0.0,0.0,0.0,0.0,0.0,0.0,0.0,0.0,0.0,0.0,0.0,0.0,0.0,0.0,0.0,0.0,0.0,0.0,0.0,0.0,0.0,0.0,0.0,0.0,0.0,0.0,0.0,0.0,0.0,0.0,0.0,0.0,0.0,0.0,0.0,0.0,0.0,0.0,0.0,0.0,0.0,0.0,0.0,0.0,0.0,0.0,0.0,0.00035,0.04316,0.0,0.0,0.0,0.0,0.0,0.0,0.03461,0.00342,0.0,0.0,0.19322,0.01922,0.0,0.0,0.0,0.0,0.0,0.0,0.0,0.0,0.0,0.1737,0.05873,0.0,0.0,0.0,0.0,0.0,0.0,0.0,0.0,0.0,0.13479,0.09906,0.0,0.0,0.0,0.0,0.0,0.0,0.0,0.0,0.0,0.07482,0.14169,0.0,0.0,0.0,0.0,0.0,0.0,0.0,0.0,0.0,0.43397,0.96445,2.7535,5.0,5.0,5.0,5.0,0,0.08679400000000001,0.96445
262,0.0,0.0,0.0,0.0,0.0,0.0,0.0,0.0,0.0,0.0,0.0,0.0,0.0,0.0,0.0,0.0,0.0,0.0,0.0,0.0,0.0,0.0,0.0,0.0,0.0,0.0,0.0,0.0,0.0,0.0,0.0,0.0,0.0,0.0,0.0,0.0,0.0,0.0,0.0,0.0,0.0,0.0,0.0,0.0,0.0,0.0,0.0,0.0,0.0,0.0,0.0,0.0,0.0,0.0,0.0,0.0,0.01751,0.0,0.0,0.0,0.0,0.0,0.0,0.0,0.0,0.0,0.0,0.09794,0.10778,0.0,0.0,0.0,0.0,0.00336,0.01698,0.00053,0.0,0.0,0.06138,0.15973,0.0,0.0,0.0,0.0,0.0,0.0,0.0,0.0,0.0,0.01456,0.22017,0.0,0.0,0.0,0.0,0.0,0.0,0.0,0.0,0.0,0.0,0.19564,0.00354,0.0,0.0,0.0,0.0,0.0,0.0,0.0,0.0,0.0,0.0,0.96445,3.9355,5.0,5.0,5.0,5.0,0,0.08679400000000001,0.961288
263,0.0,0.0,0.0,0.0,0.0,0.0,0.0,0.0,0.0,0.0,0.0,0.0,0.0,0.0,0.0,0.0,0.0,0.0,0.0,0.0,0.0,0.0,0.0,0.0,0.0,0.0,0.0,0.0,0.0,0.0,0.0,0.0,0.0,0.0,0.0,0.0,0.0,0.0,0.0,0.0,0.0,0.0,0.0,0.0,0.0,0.0,0.0,0.0,0.0,0.0,0.0,0.0,0.0,0.0,0.0,0.00124,0.00106,0.0,0.0,0.0,0.0,0.0,0.0,0.0,0.0,0.0,0.0,0.18892,0.00442,0.0,0.0,0.0,0.0,0.04864,0.01963,0.0,0.0,0.0,0.16203,0.0612,0.0,0.0,0.0,0.0,0.0,0.0,0.0,0.0,0.0,0.11315,0.11787,0.0,0.0,0.0,0.0,0.0,0.0,0.0,0.0,0.0,0.04169,0.16403,0.0,0.0,0.0,0.0,0.0,0.0,0.0,0.0,0.0,0.0,0.0,0.96445,3.8155,5.0,5.0,5.0,5.0,0,0.0,0.9533820000000001
264,0.0,0.0,0.0,0.0,0.0,0.0,0.0,0.0,0.0,0.0,0.0,0.0,0.0,0.0,0.0,0.0,0.0,0.0,0.0,0.0,0.0,0.0,0.0,0.0,0.0,0.0,0.0,0.0,0.0,0.0,0.0,0.0,0.0,0.0,0.0,0.0,0.0,0.0,0.0,0.0,0.0,0.0,0.0,0.0,0.0,0.0,0.0,0.0,0.0,0.0,0.0,0.0,0.0,0.0,0.0,0.00035,0.0,0.0,0.0,0.0,0.0,0.0,0.0,0.0,0.0,0.0,0.0138,0.18573,0.0,0.0,0.0,0.0,0.07093,0.12978,0.09534,0.00077,0.0,0.0,0.22111,0.0023,0.0,0.0,0.0,0.0,0.0,0.0,0.01562,0.08998,0.0,0.18208,0.04416,0.0,0.0,0.0,0.0,0.0,0.0,0.0,0.0,0.0,0.12482,0.09027,0.0,0.0,0.0,0.0,0.0,0.0,0.0,0.0,0.0,0.0,0.0,0.96445,4.0155,5.0,5.0,5.0,5.0,0,-0.18,0.9359919999999999
265,0.0,0.0,0.0,0.0,0.0,0.0,0.0,0.0,0.0,0.0,0.0,0.0,0.0,0.0,0.0,0.0,0.0,0.0,0.0,0.0,0.0,0.0,0.0,0.0,0.0,0.0,0.0,0.0,0.0,0.0,0.0,0.0,0.0,0.0,0.0,0.0,0.0,0.0,0.0,0.0,0.0,0.0,0.0,0.0,0.0,0.0,0.0,0.0,0.0,0.0,0.0,0.0,0.0,0.0,0.0,0.01097,0.0,0.0,0.0,0.0,0.0,0.0,0.0,0.0,0.0,0.0,0.1217,0.06828,0.0,0.0,0.0,0.0,0.04705,0.00814,0.0,0.0,0.0,0.07777,0.14564,0.0,0.0,0.0,0.0,0.0,0.0,0.10884,0.11504,0.077,0.02453,0.20224,0.0,0.0,0.0,0.0,0.0,0.0,0.0,0.0,0.0,0.0,0.20625,0.00071,0.0,0.0,0.0,0.0,0.0,0.0,0.0,0.0,0.0,0.0,0.0,0.94864,4.3045,5.0,5.0,5.0,5.0,0,-0.36,0.9264348533333333
266,0.0,0.0,0.0,0.0,0.0,0.0,0.0,0.0,0.0,0.0,0.0,0.0,0.0,0.0,0.0,0.0,0.0,0.0,0.0,0.0,0.0,0.0,0.0,0.0,0.0,0.0,0.0,0.0,0.0,0.0,0.0,0.0,0.0,0.0,0.0,0.0,0.0,0.0,0.0,0.0,0.0,0.0,0.0,0.0,0.0,0.0,0.0,0.0,0.0,0.0,0.0,0.0,0.0,0.0,0.02529,0.0,0.0,0.0,0.0,0.0,0.0,0.0,0.0,0.0,0.0,0.00666,0.20613,0.0,0.0,0.0,0.0,0.0,0.0,0.0,0.0,0.0,0.0,0.21415,0.00802,0.0,0.0,0.0,0.0,0.0,0.04528,0.12636,0.01285,0.0,0.19534,0.04239,0.0,0.0,0.0,0.0,0.0,0.0,0.0,0.00177,0.10318,0.06344,0.07376,0.0,0.0,0.0,0.0,0.0,0.0,0.0,0.0,0.0,0.0,0.0,0.0,0.92492,4.0355,5.0,5.0,5.0,5.0,0,-0.36,0.9124509066666666
267,0.0,0.0,0.0,0.0,0.0,0.0,0.0,0.0,0.0,0.0,0.0,0.0,0.0,0.0,0.0,0.0,0.0,0.0,0.0,0.0,0.0,0.0,0.0,0.0,0.0,0.0,0.0,0.0,0.0,0.0,0.0,0.0,0.0,0.0,0.0,0.0,0.0,0.0,0.0,0.0,0.0,0.0,0.0,0.0,0.0,0.0,0.0,0.0,0.0,0.0,0.0,0.0,0.0,0.0,0.0,0.0,0.0,0.0,0.0,0.0,0.0,0.0,0.0,0.0,0.0,0.17541,0.00271,0.0,0.0,0.0,0.0,0.0,0.0,0.0,0.0,0.0,0.18526,0.04629,0.0,0.0,0.0,0.0,0.0,0.02388,0.02724,0.0,0.0,0.0,0.05059,0.0,0.0,0.0,0.0,0.0,0.0,0.0,0.11728,0.13072,0.0,0.0,0.0,0.0,0.0,0.0,0.0,0.0,0.0,0.0,0.0,0.0,0.0,0.0,-0.9,0.8775,5.0,5.0,5.0,5.0,5.0,0,-0.36,0.9006698666666667
268,0.0,0.0,0.0,0.0,0.0,0.0,0.0,0.0,0.0,0.0,0.0,0.0,0.0,0.0,0.0,0.0,0.0,0.0,0.0,0.0,0.0,0.0,0.0,0.0,0.0,0.0,0.0,0.0,0.0,0.0,0.0,0.0,0.0,0.0,0.0,0.0,0.0,0.0,0.0,0.0,0.0,0.0,0.0,0.0,0.0,0.0,0.0,0.0,0.0,0.0,0.0,0.0,0.0,0.0,0.00761,0.0,0.0,0.0,0.0,0.0,0.0,0.0,0.0,0.0,0.0,0.07223,0.12394,0.0,0.0,0.0,0.0,0.0,0.0,0.0,0.0,0.0,0.06303,0.15171,0.0,0.0,0.0,0.0,0.0,0.04298,0.0,0.0,0.0,0.0,0.16574,0.0,0.0,0.0,0.0,0.0,0.0,0.10383,0.12877,0.0,0.0,0.0,0.0,0.0,0.0,0.0,0.0,0.0,0.0,0.0,0.09039,0.15778,0.0,0.0,-0.9,0.81426,4.685,5.0,5.0,5.0,5.0,0,-0.36,0.8105558666666667
269,0.0,0.0,0.0,0.0,0.0,0.0,0.0,0.0,0.0,0.0,0.0,0.0,0.0,0.0,0.0,0.0,0.0,0.0,0.0,0.0,0.0,0.0,0.0,0.0,0.0,0.0,0.0,0.0,0.0,0.0,0.0,0.0,0.0,0.0,0.0,0.0,0.0,0.0,0.0,0.0,0.0,0.0,0.0,0.0,0.0,0.0,0.0,0.0,0.0,0.0,0.0,0.0,0.0,0.0,0.0,0.0,0.00336,0.0,0.0,0.0,0.0,0.0,0.0,0.0,0.0,0.0,0.0,0.19687,0.01362,0.0,0.0,0.0,0.0,0.0,0.0,0.0,0.0,0.0,0.20165,0.03361,0.0,0.0,0.0,0.0,0.0,0.0,0.0,0.0,0.0,0.19935,0.03945,0.0,0.0,0.0,0.0,0.0,0.0,0.0,0.0,0.0,0.19399,0.04817,0.0,0.0,0.0,0.0,0.0,0.0,0.0,0.02901,0.00088,0.0,0.0,0.57711,3.1675,5.0,5.0,5.0,5.0,0,-0.18,0.8152978666666666
270,0.0,0.0,0.0,0.0,0.0,0.0,0.0,0.0,0.0,0.0,0.0,0.0,0.0,0.0,0.0,0.0,0.0,0.0,0.0,0.0,0.0,0.0,0.0,0.0,0.0,0.0,0.0,0.0,0.0,0.0,0.0,0.0,0.0,0.0,0.0,0.0,0.0,0.0,0.0,0.0,0.0,0.0,0.0,0.0,0.0,0.0,0.0,0.0,0.0,0.0,0.0,0.0,0.0,0.0,0.0,0.0,0.03591,0.0,0.0,0.0,0.0,0.0,0.0,0.0,0.0,0.0,0.0,0.07689,0.13892,0.0,0.0,0.0,0.0,0.0,0.0,0.0,0.0,0.0,0.07182,0.17441,0.0,0.0,0.0,0.0,0.0,0.0,0.0,0.0,0.0,0.06144,0.18744,0.0,0.0,0.0,0.0,0.0,0.0,0.01392,0.09186,0.0,0.04634,0.1898,0.0,0.0,0.0,0.0,0.0,0.0,0.0,0.0,0.10006,0.00572,0.0,0.0,3.5695,5.0,5.0,5.0,5.0,0,0.0,0.8169490133333334
271,0.0,0.0,0.0,0.0,0.0,0.0,0.0,0.0,0.0,0.0,0.0,0.0,0.0,0.0,0.0,0.0,0.0,0.0,0.0,0.0,0.0,0.0,0.0,0.0,0.0,0.0,0.0,0.0,0.0,0.0,0.0,0.0,0.0,0.0,0.0,0.0,0.0,0.0,0.0,0.0,0.0,0.0,0.0,0.0,0.0,0.0,0.0,0.0,0.0,0.0,0.0,0.0,0.0,0.0,0.0,0.0,0.02618,0.0,0.0,0.0,0.0,0.0,0.0,0.0,0.0,0.0,0.0,0.0668,0.16616,0.0,0.0,0.0,0.0,0.0,0.0,0.0,0.0,0.0,0.05324,0.18096,0.0,0.0,0.0,0.0,0.0,0.0,0.0,0.0,0.0,0.04912,0.19906,0.0,0.0,0.0,0.0,0.0,0.0,0.00059,0.06097,0.0,0.03449,0.20413,0.0,0.0,0.0,0.0,0.0,0.0,0.0,0.0,0.07435,0.00242,0.0,0.47435,3.5315,5.0,5.0,5.0,5.0,0,0.0,0.82302696
272,0.0,0.0,0.0,0.0,0.0,0.0,0.0,0.0,0.0,0.0,0.0,0.0,0.0,0.0,0.0,0.0,0.0,0.0,0.0,0.0,0.0,0.0,0.0,0.0,0.0,0.0,0.0,0.0,0.0,0.0,0.0,0.0,0.0,0.0,0.0,0.0,0.0,0.0,0.0,0.0,0.0,0.0,0.0,0.0,0.0,0.0,0.0,0.0,0.0,0.0,0.0,0.0,0.0,0.0,0.0,0.0,0.02512,0.0,0.0,0.0,0.0,0.0,0.0,0.0,0.0,0.0,0.0,0.06592,0.16403,0.0,0.0,0.0,0.0,0.0,0.0,0.0,0.0,0.0,0.05554,0.18325,0.0,0.0,0.0,0.0,0.0,0.0,0.0,0.0,0.0,0.04982,0.19552,0.0,0.0,0.0,0.0,0.0,0.0,0.00153,0.07187,0.0,0.03308,0.20342,0.0,0.0,0.0,0.0,0.0,0.0,0.0,0.0,0.06834,0.00224,0.0,0.90121,3.5965,5.0,5.0,5.0,5.0,0,0.085372,0.8300639999999999
273,0.0,0.0,0.0,0.0,0.0,0.0,0.0,0.0,0.0,0.0,0.0,0.0,0.0,0.0,0.0,0.0,0.0,0.0,0.0,0.0,0.0,0.0,0.0,0.0,0.0,0.0,0.0,0.0,0.0,0.0,0.0,0.0,0.0,0.0,0.0,0.0,0.0,0.0,0.0,0.0,0.0,0.0,0.0,0.0,0.0,0.0,0.0,0.0,0.0,0.0,0.0,0.0,0.0,0.0,0.0,0.0,0.00831,0.0,0.0,0.0,0.0,0.0,0.0,0.0,0.0,0.0,0.0,0.04021,0.18691,0.0,0.0,0.0,0.0,0.0,0.0,0.0,0.0,0.0,0.02671,0.21545,0.0,0.0,0.0,0.0,0.0,0.0,0.0,0.0,0.0,0.01881,0.22883,0.0,0.0,0.0,0.0,0.0,0.0,0.00035,0.1286,0.0,0.01268,0.22765,0.00183,0.0,0.0,0.0,0.0,0.0,0.0,0.0,0.12176,0.04593,0.0,0.92492,3.2805,5.0,5.0,5.0,5.0,0,0.176434,0.918598
274,0.0,0.0,0.0,0.0,0.0,0.0,0.0,0.0,0.0,0.0,0.0,0.0,0.0,0.0,0.0,0.0,0.0,0.0,0.0,0.0,0.0,0.0,0.0,0.0,0.0,0.0,0.0,0.0,0.0,0.0,0.0,0.0,0.0,0.0,0.0,0.0,0.0,0.0,0.0,0.0,0.0,0.0,0.0,0.0,0.0,0.0,0.0,0.0,0.0,0.0,0.0,0.0,0.0,0.0,0.0,0.0,0.0023,0.03131,0.0,0.0,0.0,0.0,0.0,0.0,0.0,0.0,0.0,0.0,0.21598,0.01079,0.0,0.0,0.0,0.0,0.0,0.0,0.0,0.0,0.0,0.21374,0.02807,0.0,0.0,0.0,0.0,0.0,0.0,0.0,0.0,0.0,0.19971,0.04829,0.0,0.0,0.0,0.0,0.0,0.0,0.16138,0.00012,0.0,0.1582,0.06504,0.0,0.0,0.0,0.0,0.0,0.0,0.0,0.02518,0.12801,0.0,0.92492,3.4105,5.0,5.0,5.0,5.0,0,0.176434,0.92018
275,0.0,0.0,0.0,0.0,0.0,0.0,0.0,0.0,0.0,0.0,0.0,0.0,0.0,0.0,0.0,0.0,0.0,0.0,0.0,0.0,0.0,0.0,0.0,0.0,0.0,0.0,0.0,0.0,0.0,0.0,0.0,0.0,0.0,0.0,0.0,0.0,0.0,0.0,0.0,0.0,0.0,0.0,0.0,0.0,0.0,0.0,0.0,0.0,0.0,0.0,0.0,0.0,0.0,0.0,0.0,0.0,0.0,0.023,0.0,0.0,0.0,0.0,0.0,0.0,0.00018,0.0,0.0,0.0,0.15183,0.06999,0.0,0.0,0.0,0.0,0.0,0.0,0.0,0.0,0.0,0.12989,0.10395,0.0,0.0,0.0,0.0,0.0,0.04688,0.0,0.0,0.0,0.10631,0.13868,0.0,0.0,0.0,0.0,0.0,0.0,0.09558,0.11474,0.0,0.0635,0.16291,0.0,0.0,0.0,0.0,0.0,0.0,0.0,0.0,0.1339,0.42686,0.92492,3.2075,5.0,5.0,5.0,5.0,0,0.176434,0.9186
276,0.0,0.0,0.0,0.0,0.0,0.0,0.0,0.0,0.0,0.0,0.0,0.0,0.0,0.0,0.0,0.0,0.0,0.0,0.0,0.0,0.0,0.0,0.0,0.0,0.0,0.0,0.0,0.0,0.0,0.0,0.0,0.0,0.0,0.0,0.0,0.0,0.0,0.0,0.0,0.0,0.0,0.0,0.0,0.0,0.0,0.0,0.0,0.0,0.0,0.0,0.0,0.0,0.0,0.0,0.0,0.0,0.0,0.00654,0.0,0.0,0.0,0.0,0.0,0.0,0.0,0.0,0.0,0.0,0.17553,0.04522,0.0,0.0,0.0,0.01362,0.0,0.0,0.0,0.0,0.0,0.1421,0.09033,0.0,0.0,0.0,0.0,0.03408,0.16527,0.0,0.0,0.0,0.10012,0.13815,0.0,0.0,0.0,0.0,0.0,0.0,0.12577,0.09534,0.0,0.03833,0.17854,0.0,0.0,0.0,0.0,0.0,0.0,0.0,0.0,0.16504,0.45531,0.91702,2.8325,4.8145,5.0,5.0,5.0,0,0.176434,0.91702
277,0.0,0.0,0.0,0.0,0.0,0.0,0.0,0.0,0.0,0.0,0.0,0.0,0.0,0.0,0.0,0.0,0.0,0.0,0.0,0.0,0.0,0.0,0.0,0.0,0.0,0.0,0.0,0.0,0.0,0.0,0.0,0.0,0.0,0.0,0.0,0.0,0.0,0.0,0.0,0.0,0.0,0.0,0.0,0.0,0.0,0.0,0.0,0.0,0.0,0.0,0.0,0.0,0.0,0.0,0.0,0.0,0.01716,0.0,0.0,0.0,0.0,0.0,0.0,0.0,0.0,0.0,0.0,0.15018,0.06138,0.0,0.0,0.0,0.01928,0.0,0.0,0.0,0.0,0.0,0.12471,0.09888,0.0,0.0,0.0,0.0,0.05448,0.15548,0.0,0.0,0.0,0.06751,0.15996,0.0,0.0,0.0,0.0,0.0,0.0,0.12724,0.09493,0.0,0.00637,0.20271,0.0,0.0,0.0,0.0,0.0,0.0,0.0,0.0,0.18721,0.02258,0.0,0.90912,3.7015,5.0,5.0,5.0,5.0,0,-0.088938,0.9027939999999999
278,0.0,0.0,0.0,0.0,0.0,0.0,0.0,0.0,0.0,0.0,0.0,0.0,0.0,0.0,0.0,0.0,0.0,0.0,0.0,0.0,0.0,0.0,0.0,0.0,0.0,0.0,0.0,0.0,0.0,0.0,0.0,0.0,0.0,0.0,0.0,0.0,0.0,0.0,0.0,0.0,0.0,0.0,0.0,0.0,0.0,0.0,0.0,0.0,0.0,0.0,0.0,0.0,0.0,0.0,0.0,0.0,0.01291,0.0,0.0,0.0,0.0,0.0,0.0,0.0,0.0,0.0,0.0635,0.1671,0.00979,0.0,0.0,0.0,0.0,0.0,0.0,0.0,0.0,0.06268,0.1694,0.0,0.0,0.0,0.0,0.0,0.18396,0.0,0.0,0.0,0.01586,0.21374,0.0,0.0,0.0,0.0,0.0,0.0,0.07447,0.14876,0.0,0.0,0.21557,0.00324,0.0,0.0,0.0,0.0,0.0,0.0,0.0,0.14298,0.06044,0.0,0.0,0.91702,3.8155,5.0,5.0,5.0,5.0,0,-0.18,0.891728
279,0.0,0.0,0.0,0.0,0.0,0.0,0.0,0.0,0.0,0.0,0.0,0.0,0.0,0.0,0.0,0.0,0.0,0.0,0.0,0.0,0.0,0.0,0.0,0.0,0.0,0.0,0.0,0.0,0.0,0.0,0.0,0.0,0.0,0.0,0.0,0.0,0.0,0.0,0.0,0.0,0.0,0.0,0.0,0.0,0.0,0.0,0.0,0.0,0.0,0.0,0.0,0.0,0.0,0.0,0.0,0.0,0.0,0.0,0.0,0.0,0.0,0.0,0.0,0.0,0.0,0.0,0.06846,0.14487,0.00495,0.0,0.0,0.0,0.0,0.0,0.0,0.0,0.0,0.10666,0.13267,0.0,0.0,0.0,0.0,0.04505,0.1145,0.0,0.0,0.0,0.10171,0.13779,0.0,0.0,0.0,0.0,0.0,0.0,0.18272,0.03325,0.0,0.0,0.16114,0.0,0.0,0.0,0.0,0.0,0.0,0.0,0.0,0.21757,0.0,0.0,0.0,0.91702,4.4485,5.0,5.0,5.0,5.0,0,0.0,0.882242
280,0.0,0.0,0.0,0.0,0.0,0.0,0.0,0.0,0.0,0.0,0.0,0.0,0.0,0.0,0.0,0.0,0.0,0.0,0.0,0.0,0.0,0.0,0.0,0.0,0.0,0.0,0.0,0.0,0.0,0.0,0.0,0.0,0.0,0.0,0.0,0.0,0.0,0.0,0.0,0.0,0.0,0.0,0.0,0.0,0.0,0.0,0.0,0.0,0.0,0.0,0.0,0.0,0.0,0.0,0.0,0.0,0.0,0.0,0.0,0.0,0.0,0.0,0.0,0.0,0.0,0.0,0.06297,0.14416,0.00035,0.0,0.0,0.00059,0.01338,0.0,0.0,0.0,0.0,0.13779,0.1194,0.0,0.0,0.0,0.0023,0.00265,0.0,0.0,0.0,0.0,0.19004,0.06521,0.0,0.0,0.0,0.0,0.0,0.03272,0.16663,0.0,0.0,0.0,0.02636,0.0,0.0,0.0,0.0,0.0,0.0,0.0,0.16397,0.03591,0.0,0.0,-0.9,0.85379,5.0,5.0,5.0,5.0,5.0,0,0.18,0.871176
281,0.0,0.0,0.0,0.0,0.0,0.0,0.0,0.0,0.0,0.0,0.0,0.0,0.0,0.0,0.0,0.0,0.0,0.0,0.0,0.0,0.0,0.0,0.0,0.0,0.0,0.0,0.0,0.0,0.0,0.0,0.0,0.0,0.0,0.0,0.0,0.0,0.0,0.0,0.0,0.0,0.0,0.0,0.0,0.0,0.0,0.0,0.0,0.0,0.0,0.0,0.0,0.0,0.0,0.0,0.0,0.0,0.0,0.0,0.0,0.0,0.0,0.0,0.0,0.0,0.0,0.0,0.0,0.02936,0.14009,0.00336,0.0,0.0,0.0,0.0,0.0,0.0,0.0,0.0,0.09711,0.15088,0.0,0.0,0.0,0.0,0.0,0.0,0.0,0.0,0.0,0.15366,0.10053,0.0,0.0,0.0,0.0,0.0,0.0,0.0,0.0,0.0,0.18219,0.06722,0.0,0.0,0.0,0.0,0.0,0.0,0.0,0.0,0.0,0.0,0.0,0.86169,5.0,5.0,5.0,5.0,5.0,0,0.18,0.8601099999999999
282,0.0,0.0,0.0,0.0,0.0,0.0,0.0,0.0,0.0,0.0,0.0,0.0,0.0,0.0,0.0,0.0,0.0,0.0,0.0,0.0,0.0,0.0,0.0,0.0,0.0,0.0,0.0,0.0,0.0,0.0,0.0,0.0,0.0,0.0,0.0,0.0,0.0,0.0,0.0,0.0,0.0,0.0,0.0,0.0,0.0,0.0,0.0,0.0,0.0,0.0,0.0,0.0,0.0,0.0,0.0,0.0,0.0,0.0,0.0,0.0,0.0,0.0,0.0,0.0,0.0,0.0,0.0,0.0,0.01733,0.09074,0.0,0.0,0.0,0.0,0.0,0.0,0.0,0.0,0.0,0.09782,0.16887,0.00059,0.0,0.0,0.0,0.0,0.0,0.0,0.0,0.0,0.16486,0.10153,0.0,0.0,0.0,0.0,0.0,0.0,0.0,0.0,0.0,0.20519,0.05236,0.0,0.0,0.0,0.0,0.0,0.0,0.0,0.0,0.0,0.9,0.86169,2.6725,5.0,5.0,5.0,5.0,0,0.36,0.86169
283,0.0,0.0,0.0,0.0,0.0,0.0,0.0,0.0,0.0,0.0,0.0,0.0,0.0,0.0,0.0,0.0,0.0,0.0,0.0,0.0,0.0,0.0,0.0,0.0,0.0,0.0,0.0,0.0,0.0,0.0,0.0,0.0,0.0,0.0,0.0,0.0,0.0,0.0,0.0,0.0,0.0,0.0,0.0,0.0,0.0,0.0,0.0,0.0,0.0,0.0,0.0,0.0,0.0,0.0,0.0,0.0,0.0,0.0,0.0,0.0,0.0,0.0,0.0,0.0,0.0,0.0,0.0,0.0,0.0,0.06138,0.0,0.0,0.0,0.0,0.0,0.0,0.0,0.0,0.0,0.02459,0.18632,0.0408,0.0,0.0,0.0,0.0,0.0,0.0,0.0,0.0,0.0819,0.18355,6e-05,0.0,0.0,0.0,0.0,0.0,0.0,0.0,0.0,0.12146,0.13679,0.0,0.0,0.0,0.0,0.0,0.0,0.0,0.0,0.0,0.9,0.86169,2.979,5.0,5.0,5.0,5.0,0,0.54,0.86169
284,0.0,0.0,0.0,0.0,0.0,0.0,0.0,0.0,0.0,0.0,0.0,0.0,0.0,0.0,0.0,0.0,0.0,0.0,0.0,0.0,0.0,0.0,0.0,0.0,0.0,0.0,0.0,0.0,0.0,0.0,0.0,0.0,0.0,0.0,0.0,0.0,0.0,0.0,0.0,0.0,0.0,0.0,0.0,0.0,0.0,0.0,0.0,0.0,0.0,0.0,0.0,0.0,0.0,0.0,0.0,0.0,0.0,0.0,0.0,0.0,0.0,0.0,0.0,0.0,0.0,0.0,0.0,0.0,0.00147,0.02294,0.0,0.0,0.0,0.0,0.0,0.0,0.0,0.0,0.0,0.08101,0.16928,0.00371,0.0,0.0,0.0,0.0,0.0,0.0,0.0,0.0,0.12842,0.12647,0.0,0.0,0.0,0.0,0.0,0.0,0.0,0.0,0.0,0.14581,0.10289,0.0,0.0,0.0,0.0,0.0,0.0,0.0,0.0,0.0,0.0,0.86169,3.4715,5.0,5.0,5.0,5.0,0,0.54,0.864852
285,0.0,0.0,0.0,0.0,0.0,0.0,0.0,0.0,0.0,0.0,0.0,0.0,0.0,0.0,0.0,0.0,0.0,0.0,0.0,0.0,0.0,0.0,0.0,0.0,0.0,0.0,0.0,0.0,0.0,0.0,0.0,0.0,0.0,0.0,0.0,0.0,0.0,0.0,0.0,0.0,0.0,0.0,0.0,0.0,0.0,0.0,0.0,0.0,0.0,0.0,0.0,0.0,0.0,0.0,0.0,0.0,0.0,0.0,0.0,0.0,0.0,0.0,0.0,0.0,0.0,0.0,0.0,0.0,0.0,0.0,0.0,0.0,0.0,0.0,0.0,0.0,0.0,0.0,0.0,0.09517,0.12453,0.0,0.0,0.0,0.0,0.0,0.0,0.0,0.0,0.0,0.14805,0.10879,0.0,0.0,0.0,0.0,0.0,0.0,0.0,0.0,0.0,0.16474,0.07972,0.0,0.0,0.0,0.0,0.0,0.0,0.0,0.0,0.0,0.0,0.86169,4.1295,5.0,5.0,5.0,5.0,0,0.54,0.868014
286,0.0,0.0,0.0,0.0,0.0,0.0,0.0,0.0,0.0,0.0,0.0,0.0,0.0,0.0,0.0,0.0,0.0,0.0,0.0,0.0,0.0,0.0,0.0,0.0,0.0,0.0,0.0,0.0,0.0,0.0,0.0,0.0,0.0,0.0,0.0,0.0,0.0,0.0,0.0,0.0,0.0,0.0,0.0,0.0,0.0,0.0,0.0,0.0,0.0,0.0,0.0,0.0,0.0,0.0,0.0,0.0,0.0,0.0,0.0,0.0,0.0,0.0,0.0,0.0,0.0,0.0,0.0,0.0,0.0,0.0,0.0,0.0,0.0,0.0,0.0,0.0,0.0,0.0,0.0,0.03231,0.14811,0.0,0.0,0.0,0.0,0.0,0.0,0.0,0.0,0.0,0.07942,0.17494,0.0,0.0,0.0,0.0,0.0,0.0,0.0,0.0,0.0,0.10584,0.14835,0.0,0.0,0.0,0.0,0.0,0.0,0.0,0.0,0.0,0.9,0.86169,4.2495,5.0,5.0,5.0,5.0,0,0.72,0.871176
287,0.0,0.0,0.0,0.0,0.0,0.0,0.0,0.0,0.0,0.0,0.0,0.0,0.0,0.0,0.0,0.0,0.0,0.0,0.0,0.0,0.0,0.0,0.0,0.0,0.0,0.0,0.0,0.0,0.0,0.0,0.0,0.0,0.0,0.0,0.0,0.0,0.0,0.0,0.0,0.0,0.0,0.0,0.0,0.0,0.0,0.0,0.0,0.0,0.0,0.0,0.0,0.0,0.0,0.0,0.0,0.0,0.0,0.0,0.0,0.0,0.0,0.0,0.0,0.0,0.0,0.0,0.0,0.0,0.0,0.0,0.0,0.0,0.0,0.0,0.0,0.0,0.0,0.0,0.0,0.00637,0.11232,0.0,0.0,0.0,0.0,0.0,0.0,0.0,0.0,0.0,0.0704,0.19021,0.00631,0.0,0.0,0.0,0.0,0.0,0.0,0.0,0.0,0.09617,0.15448,0.0,0.0,0.0,0.0,0.0,0.0,0.0,0.0,0.0,0.9,0.8775,3.3335,4.6375,5.0,5.0,5.0,0,0.9,0.8743380000000001
288,0.0,0.0,0.0,0.0,0.0,0.0,0.0,0.0,0.0,0.0,0.0,0.0,0.0,0.0,0.0,0.0,0.0,0.0,0.0,0.0,0.0,0.0,0.0,0.0,0.0,0.0,0.0,0.0,0.0,0.0,0.0,0.0,0.0,0.0,0.0,0.0,0.0,0.0,0.0,0.0,0.0,0.0,0.0,0.0,0.0,0.0,0.0,0.0,0.0,0.0,0.0,0.0,0.0,0.0,0.0,0.0,0.0,0.0,0.0,0.0,0.0,0.0,0.0,0.0,0.0,0.0,0.0,0.0,0.0,0.0,0.0,0.0,0.0,0.0,0.0,0.0,0.0,0.0,0.0,0.01374,0.03703,0.0,0.0,0.0,0.0,0.0,0.0,0.0,0.0,0.0,0.08508,0.17777,0.00071,0.0,0.0,0.0,0.0,0.0,0.0,0.0,0.0,0.13367,0.12105,0.0,0.0,0.0,0.0,0.0,0.0,0.0,0.0,0.0,0.9,0.8775,3.0495,4.2245,5.0,5.0,5.0,0,0.9,0.8775
289,0.0,0.0,0.0,0.0,0.0,0.0,0.0,0.0,0.0,0.0,0.0,0.0,0.0,0.0,0.0,0.0,0.0,0.0,0.0,0.0,0.0,0.0,0.0,0.0,0.0,0.0,0.0,0.0,0.0,0.0,0.0,0.0,0.0,0.0,0.0,0.0,0.0,0.0,0.0,0.0,0.0,0.0,0.0,0.0,0.0,0.0,0.0,0.0,0.0,0.0,0.0,0.0,0.0,0.0,0.0,0.0,0.0,0.0,0.0,0.0,0.0,0.0,0.0,0.0,0.0,0.0,0.0,0.0,0.0,0.0,0.0,0.0,0.0,0.0,0.0,0.0,0.0,0.0,0.0,0.0,0.0,0.0,0.0,0.0,0.0,0.0,0.0,0.0,0.0,0.0,0.12983,0.07305,0.0,0.0,0.0,0.0,0.0,0.0,0.0,0.0,0.0,0.17123,0.08331,0.0,0.0,0.0,0.0,0.0,0.0,0.0,0.0,0.0,0.9,0.8775,2.8205,3.8975,5.0,5.0,5.0,0,0.9,0.8775
290,0.0,0.0,0.0,0.0,0.0,0.0,0.0,0.0,0.0,0.0,0.0,0.0,0.0,0.0,0.0,0.0,0.0,0.0,0.0,0.0,0.0,0.0,0.0,0.0,0.0,0.0,0.0,0.0,0.0,0.0,0.0,0.0,0.0,0.0,0.0,0.0,0.0,0.0,0.0,0.0,0.0,0.0,0.0,0.0,0.0,0.0,0.0,0.0,0.0,0.0,0.0,0.0,0.0,0.0,0.0,0.0,0.0,0.0,0.0,0.0,0.0,0.0,0.0,0.0,0.0,0.0,0.0,0.0,0.0,0.04157,0.00018,0.0,0.0,0.0,0.0,0.0,0.0,0.0,0.0,0.0,0.00371,0.0,0.0,0.0,0.0,0.0,0.0,0.0,0.0,0.0013,0.13367,0.0,0.0,0.0,0.0,0.0,0.0,0.0,0.0,0.0,0.01197,0.2161,0.01745,0.0,0.0,0.0,0.0,0.0,0.0,0.0,0.0,0.0,0.9,0.8775,2.7245,3.7645,5.0,5.0,5.0,0,0.9,0.8775
291,0.0,0.0,0.0,0.0,0.0,0.0,0.0,0.0,0.0,0.0,0.0,0.0,0.0,0.0,0.0,0.0,0.0,0.0,0.0,0.0,0.0,0.0,0.0,0.0,0.0,0.0,0.0,0.0,0.0,0.0,0.0,0.0,0.0,0.0,0.0,0.0,0.0,0.0,0.0,0.0,0.0,0.0,0.0,0.0,0.0,0.0,0.0,0.0,0.0,0.0,0.0,0.0,0.0,0.0,0.0,0.0,0.0,0.0,0.0,0.0,0.0,0.0,0.0,0.0,0.0,0.0,0.0,0.0,0.02907,0.04947,0.0,0.0,0.0,0.0,0.0,0.0,0.0,0.0,0.0,0.0,0.01044,0.0,0.0,0.0,0.0,0.0,0.0,0.0,0.0,0.00772,0.02217,0.0,0.0,0.0,0.0,0.0,0.0,0.0,0.0,0.0,0.07382,0.16963,0.001,0.0,0.0,0.0,0.0,0.0,0.0,0.0,0.0,0.0,0.9,0.8775,3.1115,4.1185,5.0,5.0,5.0,0,0.72,0.8775
292,0.0,0.0,0.0,0.0,0.0,0.0,0.0,0.0,0.0,0.0,0.0,0.0,0.0,0.0,0.0,0.0,0.0,0.0,0.0,0.0,0.0,0.0,0.0,0.0,0.0,0.0,0.0,0.0,0.0,0.0,0.0,0.0,0.0,0.0,0.0,0.0,0.0,0.0,0.0,0.0,0.0,0.0,0.0,0.0,0.0,0.0,0.0,0.0,0.0,0.0,0.0,0.0,0.0,0.0,0.0,0.0,0.0,0.0,0.0,0.0,0.0,0.0,0.0,0.0,0.0,0.0,0.0,0.0,0.10277,0.05696,0.0,0.0,0.0,0.0,0.0,0.0,0.0,0.0,0.0,0.07777,0.04039,0.0,0.0,0.0,0.0,0.0,0.0,0.0,0.0,0.0,0.0,0.0,0.0,0.0,0.0,0.0,0.0,0.0,0.0,0.0,0.03856,0.0,0.0,0.0,0.0,0.0,0.0,0.0,0.0,0.0,0.0,0.0,0.9,0.8775,3.2575,4.6805,5.0,4.95,5.0,0,0.54,0.8775
293,0.0,0.0,0.0,0.0,0.0,0.0,0.0,0.0,0.0,0.0,0.0,0.0,0.0,0.0,0.0,0.0,0.0,0.0,0.0,0.0,0.0,0.0,0.0,0.0,0.0,0.0,0.0,0.0,0.0,0.0,0.0,0.0,0.0,0.0,0.0,0.0,0.0,0.0,0.0,0.0,0.0,0.0,0.0,0.0,0.0,0.0,0.0,0.0,0.0,0.0,0.0,0.0,0.0,0.0,0.0,0.0,0.0,0.0,0.0,0.0,0.0,0.0,0.0,0.0,0.0,0.0,0.0,0.0286,0.11557,0.00283,0.0,0.0,0.0,0.0,0.0,0.0,0.0,0.0,0.08208,0.14186,0.0,0.0,0.0,0.0,0.0,0.0,0.0,0.0,0.0,0.0,0.00442,0.0,0.0,0.0,0.0,0.0,0.0,0.0,0.0,0.0,0.0,0.0,0.0,0.0,0.0,0.0,0.0,0.0,0.0,0.0,0.0,0.0,0.9,0.8775,3.1115,4.5365,4.839,5.0,5.0,0,0.36,0.8775
294,0.0,0.0,0.0,0.0,0.0,0.0,0.0,0.0,0.0,0.0,0.0,0.0,0.0,0.0,0.0,0.0,0.0,0.0,0.0,0.0,0.0,0.0,0.0,0.0,0.0,0.0,0.0,0.0,0.0,0.0,0.0,0.0,0.0,0.0,0.0,0.0,0.0,0.0,0.0,0.0,0.0,0.0,0.0,0.0,0.0,0.0,0.0,0.0,0.0,0.0,0.0,0.0,0.0,0.0,0.0,0.0,0.0,0.0,0.0,0.0,0.0,0.0,0.0,0.0,0.0,0.0,0.0,0.13579,0.04888,0.0,0.0,0.0,0.0,0.0,0.0,0.0,0.0,0.02258,0.18225,0.03715,0.0,0.0,0.0,0.0,0.0,0.0,0.0,0.0,0.0,0.10755,0.0,0.0,0.0,0.0,0.0,0.0,0.0,0.0,0.0,0.0,0.00708,0.0,0.0,0.0,0.0,0.0,0.0,0.0,0.0,0.0,0.0,0.0,0.0,0.8775,3.1405,4.9435,4.759,5.0,5.0,0,0.18,0.8775
295,0.0,0.0,0.0,0.0,0.0,0.0,0.0,0.0,0.0,0.0,0.0,0.0,0.0,0.0,0.0,0.0,0.0,0.0,0.0,0.0,0.0,0.0,0.0,0.0,0.0,0.0,0.0,0.0,0.0,0.0,0.0,0.0,0.0,0.0,0.0,0.0,0.0,0.0,0.0,0.0,0.0,0.0,0.0,0.0,0.0,0.0,0.0,0.0,0.0,0.0,0.0,0.0,0.0,0.0,0.0,0.0,0.0,0.0,0.0,0.0,0.0,0.0,0.0,0.0,0.0,0.0,0.0375,0.07889,0.0,0.0,0.0,0.0,0.0,0.0,0.0,0.0,0.0,0.08815,0.14817,0.0,0.0,0.0,0.0,0.0,0.0,0.0,0.0,0.0,0.13491,0.11044,0.0,0.0,0.0,0.0,0.0,0.0,0.0,0.0,0.0,0.0,0.01946,0.0,0.0,0.0,0.0,0.0,0.0,0.0,0.0,0.0,0.0,0.0,0.0,0.8775,4.0465,4.815,4.628,5.0,5.0,0,0.0,0.8775
296,0.0,0.0,0.0,0.0,0.0,0.0,0.0,0.0,0.0,0.0,0.0,0.0,0.0,0.0,0.0,0.0,0.0,0.0,0.0,0.0,0.0,0.0,0.0,0.0,0.0,0.0,0.0,0.0,0.0,0.0,0.0,0.0,0.0,0.0,0.0,0.0,0.0,0.0,0.0,0.0,0.0,0.0,0.0,0.0,0.0,0.0,0.0,0.0,0.0,0.0,0.0,0.0,0.0,0.0,0.0,0.0,0.0,0.0,0.0,0.0,0.0,0.0,0.0,0.0,0.0,0.0,0.05979,0.02901,0.0,0.0,0.0,0.0,0.0,0.0,0.0,0.0,0.0,0.10183,0.13608,0.0,0.0,0.0,0.0,0.0,0.0,0.0,0.0,0.0,0.14829,0.10024,0.0,0.0,0.0,0.0,0.0,0.0,0.0,0.0,0.0,0.0,0.05218,0.0,0.0,0.0,0.0,0.0,0.0,0.0,0.0,0.0,0.0,0.0,0.0,0.8775,4.0565,4.669,4.6,5.0,5.0,0,0.0,0.8775
297,0.0,0.0,0.0,0.0,0.0,0.0,0.0,0.0,0.0,0.0,0.0,0.0,0.0,0.0,0.0,0.0,0.0,0.0,0.0,0.0,0.0,0.0,0.0,0.0,0.0,0.0,0.0,0.0,0.0,0.0,0.0,0.0,0.0,0.0,0.0,0.0,0.0,0.0,0.0,0.0,0.0,0.0,0.0,0.0,0.0,0.0,0.0,0.0,0.0,0.0,0.0,0.0,0.0,0.0,0.0,0.0,0.0,0.0,0.0,0.0,0.0,0.0,0.0,0.0,0.0,0.0,0.07642,0.04723,0.0,0.0,0.0,0.0,0.0,0.0,0.0,0.0,0.0,0.11692,0.11392,0.0,0.0,0.0,0.0,0.0,0.0,0.0,0.0,0.0,0.15271,0.09511,0.0,0.0,0.0,0.0,0.0,0.0,0.0,0.0,0.0,0.0,0.04829,0.0,0.0,0.0,0.0,0.0,0.0,0.0,0.0,0.0,0.0,0.0,0.0,0.8775,3.9135,4.554,4.4985,5.0,5.0,0,0.0,0.8775
298,0.0,0.0,0.0,0.0,0.0,0.0,0.0,0.0,0.0,0.0,0.0,0.0,0.0,0.0,0.0,0.0,0.0,0.0,0.0,0.0,0.0,0.0,0.0,0.0,0.0,0.0,0.0,0.0,0.0,0.0,0.0,0.0,0.0,0.0,0.0,0.0,0.0,0.0,0.0,0.0,0.0,0.0,0.0,0.0,0.0,0.0,0.0,0.0,0.0,0.0,0.0,0.0,0.0,0.0,0.0,0.0,0.0,0.0,0.0,0.0,0.0,0.0,0.0,0.0,0.0,0.0,0.07818,0.02388,0.0,0.0,0.0,0.0,0.0,0.0,0.0,0.0,0.0,0.13785,0.09139,0.0,0.0,0.0,0.0,0.0,0.0,0.0,0.0,0.0,0.17706,0.06474,0.0,0.0,0.0,0.0,0.0,0.0,0.0,0.0,0.0,0.0,0.03732,0.0,0.0,0.0,0.0,0.0,0.0,0.0,0.01521,0.0,0.0,0.0,0.0,0.8775,3.7695,4.348,5.0,5.0,5.0,0,0.0,0.8047739999999999
299,0.0,0.0,0.0,0.0,0.0,0.0,0.0,0.0,0.0,0.0,0.0,0.0,0.0,0.0,0.0,0.0,0.0,0.0,0.0,0.0,0.0,0.0,0.0,0.0,0.0,0.0,0.0,0.0,0.0,0.0,0.0,0.0,0.0,0.0,0.0,0.0,0.0,0.0,0.0,0.0,0.0,0.0,0.0,0.0,0.0,0.0,0.0,0.0,0.0,0.0,0.0,0.0,0.0,0.0,0.0,0.0,0.0,0.0,0.0,0.0,0.0,0.0,0.0,0.0,0.0,0.0,0.04688,0.0,0.0,0.0,0.0,0.0,0.0,0.0,0.0,0.0,0.0,0.16999,0.05077,0.0,0.0,0.0,0.0,0.0,0.0,0.0,0.0,0.0,0.20318,0.03261,0.0,0.0,0.0,0.0,0.0,0.0,0.0,0.0,0.0,0.0,0.00053,0.0,0.0,0.0,0.0,0.0,0.0,0.0,0.0,0.0,0.0,0.0,0.0,0.8775,3.9805,4.228,4.9465,5.0,5.0,0,0.0,0.7578706666666667
300,0.0,0.0,0.0,0.0,0.0,0.0,0.0,0.0,0.0,0.0,0.0,0.0,0.0,0.0,0.0,0.0,0.0,0.0,0.0,0.0,0.0,0.0,0.0,0.0,0.0,0.0,0.0,0.0,0.0,0.0,0.0,0.0,0.0,0.0,0.0,0.0,0.0,0.0,0.0,0.0,0.0,0.0,0.0,0.0,0.0,0.0,0.0,0.0,0.0,0.0,0.0,0.0,0.0,0.0,0.0,0.0,0.0,0.0,0.0,0.0,0.0,0.0,0.0,0.0,0.0,0.0,0.05006,0.0,0.0,0.0,0.0,0.0,0.00088,0.0,0.0,0.0,0.00342,0.1569,0.0362,0.0,0.0,0.0,0.0,0.0,0.0,0.0,0.0,0.0,0.19328,0.00855,0.0,0.0,0.0,0.0,0.0,0.0,0.0,0.0,0.0,0.0,0.0,0.0,0.0,0.0,0.0,0.0,0.0,0.0,0.00035,0.0,0.0,0.0,0.0,0.8775,4.3955,4.138,4.846,5.0,5.0,0,0.0,0.7367900000000001
301,0.0,0.0,0.0,0.0,0.0,0.0,0.0,0.0,0.0,0.0,0.0,0.0,0.0,0.0,0.0,0.0,0.0,0.0,0.0,0.0,0.0,0.0,0.0,0.0,0.0,0.0,0.0,0.0,0.0,0.0,0.0,0.0,0.0,0.0,0.0,0.0,0.0,0.0,0.0,0.0,0.0,0.0,0.0,0.0,0.0,0.0,0.0,0.0,0.0,0.0,0.0,0.0,0.0,0.0,0.0,0.0,0.0,0.0,0.0,0.0,0.0,0.0,0.0,0.0,0.0,0.0,0.0,0.0,0.0,0.0,0.0,0.0,0.0,0.0,0.0,0.0,0.0,0.13744,0.03555,0.0,0.0,0.0,0.0,0.00012,0.01633,0.0,0.0,0.0,0.17347,0.02854,0.0,0.0,0.0,0.0,0.0,0.0,0.0,0.0,0.0,0.0,0.0,0.0,0.0,0.0,0.0,0.0,0.0,0.0,0.0,0.0,0.0,0.0,0.0,0.51387,4.178,4.047,4.7145,5.0,5.0,0,0.0,0.7415320000000001
302,0.0,0.0,0.0,0.0,0.0,0.0,0.0,0.0,0.0,0.0,0.0,0.0,0.0,0.0,0.0,0.0,0.0,0.0,0.0,0.0,0.0,0.0,0.0,0.0,0.0,0.0,0.0,0.0,0.0,0.0,0.0,0.0,0.0,0.0,0.0,0.0,0.0,0.0,0.0,0.0,0.0,0.0,0.0,0.0,0.0,0.0,0.0,0.0,0.0,0.0,0.0,0.0,0.0,0.0,0.0,0.0,0.0,0.0,0.0,0.0,0.0,0.0,0.0,0.0,0.0,0.0,0.01787,0.03909,0.0,0.0,0.0,0.0,0.0,0.0,0.00884,0.00071,0.0,0.12317,0.11545,0.0,0.0,0.0,0.0,0.0,0.15548,0.00018,0.0,0.0,0.18491,0.02913,0.0,0.0,0.0,0.0,0.0,0.0,0.049,0.0,0.0,0.0,0.0,0.0,0.0,0.0,0.0,0.0,0.0,0.0,0.0,0.0,0.0,0.0,0.0,0.0,4.151,4.014,4.6625,4.899,5.0,0,0.0,0.751016
303,0.0,0.0,0.0,0.0,0.0,0.0,0.0,0.0,0.0,0.0,0.0,0.0,0.0,0.0,0.0,0.0,0.0,0.0,0.0,0.0,0.0,0.0,0.0,0.0,0.0,0.0,0.0,0.0,0.0,0.0,0.0,0.0,0.0,0.0,0.0,0.0,0.0,0.0,0.0,0.0,0.0,0.0,0.0,0.0,0.0,0.0,0.0,0.0,0.0,0.0,0.0,0.0,0.0,0.0,0.0,0.0,0.0,0.0,0.0,0.0,0.0,0.0,0.0,0.0,0.0,0.0,0.01521,0.07288,0.0,0.0,0.0,0.0,0.0,0.0,0.0145,0.00248,0.0,0.08791,0.10843,0.0,0.0,0.0,0.0,0.0,0.14346,0.0,0.0,0.0,0.17783,0.02506,0.0,0.0,0.0,0.0,0.0,0.0,0.05784,0.0,0.0,0.0,0.0,0.0,0.0,0.0,0.0,0.0,0.0,0.0,0.0,0.0,0.0,0.0,0.0,0.0,4.149,4.035,4.683,5.0,5.0,0,0.0,0.834808
304,0.0,0.0,0.0,0.0,0.0,0.0,0.0,0.0,0.0,0.0,0.0,0.0,0.0,0.0,0.0,0.0,0.0,0.0,0.0,0.0,0.0,0.0,0.0,0.0,0.0,0.0,0.0,0.0,0.0,0.0,0.0,0.0,0.0,0.0,0.0,0.0,0.0,0.0,0.0,0.0,0.0,0.0,0.0,0.0,0.0,0.0,0.0,0.0,0.0,0.0,0.0,0.0,0.0,0.0,0.0,0.0,0.0,0.0,0.0,0.0,0.0,0.0,0.0,0.0,0.0,0.0,0.01362,0.06386,0.0,0.0,0.0,0.0,0.0,0.0,0.00088,0.0,0.0,0.11108,0.11055,0.0,0.0,0.0,0.0,0.0,0.12577,0.0,0.0,0.0,0.174,0.0296,0.0,0.0,0.0,0.0,0.0,0.0,0.05837,0.0,0.0,0.0,0.0,0.0,0.0,0.0,0.0,0.0,0.0,0.0,0.0,0.0,0.0,0.0,0.0,0.90121,4.163,4.004,4.6665,5.0,5.0,0,0.0,0.8896153333333332
305,0.0,0.0,0.0,0.0,0.0,0.0,0.0,0.0,0.0,0.0,0.0,0.0,0.0,0.0,0.0,0.0,0.0,0.0,0.0,0.0,0.0,0.0,0.0,0.0,0.0,0.0,0.0,0.0,0.0,0.0,0.0,0.0,0.0,0.0,0.0,0.0,0.0,0.0,0.0,0.0,0.0,0.0,0.0,0.0,0.0,0.0,0.0,0.0,0.0,0.0,0.0,0.0,0.0,0.0,0.0,0.0,0.0,0.0,0.0,0.0,0.0,0.0,0.0,0.0,0.0,0.0,0.00389,0.07093,0.0,0.0,0.0,0.0,0.0,0.0,0.03432,0.04723,0.0,0.11156,0.11557,0.00354,0.0,0.0,0.0,0.0,0.12064,0.00902,0.0,0.0,0.16386,0.0332,0.0,0.0,0.0,0.0,0.0,0.0,0.07164,0.0,0.0,0.0,0.0,0.0,0.0,0.0,0.0,0.0,0.0,0.0,0.0,0.0,0.0,0.0,0.0,0.92492,4.122,3.962,4.64,5.0,5.0,0,0.0,0.9186765066666667
306,0.0,0.0,0.0,0.0,0.0,0.0,0.0,0.0,0.0,0.0,0.0,0.0,0.0,0.0,0.0,0.0,0.0,0.0,0.0,0.0,0.0,0.0,0.0,0.0,0.0,0.0,0.0,0.0,0.0,0.0,0.0,0.0,0.0,0.0,0.0,0.0,0.0,0.0,0.0,0.0,0.0,0.0,0.0,0.0,0.0,0.0,0.0,0.0,0.0,0.0,0.0,0.0,0.0,0.0,0.0,0.0,0.0,0.0,0.0,0.0,0.0,0.0,0.0,0.0,0.0,0.0,0.0,0.02848,0.00442,0.0,0.0,0.0,0.0,0.0,0.0,0.0,0.0,0.08066,0.14752,0.02954,0.0,0.0,0.0,0.0,0.04139,0.03909,0.00531,0.0,0.15436,0.06392,0.0,0.0,0.0,0.0,0.0,0.0,0.10719,0.0,0.0,0.0,0.0,0.0,0.0,0.0,0.0,0.0,0.0,0.0,0.0,0.0,0.0,0.0,0.0,0.93283,3.992,3.929,4.5765,4.845,5.0,0,0.18,0.91984936
307,0.0,0.0,0.0,0.0,0.0,0.0,0.0,0.0,0.0,0.0,0.0,0.0,0.0,0.0,0.0,0.0,0.0,0.0,0.0,0.0,0.0,0.0,0.0,0.0,0.0,0.0,0.0,0.0,0.0,0.0,0.0,0.0,0.0,0.0,0.0,0.0,0.0,0.0,0.0,0.0,0.0,0.0,0.0,0.0,0.0,0.0,0.0,0.0,0.0,0.0,0.0,0.0,0.0,0.0,0.0,0.0,0.0,0.0,0.0,0.0,0.0,0.0,0.0,0.0,0.0,0.0,0.0,0.02075,0.03355,0.0,0.0,0.0,0.0,0.0,0.0,0.0,0.0,0.02706,0.14027,0.07748,0.0,0.0,0.0,0.0,0.0,0.0,0.0,0.0,0.13591,0.14587,0.0,0.0,0.0,0.0,0.0,0.0,0.0,0.00088,0.0,0.0,0.02459,0.0,0.0,0.0,0.0,0.0,0.0,0.0,0.00018,0.0,0.0,0.0,0.0,0.91702,3.779,4.2715,4.4205,5.0,5.0,0,0.36,0.9109678666666667
308,0.0,0.0,0.0,0.0,0.0,0.0,0.0,0.0,0.0,0.0,0.0,0.0,0.0,0.0,0.0,0.0,0.0,0.0,0.0,0.0,0.0,0.0,0.0,0.0,0.0,0.0,0.0,0.0,0.0,0.0,0.0,0.0,0.0,0.0,0.0,0.0,0.0,0.0,0.0,0.0,0.0,0.0,0.0,0.0,0.0,0.0,0.0,0.0,0.0,0.0,0.0,0.0,0.0,0.0,0.0,0.0,0.0,0.0,0.0,0.0,0.0,0.0,0.0,0.0,0.0,0.0,0.0,0.0,0.0,0.00106,0.0,0.0,0.0,0.0,0.0,0.0,0.0,0.0,0.03396,0.06138,0.00142,0.0,0.0,0.0,0.0,0.0,0.0,0.0,0.0,0.1533,0.11857,0.0,0.0,0.0,0.0,0.0,0.0,0.0,0.0,0.0,0.18449,0.02671,0.0,0.0,0.0,0.0,0.0,0.0,0.0,0.0,0.0,0.0,0.0,0.82217,3.643,5.0,4.34,5.0,5.0,0,0.54,0.9009471466666668
309,0.0,0.0,0.0,0.0,0.0,0.0,0.0,0.0,0.0,0.0,0.0,0.0,0.0,0.0,0.0,0.0,0.0,0.0,0.0,0.0,0.0,0.0,0.0,0.0,0.0,0.0,0.0,0.0,0.0,0.0,0.0,0.0,0.0,0.0,0.0,0.0,0.0,0.0,0.0,0.0,0.0,0.0,0.0,0.0,0.0,0.0,0.0,0.0,0.0,0.0,0.0,0.0,0.0,0.0,0.0,0.0,0.0,0.0,0.0,0.0,0.0,0.0,0.0,0.0,0.0,0.0,0.0,0.0,0.0,0.0,0.00159,0.0,0.0,0.0,0.0,0.0,0.0,0.0,0.0,0.0,0.00336,0.00142,0.0,0.0,0.0,0.0,0.0,0.0,0.0,0.00029,0.15254,0.06262,0.0,0.0,0.0,0.0,0.0,0.0,0.0,0.0,0.06474,0.18968,0.01851,0.0,0.0,0.0,0.0,0.0,0.0,0.0,0.0,0.0,0.9,0.71151,3.629,5.0,4.252,5.0,5.0,0,0.72,0.8993671466666667
310,0.0,0.0,0.0,0.0,0.0,0.0,0.0,0.0,0.0,0.0,0.0,0.0,0.0,0.0,0.0,0.0,0.0,0.0,0.0,0.0,0.0,0.0,0.0,0.0,0.0,0.0,0.0,0.0,0.0,0.0,0.0,0.0,0.0,0.0,0.0,0.0,0.0,0.0,0.0,0.0,0.0,0.0,0.0,0.0,0.0,0.0,0.0,0.0,0.0,0.0,0.0,0.0,0.0,0.0,0.0,0.0,0.0,0.0,0.0,0.0,0.0,0.0,0.0,0.0,0.0,0.0,0.0,0.0,0.0,0.0,0.06616,0.04068,0.0,0.0,0.0,0.0,0.0,0.0,0.0,0.0,0.04239,0.14015,0.06386,0.0,0.0,0.0,0.0,0.0,0.0,0.0,0.0375,0.08608,0.02146,0.0,0.0,0.0,0.0,0.0,0.0,0.0,0.0,0.10478,0.09351,0.0,0.0,0.0,0.0,0.0,0.0,0.0,0.0,0.0,0.9,0.42692,3.582,4.1685,4.5015,5.0,5.0,0,0.9,0.89771064
311,0.0,0.0,0.0,0.0,0.0,0.0,0.0,0.0,0.0,0.0,0.0,0.0,0.0,0.0,0.0,0.0,0.0,0.0,0.0,0.0,0.0,0.0,0.0,0.0,0.0,0.0,0.0,0.0,0.0,0.0,0.0,0.0,0.0,0.0,0.0,0.0,0.0,0.0,0.0,0.0,0.0,0.0,0.0,0.0,0.0,0.0,0.0,0.0,0.0,0.0,0.0,0.0,0.0,0.0,0.0,0.0,0.0,0.0,0.0,0.0,0.0,0.0,0.0,0.0,0.0,0.0,0.0,0.0,0.0,0.0,0.11114,0.00029,0.0,0.0,0.0,0.0,0.0,0.0,0.0,0.0,0.06468,0.17129,0.04015,0.0,0.0,0.0,0.0,0.0,0.0,0.0,0.00159,0.07883,0.10548,0.0,0.0,0.0,0.0,0.0,0.0,0.0,0.0,0.06108,0.06769,0.0,0.0,0.0,0.0,0.0,0.0,0.0,0.0,0.0,0.9,0.45064,3.579,4.1605,5.0,5.0,5.0,0,0.9,0.8996286400000001
312,0.0,0.0,0.0,0.0,0.0,0.0,0.0,0.0,0.0,0.0,0.0,0.0,0.0,0.0,0.0,0.0,0.0,0.0,0.0,0.0,0.0,0.0,0.0,0.0,0.0,0.0,0.0,0.0,0.0,0.0,0.0,0.0,0.0,0.0,0.0,0.0,0.0,0.0,0.0,0.0,0.0,0.0,0.0,0.0,0.0,0.0,0.0,0.0,0.0,0.0,0.0,0.0,0.0,0.0,0.0,0.0,0.0,0.0,0.0,0.0,0.0,0.0,0.0,0.0,0.0,0.0,0.0,0.0,0.0,0.0,0.05926,0.0,0.0,0.0,0.0,0.0,0.0,0.0,0.0,0.0,0.05153,0.17117,0.05271,0.0,0.0,0.0,0.0,0.0,0.0,0.0,0.0,0.09982,0.11421,0.0,0.0,0.0,0.0,0.0,0.0,0.0,0.0,0.03939,0.01863,0.0,0.0,0.0,0.0,0.0,0.0,0.0,0.0,0.0,0.9,0.90912,3.57,4.8145,4.494,5.0,5.0,0,0.9,0.9068589866666666
313,0.0,0.0,0.0,0.0,0.0,0.0,0.0,0.0,0.0,0.0,0.0,0.0,0.0,0.0,0.0,0.0,0.0,0.0,0.0,0.0,0.0,0.0,0.0,0.0,0.0,0.0,0.0,0.0,0.0,0.0,0.0,0.0,0.0,0.0,0.0,0.0,0.0,0.0,0.0,0.0,0.0,0.0,0.0,0.0,0.0,0.0,0.0,0.0,0.0,0.0,0.0,0.0,0.0,0.0,0.0,0.0,0.0,0.0,0.0,0.0,0.0,0.0,0.0,0.0,0.0,0.0,0.0,0.0,0.0,0.0,0.08031,0.0,0.0,0.0,0.0,0.0,0.0,0.0,0.0,0.0,0.04858,0.17412,0.04458,0.0,0.0,0.0,0.0,0.0,0.0,0.0,0.0,0.04086,0.12046,0.0,0.0,0.0,0.0,0.0,0.0,0.0,0.0,0.05631,0.10024,0.0,0.0,0.0,0.0,0.0,0.0,0.0,0.0,0.0,0.9,0.90912,3.567,4.1195,4.477,5.0,5.0,0,0.9,0.9136465600000001
314,0.0,0.0,0.0,0.0,0.0,0.0,0.0,0.0,0.0,0.0,0.0,0.0,0.0,0.0,0.0,0.0,0.0,0.0,0.0,0.0,0.0,0.0,0.0,0.0,0.0,0.0,0.0,0.0,0.0,0.0,0.0,0.0,0.0,0.0,0.0,0.0,0.0,0.0,0.0,0.0,0.0,0.0,0.0,0.0,0.0,0.0,0.0,0.0,0.0,0.0,0.0,0.0,0.0,0.0,0.0,0.0,0.0,0.0,0.0,0.0,0.0,0.0,0.0,0.0,0.0,0.0,0.0,0.0,0.0,0.00142,0.06244,0.0,0.0,0.0,0.0,0.0,0.0,0.0,0.0,0.0,0.05307,0.1898,0.00531,0.0,0.0,0.0,0.0,0.0,0.0,0.0,0.0,0.13426,0.13479,0.0,0.0,0.0,0.0,0.0,0.0,0.0,0.0,0.0319,0.14853,0.03325,0.0,0.0,0.0,0.0,0.0,0.0,0.0,0.0,0.9,0.81426,3.539,4.0945,5.0,5.0,5.0,0,0.9,0.9148604800000001
315,0.0,0.0,0.0,0.0,0.0,0.0,0.0,0.0,0.0,0.0,0.0,0.0,0.0,0.0,0.0,0.0,0.0,0.0,0.0,0.0,0.0,0.0,0.0,0.0,0.0,0.0,0.0,0.0,0.0,0.0,0.0,0.0,0.0,0.0,0.0,0.0,0.0,0.0,0.0,0.0,0.0,0.0,0.0,0.0,0.0,0.0,0.0,0.0,0.0,0.0,0.0,0.0,0.0,0.0,0.0,0.0,0.0,0.0,0.0,0.0,0.0,0.0,0.0,0.0,0.0,0.0,0.0,0.0,0.0,0.02282,0.0,0.0,0.0,0.0,0.0,0.0,0.0,0.0,0.0,0.0,0.08066,0.13603,0.0,0.0,0.0,0.0,0.0,0.0,0.0,0.0,0.0,0.13579,0.12476,0.0,0.0,0.0,0.0,0.0,0.0,0.0,0.0,0.00413,0.18709,0.06191,0.0,0.0,0.0,0.0,0.0,0.0,0.0,0.0,0.9,0.81426,3.522,4.0935,5.0,5.0,5.0,0,0.9,0.9166644533333332
316,0.0,0.0,0.0,0.0,0.0,0.0,0.0,0.0,0.0,0.0,0.0,0.0,0.0,0.0,0.0,0.0,0.0,0.0,0.0,0.0,0.0,0.0,0.0,0.0,0.0,0.0,0.0,0.0,0.0,0.0,0.0,0.0,0.0,0.0,0.0,0.0,0.0,0.0,0.0,0.0,0.0,0.0,0.0,0.0,0.0,0.0,0.0,0.0,0.0,0.0,0.0,0.0,0.0,0.0,0.0,0.0,0.0,0.0,0.0,0.0,0.0,0.0,0.0,0.0,0.0,0.0,0.0,0.0,0.0,0.00672,0.0,0.0,0.0,0.0,0.0,0.0,0.0,0.0,0.0,0.0,0.10525,0.07022,0.0,0.0,0.0,0.0,0.0,0.0,0.0,0.0,0.0,0.1411,0.11026,0.0,0.0,0.0,0.0,0.0,0.0,0.0,0.0,0.0,0.16893,0.07288,0.0,0.0,0.0,0.0,0.0,0.0,0.0,0.0,0.9,0.81426,3.7865,4.3905,5.0,5.0,5.0,0,0.9,0.9172546933333333
317,0.0,0.0,0.0,0.0,0.0,0.0,0.0,0.0,0.0,0.0,0.0,0.0,0.0,0.0,0.0,0.0,0.0,0.0,0.0,0.0,0.0,0.0,0.0,0.0,0.0,0.0,0.0,0.0,0.0,0.0,0.0,0.0,0.0,0.0,0.0,0.0,0.0,0.0,0.0,0.0,0.0,0.0,0.0,0.0,0.0,0.0,0.0,0.0,0.0,0.0,0.0,0.0,0.0,0.0,0.0,0.0,0.0,0.0,0.0,0.0,0.0,0.0,0.0,0.0,0.0,0.0,0.0,0.0,0.0,0.0,0.0,0.0,0.0,0.0,0.0,0.0,0.0,0.0,0.0,0.0,0.09605,0.0,0.0,0.0,0.0,0.0,0.0,0.0,0.0,0.0,0.0,0.18196,0.06179,0.0,0.0,0.0,0.0,0.0,0.0,0.0,0.0,0.0,0.18768,0.05307,0.0,0.0,0.0,0.0,0.0,0.0,0.0,0.0,0.9,0.79846,4.0465,4.3615,5.0,5.0,5.0,0,0.9,0.92681184
318,0.0,0.0,0.0,0.0,0.0,0.0,0.0,0.0,0.0,0.0,0.0,0.0,0.0,0.0,0.0,0.0,0.0,0.0,0.0,0.0,0.0,0.0,0.0,0.0,0.0,0.0,0.0,0.0,0.0,0.0,0.0,0.0,0.0,0.0,0.0,0.0,0.0,0.0,0.0,0.0,0.0,0.0,0.0,0.0,0.0,0.0,0.0,0.0,0.0,0.0,0.0,0.0,0.0,0.0,0.0,0.0,0.0,0.0,0.0,0.0,0.0,0.0,0.0,0.0,0.0,0.0,0.0,0.0,0.0,0.0,0.0,0.0,0.0,0.0,0.0,0.0,0.0,0.0,0.0,0.00012,0.06922,0.0,0.0,0.0,0.0,0.0,0.0,0.0,0.0,0.0,0.0,0.20495,0.02199,0.0,0.0,0.0,0.0,0.0,0.0,0.0,0.0,0.0,0.19316,0.03821,0.0,0.0,0.0,0.0,0.0,0.0,0.0,0.0,0.9,0.83007,4.0235,4.3575,4.7105,5.0,5.0,0,0.9,0.9253029866666667
319,0.0,0.0,0.0,0.0,0.0,0.0,0.0,0.0,0.0,0.0,0.0,0.0,0.0,0.0,0.0,0.0,0.0,0.0,0.0,0.0,0.0,0.0,0.0,0.0,0.0,0.0,0.0,0.0,0.0,0.0,0.0,0.0,0.0,0.0,0.0,0.0,0.0,0.0,0.0,0.0,0.0,0.0,0.0,0.0,0.0,0.0,0.0,0.0,0.0,0.0,0.0,0.0,0.0,0.0,0.0,0.0,0.0,0.0,0.0,0.0,0.0,0.0,0.0,0.0,0.0,0.0,0.0,0.0,0.0,0.0,0.0,0.0,0.0,0.0,0.0,0.0,0.0,0.0,0.0,0.0145,0.0,0.0,0.0,0.0,0.0,0.0,0.0,0.0,0.0,0.0,0.00159,0.20943,0.0,0.0,0.0,0.0,0.0,0.0,0.0,0.0,0.0,0.0,0.21085,0.0184,0.0,0.0,0.0,0.0,0.0,0.0,0.0,0.0,0.9,0.84588,3.8285,5.0,4.6755,5.0,5.0,0,0.852328,0.9225070666666667
320,0.0,0.0,0.0,0.0,0.0,0.0,0.0,0.0,0.0,0.0,0.0,0.0,0.0,0.0,0.0,0.0,0.0,0.0,0.0,0.0,0.0,0.0,0.0,0.0,0.0,0.0,0.0,0.0,0.0,0.0,0.0,0.0,0.0,0.0,0.0,0.0,0.0,0.0,0.0,0.0,0.0,0.0,0.0,0.0,0.0,0.0,0.0,0.0,0.0,0.0,0.0,0.0,0.0,0.0,0.0,0.0,0.0,0.0,0.0,0.0,0.0,0.0,0.0,0.0,0.0,0.0,0.01539,0.01539,0.0,0.0,0.0,0.0,0.0,0.0,0.0,0.0,0.0,0.0,0.0,0.0,0.0,0.0,0.0,0.0,0.0,0.0,0.0,0.0,0.0,0.0,0.07217,0.0,0.0,0.0,0.0,0.0,0.0,0.0,0.0,0.0,0.0,0.03314,0.1579,0.0,0.0,0.0,0.0,0.0,0.0,0.0,0.0,0.0,0.9,0.96445,3.8785,5.0,4.6335,5.0,5.0,0,0.672328,0.9096370933333334
321,0.0,0.0,0.0,0.0,0.0,0.0,0.0,0.0,0.0,0.0,0.0,0.0,0.0,0.0,0.0,0.0,0.0,0.0,0.0,0.0,0.0,0.0,0.0,0.0,0.0,0.0,0.0,0.0,0.0,0.0,0.0,0.0,0.0,0.0,0.0,0.0,0.0,0.0,0.0,0.0,0.0,0.0,0.0,0.0,0.0,0.0,0.0,0.0,0.0,0.0,0.0,0.0,0.0,0.0,0.0,0.0,0.0,0.0,0.0,0.0,0.0,0.0,0.0,0.0,0.0,0.0,0.0,0.0,0.0,0.0,0.0,0.0,0.0,0.0,0.0,0.0,0.0,0.0,0.0,0.0,0.0,0.0,0.0,0.0,0.0,0.0,0.0,0.0,0.0,0.0,0.0,0.0,0.0,0.0,0.0,0.0,0.0,0.0,0.0,0.0,0.0,0.00124,0.0,0.0,0.0,0.0,0.0,0.0,0.0,0.0,0.0,0.0,0.9,0.90912,3.968,5.0,4.586,5.0,5.0,0,0.312328,0.9093419733333334
322,0.0,0.0,0.0,0.0,0.0,0.0,0.0,0.0,0.0,0.0,0.0,0.0,0.0,0.0,0.0,0.0,0.0,0.0,0.0,0.0,0.0,0.0,0.0,0.0,0.0,0.0,0.0,0.0,0.0,0.0,0.0,0.0,0.0,0.0,0.0,0.0,0.0,0.0,0.0,0.0,0.0,0.0,0.0,0.0,0.0,0.0,0.0,0.0,0.0,0.0,0.0,0.0,0.0,0.0,0.0,0.0,0.0,0.0,0.0,0.0,0.0,0.0,0.0,0.0,0.0,0.0,0.0,0.0,0.0,0.0,0.0,0.0,0.0,0.0,0.0,0.0987,0.0,0.0,0.0,0.0,0.0,0.0,0.0,0.0,0.0,0.0,0.0,0.0,0.0,0.0,0.0,0.0,0.0,0.0,0.0,0.0,0.0,0.0,0.0,0.0,0.0,0.0,0.0,0.0,0.0,0.0,0.0,0.0,0.0,0.0,0.0,0.0,0.66164,0.90121,3.9385,4.5165,5.0,5.0,5.0,0,-0.047672000000000006,0.9002276
323,0.0,0.0,0.0,0.0,0.0,0.0,0.0,0.0,0.0,0.0,0.0,0.0,0.0,0.0,0.0,0.0,0.0,0.0,0.0,0.0,0.0,0.0,0.0,0.0,0.0,0.0,0.0,0.0,0.0,0.0,0.0,0.0,0.0,0.0,0.0,0.0,0.0,0.0,0.0,0.0,0.0,0.0,0.0,0.0,0.0,0.0,0.0,0.0,0.0,0.0,0.0,0.0,0.0,0.0,0.0,0.0,0.0,0.0,0.0,0.0,0.0,0.0,0.0,0.0,0.0,0.0,0.0,0.0,0.0,0.0,0.0,0.0,0.0,0.0,0.0,0.0,0.0,0.0,0.0,0.0,0.0,0.0,0.0,0.0,0.0,0.0,0.0,0.0,0.0,0.0,0.0,0.0,0.0,0.0,0.0,0.0,0.0,0.0,0.0,0.0,0.0,0.0,0.0,0.0,0.0,0.0,0.0,0.0,0.0,0.0,0.0,0.0,0.0,0.85379,5.0,4.4295,3.9935,5.0,5.0,0,-0.227672,0.9021792266666667
324,0.0,0.0,0.0,0.0,0.0,0.0,0.0,0.0,0.0,0.0,0.0,0.0,0.0,0.0,0.0,0.0,0.0,0.0,0.0,0.0,0.0,0.0,0.0,0.0,0.0,0.0,0.0,0.0,0.0,0.0,0.0,0.0,0.0,0.0,0.0,0.0,0.0,0.0,0.0,0.0,0.0,0.0,0.0,0.0,0.0,0.0,0.0,0.0,0.0,0.0,0.0,0.0,0.0,0.0,0.0,0.0,0.0,0.0,0.0,0.0,0.0,0.0,0.0,0.0,0.0,0.0,0.0,0.0,0.0,0.0,0.0,0.0,0.0,0.0,0.0,0.0,0.0,0.0,0.0,0.0,0.0,0.0,0.0,0.0,0.0,0.0,0.0,0.00301,0.0,0.0,0.0,0.0,0.0,0.0,0.0,0.0,0.0,0.0,0.0,0.10012,0.0,0.0,0.0,0.0,0.0,0.0,0.0,0.0,0.0,0.0,0.0,0.0,-0.9,0.83007,5.0,4.3615,3.9055,3.887,5.0,0,-0.54,0.9057128533333334
325,0.0,0.0,0.0,0.0,0.0,0.0,0.0,0.0,0.0,0.0,0.0,0.0,0.0,0.0,0.0,0.0,0.0,0.0,0.0,0.0,0.0,0.0,0.0,0.0,0.0,0.0,0.0,0.0,0.0,0.0,0.0,0.0,0.0,0.0,0.0,0.0,0.0,0.0,0.0,0.0,0.0,0.0,0.0,0.0,0.0,0.0,0.0,0.0,0.0,0.0,0.0,0.0,0.0,0.0,0.0,0.0,0.0,0.0,0.0,0.0,0.0,0.0,0.0,0.0,0.0,0.0,0.0,0.0,0.0,0.0,0.0,0.0,0.0,0.0,0.0,0.0,0.0,0.0,0.0,0.0,0.0,0.0,0.0,0.0,0.0,0.0,0.0,0.0,0.0,0.0,0.0,0.0,0.0,0.0,0.0,0.0,0.0,0.0,0.0,0.0,0.0,0.0,0.0,0.0,0.0,0.0,0.0,0.0,0.0,0.0,0.0,0.0,-0.9,0.83798,4.0355,4.4585,3.961,3.8245,4.5225,0,-0.72,0.91873048
326,0.0,0.0,0.0,0.0,0.0,0.0,0.0,0.0,0.0,0.0,0.0,0.0,0.0,0.0,0.0,0.0,0.0,0.0,0.0,0.0,0.0,0.0,0.0,0.0,0.0,0.0,0.0,0.0,0.0,0.0,0.0,0.0,0.0,0.0,0.0,0.0,0.0,0.0,0.0,0.0,0.0,0.0,0.0,0.0,0.0,0.0,0.0,0.0,0.0,0.0,0.0,0.0,0.0,0.0,0.0,0.0,0.0,0.0,0.0,0.0,0.0,0.0,0.0,0.0,0.0,0.01338,0.07064,0.00159,0.0,0.0,0.0,0.0,0.0,0.0,0.0,0.0,0.0,0.0,0.0,0.0,0.0,0.0,0.0,0.0,0.0,0.0,0.0,0.0,0.0,0.0,0.0,0.0,0.0,0.0,0.0,0.0,0.0,0.0,0.0,0.0,0.0,0.0,0.0,0.0,0.0,0.0,0.0,0.0,0.0,0.0,0.0,0.0,0.0,0.83798,3.717,5.0,4.1475,3.7675,3.743,0,-0.72,0.9190256
327,0.0,0.0,0.0,0.0,0.0,0.0,0.0,0.0,0.0,0.0,0.0,0.0,0.0,0.0,0.0,0.0,0.0,0.0,0.0,0.0,0.0,0.0,0.0,0.0,0.0,0.0,0.0,0.0,0.0,0.0,0.0,0.0,0.0,0.0,0.0,0.0,0.0,0.0,0.0,0.0,0.0,0.0,0.0,0.0,0.0,0.0,0.0,0.0,0.0,0.0,0.0,0.0,0.0,0.0,0.0,0.0,0.0,0.0,0.0,0.0,0.0,0.0,0.0,0.0,0.0,0.0,0.07412,0.09676,0.0,0.0,0.0,0.0,0.01592,0.05802,0.0,0.00035,0.0,0.0,0.0,0.01621,0.01545,0.0,0.0,0.0,0.00142,0.0,0.0,0.0,0.0,0.0,0.0,0.0,0.0,0.0,0.0,0.0,0.0,0.0,0.0,0.0,0.0,0.0,0.0,0.0,0.0,0.0,0.0,0.0,0.0,0.0,0.0,0.0,-0.9,0.83798,3.6615,5.0,4.1305,3.8045,5.0,0,-0.7200000000000001,0.9191730666666669
328,0.0,0.0,0.0,0.0,0.0,0.0,0.0,0.0,0.0,0.0,0.0,0.0,0.0,0.0,0.0,0.0,0.0,0.0,0.0,0.0,0.0,0.0,0.0,0.0,0.0,0.0,0.0,0.0,0.0,0.0,0.0,0.0,0.0,0.0,0.0,0.0,0.0,0.0,0.0,0.0,0.0,0.0,0.0,0.0,0.0,0.0,0.0,0.0,0.0,0.0,0.0,0.0,0.0,0.0,0.0,0.0,0.0,0.0,0.0,0.0,0.0,0.0,0.0,0.0,0.0,0.0,0.10295,0.06881,0.0,0.0,0.0,0.0,0.0,0.0,0.0,0.0,0.0,0.0,0.0,0.10083,0.11055,0.00106,0.0,0.0,0.0,0.0,0.0,0.0,0.0,0.0,0.0,0.0,0.0,0.0,0.0,0.0,0.0,0.0,0.0,0.0,0.0,0.0,0.0,0.0,0.0,0.0,0.0,0.0,0.0,0.0,0.0,0.0,-0.9,0.83798,3.5905,5.0,4.0535,3.7495,3.6795,0,-0.9,0.9193205333333333
329,0.0,0.0,0.0,0.0,0.0,0.0,0.0,0.0,0.0,0.0,0.0,0.0,0.0,0.0,0.0,0.0,0.0,0.0,0.0,0.0,0.0,0.0,0.0,0.0,0.0,0.0,0.0,0.0,0.0,0.0,0.0,0.0,0.0,0.0,0.0,0.0,0.0,0.0,0.0,0.0,0.0,0.0,0.0,0.0,0.0,0.0,0.0,0.0,0.0,0.0,0.0,0.0,0.0,0.0,0.0,0.02547,0.0,0.0,0.0,0.0,0.0,0.0,0.0,0.0,0.0,0.0,0.0,0.16132,0.06279,0.0,0.0,0.0,0.0,0.0,0.0,0.0,0.0,0.0,0.0,0.0,0.18785,0.04705,0.0,0.0,0.0,0.0,0.0,0.0,0.0,0.0,0.0,0.0,0.0,0.14947,0.11232,0.0,0.0,0.0,0.0,0.0,0.0,0.0,0.0,0.0,0.0,0.0,0.0,0.0,0.0,0.0,0.0,0.0,-0.9,0.84588,4.1485,3.4545,5.0,3.9235,4.5745,0,-0.72,0.9194680000000002
330,0.0,0.0,0.0,0.0,0.0,0.0,0.0,0.0,0.0,0.0,0.0,0.0,0.0,0.0,0.0,0.0,0.0,0.0,0.0,0.0,0.0,0.0,0.0,0.0,0.0,0.0,0.0,0.0,0.0,0.0,0.0,0.0,0.0,0.0,0.0,0.0,0.0,0.0,0.0,0.0,0.0,0.0,0.0,0.0,0.0,0.0,0.0,0.0,0.0,0.0,0.0,0.0,0.0,0.0,0.0,0.0,0.0,0.0,0.0,0.0,0.0,0.0,0.0,0.0,0.0,0.0,0.0,0.0,0.0,0.03113,0.0,0.0,0.0,0.0,0.0,0.0,0.0,0.0,0.0,0.0,0.0,0.05908,0.00531,0.0,0.0,0.0,0.0,0.0,0.0,0.0,0.0,0.0,0.0,0.00619,0.19245,0.0,0.0,0.0,0.0,0.0,0.0,0.0,0.0,0.0,0.0,0.0,0.10649,0.08455,0.0,0.0,0.0,0.0,-0.9,0.84588,3.278,3.3695,5.0,5.0,5.0,0,-0.54,0.9048683733333334
331,0.0,0.0,0.0,0.0,0.0,0.0,0.0,0.0,0.0,0.0,0.0,0.0,0.0,0.0,0.0,0.0,0.0,0.0,0.0,0.0,0.0,0.0,0.0,0.0,0.0,0.0,0.0,0.0,0.0,0.0,0.0,0.0,0.0,0.0,0.0,0.0,0.0,0.0,0.0,0.0,0.0,0.0,0.0,0.0,0.0,0.0,0.0,0.0,0.0,0.0,0.0,0.0,0.0,0.0,0.0,0.0,0.0,0.0,0.0,0.0,0.0,0.0,0.0,0.0,0.0,0.0,0.0,0.0,0.0,0.0,0.0,0.0,0.0,0.0,0.0,0.0,0.02282,0.0,0.0,0.0,0.0,0.0,0.0,0.0,0.0,0.0,0.0,0.0,0.01008,0.0,0.0,0.0,0.0,0.0,0.0,0.0,0.0,0.0,0.0,0.0,0.0,0.0,0.0,0.0,0.0,0.0,0.0,0.00124,0.0,0.0,0.0,0.0,-0.9,0.84588,3.155,4.2055,3.2165,5.0,5.0,0,-0.18000000000000002,0.9047209066666667
332,0.0,0.0,0.0,0.0,0.0,0.0,0.0,0.0,0.0,0.0,0.0,0.0,0.0,0.0,0.0,0.0,0.0,0.0,0.0,0.0,0.0,0.0,0.0,0.0,0.0,0.0,0.0,0.0,0.0,0.0,0.0,0.0,0.0,0.0,0.0,0.0,0.0,0.0,0.0,0.0,0.0,0.0,0.0,0.0,0.0,0.0,0.0,0.0,0.0,0.0,0.0,0.0,0.0,0.0,0.0,0.0,0.0,0.0,0.0,0.0,0.0,0.0,0.0,0.0,0.0,0.0,0.00849,0.0,0.0,0.0,0.0,0.10755,0.0,0.0,0.0,0.0,0.0,0.09676,0.03909,0.0,0.0,0.0,0.0,0.0,0.0,0.0,0.0,0.0,0.10448,0.10159,0.0,0.0,0.0,0.0,0.0,0.0,0.0,0.0,0.0,0.0,0.11073,0.0,0.0,0.0,0.0,0.0,0.0,0.0,0.00071,0.0,0.0,0.0,0.0,0.84588,3.135,3.4645,3.1795,3.201,5.0,0,0.0,0.9047209066666667
333,0.0,0.0,0.0,0.0,0.0,0.0,0.0,0.0,0.0,0.0,0.0,0.0,0.0,0.0,0.0,0.0,0.0,0.0,0.0,0.0,0.0,0.0,0.0,0.0,0.0,0.0,0.0,0.0,0.0,0.0,0.0,0.0,0.0,0.0,0.0,0.0,0.0,0.0,0.0,0.0,0.0,0.0,0.0,0.0,0.0,0.0,0.0,0.0,0.0,0.0,0.0,0.0,0.0,0.0,0.0,0.0,0.0,0.0,0.0,0.01663,0.0,0.0,0.0,0.0,0.0,0.0,0.0,0.03255,0.0,0.0,0.0,0.05472,0.151,0.0,0.0,0.0,0.0,0.0,0.1102,0.03149,0.0,0.0,0.0,0.0,0.07022,0.10312,0.0,0.0,0.0,0.13815,0.09463,0.0,0.0,0.0,0.0,0.0,0.0,0.0,0.0,0.0,0.12765,0.1069,0.0,0.0,0.0,0.0,0.0,0.0,0.0,0.0,0.0,0.0,0.0,0.84588,3.1995,3.018,3.3805,3.0895,5.0,0,0.18,0.9045734400000001
334,0.0,0.0,0.0,0.0,0.0,0.0,0.0,0.0,0.0,0.0,0.0,0.0,0.0,0.0,0.0,0.0,0.0,0.0,0.0,0.0,0.0,0.0,0.0,0.0,0.0,0.0,0.0,0.0,0.0,0.0,0.0,0.0,0.0,0.0,0.0,0.0,0.0,0.0,0.0,0.0,0.0,0.0,0.0,0.0,0.0,0.0,0.0,0.0,0.0,0.0,0.0,0.0,0.0,0.0,0.0,0.0,0.0,0.0,0.0,0.01138,0.00737,0.0,0.0,0.0,0.0,0.0,0.0,0.01474,0.00065,0.0,0.0,0.00165,0.1908,0.02883,0.0,0.0,0.0,0.0,0.00106,0.12276,0.0,0.0,0.0,0.0,0.0,0.20542,0.02948,0.0,0.0,0.0,0.20466,0.01663,0.0,0.0,0.0,0.0,0.0,0.0,0.13514,0.0,0.0,0.18579,0.03337,0.0,0.0,0.0,0.0,0.0,0.0,0.0,0.0,0.0,0.9,0.83798,3.1285,3.039,4.4625,3.0715,5.0,0,0.18,0.8898263466666666
335,0.0,0.0,0.0,0.0,0.0,0.0,0.0,0.0,0.0,0.0,0.0,0.0,0.0,0.0,0.0,0.0,0.0,0.0,0.0,0.0,0.0,0.0,0.0,0.0,0.0,0.0,0.0,0.0,0.0,0.0,0.0,0.0,0.0,0.0,0.0,0.0,0.0,0.0,0.0,0.0,0.0,0.0,0.0,0.0,0.0,0.0,0.0,0.0,0.0,0.0,0.0,0.0,0.0,0.0,0.0,0.0,0.0,0.0,0.0,0.0,0.0,0.0,0.0,0.0,0.0,0.0,0.0,0.0,0.0,0.0,0.0,0.04575,0.15165,0.0,0.0,0.0,0.0,0.0,0.00407,0.01238,0.0,0.0,0.0,0.0,0.07022,0.16857,0.0,0.0,0.0,0.0,0.17972,0.00071,0.0,0.0,0.0,0.0,0.0,0.08048,0.15371,0.0,0.0,0.18296,0.03001,0.0,0.0,0.0,0.0,0.0,0.0,0.0,0.08992,0.11262,0.0,0.84588,2.937,3.2835,3.01,3.2475,5.0,0,0.18,0.9045734400000001
336,0.0,0.0,0.0,0.0,0.0,0.0,0.0,0.0,0.0,0.0,0.0,0.0,0.0,0.0,0.0,0.0,0.0,0.0,0.0,0.0,0.0,0.0,0.0,0.0,0.0,0.0,0.0,0.0,0.0,0.0,0.0,0.0,0.0,0.0,0.0,0.0,0.0,0.0,0.0,0.0,0.0,0.0,0.0,0.0,0.0,0.0,0.0,0.0,0.0,0.0,0.0,0.0,0.0,0.0,0.0,0.0,0.0,0.0,0.00177,0.0,0.0,0.0,0.0,0.0,0.0,0.0,0.0,0.0,0.0,0.0,0.02229,0.16498,0.02447,0.0,0.0,0.0,0.0,0.0,0.0,0.0,0.0,0.0,0.0,0.00029,0.21232,0.02211,0.0,0.0,0.0,0.06492,0.02423,0.0,0.0,0.0,0.0,0.0,0.00018,0.21875,0.01969,0.0,0.00772,0.14051,0.0,0.0,0.0,0.0,0.0,0.0,0.0,0.00136,0.08373,0.0,0.0,0.83798,2.863,3.2495,2.9065,2.932,5.0,0,0.0,0.9047209066666667
337,0.0,0.0,0.0,0.0,0.0,0.0,0.0,0.0,0.0,0.0,0.0,0.0,0.0,0.0,0.0,0.0,0.0,0.0,0.0,0.0,0.0,0.0,0.0,0.0,0.0,0.0,0.0,0.0,0.0,0.0,0.0,0.0,0.0,0.0,0.0,0.0,0.0,0.0,0.0,0.0,0.0,0.0,0.0,0.0,0.0,0.0,0.0,0.0,0.0,0.0,0.0,0.0,0.0,0.0,0.0,0.0,0.0,0.0,0.0,0.0,0.0,0.0,0.0,0.0,0.0,0.0,0.0,0.0,0.0,0.0,0.03019,0.15342,0.0,0.0,0.0,0.0,0.0,0.0,0.0,0.0,0.0,0.0,0.0,0.02093,0.21185,0.0,0.0,0.0,0.0,0.0,0.0,0.0,0.0,0.0,0.0,0.0,0.04033,0.19723,0.0,0.0,0.0,0.04068,0.0,0.0,0.0,0.0,0.0,0.0,0.0,0.04888,0.15029,0.0,0.0,0.84588,2.795,3.1735,2.813,2.9465,5.0,0,-0.18,0.9047209066666667
338,0.0,0.0,0.0,0.0,0.0,0.0,0.0,0.0,0.0,0.0,0.0,0.0,0.0,0.0,0.0,0.0,0.0,0.0,0.0,0.0,0.0,0.0,0.0,0.0,0.0,0.0,0.0,0.0,0.0,0.0,0.0,0.0,0.0,0.0,0.0,0.0,0.0,0.0,0.0,0.0,0.0,0.0,0.0,0.0,0.0,0.0,0.0,0.0,0.0,0.0,0.0,0.0,0.0,0.0,0.0,0.0,0.0,0.0,0.0,0.0,0.0,0.0,0.0,0.0,0.0,0.0,0.0,0.0,0.0,0.0,0.05566,0.1046,0.0,0.0,0.0,0.0,0.0,0.0,0.0,0.0,0.0,0.0,0.0,0.08414,0.15024,0.0,0.0,0.0,0.0,0.0,0.0,0.0,0.0,0.0,0.0,0.0,0.09163,0.13461,0.0,0.0,0.0,0.0,0.0,0.0,0.0,0.0,0.0,0.0,0.0,0.10159,0.07353,0.0,0.0,0.84588,2.73,3.6965,2.7435,2.734,5.0,0,-0.36,0.9048683733333334
339,0.0,0.0,0.0,0.0,0.0,0.0,0.0,0.0,0.0,0.0,0.0,0.0,0.0,0.0,0.0,0.0,0.0,0.0,0.0,0.0,0.0,0.0,0.0,0.0,0.0,0.0,0.0,0.0,0.0,0.0,0.0,0.0,0.0,0.0,0.0,0.0,0.0,0.0,0.0,0.0,0.0,0.0,0.0,0.0,0.0,0.0,0.0,0.0,0.0,0.0,0.0,0.0,0.0,0.0,0.0,0.0,0.0,0.0,0.0,0.0,0.0,0.0,0.0,0.0,0.0,0.0,0.0,0.0,0.0,0.0,0.08585,0.02824,0.0,0.0,0.0,0.0,0.0,0.0,0.0,0.0,0.0,0.0,0.0,0.16468,0.08031,0.0,0.0,0.0,0.0,0.0,0.0,0.0,0.0,0.0,0.0,0.0,0.14929,0.08031,0.0,0.0,0.00318,0.0,0.0,0.0,0.0,0.0,0.0,0.0,0.0,0.1204,0.00961,0.0,0.0,0.84588,2.61,3.5515,2.596,2.582,5.0,0,-0.54,0.9196154666666667
340,0.0,0.0,0.0,0.0,0.0,0.0,0.0,0.0,0.0,0.0,0.0,0.0,0.0,0.0,0.0,0.0,0.0,0.0,0.0,0.0,0.0,0.0,0.0,0.0,0.0,0.0,0.0,0.0,0.0,0.0,0.0,0.0,0.0,0.0,0.0,0.0,0.0,0.0,0.0,0.0,0.0,0.0,0.0,0.0,0.0,0.0,0.0,0.0,0.0,0.0,0.0,0.0,0.0,0.0,0.0,0.0,0.0,0.0,0.0,0.0,0.0,0.0,0.0,0.0,0.0,0.0,0.0,0.01279,0.09882,0.05501,0.0,0.0,0.0,0.0,0.0,0.0,0.0,0.0,0.0,0.0,0.0,0.05767,0.1661,0.02795,0.0,0.0,0.0,0.0,0.0,0.0,0.0,0.0,0.0,0.0,0.0,0.16987,0.07017,0.0,0.0,0.0,0.0,0.0,0.0,0.0,0.0,0.0,0.0,0.0,0.15955,0.04245,0.0,0.0,-0.9,0.84588,2.482,2.8185,2.466,2.535,5.0,0,-0.54,0.9196154666666667
341,0.0,0.0,0.0,0.0,0.0,0.0,0.0,0.0,0.0,0.0,0.0,0.0,0.0,0.0,0.0,0.0,0.0,0.0,0.0,0.0,0.0,0.0,0.0,0.0,0.0,0.0,0.0,0.0,0.0,0.0,0.0,0.0,0.0,0.0,0.0,0.0,0.0,0.0,0.0,0.0,0.0,0.0,0.0,0.0,0.0,0.0,0.0,0.0,0.0,0.0,0.0,0.0,0.0,0.0,0.0,0.0,0.0,0.0,0.0,0.0,0.0,0.0,0.0,0.0,0.0,0.0,0.0,0.00548,0.07046,0.05035,0.0,0.0,0.0,0.0,0.0,0.0,0.0,0.0,0.0,0.0,0.0,0.0635,0.17146,0.02223,0.0,0.0,0.0,0.0,0.0,0.0,0.0,0.0,0.0,0.0,0.0,0.15825,0.07594,0.0,0.0,0.0,0.0,0.0,0.0,0.0,0.0,0.0,0.0,0.0,0.11958,0.07252,0.0,0.0,-0.9,0.84588,2.8805,2.375,3.346,2.3795,2.456,0,-0.54,0.9196154666666667
342,0.0,0.0,0.0,0.0,0.0,0.0,0.0,0.0,0.0,0.0,0.0,0.0,0.0,0.0,0.0,0.0,0.0,0.0,0.0,0.0,0.0,0.0,0.0,0.0,0.0,0.0,0.0,0.0,0.0,0.0,0.0,0.0,0.0,0.0,0.0,0.0,0.0,0.0,0.0,0.0,0.0,0.0,0.0,0.0,0.0,0.0,0.0,0.0,0.0,0.0,0.0,0.0,0.0,0.0,0.0,0.00849,0.0,0.0,0.0,0.0,0.0,0.0,0.0,0.0,0.0,0.0,0.0,0.0806,0.11521,0.10825,0.01521,0.0,0.0,0.0,0.0,0.0,0.0,0.0,0.0,0.0,0.0,0.0,0.13986,0.09487,0.0,0.0,0.0,0.0,0.0,0.0,0.0,0.0,0.0,0.0,0.0,0.07288,0.15212,0.0,0.0,0.0,0.0,0.0,0.0,0.0,0.0,0.0,0.0,0.0,0.04634,0.15955,0.0,0.0,-0.9,0.84588,3.5715,2.372,2.6135,3.7405,2.3165,0,-0.54,0.9193203466666666
343,0.0,0.0,0.0,0.0,0.0,0.0,0.0,0.0,0.0,0.0,0.0,0.0,0.0,0.0,0.0,0.0,0.0,0.0,0.0,0.0,0.0,0.0,0.0,0.0,0.0,0.0,0.0,0.0,0.0,0.0,0.0,0.0,0.0,0.0,0.0,0.0,0.0,0.0,0.0,0.0,0.0,0.0,0.0,0.0,0.0,0.0,0.0,0.0,0.0,0.0,0.0,0.0,0.0,0.0,0.0,0.00584,0.0115,0.0,0.0,0.0,0.0,0.0,0.0,0.0,0.0,0.0,0.0,0.0,0.08821,0.13679,0.07606,0.0,0.0,0.0,0.0,0.0,0.0,0.0,0.0,0.0,0.0,0.0,0.08154,0.1763,0.00324,0.0,0.0,0.0,0.0,0.0,0.0,0.0,0.0,0.0,0.0,0.01126,0.18667,0.02423,0.0,0.0,0.0,0.0,0.0,0.0,0.0,0.0,0.0,0.0,0.0,0.13762,0.0,0.0,0.0,0.84588,4.7215,2.845,2.16,3.181,2.269,0,-0.54,0.91917288
344,0.0,0.0,0.0,0.0,0.0,0.0,0.0,0.0,0.0,0.0,0.0,0.0,0.0,0.0,0.0,0.0,0.0,0.0,0.0,0.0,0.0,0.0,0.0,0.0,0.0,0.0,0.0,0.0,0.0,0.0,0.0,0.0,0.0,0.0,0.0,0.0,0.0,0.0,0.0,0.0,0.0,0.0,0.0,0.0,0.0,0.0,0.0,0.0,0.0,0.0,0.0,0.0,0.0,0.0,0.0,0.00271,0.076,0.0,0.0,0.0,0.0,0.0,0.0,0.0,0.0,0.0,0.0,0.0,0.0602,0.15772,0.10224,0.0,0.0,0.0,0.0,0.0,0.0,0.0,0.0,0.0,0.0,0.0,0.06244,0.18603,0.01386,0.0,0.0,0.0,0.0,0.0,0.0,0.0,0.0,0.0,0.0,0.0013,0.18496,0.06262,0.0,0.0,0.0,0.0,0.0,0.0,0.0,0.0,0.0,0.0,0.0,0.14263,0.03709,0.0,0.0,0.84588,5.0,3.075,2.12,2.4985,2.1975,0,-0.54,0.9190254133333333
345,0.0,0.0,0.0,0.0,0.0,0.0,0.0,0.0,0.0,0.0,0.0,0.0,0.0,0.0,0.0,0.0,0.0,0.0,0.0,0.0,0.0,0.0,0.0,0.0,0.0,0.0,0.0,0.0,0.0,0.0,0.0,0.0,0.0,0.0,0.0,0.0,0.0,0.0,0.0,0.0,0.0,0.0,0.0,0.0,0.0,0.0,0.0,0.0,0.0,0.0,0.0,0.0,0.0,0.0,0.0,0.06893,0.05136,0.0,0.0,0.0,0.0,0.0,0.0,0.0,0.0,0.0,0.0,0.0,0.07476,0.15802,0.05943,0.0,0.0,0.0,0.0,0.0,0.0,0.0,0.0,0.0,0.0,0.0,0.10831,0.13685,0.0,0.0,0.0,0.0,0.0,0.0,0.0,0.0,0.0,0.0,0.0,0.04917,0.19068,0.00106,0.0,0.0,0.0,0.0,0.0,0.0,0.0,0.0,0.0,0.0,0.01291,0.15837,0.00843,0.0,-0.9,0.83007,5.0,5.0,2.004,2.6495,2.9395,0,-0.54,0.9190254133333333
346,0.0,0.0,0.0,0.0,0.0,0.0,0.0,0.0,0.0,0.0,0.0,0.0,0.0,0.0,0.0,0.0,0.0,0.0,0.0,0.0,0.0,0.0,0.0,0.0,0.0,0.0,0.0,0.0,0.0,0.0,0.0,0.0,0.0,0.0,0.0,0.0,0.0,0.0,0.0,0.0,0.0,0.0,0.0,0.0,0.0,0.0,0.0,0.0,0.0,0.0,0.0,0.0,0.0,0.0,0.0,0.02087,0.09481,0.0,0.0,0.0,0.0,0.0,0.0,0.0,0.0,0.0,0.0,0.0,0.03125,0.15784,0.08154,0.0,0.0,0.0,0.0,0.0,0.0,0.0,0.0,0.0,0.0,0.0,0.09947,0.13933,0.0,0.0,0.0,0.0,0.0,0.0,0.0,0.0,0.0,0.0,0.0,0.04605,0.18567,0.00106,0.0,0.0,0.0,0.0,0.0,0.0,0.0,0.0,0.0,0.0,0.01574,0.21014,0.00283,0.0,-0.9,0.83798,5.0,5.0,2.1345,1.933,2.9185,0,-0.54,0.9188779466666667
347,0.0,0.0,0.0,0.0,0.0,0.0,0.0,0.0,0.0,0.0,0.0,0.0,0.0,0.0,0.0,0.0,0.0,0.0,0.0,0.0,0.0,0.0,0.0,0.0,0.0,0.0,0.0,0.0,0.0,0.0,0.0,0.0,0.0,0.0,0.0,0.0,0.0,0.0,0.0,0.0,0.0,0.0,0.0,0.0,0.0,0.0,0.0,0.0,0.0,0.0,0.0,0.0,0.0,0.0,0.0,0.0,0.03278,0.09263,0.0,0.0,0.0,0.0,0.0,0.0,0.0,0.0,0.0,0.0,0.0,0.06987,0.16934,0.00259,0.0,0.0,0.0,0.0,0.0,0.0,0.0,0.0,0.0,0.0,0.00932,0.18284,0.03974,0.0,0.0,0.0,0.0,0.0,0.0,0.0,0.0,0.0,0.0,0.0,0.16486,0.05713,0.0,0.0,0.0,0.0,0.0,0.0,0.0,0.0,0.0,0.0,0.0,0.16362,0.0536,0.0,-0.9,0.83798,5.0,5.0,2.4825,1.87,2.221,0,-0.36,0.8728099733333334
348,0.0,0.0,0.0,0.0,0.0,0.0,0.0,0.0,0.0,0.0,0.0,0.0,0.0,0.0,0.0,0.0,0.0,0.0,0.0,0.0,0.0,0.0,0.0,0.0,0.0,0.0,0.0,0.0,0.0,0.0,0.0,0.0,0.0,0.0,0.0,0.0,0.0,0.0,0.0,0.0,0.0,0.0,0.0,0.0,0.0,0.0,0.0,0.0,0.0,0.0,0.0,0.0,0.0,0.0,0.0,0.0,0.0,0.0,0.04298,0.0,0.0,0.0,0.0,0.0,0.0,0.0,0.0,0.0,0.0,0.0,0.02412,0.1911,0.00678,0.0,0.0,0.0,0.0,0.0,0.0,0.0,0.0,0.0,0.0,0.00466,0.17966,0.01486,0.0,0.0,0.0,0.0,0.0,0.0,0.0,0.0,0.0,0.0,0.00035,0.18225,0.02877,0.0,0.0,0.0,0.0,0.0,0.0,0.0,0.0,0.0,0.0,0.0,0.15047,0.02305,0.0,0.84588,3.717,3.587,3.556,2.262,1.751,0,-0.18,0.7459583466666666
349,0.0,0.0,0.0,0.0,0.0,0.0,0.0,0.0,0.0,0.0,0.0,0.0,0.0,0.0,0.0,0.0,0.0,0.0,0.0,0.0,0.0,0.0,0.0,0.0,0.0,0.0,0.0,0.0,0.0,0.0,0.0,0.0,0.0,0.0,0.0,0.0,0.0,0.0,0.0,0.0,0.0,0.0,0.0,0.0,0.0,0.0,0.0,0.0,0.0,0.0,0.0,0.0,0.0,0.0,0.0,0.0,0.0,0.0,0.0,0.02972,0.0,0.0,0.0,0.0,0.0,0.0,0.0,0.0,0.0,0.0,0.0,0.01692,0.19587,0.00177,0.0,0.0,0.0,0.0,0.0,0.0,0.0,0.0,0.0,0.0,0.01026,0.20837,0.00389,0.0,0.0,0.0,0.00283,0.0,0.0,0.0,0.0,0.0,0.0,0.01085,0.21621,0.00466,0.0,0.0,0.1056,0.0,0.0,0.0,0.0,0.0,0.0,0.0,0.01044,0.17335,0.0,0.83798,3.924,3.663,3.733,2.438,1.6915,0,0.0,0.6249047200000001
350,0.0,0.0,0.0,0.0,0.0,0.0,0.0,0.0,0.0,0.0,0.0,0.0,0.0,0.0,0.0,0.0,0.0,0.0,0.0,0.0,0.0,0.0,0.0,0.0,0.0,0.0,0.0,0.0,0.0,0.0,0.0,0.0,0.0,0.0,0.0,0.0,0.0,0.0,0.0,0.0,0.0,0.0,0.0,0.0,0.0,0.0,0.0,0.0,0.0,0.0,0.0,0.0,0.0,0.0,0.0,0.0,0.0,0.0,0.0,0.01474,0.00348,0.0,0.0,0.0,0.0,0.0,0.0,0.0,0.0,0.0,0.0,0.00478,0.16114,0.05377,0.0,0.0,0.0,0.0,0.0,0.0,0.0,0.0,0.0,0.0,0.0,0.17789,0.05065,0.0,0.0,0.0,0.0,0.0,0.0,0.0,0.0,0.0,0.0,0.0,0.18827,0.05495,0.0,0.0,0.07553,0.0,0.0,0.0,0.0,0.0,0.0,0.0,0.0,0.13107,0.0,0.6878,4.046,3.862,3.845,2.542,1.649,0,0.0,0.5095016266666667
351,0.0,0.0,0.0,0.0,0.0,0.0,0.0,0.0,0.0,0.0,0.0,0.0,0.0,0.0,0.0,0.0,0.0,0.0,0.0,0.0,0.0,0.0,0.0,0.0,0.0,0.0,0.0,0.0,0.0,0.0,0.0,0.0,0.0,0.0,0.0,0.0,0.0,0.0,0.0,0.0,0.0,0.0,0.0,0.0,0.0,0.0,0.0,0.0,0.0,0.0,0.0,0.0,0.0,0.0,0.0,0.0,0.0,0.0,0.0,0.0,0.0,0.0,0.0,0.0,0.0,0.0,0.0,0.0,0.0,0.0,0.0,0.00212,0.1102,0.07712,0.0,0.0,0.0,0.0,0.0,0.0,0.0,0.0,0.0,0.0,0.0,0.11881,0.10831,0.0,0.0,0.0,0.0,0.0,0.0,0.0,0.0,0.0,0.0,0.0,0.1352,0.10784,0.0,0.0,0.0,0.0,0.0,0.0,0.0,0.0,0.0,0.0,0.0,0.11108,0.0,0.28462,3.606,3.358,3.3805,2.7175,1.609,0,0.0,0.40004399999999996
352,0.0,0.0,0.0,0.0,0.0,0.0,0.0,0.0,0.0,0.0,0.0,0.0,0.0,0.0,0.0,0.0,0.0,0.0,0.0,0.0,0.0,0.0,0.0,0.0,0.0,0.0,0.0,0.0,0.0,0.0,0.0,0.0,0.0,0.0,0.0,0.0,0.0,0.0,0.0,0.0,0.0,0.0,0.0,0.0,0.0,0.0,0.0,0.0,0.0,0.0,0.0,0.0,0.0,0.0,0.0,0.0,0.0,0.0,0.0,0.00018,0.00637,0.0,0.0,0.0,0.0,0.0,0.0,0.0,0.0,0.0,0.0,0.0,0.08774,0.10136,0.0,0.0,0.0,0.0,0.0,0.0,0.0,0.0,0.0,0.0,0.0,0.06368,0.17777,0.0,0.0,0.0,0.0,0.0,0.0,0.0,0.0,0.0,0.0,0.0,0.05206,0.18691,0.0,0.0,0.0,0.0,0.0,0.0,0.0,0.0,0.0,0.0,0.0,0.03184,0.0,0.0,3.941,3.602,3.529,2.8365,1.607,0,0.0,0.452212
353,0.0,0.0,0.0,0.0,0.0,0.0,0.0,0.0,0.0,0.0,0.0,0.0,0.0,0.0,0.0,0.0,0.0,0.0,0.0,0.0,0.0,0.0,0.0,0.0,0.0,0.0,0.0,0.0,0.0,0.0,0.0,0.0,0.0,0.0,0.0,0.0,0.0,0.0,0.0,0.0,0.0,0.0,0.0,0.0,0.0,0.0,0.0,0.0,0.0,0.0,0.0,0.0,0.0,0.0,0.0,0.0,0.0,0.0,0.0,0.00024,0.00083,0.0,0.0,0.0,0.0,0.0,0.0,0.0,0.0,0.0,0.0,0.00083,0.10708,0.08968,0.0,0.0,0.0,0.0,0.0,0.0,0.0,0.0,0.0,0.0,0.0,0.07795,0.16421,0.0,0.0,0.0,0.0,0.0,0.0,0.0,0.0,0.0,0.0,0.0,0.0694,0.17046,0.0,0.0,0.0,0.0,0.0,0.0,0.0,0.0,0.0,0.0,0.0,0.04528,0.0,0.0,3.913,3.592,3.605,2.8325,1.604,0,0.0,0.588178
354,0.0,0.0,0.0,0.0,0.0,0.0,0.0,0.0,0.0,0.0,0.0,0.0,0.0,0.0,0.0,0.0,0.0,0.0,0.0,0.0,0.0,0.0,0.0,0.0,0.0,0.0,0.0,0.0,0.0,0.0,0.0,0.0,0.0,0.0,0.0,0.0,0.0,0.0,0.0,0.0,0.0,0.0,0.0,0.0,0.0,0.0,0.0,0.0,0.0,0.0,0.0,0.0,0.0,0.0,0.0,0.0,0.0,0.0,0.0,0.00041,0.001,0.0,0.0,0.0,0.0,0.0,0.0,0.0,0.0,0.0,0.0,0.00118,0.10708,0.09658,0.0,0.0,0.0,0.0,0.0,0.0,0.0,0.0,0.0,0.0,0.0,0.08013,0.16875,0.0,0.0,0.0,0.0,0.0,0.0,0.0,0.0,0.0,0.0,0.0,0.06975,0.17223,0.0,0.0,0.0,0.0,0.0,0.0,0.0,0.0,0.0,0.0,0.0,0.04882,0.0,0.37159,3.952,3.586,3.6005,2.8025,1.612,0,0.02561,0.716764
355,0.0,0.0,0.0,0.0,0.0,0.0,0.0,0.0,0.0,0.0,0.0,0.0,0.0,0.0,0.0,0.0,0.0,0.0,0.0,0.0,0.0,0.0,0.0,0.0,0.0,0.0,0.0,0.0,0.0,0.0,0.0,0.0,0.0,0.0,0.0,0.0,0.0,0.0,0.0,0.0,0.0,0.0,0.0,0.0,0.0,0.0,0.0,0.0,0.0,0.0,0.0,0.0,0.0,0.0,0.0,0.0,0.0,0.0,0.0,0.0,0.0,0.0,0.0,0.0,0.0,0.0,0.0,0.0,0.0,0.0,0.0,0.0,0.09499,0.0957,0.0,0.0,0.0,0.0,0.0,0.0,0.0,0.0,0.0,0.0,0.0,0.0783,0.16315,0.0,0.0,0.0,0.0,0.0,0.0,0.0,0.0,0.0,0.0,0.0,0.07064,0.17117,0.0,0.0,0.0,0.0,0.0,0.0,0.0,0.0,0.0,0.0,0.0,0.05077,0.0,0.94864,4.455,4.039,3.679,2.8325,1.605,0,0.08964,0.8237439999999999
356,0.0,0.0,0.0,0.0,0.0,0.0,0.0,0.0,0.0,0.0,0.0,0.0,0.0,0.0,0.0,0.0,0.0,0.0,0.0,0.0,0.0,0.0,0.0,0.0,0.0,0.0,0.0,0.0,0.0,0.0,0.0,0.0,0.0,0.0,0.0,0.0,0.0,0.0,0.0,0.0,0.0,0.0,0.0,0.0,0.0,0.0,0.0,0.0,0.0,0.0,0.0,0.0,0.0,0.0,0.0,0.0,0.0,0.0,0.0,0.0,0.0,0.0,0.0,0.0,0.0,0.0,0.0,0.0,0.0,0.0,0.0,0.0,0.05342,0.08137,0.0,0.0,0.0,0.0,0.0,0.0,0.0,0.0,0.0,0.0,0.0,0.08219,0.1582,0.0,0.0,0.0,0.0,0.0,0.0,0.0,0.0,0.0,0.0,0.0,0.07005,0.17087,0.0,0.0,0.0,0.0,0.0,0.0,0.0,0.0,0.0,0.0,0.0,0.0543,0.0,0.96445,4.203,3.924,3.98,2.8245,1.625,0,0.08964,0.9278892799999999
357,0.0,0.0,0.0,0.0,0.0,0.0,0.0,0.0,0.0,0.0,0.0,0.0,0.0,0.0,0.0,0.0,0.0,0.0,0.0,0.0,0.0,0.0,0.0,0.0,0.0,0.0,0.0,0.0,0.0,0.0,0.0,0.0,0.0,0.0,0.0,0.0,0.0,0.0,0.0,0.0,0.0,0.0,0.0,0.0,0.0,0.0,0.0,0.0,0.0,0.0,0.0,0.0,0.0,0.0,0.0,0.0,0.0,0.0,0.0,0.0,0.0,0.0,0.0,0.0,0.0,0.0,0.0046,0.0,0.0,0.0,0.0,0.01297,0.12164,0.06792,0.0,0.0,0.0,0.0,0.0,0.0,0.0,0.0,0.0,0.0,0.0,0.08933,0.14434,0.0,0.0,0.0,0.0,0.0,0.0,0.0,0.0,0.0,0.0,0.0,0.0454,0.1934,0.0,0.0,0.0,0.00018,0.0,0.0,0.0,0.0,0.0,0.0,0.0,0.01309,0.12805,0.95654,4.129,3.895,4.0735,2.937,1.645,0,-0.09036000000000001,0.9139686666666667
358,0.0,0.0,0.0,0.0,0.0,0.0,0.0,0.0,0.0,0.0,0.0,0.0,0.0,0.0,0.0,0.0,0.0,0.0,0.0,0.0,0.0,0.0,0.0,0.0,0.0,0.0,0.0,0.0,0.0,0.0,0.0,0.0,0.0,0.0,0.0,0.0,0.0,0.0,0.0,0.0,0.0,0.0,0.0,0.0,0.0,0.0,0.0,0.0,0.0,0.0,0.0,0.0,0.0,0.0,0.0,0.0,0.0,0.0,0.0,0.0,0.0,0.0,0.0,0.0,0.0,0.0036,0.02506,0.0,0.0,0.0,0.0,0.00389,0.11745,0.0214,0.0,0.0,0.0,0.0,0.0,0.0,0.0,0.0,0.0,0.0,0.0,0.11969,0.10053,0.0,0.0,0.0,0.0,0.0,0.0,0.0,0.0,0.0,0.0,0.0,0.07712,0.16698,0.0,0.0,0.0,0.0,0.0,0.0,0.0,0.0,0.0,0.0,0.0,0.02494,0.32015,0.8775,3.753,3.864,4.4375,2.9295,1.636,0,-0.27036000000000004,0.90441152
359,0.0,0.0,0.0,0.0,0.0,0.0,0.0,0.0,0.0,0.0,0.0,0.0,0.0,0.0,0.0,0.0,0.0,0.0,0.0,0.0,0.0,0.0,0.0,0.0,0.0,0.0,0.0,0.0,0.0,0.0,0.0,0.0,0.0,0.0,0.0,0.0,0.0,0.0,0.0,0.0,0.0,0.0,0.0,0.0,0.0,0.0,0.0,0.0,0.0,0.0,0.0,0.0,0.0,0.0,0.0,0.0,0.0,0.02441,0.0,0.0,0.0,0.0,0.0,0.0,0.0,0.0,0.0,0.0,0.0,0.07252,0.13821,0.10024,0.0,0.0,0.0,0.0,0.0,0.0,0.0,0.0,0.0,0.0,0.0,0.03721,0.16338,0.04104,0.0,0.0,0.0,0.0,0.0,0.0,0.0,0.0,0.0,0.0,0.0,0.12565,0.11279,0.0,0.0,0.0,0.0,0.0,0.0,0.0,0.0,0.0,0.0,0.0,0.07588,0.15584,0.0,0.55339,3.321,3.443,3.8495,2.258,1.503,0,-0.47597000000000006,0.91310352
360,0.0,0.0,0.0,0.0,0.0,0.0,0.0,0.0,0.0,0.0,0.0,0.0,0.0,0.0,0.0,0.0,0.0,0.0,0.0,0.0,0.0,0.0,0.0,0.0,0.0,0.0,0.0,0.0,0.0,0.0,0.0,0.0,0.0,0.0,0.0,0.0,0.0,0.0,0.0,0.0,0.0,0.0,0.0,0.0,0.0,0.0,0.0,0.0,0.0,0.0,0.0,0.0,0.0,0.0,0.0,0.0,0.0,0.0,0.0,0.0,0.0,0.0,0.0,0.0,0.0,0.0,0.0,0.0,0.09758,0.12706,0.09428,0.0,0.0,0.0,0.0,0.0,0.0,0.0,0.0,0.0,0.0,0.0,0.04428,0.15295,0.06368,0.0,0.0,0.0,0.0,0.0,0.0,0.0,0.0,0.0,0.0,0.0,0.11816,0.12966,0.0,0.0,0.0,0.0,0.0,0.0,0.0,0.0,0.0,0.0,0.0,0.04912,0.13432,0.0,-0.9,0.41111,3.859,3.873,4.1605,2.246,1.489,0,-0.638188,0.91916584
361,0.0,0.0,0.0,0.0,0.0,0.0,0.0,0.0,0.0,0.0,0.0,0.0,0.0,0.0,0.0,0.0,0.0,0.0,0.0,0.0,0.0,0.0,0.0,0.0,0.0,0.0,0.0,0.0,0.0,0.0,0.0,0.0,0.0,0.0,0.0,0.0,0.0,0.0,0.0,0.0,0.0,0.0,0.0,0.0,0.0,0.0,0.0,0.0,0.0,0.0,0.0,0.0,0.0,0.0,0.0,0.0,0.0,0.0,0.0,0.0,0.0,0.0,0.0,0.0,0.0,0.0,0.0,0.0,0.07812,0.1161,0.08526,0.0,0.0,0.0,0.0,0.0,0.0,0.0,0.0,0.0,0.0,0.0,0.0513,0.15012,0.06073,0.0,0.0,0.0,0.0,0.0,0.0,0.0,0.0,0.0,0.0,0.0,0.11834,0.12718,0.0,0.0,0.0,0.0,0.0,0.0,0.0,0.0,0.0,0.0,0.0,0.0464,0.15106,0.00047,-0.9,0.81426,4.455,4.276,4.538,2.274,1.498,0,-0.638188,0.9203463199999999
362,0.0,0.0,0.0,0.0,0.0,0.0,0.0,0.0,0.0,0.0,0.0,0.0,0.0,0.0,0.0,0.0,0.0,0.0,0.0,0.0,0.0,0.0,0.0,0.0,0.0,0.0,0.0,0.0,0.0,0.0,0.0,0.0,0.0,0.0,0.0,0.0,0.0,0.0,0.0,0.0,0.0,0.0,0.0,0.0,0.0,0.0,0.0,0.0,0.0,0.0,0.0,0.0,0.0,0.0,0.0,0.0,0.0,0.0,0.0,0.0,0.0,0.0,0.0,0.0,0.0,0.0,0.0,0.01073,0.08402,0.10531,0.08862,0.0,0.0,0.0,0.0,0.0,0.0,0.0,0.0,0.0,0.0,0.0,0.04269,0.14823,0.06769,0.0,0.0,0.0,0.0,0.0,0.0,0.0,0.0,0.0,0.0,0.0,0.11285,0.13833,0.0,0.0,0.0,0.0,0.0,0.0,0.0,0.0,0.0,0.0,0.0,0.03526,0.14452,0.00737,-0.9,1.0,5.0,5.0,5.0,2.638,1.585,0,-0.6381880000000001,0.9405889333333335
363,0.0,0.0,0.0,0.0,0.0,0.0,0.0,0.0,0.0,0.0,0.0,0.0,0.0,0.0,0.0,0.0,0.0,0.0,0.0,0.0,0.0,0.0,0.0,0.0,0.0,0.0,0.0,0.0,0.0,0.0,0.0,0.0,0.0,0.0,0.0,0.0,0.0,0.0,0.0,0.0,0.0,0.0,0.0,0.0,0.0,0.0,0.0,0.0,0.0,0.0,0.0,0.0,0.0,0.0,0.0,0.0,0.0,0.0,0.0,0.0,0.0,0.0,0.0,0.0,0.0,0.0,0.0,0.0,0.01545,0.11563,0.0987,0.0,0.0,0.0,0.0,0.0,0.0,0.0,0.0,0.0,0.0,0.0,0.02052,0.12187,0.0987,0.0,0.0,0.0,0.0,0.0,0.0,0.0,0.0,0.0,0.0,0.0,0.06262,0.16934,0.00649,0.0,0.0,0.0,0.0,0.0,0.0,0.0,0.0,0.0,0.0,0.00631,0.15914,0.0286,-0.49094,0.71941,5.0,5.0,5.0,5.0,1.875,0,-0.6381880000000001,0.95330608
364,0.0,0.0,0.0,0.0,0.0,0.0,0.0,0.0,0.0,0.0,0.0,0.0,0.0,0.0,0.0,0.0,0.0,0.0,0.0,0.0,0.0,0.0,0.0,0.0,0.0,0.0,0.0,0.0,0.0,0.0,0.0,0.0,0.0,0.0,0.0,0.0,0.0,0.0,0.0,0.0,0.0,0.0,0.0,0.0,0.0,0.0,0.0,0.0,0.0,0.0,0.0,0.0,0.0,0.0,0.0,0.0,0.0,0.0,0.0,0.0,0.0,0.0,0.0,0.0,0.0,0.0,0.0,0.03962,0.10625,0.12618,0.12064,0.00088,0.0,0.0,0.0,0.0,0.0,0.0,0.0,0.0,0.0,0.0,0.01427,0.15489,0.12376,0.0,0.0,0.0,0.0,0.0,0.0,0.0,0.0,0.0,0.0,0.0,0.04157,0.17671,0.04511,0.0,0.0,0.0,0.0,0.0,0.0,0.0,0.0,0.0,0.0,0.0,0.14564,0.10943,0.0,0.61663,5.0,5.0,5.0,5.0,2.262,0,-0.638188,0.9372291733333332
365,0.0,0.0,0.0,0.0,0.0,0.0,0.0,0.0,0.0,0.0,0.0,0.0,0.0,0.0,0.0,0.0,0.0,0.0,0.0,0.0,0.0,0.0,0.0,0.0,0.0,0.0,0.0,0.0,0.0,0.0,0.0,0.0,0.0,0.0,0.0,0.0,0.0,0.0,0.0,0.0,0.0,0.0,0.0,0.0,0.0,0.0,0.0,0.0,0.0,0.0,0.0,0.0,0.0,0.0,0.0,0.0,0.0,0.0,0.0,0.0,0.0,0.0,0.0,0.0,0.0,0.0,0.0,0.09858,0.1273,0.13585,0.09676,0.0,0.0,0.0,0.0,0.0,0.0,0.0,0.0,0.0,0.0,0.0,0.02854,0.14198,0.10631,0.0,0.0,0.0,0.0,0.0,0.0,0.0,0.0,0.0,0.0,0.0,0.05271,0.17435,0.01899,0.0,0.0,0.0,0.0,0.0,0.0,0.0,0.0,0.0,0.0,0.0,0.15619,0.08756,-0.9,0.98025,5.0,5.0,5.0,5.0,2.293,0,-0.72,0.9264248533333334
366,0.0,0.0,0.0,0.0,0.0,0.0,0.0,0.0,0.0,0.0,0.0,0.0,0.0,0.0,0.0,0.0,0.0,0.0,0.0,0.0,0.0,0.0,0.0,0.0,0.0,0.0,0.0,0.0,0.0,0.0,0.0,0.0,0.0,0.0,0.0,0.0,0.0,0.0,0.0,0.0,0.0,0.0,0.0,0.0,0.0,0.0,0.0,0.0,0.0,0.0,0.0,0.0,0.0,0.0,0.0,0.0,0.0,0.0,0.0,0.0,0.0,0.0,0.0,0.0,0.0,0.0,0.01185,0.08349,0.12099,0.0589,0.02919,0.0,0.0,0.0,0.0,0.0,0.0,0.0,0.0,0.0,0.0,0.0,0.02146,0.13603,0.09953,0.0,0.0,0.0,0.0,0.0,0.0,0.0,0.0,0.0,0.0,0.0,0.0589,0.17695,0.02471,0.0,0.0,0.0,0.0,0.0,0.0,0.0,0.0,0.0,0.0,0.0,0.15825,0.08956,-0.9,0.98025,5.0,5.0,5.0,5.0,5.0,0,-0.9,0.9175390933333333
367,0.0,0.0,0.0,0.0,0.0,0.0,0.0,0.0,0.0,0.0,0.0,0.0,0.0,0.0,0.0,0.0,0.0,0.0,0.0,0.0,0.0,0.0,0.0,0.0,0.0,0.0,0.0,0.0,0.0,0.0,0.0,0.0,0.0,0.0,0.0,0.0,0.0,0.0,0.0,0.0,0.0,0.0,0.0,0.0,0.0,0.0,0.0,0.0,0.0,0.0,0.0,0.0,0.0,0.0,0.01185,0.02848,0.0,0.0,0.0,0.0,0.0,0.0,0.0,0.0,0.0,0.0,0.0,0.07795,0.11987,0.11279,0.02583,0.0,0.0,0.0,0.0,0.0,0.0,0.0,0.0,0.0,0.0,0.0,0.01392,0.06733,0.08396,0.0,0.0,0.0,0.0,0.0,0.0,0.0,0.0,0.0,0.0,0.0,0.04882,0.17406,0.04175,0.0,0.0,0.0,0.0,0.0,0.0,0.0,0.0,0.0,0.0,0.0,0.14145,0.11716,-0.9,0.84588,5.0,5.0,5.0,5.0,5.0,0,-0.72,0.8922470933333333
368,0.0,0.0,0.0,0.0,0.0,0.0,0.0,0.0,0.0,0.0,0.0,0.0,0.0,0.0,0.0,0.0,0.0,0.0,0.0,0.0,0.0,0.0,0.0,0.0,0.0,0.0,0.0,0.0,0.0,0.0,0.0,0.0,0.0,0.0,0.0,0.0,0.0,0.0,0.0,0.0,0.0,0.0,0.0,0.0,0.0,0.0,0.0,0.0,0.0,0.0,0.0,0.0,0.0,0.0,0.0,0.00961,0.00702,0.0,0.0,0.0,0.0,0.0,0.0,0.0,0.0,0.0,0.0,0.00165,0.09959,0.14021,0.10047,0.0,0.0,0.0,0.0,0.0,0.0,0.0,0.0,0.0,0.0,0.0,0.0,0.01079,0.03325,0.0,0.0,0.0,0.0,0.0,0.0,0.0,0.0,0.0,0.0,0.0,0.03149,0.14971,0.06999,0.0,0.0,0.0,0.0,0.0,0.0,0.0,0.0,0.0,0.0,0.0,0.1181,0.13379,-0.9,0.85379,5.0,5.0,5.0,5.0,5.0,0,-0.54,0.8669550933333333
369,0.0,0.0,0.0,0.0,0.0,0.0,0.0,0.0,0.0,0.0,0.0,0.0,0.0,0.0,0.0,0.0,0.0,0.0,0.0,0.0,0.0,0.0,0.0,0.0,0.0,0.0,0.0,0.0,0.0,0.0,0.0,0.0,0.0,0.0,0.0,0.0,0.0,0.0,0.0,0.0,0.0,0.0,0.0,0.0,0.0,0.0,0.0,0.0,0.0,0.0,0.0,0.0,0.0,0.0,0.0,0.0,0.00088,0.0,0.0,0.0,0.0,0.0,0.0,0.0,0.0,0.0,0.0,0.0,0.01079,0.127,0.13284,0.00654,0.0,0.0,0.0,0.0,0.0,0.0,0.0,0.0,0.0,0.0,0.00236,0.04452,0.0,0.0,0.0,0.0,0.0,0.0,0.0,0.0,0.0,0.0,0.0,0.0,0.0,0.01055,0.0602,0.0,0.0,0.0,0.0,0.0,0.0,0.0,0.0,0.0,0.0,0.0,0.10743,0.14322,-0.9,0.85379,5.0,5.0,5.0,5.0,5.0,0,-0.36,0.85379
370,0.0,0.0,0.0,0.0,0.0,0.0,0.0,0.0,0.0,0.0,0.0,0.0,0.0,0.0,0.0,0.0,0.0,0.0,0.0,0.0,0.0,0.0,0.0,0.0,0.0,0.0,0.0,0.0,0.0,0.0,0.0,0.0,0.0,0.0,0.0,0.0,0.0,0.0,0.0,0.0,0.0,0.0,0.0,0.0,0.0,0.0,0.0,0.0,0.0,0.0,0.0,0.0,0.0,0.0,0.0,0.0,0.0,0.00248,0.0,0.0,0.0,0.0,0.0,0.0,0.0,0.0,0.0,0.0,0.0,0.03697,0.14121,0.05991,0.0,0.0,0.0,0.0,0.0,0.0,0.0,0.0,0.0,0.0,0.0,0.03892,0.0,0.0,0.0,0.0,0.0,0.0,0.0,0.0,0.0,0.0,0.0,0.0,0.0,0.00018,0.00018,0.0,0.0,0.0,0.0,0.0,0.0,0.0,0.0,0.0,0.0,0.0,0.01521,0.14328,0.0,0.85379,5.0,5.0,5.0,5.0,5.0,0,-0.18,0.85379
371,0.0,0.0,0.0,0.0,0.0,0.0,0.0,0.0,0.0,0.0,0.0,0.0,0.0,0.0,0.0,0.0,0.0,0.0,0.0,0.0,0.0,0.0,0.0,0.0,0.0,0.0,0.0,0.0,0.0,0.0,0.0,0.0,0.0,0.0,0.0,0.0,0.0,0.0,0.0,0.0,0.0,0.0,0.0,0.0,0.0,0.0,0.0,0.0,0.0,0.0,0.0,0.0,0.0,0.0,0.0,0.0,0.0,0.0,0.01203,0.0,0.0,0.0,0.0,0.0,0.0,0.0,0.0,0.0,0.0,0.0,0.08255,0.14015,0.0,0.0,0.0,0.0,0.0,0.0,0.0,0.0,0.0,0.0,0.0,0.02105,0.0842,0.0,0.0,0.0,0.0,0.0,0.0,0.0,0.0,0.0,0.0,0.0,0.0,0.0,0.0,0.0,0.0,0.0,0.0,0.0,0.0,0.0,0.0,0.0,0.0,0.0,0.0,0.0,0.0,0.85379,5.0,5.0,5.0,5.0,5.0,0,0.0,0.85379
372,0.0,0.0,0.0,0.0,0.0,0.0,0.0,0.0,0.0,0.0,0.0,0.0,0.0,0.0,0.0,0.0,0.0,0.0,0.0,0.0,0.0,0.0,0.0,0.0,0.0,0.0,0.0,0.0,0.0,0.0,0.0,0.0,0.0,0.0,0.0,0.0,0.0,0.0,0.0,0.0,0.0,0.0,0.0,0.0,0.0,0.0,0.0,0.0,0.0,0.0,0.0,0.0,0.0,0.0,0.0,0.0,0.0,0.0,0.05236,0.0,0.0,0.0,0.0,0.0,0.0,0.0,0.0,0.0,0.0,0.0,0.0385,0.16958,0.00507,0.0,0.0,0.0,0.0,0.0,0.0,0.0,0.0,0.0,0.0,0.00466,0.14976,0.04263,0.0,0.0,0.0,0.0,0.0,0.0,0.0,0.0,0.0,0.0,0.0,0.0069,0.0,0.0,0.0,0.0,0.0,0.0,0.0,0.0,0.0,0.0,0.0,0.0,0.0,0.0,0.0,0.85379,5.0,5.0,5.0,5.0,5.0,0,0.0,0.85379
373,0.0,0.0,0.0,0.0,0.0,0.0,0.0,0.0,0.0,0.0,0.0,0.0,0.0,0.0,0.0,0.0,0.0,0.0,0.0,0.0,0.0,0.0,0.0,0.0,0.0,0.0,0.0,0.0,0.0,0.0,0.0,0.0,0.0,0.0,0.0,0.0,0.0,0.0,0.0,0.0,0.0,0.0,0.0,0.0,0.0,0.0,0.0,0.0,0.0,0.0,0.0,0.0,0.0,0.0,0.0,0.0,0.0,0.0,0.06887,0.0056,0.0,0.0,0.0,0.0,0.0,0.0,0.0,0.0,0.0,0.0,0.00542,0.18738,0.03219,0.0,0.0,0.0,0.0,0.0,0.0,0.0,0.0,0.0,0.0,0.0,0.14947,0.05236,0.0,0.0,0.0,0.0,0.0,0.0,0.0,0.0,0.0,0.0,0.0,0.05855,0.02883,0.0,0.0,0.0,0.0,0.0,0.0,0.0,0.0,0.0,0.0,0.0,0.01274,0.0,0.0,0.85379,5.0,5.0,5.0,5.0,5.0,0,0.0,0.85379
374,0.0,0.0,0.0,0.0,0.0,0.0,0.0,0.0,0.0,0.0,0.0,0.0,0.0,0.0,0.0,0.0,0.0,0.0,0.0,0.0,0.0,0.0,0.0,0.0,0.0,0.0,0.0,0.0,0.0,0.0,0.0,0.0,0.0,0.0,0.0,0.0,0.0,0.0,0.0,0.0,0.0,0.0,0.0,0.0,0.0,0.02494,0.00159,0.0,0.0,0.0,0.0,0.0,0.0,0.0,0.0,0.0,0.0,0.00708,0.18827,0.01639,0.0,0.0,0.0,0.0,0.0,0.0,0.0,0.0,0.0,0.0,0.00106,0.1865,0.03797,0.0,0.0,0.0,0.0,0.0,0.0,0.0,0.0,0.0,0.0,0.0,0.13956,0.05271,0.0,0.0,0.0,0.00177,0.00071,0.0,0.0,0.0,0.0,0.0,0.0,0.07358,0.0,0.0,0.0,0.00478,0.0,0.0,0.0,0.0,0.0,0.0,0.0,0.0,0.0,0.00495,0.0,0.85379,5.0,5.0,5.0,5.0,5.0,0,0.0,0.85379
375,0.0,0.0,0.0,0.0,0.0,0.0,0.0,0.0,0.0,0.0,0.0,0.0,0.0,0.0,0.0,0.0,0.0,0.0,0.0,0.0,0.0,0.0,0.0,0.0,0.0,0.0,0.0,0.0,0.0,0.0,0.0,0.0,0.0,0.0,0.0,0.0,0.0,0.0,0.0,0.0,0.0,0.0,0.0,0.0,0.0,0.01327,0.01486,0.0,0.0,0.0,0.0,0.0,0.0,0.0,0.0,0.0,0.0,0.0,0.17129,0.0355,0.0,0.0,0.0,0.0,0.0,0.0,0.0,0.0,0.0,0.0,0.0,0.15631,0.05419,0.0,0.0,0.0,0.0,0.0,0.0,0.0,0.0,0.0,0.0,0.0,0.15389,0.05837,0.0,0.0,0.0,0.00265,0.07005,0.0,0.0,0.0,0.0,0.0,0.0,0.09552,0.00407,0.0,0.0,0.08361,0.0066,0.0,0.0,0.0,0.0,0.0,0.0,0.0,0.00142,0.00619,0.0,0.85379,5.0,5.0,5.0,5.0,5.0,0,0.0,0.85379
376,0.0,0.0,0.0,0.0,0.0,0.0,0.0,0.0,0.0,0.0,0.0,0.0,0.0,0.0,0.0,0.0,0.0,0.0,0.0,0.0,0.0,0.0,0.0,0.0,0.0,0.0,0.0,0.0,0.0,0.0,0.0,0.0,0.0,0.0,0.0,0.0,0.0,0.0,0.0,0.0,0.0,0.0,0.0,0.0,0.0,0.0,0.0,0.0,0.0,0.0,0.0,0.0,0.0,0.0,0.0,0.0,0.0,0.0,0.05289,0.07907,0.0,0.0,0.0,0.0,0.0,0.0,0.0,0.0023,0.0,0.0,0.0,0.14434,0.08632,0.0,0.0,0.0,0.0,0.0,0.05731,0.00035,0.0,0.0,0.0,0.0,0.14487,0.07482,0.0,0.0,0.0,0.0,0.13284,0.0,0.0,0.0,0.0,0.0,0.0,0.11397,0.00755,0.0,0.0,0.08237,0.04393,0.0,0.0,0.0,0.0,0.0,0.0,0.0,0.0,0.0,0.0,0.85379,5.0,5.0,5.0,5.0,5.0,0,0.0,0.8522080000000001
377,0.0,0.0,0.0,0.0,0.0,0.0,0.0,0.0,0.0,0.0,0.0,0.0,0.0,0.0,0.0,0.0,0.0,0.0,0.0,0.0,0.0,0.0,0.0,0.0,0.0,0.0,0.0,0.0,0.0,0.0,0.0,0.0,0.0,0.0,0.0,0.0,0.0,0.0,0.0,0.0,0.0,0.0,0.0,0.0,0.0,0.0,0.0,0.0,0.0,0.0,0.0,0.0,0.0,0.0,0.0,0.0,0.0,0.0,0.01439,0.11934,0.0,0.0,0.0,0.0,0.0,0.0,0.0,0.00354,0.0,0.0,0.0,0.09517,0.12417,0.0,0.0,0.0,0.0,0.0,0.0,0.0,0.0,0.0,0.0,0.0,0.10985,0.10985,0.0,0.0,0.0,0.0,0.06085,0.0,0.0,0.0,0.0,0.0,0.0,0.10932,0.09959,0.0,0.0,0.02052,0.04033,0.0,0.0,0.0,0.0,0.0,0.0,0.0,0.077,0.02471,0.0,0.85379,5.0,5.0,5.0,5.0,5.0,0,0.0,0.853788
378,0.0,0.0,0.0,0.0,0.0,0.0,0.0,0.0,0.0,0.0,0.0,0.0,0.0,0.0,0.0,0.0,0.0,0.0,0.0,0.0,0.0,0.0,0.0,0.0,0.0,0.0,0.0,0.0,0.0,0.0,0.0,0.0,0.0,0.0,0.0,0.0,0.0,0.0,0.0,0.0,0.0,0.0,0.0,0.0,0.0,0.0,0.0,0.0,0.0,0.0,0.0,0.0,0.0,0.0,0.0,0.0,0.0,0.0,0.0,0.10401,0.0,0.0,0.0,0.0,0.0,0.0,0.0,0.01745,0.00024,0.0,0.0,0.04057,0.1855,0.0,0.0,0.0,0.0,0.0,0.0,0.0,0.0,0.0,0.0,0.0,0.04475,0.16557,0.0,0.0,0.0,0.0,0.09216,0.0,0.0,0.0,0.0,0.0,0.0,0.06232,0.14216,0.0,0.0,0.00755,0.1536,0.0,0.0,0.0,0.0,0.0,0.0,0.0,0.05896,0.10678,0.0,0.85379,5.0,5.0,5.0,5.0,5.0,0,0.09675399999999999,0.853788
379,0.0,0.0,0.0,0.0,0.0,0.0,0.0,0.0,0.0,0.0,0.0,0.0,0.0,0.0,0.0,0.0,0.0,0.0,0.0,0.0,0.0,0.0,0.0,0.0,0.0,0.0,0.0,0.0,0.0,0.0,0.0,0.0,0.0,0.0,0.0,0.0,0.0,0.0,0.0,0.0,0.0,0.0,0.0,0.0,0.0,0.0,0.0,0.0,0.0,0.0,0.0,0.0,0.0,0.0,0.0,0.0,0.0,0.0,0.0,0.06787,0.02553,0.0,0.0,0.0,0.0,0.0,0.0,0.0,0.00513,0.0,0.0,6e-05,0.19593,0.0161,0.0,0.0,0.0,0.0,0.0,0.00283,0.0,0.0,0.0,0.0,0.00018,0.20991,0.0066,0.0,0.0,0.0,0.026,0.0237,0.0,0.0,0.0,0.0,0.0,0.00596,0.21616,0.00218,0.0,0.0,0.10029,0.0,0.0,0.0,0.0,0.0,0.0,0.0,0.01333,0.14764,0.0,0.84588,5.0,5.0,5.0,5.0,5.0,0,0.09675399999999999,0.853788
380,0.0,0.0,0.0,0.0,0.0,0.0,0.0,0.0,0.0,0.0,0.0,0.0,0.0,0.0,0.0,0.0,0.0,0.0,0.0,0.0,0.0,0.0,0.0,0.0,0.0,0.0,0.0,0.0,0.0,0.0,0.0,0.0,0.0,0.0,0.0,0.0,0.0,0.0,0.0,0.0,0.0,0.0,0.0,0.0,0.0,0.0,0.0,0.0,0.0,0.0,0.0,0.0,0.0,0.0,0.0,0.0,0.0,0.0,0.0,0.05678,0.0681,0.0,0.0,0.0,0.0,0.0,0.0,0.0,0.03998,0.0,0.0,0.0,0.16486,0.06669,0.0,0.0,0.0,0.0,0.0,0.04404,0.0191,0.0,0.0,0.0,0.0,0.15902,0.05218,0.0,0.0,0.0,0.0,0.01504,0.0,0.0,0.0,0.0,0.0,0.0,0.17241,0.03526,0.0,0.0,0.0,0.0,0.0,0.0,0.0,0.0,0.0,0.0,0.0,0.10914,0.0,0.86169,5.0,5.0,5.0,5.0,5.0,0,0.09675399999999999,0.853788
381,0.0,0.0,0.0,0.0,0.0,0.0,0.0,0.0,0.0,0.0,0.0,0.0,0.0,0.0,0.0,0.0,0.0,0.0,0.0,0.0,0.0,0.0,0.0,0.0,0.0,0.0,0.0,0.0,0.0,0.0,0.0,0.0,0.0,0.0,0.0,0.0,0.0,0.0,0.0,0.0,0.0,0.0,0.0,0.0,0.0,0.0,0.0,0.0,0.0,0.0,0.0,0.0,0.0,0.0,0.0,0.0,0.0,0.0,0.0,0.0,0.07022,0.0,0.0,0.0,0.0,0.0,0.0,0.0,0.00318,0.0,0.0,0.0,0.12241,0.0957,0.0,0.0,0.0,0.0,0.0,0.02017,0.0,0.0,0.0,0.0,0.0,0.13066,0.08337,0.0,0.0,0.0,0.0,0.04245,0.0,0.0,0.0,0.0,0.0,0.0,0.13184,0.0806,0.0,0.0,0.0,0.01999,0.0,0.0,0.0,0.0,0.0,0.0,0.0,0.13443,0.48377,0.85379,5.0,5.0,5.0,5.0,5.0,0,0.09675399999999999,0.8553700000000001
382,0.0,0.0,0.0,0.0,0.0,0.0,0.0,0.0,0.0,0.0,0.0,0.0,0.0,0.0,0.0,0.0,0.0,0.0,0.0,0.0,0.0,0.0,0.0,0.0,0.0,0.0,0.0,0.0,0.0,0.0,0.0,0.0,0.0,0.0,0.0,0.0,0.0,0.0,0.0,0.0,0.0,0.0,0.0,0.0,0.0,0.0,0.0,0.0,0.0,0.0,0.0,0.0,0.0,0.0,0.0,0.0,0.0,0.0,0.0,0.01173,0.06061,0.0,0.0,0.0,0.0,0.0,0.0,0.0,0.0,0.0,0.0,0.0,0.16238,0.04688,0.0,0.0,0.0,0.0,0.0,0.0,0.0,0.0,0.0,0.0,0.0,0.18986,0.0286,0.0,0.0,0.0,0.0,0.00018,0.0,0.0,0.0,0.0,0.0,0.0,0.20242,0.02506,0.0,0.0,0.0,0.0,0.0,0.0,0.0,0.0,0.0,0.0,6e-05,0.17559,0.0,0.85379,5.0,5.0,5.0,5.0,5.0,0,0.09675399999999999,0.85379
383,0.0,0.0,0.0,0.0,0.0,0.0,0.0,0.0,0.0,0.0,0.0,0.0,0.0,0.0,0.0,0.0,0.0,0.0,0.0,0.0,0.0,0.0,0.0,0.0,0.0,0.0,0.0,0.0,0.0,0.0,0.0,0.0,0.0,0.0,0.0,0.0,0.0,0.0,0.0,0.0,0.0,0.0,0.0,0.0,0.0,0.0,0.0,0.0,0.0,0.0,0.0,0.0,0.0,0.0,0.0,0.0,0.0,0.0,0.0,0.05696,0.0,0.0,0.0,0.0,0.0,0.0,0.0,0.00035,0.0,0.0,0.0,0.0714,0.14634,0.0,0.0,0.0,0.0,0.0,0.0,0.0,0.0,0.0,0.0,0.0,0.0865,0.12276,0.0,0.0,0.0,0.0,0.0,0.0,0.0,0.0,0.0,0.0,0.0,0.09976,0.12099,0.0,0.0,0.0,0.03272,0.0,0.0,0.0,0.0,0.0,0.0,0.0,0.09074,0.05926,0.0,0.85379,5.0,5.0,5.0,5.0,5.0,0,0.0,0.85379
384,0.0,0.0,0.0,0.0,0.0,0.0,0.0,0.0,0.0,0.0,0.0,0.0,0.0,0.0,0.0,0.0,0.0,0.0,0.0,0.0,0.0,0.0,0.0,0.0,0.0,0.0,0.0,0.0,0.0,0.0,0.0,0.0,0.0,0.0,0.0,0.0,0.0,0.0,0.0,0.0,0.0,0.0,0.0,0.0,0.0,0.0,0.0,0.0,0.0,0.0,0.0,0.0,0.0,0.0,0.0,0.0,0.0,0.0,0.05867,0.05649,0.0,0.0,0.0,0.0,0.0,0.0,0.0,0.05767,0.0,0.0,0.0,0.18567,0.04145,0.0,0.0,0.0,0.0,0.0,0.04068,0.00513,0.0,0.0,0.0,0.0,0.21014,0.02017,0.0,0.0,0.0,0.0,0.03644,0.0,0.0,0.0,0.0,0.0,0.00053,0.21999,0.00713,0.0,0.0,0.0,0.0,0.0,0.0,0.0,0.0,0.0,0.0,0.00708,0.21226,0.0,0.0,0.85379,5.0,5.0,5.0,5.0,5.0,0,-0.18,0.85379
385,0.0,0.0,0.0,0.0,0.0,0.0,0.0,0.0,0.0,0.0,0.0,0.0,0.0,0.0,0.0,0.0,0.0,0.0,0.0,0.0,0.0,0.0,0.0,0.0,0.0,0.0,0.0,0.0,0.0,0.0,0.0,0.0,0.0,0.0,0.0,0.0,0.0,0.0,0.0,0.0,0.0,0.0,0.0,0.0,0.0,0.0,0.0,0.0,0.0,0.0,0.0,0.0,0.0,0.0,0.0,0.0,0.0,0.0,0.08809,0.0,0.0,0.0,0.0,0.0,0.0,0.0,0.06739,0.0421,0.0,0.0,0.03803,0.18838,0.0,0.0,0.0,0.0,0.0,0.01527,0.09581,0.0,0.0,0.0,0.0,0.07093,0.16203,0.0,0.0,0.0,0.0,0.03396,0.0,0.0,0.0,0.0,0.0,0.0,0.10489,0.1217,0.0,0.0,0.0,0.0,0.0,0.0,0.0,0.0,0.0,0.0,0.0,0.13485,0.07565,0.0,0.0,0.85379,5.0,5.0,5.0,5.0,5.0,0,-0.36,0.85379
386,0.0,0.0,0.0,0.0,0.0,0.0,0.0,0.0,0.0,0.0,0.0,0.0,0.0,0.0,0.0,0.0,0.0,0.0,0.0,0.0,0.0,0.0,0.0,0.0,0.0,0.0,0.0,0.0,0.0,0.0,0.0,0.0,0.0,0.0,0.0,0.0,0.0,0.0,0.0,0.0,0.0,0.0,0.0,0.0,0.0,0.0,0.0,0.0,0.0,0.0,0.0,0.0,0.0,0.0,0.0,0.0,0.0,0.0,0.01486,0.0,0.0,0.0,0.0,0.0,0.0,0.00053,0.15601,0.0,0.0,0.0,0.18007,0.04387,0.0,0.0,0.0,0.0,0.0,0.12134,0.01433,0.0,0.0,0.0,0.0,0.21321,0.00702,0.0,0.0,0.0,0.02335,0.05466,0.0,0.0,0.0,0.0,0.0,0.00902,0.21987,0.0,0.0,0.0,0.0536,0.0,0.0,0.0,0.0,0.0,0.0,0.0,0.0559,0.15672,0.0,0.0,0.0,0.85379,5.0,5.0,5.0,5.0,5.0,0,-0.21771200000000004,0.85379
387,0.0,0.0,0.0,0.0,0.0,0.0,0.0,0.0,0.0,0.0,0.0,0.0,0.0,0.0,0.0,0.0,0.0,0.0,0.0,0.0,0.0,0.0,0.0,0.0,0.0,0.0,0.0,0.0,0.0,0.0,0.0,0.0,0.0,0.0,0.0,0.0,0.0,0.0,0.0,0.0,0.0,0.0,0.0,0.0,0.0,0.0,0.0,0.0,0.0,0.0,0.0,0.0,0.0,0.0,0.00354,0.0,0.0,0.00548,0.00566,0.0,0.0,0.0,0.0,0.0,0.0,0.10548,0.05478,0.0,0.0,0.00159,0.19528,0.0,0.0,0.0,0.0,0.0,0.08119,0.127,0.0,0.0,0.0,0.0,0.13101,0.0885,0.0,0.0,0.0,0.0,0.14522,0.0,0.0,0.0,0.0,0.0,0.0,0.19304,0.02718,0.0,0.0,0.0,0.0,0.0,0.0,0.0,0.0,0.0,0.0,0.00077,0.17983,0.0,0.0,0.0,-0.9,0.85379,5.0,5.0,5.0,5.0,5.0,0,-0.03771200000000001,0.85379
388,0.0,0.0,0.0,0.0,0.0,0.0,0.0,0.0,0.0,0.0,0.0,0.0,0.0,0.0,0.0,0.0,0.0,0.0,0.0,0.0,0.0,0.0,0.0,0.0,0.0,0.0,0.0,0.0,0.0,0.0,0.0,0.0,0.0,0.0,0.0,0.0,0.0,0.0,0.0,0.0,0.0,0.0,0.0,0.0,0.0,0.0,0.0,0.0,0.0,0.0,0.0,0.0,0.0,0.0,0.0,0.0,0.0,0.0,0.0,0.0,0.0,0.0,0.0,0.0,0.0,0.0,0.06333,0.03591,0.0,0.0,0.0,0.02529,0.0,0.0,0.0,0.0,0.0,0.02812,0.1569,0.0,0.0,0.0,0.0,0.11008,0.09847,0.0,0.0,0.0,0.0,0.17317,0.0,0.0,0.0,0.0,0.0,0.0,0.12435,0.00195,0.0,0.0,0.00059,0.01038,0.0,0.0,0.0,0.0,0.0,0.0,0.00195,0.02583,0.0,0.0,-0.9,0.85379,5.0,5.0,5.0,5.0,5.0,0,-0.03771200000000001,0.85379
389,0.0,0.0,0.0,0.0,0.0,0.0,0.0,0.0,0.0,0.0,0.0,0.0,0.0,0.0,0.0,0.0,0.0,0.0,0.0,0.0,0.0,0.0,0.0,0.0,0.0,0.0,0.0,0.0,0.0,0.0,0.0,0.0,0.0,0.0,0.0,0.0,0.0,0.0,0.0,0.0,0.0,0.0,0.0,0.0,0.0,0.0,0.0,0.0,0.0,0.0,0.0,0.0,0.0,0.0,0.0,0.0,0.0,0.0,0.0,0.0,0.0,0.0,0.0,0.0,0.0,0.0,0.0,0.0,0.09505,0.00967,0.0,0.0,0.0,0.0,0.0,0.0,0.0,0.0,0.0,0.12913,0.06916,0.0,0.0,0.0,0.0,0.0,0.0,0.0,0.0,0.0,0.06598,0.13992,0.0,0.0,0.0,0.0,0.0,0.0,0.0,0.0,0.0,0.0,0.05519,0.0,0.0,0.0,0.0,0.0,0.0,0.0,0.0,0.0,0.71144,0.85379,2.8975,4.6435,5.0,5.0,5.0,0,0.09247999999999998,0.85379
390,0.0,0.0,0.0,0.0,0.0,0.0,0.0,0.0,0.0,0.0,0.0,0.0,0.0,0.0,0.0,0.0,0.0,0.0,0.0,0.0,0.0,0.0,0.0,0.0,0.0,0.0,0.0,0.0,0.0,0.0,0.0,0.0,0.0,0.0,0.0,0.0,0.0,0.0,0.0,0.0,0.0,0.0,0.0,0.0,0.0,0.0,0.0,0.0,0.0,0.0,0.0,0.0,0.0,0.0,0.0,0.0,0.0,0.0,0.0,0.0,0.0,0.0,0.0,0.0,0.0,0.0,0.0,0.0,0.00283,0.14717,0.02919,0.0,0.0,0.0,0.0,0.0,0.0,0.0,0.0,0.01374,0.20077,0.00713,0.0,0.0,0.0,0.0,0.0,0.0,0.0,0.0,0.0,0.1273,0.00218,0.0,0.0,0.0,0.0,0.0,0.0,0.0,0.0,0.0,0.00018,0.02459,0.0,0.0,0.0,0.0,0.0,0.0,0.0,0.0,0.9,0.85379,3.6335,4.357,5.0,5.0,5.0,0,0.27248,0.85379
391,0.0,0.0,0.0,0.0,0.0,0.0,0.0,0.0,0.0,0.0,0.0,0.0,0.0,0.0,0.0,0.0,0.0,0.0,0.0,0.0,0.0,0.0,0.0,0.0,0.0,0.0,0.0,0.0,0.0,0.0,0.0,0.0,0.0,0.0,0.0,0.0,0.0,0.0,0.0,0.0,0.0,0.0,0.0,0.0,0.0,0.0,0.0,0.0,0.0,0.0,0.0,0.0,0.0,0.0,0.0,0.0,0.0,0.0,0.0,0.0,0.0,0.0,0.0,0.0,0.0,0.0,0.0,0.0,0.09552,0.06545,0.0,0.0,0.0,0.0,0.04971,0.03272,0.0,0.0,0.0,0.12471,0.09127,0.0,0.0,0.0,0.0,0.0,0.0,0.0,0.0,0.0,0.11568,0.11002,0.0,0.0,0.0,0.0,0.0,0.0,0.0,0.0,0.0,0.0,0.09021,0.0,0.0,0.0,0.0,0.0,0.0,0.0,0.0,0.0,0.0,0.85379,3.5605,4.245,5.0,5.0,5.0,0,0.130192,0.85379
392,0.0,0.0,0.0,0.0,0.0,0.0,0.0,0.0,0.0,0.0,0.0,0.0,0.0,0.0,0.0,0.0,0.0,0.0,0.0,0.0,0.0,0.0,0.0,0.0,0.0,0.0,0.0,0.0,0.0,0.0,0.0,0.0,0.0,0.0,0.0,0.0,0.0,0.0,0.0,0.0,0.0,0.0,0.0,0.0,0.0,0.0,0.0,0.0,0.0,0.0,0.0,0.0,0.0,0.0,0.0,0.0,0.0,0.0,0.0,0.0,0.0,0.0,0.0,0.0,0.0,0.0,0.0,0.0,0.13691,0.0,0.0,0.0,0.0,0.07111,0.09269,0.00071,0.0,0.0,0.0,0.19074,0.03001,0.0,0.0,0.0,0.0,0.20236,0.0,0.0,0.0,0.0,0.19634,0.03608,0.0,0.0,0.0,0.0,0.0,0.06952,0.1408,0.0,0.0,0.13756,0.05171,0.0,0.0,0.0,0.0,0.0,0.0,0.0,0.14517,0.03225,-0.24904,0.85379,5.0,4.863,5.0,5.0,5.0,0,0.130192,0.85379
393,0.0,0.0,0.0,0.0,0.0,0.0,0.0,0.0,0.0,0.0,0.0,0.0,0.0,0.0,0.0,0.0,0.0,0.0,0.0,0.0,0.0,0.0,0.0,0.0,0.0,0.0,0.0,0.0,0.0,0.0,0.0,0.0,0.0,0.0,0.0,0.0,0.0,0.0,0.0,0.0,0.0,0.0,0.0,0.0,0.0,0.0,0.0,0.0,0.0,0.0,0.0,0.0,0.0,0.0,0.0,0.0,0.0,0.0,0.0,0.0,0.0,0.0,0.0,0.0,0.0,0.0,0.0,0.0,0.00684,0.00537,0.0,0.0,0.0,0.0,0.0,0.03679,0.0,0.0,0.0,0.02465,0.19399,0.0,0.0,0.0,0.0,0.0,0.08367,0.02671,0.0,0.0,0.01114,0.21415,6e-05,0.0,0.0,0.0,0.0,0.0,0.0793,0.01851,0.0,0.0,0.13638,0.00354,0.0,0.0,0.0,0.0,0.0,0.0,0.0,0.00495,0.0,0.85379,4.76,4.7045,5.0,5.0,5.0,0,0.31019199999999997,0.85379
394,0.0,0.0,0.0,0.0,0.0,0.0,0.0,0.0,0.0,0.0,0.0,0.0,0.0,0.0,0.0,0.0,0.0,0.0,0.0,0.0,0.0,0.0,0.0,0.0,0.0,0.0,0.0,0.0,0.0,0.0,0.0,0.0,0.0,0.0,0.0,0.0,0.0,0.0,0.0,0.0,0.0,0.0,0.0,0.0,0.0,0.0,0.0,0.0,0.0,0.0,0.0,0.0,0.0,0.0,0.0,0.0,0.0,0.0,0.0,0.0,0.0,0.0,0.0,0.0,0.0,0.0,0.0,0.0,0.0,0.02989,0.04546,0.0,0.0,0.0,0.0,0.0,0.0,0.0,0.0,0.0,0.07948,0.13296,0.0,0.0,0.0,0.0,0.0,0.0,0.0,0.0,0.0,0.0658,0.1638,0.0,0.0,0.0,0.0,0.0,0.0,0.0,0.0,0.0,0.01044,0.1714,0.0,0.0,0.0,0.0,0.0,0.0,0.0,0.0,0.0,0.85379,4.957,4.814,4.68,5.0,5.0,0,0.54,0.85379
395,0.0,0.0,0.0,0.0,0.0,0.0,0.0,0.0,0.0,0.0,0.0,0.0,0.0,0.0,0.0,0.0,0.0,0.0,0.0,0.0,0.0,0.0,0.0,0.0,0.0,0.0,0.0,0.0,0.0,0.0,0.0,0.0,0.0,0.0,0.0,0.0,0.0,0.0,0.0,0.0,0.0,0.0,0.0,0.0,0.0,0.0,0.0,0.0,0.0,0.0,0.0,0.0,0.0,0.0,0.0,0.0,0.0,0.0,0.0,0.0,0.0,0.0,0.0,0.0,0.0,0.0,0.0,0.0,0.0,0.0,0.0,0.04617,0.0,0.0,0.0,0.0,0.0,0.0,0.0,0.0,0.0,0.06846,0.06916,0.0,0.0,0.0,0.0,0.0,0.0,0.0,0.0,0.0,0.04363,0.13874,0.0,0.0,0.0,0.0,0.0,0.0,0.0,0.0,0.0,0.0,0.12117,0.0,0.0,0.0,0.0,0.0,0.0,0.0,0.9,0.85379,3.864,4.16,5.0,5.0,5.0,0,0.72,0.85379
396,0.0,0.0,0.0,0.0,0.0,0.0,0.0,0.0,0.0,0.0,0.0,0.0,0.0,0.0,0.0,0.0,0.0,0.0,0.0,0.0,0.0,0.0,0.0,0.0,0.0,0.0,0.0,0.0,0.0,0.0,0.0,0.0,0.0,0.0,0.0,0.0,0.0,0.0,0.0,0.0,0.0,0.0,0.0,0.0,0.0,0.0,0.0,0.0,0.0,0.0,0.0,0.0,0.0,0.0,0.0,0.0,0.0,0.0,0.0,0.0,0.0,0.0,0.0,0.0,0.0,0.0,0.0,0.0,0.0,0.0,0.0,0.0,0.0,0.00035,0.0,0.0,0.0,0.0,0.0,0.0,0.0,0.00212,0.17246,0.06403,0.0,0.0,0.0,0.0,0.0,0.0,0.0,0.0,0.00059,0.21309,0.01344,0.0,0.0,0.0,0.0,0.0,0.0,0.0,0.0,0.0,0.15171,0.02412,0.0,0.0,0.0,0.0,0.0,0.0,0.9,0.85379,3.897,4.1205,4.8615,5.0,5.0,0,0.9,0.85379
397,0.0,0.0,0.0,0.0,0.0,0.0,0.0,0.0,0.0,0.0,0.0,0.0,0.0,0.0,0.0,0.0,0.0,0.0,0.0,0.0,0.0,0.0,0.0,0.0,0.0,0.0,0.0,0.0,0.0,0.0,0.0,0.0,0.0,0.0,0.0,0.0,0.0,0.0,0.0,0.0,0.0,0.0,0.0,0.0,0.0,0.0,0.0,0.0,0.0,0.0,0.0,0.0,0.0,0.0,0.0,0.0,0.0,0.0,0.0,0.0,0.0,0.0,0.0,0.0,0.0,0.0,0.0,0.0,0.0,0.0,0.0,0.07801,0.00142,0.0,0.0,0.0,0.0,0.0,0.0,0.0,0.0,0.01627,0.14953,0.00772,0.0,0.0,0.0,0.0,0.0,0.0,0.0,0.0,0.01869,0.19251,0.0,0.0,0.0,0.0,0.0,0.0,0.0,0.0,0.0,0.0,0.16309,0.00088,0.0,0.0,0.0,0.0,0.0,0.0,0.9,0.85379,3.443,3.7535,4.814,5.0,5.0,0,0.9,0.85379
398,0.0,0.0,0.0,0.0,0.0,0.0,0.0,0.0,0.0,0.0,0.0,0.0,0.0,0.0,0.0,0.0,0.0,0.0,0.0,0.0,0.0,0.0,0.0,0.0,0.0,0.0,0.0,0.0,0.0,0.0,0.0,0.0,0.0,0.0,0.0,0.0,0.0,0.0,0.0,0.0,0.0,0.0,0.0,0.0,0.0,0.0,0.0,0.0,0.0,0.0,0.0,0.0,0.0,0.0,0.0,0.0,0.0,0.0,0.0,0.0,0.0,0.0,0.0,0.0,0.0,0.0,0.0,0.0,0.0,0.0,0.00029,0.03614,0.0,0.0,0.0,0.0,0.0,0.0,0.0,0.0,0.0,0.06297,0.0645,0.01315,0.0,0.0,0.0,0.0,0.0,0.0,0.0,0.0,0.05996,0.13691,0.0,0.0,0.0,0.0,0.0,0.0,0.0,0.0,0.0,0.01386,0.17789,0.0,0.0,0.0,0.0,0.0,0.0,0.0,0.9,0.85379,2.977,3.2795,3.8975,5.0,5.0,0,0.812486,0.85379
399,0.0,0.0,0.0,0.0,0.0,0.0,0.0,0.0,0.0,0.0,0.0,0.0,0.0,0.0,0.0,0.0,0.0,0.0,0.0,0.0,0.0,0.0,0.0,0.0,0.0,0.0,0.0,0.0,0.0,0.0,0.0,0.0,0.0,0.0,0.0,0.0,0.0,0.0,0.0,0.0,0.0,0.0,0.0,0.0,0.0,0.0,0.0,0.0,0.0,0.0,0.0,0.0,0.0,0.0,0.0,0.0,0.0,0.0,0.0,0.0,0.0,0.0,0.0,0.0,0.0,0.0,0.0,0.0,0.0,0.0,0.03243,0.13821,0.05967,0.01521,0.0,0.0,0.0,0.0,0.0,0.0,0.0,0.11162,0.13284,0.0,0.0,0.0,0.0,0.0,0.0,0.0,0.0,0.0,0.09741,0.00678,0.0,0.0,0.0,0.0,0.0,0.0,0.0,0.0,0.0,0.05472,0.10537,0.0,0.0,0.0,0.0,0.0,0.0,0.0,0.9,0.85379,2.859,3.3155,4.4755,5.0,4.871,0,0.6324859999999999,0.85379
400,0.0,0.0,0.0,0.0,0.0,0.0,0.0,0.0,0.0,0.0,0.0,0.0,0.0,0.0,0.0,0.0,0.0,0.0,0.0,0.0,0.0,0.0,0.0,0.0,0.0,0.0,0.0,0.0,0.0,0.0,0.0,0.0,0.0,0.0,0.0,0.0,0.0,0.0,0.0,0.0,0.0,0.0,0.0,0.0,0.0,0.0,0.0,0.0,0.0,0.0,0.0,0.0,0.0,0.0,0.0,0.0,0.0,0.0,0.0,0.0,0.00088,0.0,0.0,0.0,0.0,0.0,0.0,0.0,0.0,0.0,0.09811,0.14068,0.06279,0.0,0.0,0.0,0.0,0.0,0.0,0.0,0.0,0.15708,0.06881,0.0,0.0,0.0,0.0,0.0,0.0,0.0,0.0,0.0,0.15307,0.03709,0.0,0.0,0.0,0.0,0.0,0.0,0.0,0.0,0.0,0.09699,0.01692,0.0,0.0,0.0,0.0,0.0,0.0,0.0,0.9,0.85379,2.5155,3.1585,4.9435,5.0,4.8145,0,0.58197,0.85379
401,0.0,0.0,0.0,0.0,0.0,0.0,0.0,0.0,0.0,0.0,0.0,0.0,0.0,0.0,0.0,0.0,0.0,0.0,0.0,0.0,0.0,0.0,0.0,0.0,0.0,0.0,0.0,0.0,0.0,0.0,0.0,0.0,0.0,0.0,0.0,0.0,0.0,0.0,0.0,0.0,0.0,0.0,0.0,0.0,0.0,0.0,0.0,0.0,0.0,0.0,0.0,0.0,0.0,0.0,0.0,0.0,0.0,0.0,0.0,0.0,0.0,0.0,0.0,0.0,0.0,0.0,0.0,0.0,0.0,0.00035,0.14198,0.14015,0.01645,0.0,0.0,0.0,0.0,0.0,0.0,0.0,0.03025,0.18025,0.01504,0.0,0.0,0.0,0.0,0.0,0.0,0.0,0.0,0.02577,0.19587,0.0,0.0,0.0,0.0,0.0,0.0,0.0,0.0,0.0,0.00937,0.19811,0.0,0.0,0.0,0.0,0.0,0.0,0.0,0.0,0.46243,0.85379,2.7585,3.5925,5.0,5.0,4.803,0,0.58197,0.85379
402,0.0,0.0,0.0,0.0,0.0,0.0,0.0,0.0,0.0,0.0,0.0,0.0,0.0,0.0,0.0,0.0,0.0,0.0,0.0,0.0,0.0,0.0,0.0,0.0,0.0,0.0,0.0,0.0,0.0,0.0,0.0,0.0,0.0,0.0,0.0,0.0,0.0,0.0,0.0,0.0,0.0,0.0,0.0,0.0,0.0,0.0,0.0,0.0,0.0,0.0,0.0,0.0,0.0,0.0,0.0,0.0,0.0,0.0,0.0,0.0161,0.0,0.0,0.0,0.0,0.0,0.0,0.0,0.0,0.0,0.02441,0.16834,0.10124,0.0,0.0,0.0,0.0,0.0,0.0,0.0,0.0,0.09251,0.15248,0.0,0.0,0.0,0.0,0.0,0.0,0.0,0.0,0.0,0.09033,0.10778,0.0,0.0,0.0,0.0,0.0,0.0,0.0,0.0,0.0,0.02583,0.12205,0.0,0.0,0.0,0.0,0.0,0.0,0.0,0.0,0.0,0.85379,2.8465,3.9355,5.0,4.874,4.759,0,0.362122,0.85379
403,0.0,0.0,0.0,0.0,0.0,0.0,0.0,0.0,0.0,0.0,0.0,0.0,0.0,0.0,0.0,0.0,0.0,0.0,0.0,0.0,0.0,0.0,0.0,0.0,0.0,0.0,0.0,0.0,0.0,0.0,0.0,0.0,0.0,0.0,0.0,0.0,0.0,0.0,0.0,0.0,0.0,0.0,0.0,0.0,0.0,0.0,0.0,0.0,0.0,0.0,0.0,0.0,0.0,0.0,0.0,0.0,0.0,0.0,0.0,0.00478,0.0,0.0,0.0,0.0,0.0,0.0,0.0,0.0,0.0,0.03909,0.17465,0.05831,0.0,0.0,0.0,0.0,0.0,0.0,0.0,0.0,0.07034,0.13555,0.0,0.0,0.0,0.0,0.0,0.0,0.0,0.0,0.0,0.13184,0.08113,0.0,0.0,0.0,0.0,0.0,0.0,0.0,0.0,0.0,0.02883,0.10808,0.0,0.0,0.0,0.0,0.0,0.0,0.0,0.0,0.64742,0.85379,3.144,4.1175,5.0,4.789,4.718,0,0.269636,0.85379
404,0.0,0.0,0.0,0.0,0.0,0.0,0.0,0.0,0.0,0.0,0.0,0.0,0.0,0.0,0.0,0.0,0.0,0.0,0.0,0.0,0.0,0.0,0.0,0.0,0.0,0.0,0.0,0.0,0.0,0.0,0.0,0.0,0.0,0.0,0.0,0.0,0.0,0.0,0.0,0.0,0.0,0.0,0.0,0.0,0.0,0.0,0.0,0.0,0.0,0.0,0.0,0.0,0.0,0.0,0.0,0.0,0.0,0.0,0.0,0.02512,0.0,0.0,0.0,0.0,0.0,0.0,0.0,0.0,0.0,0.01751,0.18591,0.06085,0.0,0.0,0.0,0.0,0.0,0.0,0.0,0.0,0.07783,0.16822,0.00018,0.0,0.0,0.0,0.0,0.0,0.0,0.0,0.0,0.10377,0.11238,0.0,0.0,0.0,0.0,0.0,0.0,0.0,0.0,0.0,0.07376,0.11975,0.0,0.0,0.0,0.0,0.0,0.0,0.0,0.0,0.9,0.85379,3.09,4.2655,5.0,4.692,4.65,0,0.44963600000000004,0.85379
405,0.0,0.0,0.0,0.0,0.0,0.0,0.0,0.0,0.0,0.0,0.0,0.0,0.0,0.0,0.0,0.0,0.0,0.0,0.0,0.0,0.0,0.0,0.0,0.0,0.0,0.0,0.0,0.0,0.0,0.0,0.0,0.0,0.0,0.0,0.0,0.0,0.0,0.0,0.0,0.0,0.0,0.0,0.0,0.0,0.0,0.0,0.0,0.0,0.0,0.0,0.0,0.0,0.0,0.0,0.0,0.0,0.0,0.0,0.01999,0.0,0.0,0.0,0.0,0.0,0.0,0.0,0.0,0.0,0.0,0.07588,0.12311,0.0,0.0,0.0,0.0,0.0,0.0,0.0,0.0,0.0,0.13585,0.07659,0.0,0.0,0.0,0.0,0.0,0.0,0.0,0.0,0.0,0.17193,0.07288,0.0,0.0,0.0,0.0,0.0,0.0,0.0,0.0,0.0,0.15212,0.05979,0.0,0.0,0.0,0.0,0.0,0.0,0.0,0.0,-0.19924,0.85379,4.3835,5.0,4.9635,4.578,4.818,0,0.500152,0.85537
406,0.0,0.0,0.0,0.0,0.0,0.0,0.0,0.0,0.0,0.0,0.0,0.0,0.0,0.0,0.0,0.0,0.0,0.0,0.0,0.0,0.0,0.0,0.0,0.0,0.0,0.0,0.0,0.0,0.0,0.0,0.0,0.0,0.0,0.0,0.0,0.0,0.0,0.0,0.0,0.0,0.0,0.0,0.0,0.0,0.0,0.0,0.0,0.0,0.0,0.0,0.0,0.0,0.0,0.0,0.0,0.0,0.0,0.0,0.02176,0.0,0.0,0.0,0.0,0.0,0.0,0.0,0.0,0.0,0.0,0.08862,0.10985,0.0,0.0,0.0,0.0,0.00708,0.0,0.0,0.0,0.0,0.1043,0.11698,0.0,0.0,0.0,0.0,0.0,0.0184,0.0,0.0,0.0,0.11156,0.11822,0.0,0.0,0.0,0.0,0.0,0.0,0.0,0.0,0.0,0.08119,0.12807,0.0,0.0,0.0,0.0,0.0,0.0,0.0,0.0,0.0,0.85379,4.4065,5.0,4.8885,4.503,4.747,0,0.32015200000000005,0.85695
407,0.0,0.0,0.0,0.0,0.0,0.0,0.0,0.0,0.0,0.0,0.0,0.0,0.0,0.0,0.0,0.0,0.0,0.0,0.0,0.0,0.0,0.0,0.0,0.0,0.0,0.0,0.0,0.0,0.0,0.0,0.0,0.0,0.0,0.0,0.0,0.0,0.0,0.0,0.0,0.0,0.0,0.0,0.0,0.0,0.0,0.0,0.0,0.0,0.0,0.0,0.0,0.0,0.0,0.0,0.0,0.0,0.0,0.0,0.0,0.0161,0.0,0.0,0.0,0.0,0.0,0.0,0.0,0.0,0.0,0.0,0.12412,0.08532,0.0,0.0,0.0,0.0,0.0,0.0,0.0,0.0,0.0,0.13037,0.0941,0.0,0.0,0.0,0.0,0.0,0.0,0.0,0.0,0.0,0.08538,0.13485,0.0,0.0,0.0,0.0,0.0,0.0,0.0,0.0,0.0,0.02966,0.15784,0.0,0.0,0.0,0.0,0.0,0.0,0.0,0.9,0.85379,2.9705,5.0,4.814,4.433,4.671,0,0.36000000000000004,0.85853
408,0.0,0.0,0.0,0.0,0.0,0.0,0.0,0.0,0.0,0.0,0.0,0.0,0.0,0.0,0.0,0.0,0.0,0.0,0.0,0.0,0.0,0.0,0.0,0.0,0.0,0.0,0.0,0.0,0.0,0.0,0.0,0.0,0.0,0.0,0.0,0.0,0.0,0.0,0.0,0.0,0.0,0.0,0.0,0.0,0.0,0.0,0.0,0.0,0.0,0.0,0.0,0.0,0.0,0.0,0.0,0.0,0.0,0.0,0.0,0.01733,0.0,0.0,0.0,0.0,0.0,0.0,0.0,0.0,0.0,0.0,0.17925,0.03373,0.0,0.0,0.0,0.0,0.0,0.0,0.0,0.0,0.0,0.18025,0.03892,0.0,0.0,0.0,0.0,0.0,0.0,0.0,0.0,0.0,0.11704,0.09858,0.0,0.0,0.0,0.0,0.0,0.0,0.0,0.0,0.0,0.02158,0.14452,0.0,0.0,0.0,0.0,0.0,0.0,0.0,0.9,0.86169,3.1945,5.0,4.7155,4.403,4.682,0,0.36000000000000004,0.8601099999999999
409,0.0,0.0,0.0,0.0,0.0,0.0,0.0,0.0,0.0,0.0,0.0,0.0,0.0,0.0,0.0,0.0,0.0,0.0,0.0,0.0,0.0,0.0,0.0,0.0,0.0,0.0,0.0,0.0,0.0,0.0,0.0,0.0,0.0,0.0,0.0,0.0,0.0,0.0,0.0,0.0,0.0,0.0,0.0,0.0,0.0,0.0,0.0,0.0,0.0,0.0,0.0,0.0,0.0,0.0,0.0,0.0,0.0,0.0,0.01875,0.0,0.0,0.0,0.0,0.0,0.0,0.0,0.0,0.0,0.0,0.08473,0.14098,0.0,0.0,0.0,0.02901,0.11621,0.0,0.0,0.0,0.0,0.03998,0.16787,0.0,0.0,0.0,0.0,0.0,0.16963,0.0,0.0,0.0,0.0,0.19493,0.0,0.0,0.0,0.0,0.0,0.0,0.00159,0.0,0.0,0.0,0.05106,0.04817,0.0,0.0,0.0,0.0,0.0,0.0,0.0,0.0,0.86169,3.2835,4.957,4.357,4.34,4.728,0,0.36,0.864852
410,0.0,0.0,0.0,0.0,0.0,0.0,0.0,0.0,0.0,0.0,0.0,0.0,0.0,0.0,0.0,0.0,0.0,0.0,0.0,0.0,0.0,0.0,0.0,0.0,0.0,0.0,0.0,0.0,0.0,0.0,0.0,0.0,0.0,0.0,0.0,0.0,0.0,0.0,0.0,0.0,0.0,0.0,0.0,0.0,0.0,0.0,0.0,0.0,0.0,0.0,0.0,0.0,0.0,0.0,0.0,0.0,0.0,0.0,0.02529,0.0,0.0,0.0,0.0,0.0,0.0,0.0,0.0,0.0,0.0,0.16114,0.05572,0.0,0.0,0.0,0.17618,0.00053,0.0,0.0,0.0,0.0,0.1319,0.07577,0.0,0.0,0.0,0.0,0.01651,0.18461,0.0,0.0,0.0,0.0273,0.15525,0.0,0.0,0.0,0.0,0.0,0.0,0.09021,0.0,0.0,0.0,0.06733,6e-05,0.0,0.0,0.0,0.0,0.0,0.0,0.0,0.0,0.86169,3.6275,4.663,4.279,4.251,4.682,0,0.36,0.868014
411,0.0,0.0,0.0,0.0,0.0,0.0,0.0,0.0,0.0,0.0,0.0,0.0,0.0,0.0,0.0,0.0,0.0,0.0,0.0,0.0,0.0,0.0,0.0,0.0,0.0,0.0,0.0,0.0,0.0,0.0,0.0,0.0,0.0,0.0,0.0,0.0,0.0,0.0,0.0,0.0,0.0,0.0,0.0,0.0,0.0,0.0,0.0,0.0,0.0,0.0,0.0,0.0,0.0,0.0,0.0,0.0,0.0,0.0,0.03555,0.0,0.0,0.0,0.0,0.0,0.0,0.0,0.0,0.0,0.0,0.16557,0.04511,0.0,0.0,0.0,0.14357,0.00147,0.0,0.0,0.0,0.0,0.13791,0.08072,0.0,0.0,0.0,0.0,0.01616,0.18691,0.0,0.0,0.0,0.04746,0.15012,0.0,0.0,0.0,0.0,0.0,0.0,0.06651,0.0,0.0,0.0,0.03945,0.0,0.0,0.0,0.0,0.0,0.0,0.0,0.0,0.0,0.86169,3.3385,4.496,4.213,4.16,4.62,0,0.36,0.871176
412,0.0,0.0,0.0,0.0,0.0,0.0,0.0,0.0,0.0,0.0,0.0,0.0,0.0,0.0,0.0,0.0,0.0,0.0,0.0,0.0,0.0,0.0,0.0,0.0,0.0,0.0,0.0,0.0,0.0,0.0,0.0,0.0,0.0,0.0,0.0,0.0,0.0,0.0,0.0,0.0,0.0,0.0,0.0,0.0,0.0,0.0,0.0,0.0,0.0,0.0,0.0,0.0,0.0,0.0,0.0,0.0,0.0,0.0,0.02211,0.0,0.0,0.0,0.0,0.0,0.0,0.0,0.0,0.0,0.0,0.14682,0.05077,0.0,0.0,0.0,0.13196,0.00743,0.0,0.0,0.0,0.0,0.12889,0.09169,0.0,0.0,0.0,0.0,0.00749,0.19912,0.0,0.0,0.0,0.03921,0.16722,0.0,0.0,0.0,0.0,0.0,0.0,0.05165,0.0,0.0,0.0,0.14257,0.0,0.0,0.0,0.0,0.0,0.0,0.0,0.0,0.9,0.8775,2.7055,3.9355,4.148,4.416,4.5565,0,0.36,0.8743380000000001
413,0.0,0.0,0.0,0.0,0.0,0.0,0.0,0.0,0.0,0.0,0.0,0.0,0.0,0.0,0.0,0.0,0.0,0.0,0.0,0.0,0.0,0.0,0.0,0.0,0.0,0.0,0.0,0.0,0.0,0.0,0.0,0.0,0.0,0.0,0.0,0.0,0.0,0.0,0.0,0.0,0.0,0.0,0.0,0.0,0.0,0.0,0.0,0.0,0.0,0.0,0.0,0.0,0.0,0.0,0.0,0.0,0.0,0.0,0.00159,0.0,0.0,0.0,0.0,0.0,0.0,0.0,0.0,0.0,0.0,0.18432,0.00478,0.0,0.0,0.0,0.01574,0.0,0.0,0.0,0.0,0.0,0.1855,0.02801,0.0,0.0,0.0,0.0,0.13096,0.08202,0.0,0.0,0.0,0.1036,0.10177,0.0,0.0,0.0,0.0,0.0,0.0,0.13833,0.0,0.0,0.0,0.12966,0.0,0.0,0.0,0.0,0.0,0.0,0.0,0.0,0.9,0.8775,2.8615,4.137,4.061,4.328,4.701,0,0.36,0.8775
414,0.0,0.0,0.0,0.0,0.0,0.0,0.0,0.0,0.0,0.0,0.0,0.0,0.0,0.0,0.0,0.0,0.0,0.0,0.0,0.0,0.0,0.0,0.0,0.0,0.0,0.0,0.0,0.0,0.0,0.0,0.0,0.0,0.0,0.0,0.0,0.0,0.0,0.0,0.0,0.0,0.0,0.0,0.0,0.0,0.0,0.0,0.0,0.0,0.0,0.0,0.0,0.0,0.0,0.0,0.0,0.0,0.0,0.01274,0.0,0.0,0.0,0.0,0.0,0.0,0.0,0.0,0.0,0.0,0.1398,0.04752,0.0,0.0,0.0,0.0,0.0,0.0,0.0,0.0,0.0,0.11574,0.09139,0.0,0.0,0.0,0.0,0.06887,0.08785,0.0,0.0,0.0,0.02724,0.16751,0.0,0.0,0.0,0.0,0.0,0.0,0.1375,0.05955,0.0,0.0,0.14841,0.0,0.0,0.0,0.0,0.0,0.0,0.0,0.0,0.15867,0.0,0.8775,3.9035,4.0485,3.995,4.5305,5.0,0,0.36,0.8775
415,0.0,0.0,0.0,0.0,0.0,0.0,0.0,0.0,0.0,0.0,0.0,0.0,0.0,0.0,0.0,0.0,0.0,0.0,0.0,0.0,0.0,0.0,0.0,0.0,0.0,0.0,0.0,0.0,0.0,0.0,0.0,0.0,0.0,0.0,0.0,0.0,0.0,0.0,0.0,0.0,0.0,0.0,0.0,0.0,0.0,0.0,0.0,0.0,0.0,0.0,0.0,0.0,0.0,0.0,0.0,0.0,0.01044,0.0,0.0,0.0,0.0,0.0,0.0,0.0,0.0,0.0,0.0,0.04847,0.10242,0.0,0.0,0.0,0.0,0.0,0.0,0.0,0.0,0.0,0.00584,0.2105,0.0,0.0,0.0,0.0,0.0,0.13408,0.0,0.0,0.0,0.0,0.20077,0.00831,0.0,0.0,0.0,0.0,0.0,0.0536,0.14452,0.0,0.0,0.09605,0.09198,0.0,0.0,0.0,0.0,0.0,0.0,0.0,0.08827,0.13196,0.0,0.8775,3.5465,3.863,3.9475,4.362,5.0,0,0.18,0.8775
416,0.0,0.0,0.0,0.0,0.0,0.0,0.0,0.0,0.0,0.0,0.0,0.0,0.0,0.0,0.0,0.0,0.0,0.0,0.0,0.0,0.0,0.0,0.0,0.0,0.0,0.0,0.0,0.0,0.0,0.0,0.0,0.0,0.0,0.0,0.0,0.0,0.0,0.0,0.0,0.0,0.0,0.0,0.0,0.0,0.0,0.0,0.0,0.0,0.0,0.0,0.0,0.0,0.0,0.0,0.0,0.0,0.00159,0.0,0.0,0.0,0.0,0.0,0.0,0.0,0.0,0.0,0.0,0.0625,0.12995,0.0,0.0,0.0,0.0,0.0,0.0,0.0,0.0,0.0,0.06775,0.13762,0.0,0.0,0.0,0.0,0.0,0.0,0.0,0.0,0.0,0.00554,0.21751,0.0,0.0,0.0,0.0,0.0,0.0,0.10483,0.09116,0.0,0.0,0.15873,0.01126,0.0,0.0,0.0,0.0,0.0,0.0,0.0,0.15112,0.04682,0.0,0.8775,3.5245,3.702,4.023,4.375,5.0,0,0.18,0.8743380000000001
417,0.0,0.0,0.0,0.0,0.0,0.0,0.0,0.0,0.0,0.0,0.0,0.0,0.0,0.0,0.0,0.0,0.0,0.0,0.0,0.0,0.0,0.0,0.0,0.0,0.0,0.0,0.0,0.0,0.0,0.0,0.0,0.0,0.0,0.0,0.0,0.0,0.0,0.0,0.0,0.0,0.0,0.0,0.0,0.0,0.0,0.0,0.0,0.0,0.0,0.0,0.0,0.0,0.0,0.0,0.0,0.0,0.0,0.0,0.0,0.0,0.0,0.0,0.0,0.0,0.0,0.0,0.0,0.1033,0.05271,0.0,0.0,0.0,0.0,0.0,0.0,0.0,0.0,0.0,0.11197,0.11745,0.0,0.0,0.0,0.0,0.0,0.0,0.0,0.0,0.0,0.09121,0.12866,0.0,0.0,0.0,0.0,0.0,0.0,0.00301,0.0,0.0,0.02659,0.16427,0.0,0.0,0.0,0.0,0.0,0.0,0.0,0.0,0.00124,0.0,0.9,0.8775,2.7495,3.533,3.98,4.1605,5.0,0,0.18,0.8684979591836735
418,0.0,0.0,0.0,0.0,0.0,0.0,0.0,0.0,0.0,0.0,0.0,0.0,0.0,0.0,0.0,0.0,0.0,0.0,0.0,0.0,0.0,0.0,0.0,0.0,0.0,0.0,0.0,0.0,0.0,0.0,0.0,0.0,0.0,0.0,0.0,0.0,0.0,0.0,0.0,0.0,0.0,0.0,0.0,0.0,0.0,0.0,0.0,0.0,0.0,0.0,0.0,0.0,0.0,0.0,0.0,0.0,0.0,0.0,0.0,0.0,0.0,0.0,0.0,0.0,0.0,0.0,0.00318,0.10825,0.01309,0.0,0.0,0.0,0.01663,0.0,0.0,0.0,0.0,0.00743,0.09463,0.0046,0.0,0.0,0.0,0.0,0.0,0.0,0.0,0.0,0.00637,0.21126,0.00772,0.0,0.0,0.0,0.0,0.0,0.0,0.0,0.0,0.0,0.15035,0.00778,0.0,0.0,0.0,0.0,0.0,0.0,0.0,0.0,0.0,0.0,0.0,0.8775,2.8245,3.4705,4.049,5.0,5.0,0,0.18,0.8599798775510203
419,0.0,0.0,0.0,0.0,0.0,0.0,0.0,0.0,0.0,0.0,0.0,0.0,0.0,0.0,0.0,0.0,0.0,0.0,0.0,0.0,0.0,0.0,0.0,0.0,0.0,0.0,0.0,0.0,0.0,0.0,0.0,0.0,0.0,0.0,0.0,0.0,0.0,0.0,0.0,0.0,0.0,0.0,0.0,0.0,0.0,0.0,0.0,0.0,0.0,0.0,0.0,0.0,0.0,0.0,0.0,0.0,0.0,0.0,0.0,0.0,0.0,0.0,0.0,0.0,0.0,0.0,0.02193,0.02423,0.0,0.0,0.0,0.03485,0.0,0.0,0.0,0.0,0.0,0.07182,0.10348,0.0,0.0,0.0,0.0,0.0214,0.0,0.0,0.0,0.0,0.17512,0.05713,0.0,0.0,0.0,0.0,0.0,0.0,0.0,0.0,0.0,0.0,0.04564,0.0,0.0,0.0,0.0,0.0,0.0,0.0,0.0,0.0,0.0,0.0,0.0,0.86169,3.337,3.4825,3.933,5.0,4.326,0,0.0,0.8487837551020407
420,0.0,0.0,0.0,0.0,0.0,0.0,0.0,0.0,0.0,0.0,0.0,0.0,0.0,0.0,0.0,0.0,0.0,0.0,0.0,0.0,0.0,0.0,0.0,0.0,0.0,0.0,0.0,0.0,0.0,0.0,0.0,0.0,0.0,0.0,0.0,0.0,0.0,0.0,0.0,0.0,0.0,0.0,0.0,0.0,0.0,0.0,0.0,0.0,0.0,0.0,0.0,0.0,0.0,0.0,0.0,0.00195,0.00478,0.0,0.0,0.0,0.0,0.0,0.0,0.0,0.0,0.0,0.06916,0.04057,0.00489,0.0,0.0,0.0,0.0,0.0,0.0,0.0,0.0,0.11344,0.06893,0.0,0.0,0.0,0.0,0.16557,0.0,0.0,0.0,0.0,0.16321,0.06055,0.0,0.0,0.0,0.0,0.0,0.0,0.0,0.0,0.0,0.0,0.0,0.0,0.0,0.0,0.0,0.0,0.0,0.0,0.0,0.0,0.0,0.0,0.0,0.0,3.255,3.375,3.7845,5.0,4.278,0,0.0,0.8349095918367346
421,0.0,0.0,0.0,0.0,0.0,0.0,0.0,0.0,0.0,0.0,0.0,0.0,0.0,0.0,0.0,0.0,0.0,0.0,0.0,0.0,0.0,0.0,0.0,0.0,0.0,0.0,0.0,0.0,0.0,0.0,0.0,0.0,0.0,0.0,0.0,0.0,0.0,0.0,0.0,0.0,0.0,0.0,0.0,0.0,0.0,0.0,0.0,0.0,0.0,0.0,0.0,0.0,0.0,0.0,0.0,0.0,0.00018,0.0,0.0,0.0,0.0,0.0,0.0,0.0,0.0,0.0,0.02636,0.06704,0.00071,0.0,0.0,0.0,0.0,0.0,0.0,0.0,0.0,0.12948,0.07252,0.0,0.0,0.0,0.0,0.14823,0.0,0.0,0.0,0.0,0.18001,0.05755,0.0,0.0,0.0,0.0,0.0,0.03679,0.00336,0.0,0.0,0.0,0.00142,0.0,0.0,0.0,0.0,0.0,0.0,0.0,0.01044,0.0,0.0,0.0,0.0,0.0,3.359,3.5465,3.881,5.0,4.267,0,0.0,0.8215193877551019
422,0.0,0.0,0.0,0.0,0.0,0.0,0.0,0.0,0.0,0.0,0.0,0.0,0.0,0.0,0.0,0.0,0.0,0.0,0.0,0.0,0.0,0.0,0.0,0.0,0.0,0.0,0.0,0.0,0.0,0.0,0.0,0.0,0.0,0.0,0.0,0.0,0.0,0.0,0.0,0.0,0.0,0.0,0.0,0.0,0.0,0.0,0.0,0.0,0.0,0.0,0.0,0.0,0.0,0.0,0.0,0.0,0.0,0.0,0.0,0.0,0.0,0.0,0.0,0.0,0.0,0.0,0.02388,0.03113,0.0,0.0,0.0,0.0,0.0,0.0,0.0,0.0,0.0,0.12883,0.07972,0.0,0.0,0.0,0.0,0.0964,0.0,0.0,0.0,0.0,0.17706,0.0605,0.0,0.0,0.0,0.0,0.0,0.00389,0.0046,0.0,0.0,0.0,0.00212,0.0,0.0,0.0,0.0,0.0,0.0,0.0,0.00389,0.0,0.0,0.0,0.0,0.0,3.318,3.457,3.884,5.0,4.267,0,0.0,0.8081291836734694
423,0.0,0.0,0.0,0.0,0.0,0.0,0.0,0.0,0.0,0.0,0.0,0.0,0.0,0.0,0.0,0.0,0.0,0.0,0.0,0.0,0.0,0.0,0.0,0.0,0.0,0.0,0.0,0.0,0.0,0.0,0.0,0.0,0.0,0.0,0.0,0.0,0.0,0.0,0.0,0.0,0.0,0.0,0.0,0.0,0.0,0.0,0.0,0.0,0.0,0.0,0.0,0.0,0.0,0.0,0.0,0.0,0.0,0.0,0.0,0.0,0.0,0.0,0.0,0.0,0.0,0.0,0.03485,0.02123,0.0,0.0,0.0,0.0,0.0,0.0,0.0,0.0,0.0,0.12317,0.07954,0.0,0.0,0.0,0.0,0.0536,0.0,0.0,0.0,0.0,0.17494,0.06262,0.0,0.0,0.0,0.0,0.0,0.00212,0.00301,0.0,0.0,0.0,0.00318,0.0,0.0,0.0,0.0,0.0,0.0,0.0,0.01061,0.0,0.0,0.0,0.0,0.0,3.346,3.524,3.881,5.0,4.272,0,0.0,0.7947389795918367
424,0.0,0.0,0.0,0.0,0.0,0.0,0.0,0.0,0.0,0.0,0.0,0.0,0.0,0.0,0.0,0.0,0.0,0.0,0.0,0.0,0.0,0.0,0.0,0.0,0.0,0.0,0.0,0.0,0.0,0.0,0.0,0.0,0.0,0.0,0.0,0.0,0.0,0.0,0.0,0.0,0.0,0.0,0.0,0.0,0.0,0.0,0.0,0.0,0.0,0.0,0.0,0.0,0.0,0.0,0.0,0.0,0.0,0.0,0.0,0.0,0.0,0.0,0.0,0.0,0.0,0.0,0.03025,0.01539,0.0,0.0,0.0,0.0,0.0,0.0,0.0,0.0,0.0,0.12241,0.07942,0.0,0.0,0.0,0.0,0.0,0.0,0.0,0.0,0.0,0.17671,0.06244,0.0,0.0,0.0,0.0,0.0,0.0,0.0,0.0,0.0,0.0,0.00495,0.0,0.0,0.0,0.0,0.0,0.0,0.0,0.0,0.0,0.0,0.0,0.0,0.0,3.361,3.4575,3.89,5.0,4.272,0,0.0,0.781348775510204
425,0.0,0.0,0.0,0.0,0.0,0.0,0.0,0.0,0.0,0.0,0.0,0.0,0.0,0.0,0.0,0.0,0.0,0.0,0.0,0.0,0.0,0.0,0.0,0.0,0.0,0.0,0.0,0.0,0.0,0.0,0.0,0.0,0.0,0.0,0.0,0.0,0.0,0.0,0.0,0.0,0.0,0.0,0.0,0.0,0.0,0.0,0.0,0.0,0.0,0.0,0.0,0.0,0.0,0.0,0.0,0.0,0.0,0.0,0.0,0.0,0.0,0.0,0.0,0.0,0.0,0.0,0.03608,0.02229,0.0,0.0,0.0,0.0,0.0,0.0,0.0,0.0,0.0,0.12412,0.08072,0.0,0.0,0.0,0.0,0.0,0.0,0.0,0.0,0.0,0.17771,0.06427,0.0,0.0,0.0,0.0,0.0,0.0,0.00371,0.0,0.0,0.0,0.00389,0.0,0.0,0.0,0.0,0.0,0.0,0.0,0.00495,0.0,0.0,0.0,0.0,0.0,3.358,3.5055,3.882,5.0,4.276,0,0.0,0.7679585714285715
426,0.0,0.0,0.0,0.0,0.0,0.0,0.0,0.0,0.0,0.0,0.0,0.0,0.0,0.0,0.0,0.0,0.0,0.0,0.0,0.0,0.0,0.0,0.0,0.0,0.0,0.0,0.0,0.0,0.0,0.0,0.0,0.0,0.0,0.0,0.0,0.0,0.0,0.0,0.0,0.0,0.0,0.0,0.0,0.0,0.0,0.0,0.0,0.0,0.0,0.0,0.0,0.0,0.0,0.0,0.0,0.0,0.0,0.0,0.0,0.0,0.0,0.0,0.0,0.0,0.0,0.0,0.03697,0.01592,0.0,0.0,0.0,0.0,0.0,0.0,0.0,0.0,0.0,0.12264,0.07901,0.0,0.0,0.0,0.0,0.0,0.0,0.0,0.0,0.0,0.1783,0.06297,0.0,0.0,0.0,0.0,0.0,0.0,0.00301,0.0,0.0,0.0,0.00619,0.0,0.0,0.0,0.0,0.0,0.0,0.0,0.01291,0.0,0.0,0.0,0.0,0.0,3.337,3.4675,3.879,5.0,4.268,0,0.0,0.7545683673469388
427,0.0,0.0,0.0,0.0,0.0,0.0,0.0,0.0,0.0,0.0,0.0,0.0,0.0,0.0,0.0,0.0,0.0,0.0,0.0,0.0,0.0,0.0,0.0,0.0,0.0,0.0,0.0,0.0,0.0,0.0,0.0,0.0,0.0,0.0,0.0,0.0,0.0,0.0,0.0,0.0,0.0,0.0,0.0,0.0,0.0,0.0,0.0,0.0,0.0,0.0,0.0,0.0,0.0,0.0,0.0,0.0,0.0,0.0,0.0,0.0,0.0,0.0,0.0,0.0,0.0,0.0,0.04157,0.02901,0.0,0.0,0.0,0.0,0.0,0.0,0.0,0.0,0.0,0.12583,0.07936,0.0,0.0,0.0,0.0,0.0,0.0,0.0,0.0,0.0,0.17759,0.06244,0.0,0.0,0.0,0.0,0.0,0.0,0.00495,0.0,0.0,0.0,0.00478,0.0,0.0,0.0,0.0,0.0,0.0,0.0,0.00831,0.0,0.0,0.0,0.0,0.0,3.348,3.4795,3.886,5.0,4.271,0,0.0,0.7411781632653061
428,0.0,0.0,0.0,0.0,0.0,0.0,0.0,0.0,0.0,0.0,0.0,0.0,0.0,0.0,0.0,0.0,0.0,0.0,0.0,0.0,0.0,0.0,0.0,0.0,0.0,0.0,0.0,0.0,0.0,0.0,0.0,0.0,0.0,0.0,0.0,0.0,0.0,0.0,0.0,0.0,0.0,0.0,0.0,0.0,0.0,0.0,0.0,0.0,0.0,0.0,0.0,0.0,0.0,0.0,0.0,0.0,0.0,0.0,0.0,0.0,0.0,0.0,0.0,0.0,0.0,0.0,0.0398,0.01963,0.0,0.0,0.0,0.0,0.0,0.0,0.0,0.0,0.0,0.12258,0.08013,0.0,0.0,0.0,0.0,0.0,0.0,0.0,0.0,0.0,0.1783,0.06226,0.0,0.0,0.0,0.0,0.0,0.0,0.00035,0.0,0.0,0.0,0.00425,0.0,0.0,0.0,0.0,0.0,0.0,0.0,0.00336,0.0,0.0,0.0,0.0,0.0,3.366,3.4795,3.882,5.0,4.267,0,0.0,0.7277879591836733
429,0.0,0.0,0.0,0.0,0.0,0.0,0.0,0.0,0.0,0.0,0.0,0.0,0.0,0.0,0.0,0.0,0.0,0.0,0.0,0.0,0.0,0.0,0.0,0.0,0.0,0.0,0.0,0.0,0.0,0.0,0.0,0.0,0.0,0.0,0.0,0.0,0.0,0.0,0.0,0.0,0.0,0.0,0.0,0.0,0.0,0.0,0.0,0.0,0.0,0.0,0.0,0.0,0.0,0.0,0.0,0.0,0.0,0.0,0.0,0.0,0.0,0.0,0.0,0.0,0.0,0.0,0.03379,0.02193,0.0,0.0,0.0,0.0,0.0,0.0,0.0,0.0,0.0,0.12211,0.08078,0.0,0.0,0.0,0.0,0.0,0.0,0.0,0.0,0.0,0.1783,0.06244,0.0,0.0,0.0,0.0,0.0,0.0,0.0046,0.0,0.0,0.0,0.00601,0.0,0.0,0.0,0.0,0.0,0.0,0.0,0.0145,0.0,0.0,0.0,0.0,0.0,3.369,3.482,3.876,5.0,4.267,0,0.0,0.7143977551020407
430,0.0,0.0,0.0,0.0,0.0,0.0,0.0,0.0,0.0,0.0,0.0,0.0,0.0,0.0,0.0,0.0,0.0,0.0,0.0,0.0,0.0,0.0,0.0,0.0,0.0,0.0,0.0,0.0,0.0,0.0,0.0,0.0,0.0,0.0,0.0,0.0,0.0,0.0,0.0,0.0,0.0,0.0,0.0,0.0,0.0,0.0,0.0,0.0,0.0,0.0,0.0,0.0,0.0,0.0,0.0,0.0,0.0,0.0,0.0,0.0,0.0,0.0,0.0,0.0,0.0,0.0,0.03909,0.02482,0.00012,0.0,0.0,0.0,0.0,0.0,0.0,0.0,0.0,0.12229,0.08131,0.0,0.0,0.0,0.0,0.0,0.0,0.0,0.0,0.0,0.17718,0.06374,0.0,0.0,0.0,0.0,0.0,0.0,0.00053,0.0,0.0,0.0,0.00814,0.0,0.0,0.0,0.0,0.0,0.0,0.0,0.00654,0.0,0.0,0.0,0.0,0.0,3.369,3.5395,3.885,5.0,4.268,0,0.0,0.7010075510204082
431,0.0,0.0,0.0,0.0,0.0,0.0,0.0,0.0,0.0,0.0,0.0,0.0,0.0,0.0,0.0,0.0,0.0,0.0,0.0,0.0,0.0,0.0,0.0,0.0,0.0,0.0,0.0,0.0,0.0,0.0,0.0,0.0,0.0,0.0,0.0,0.0,0.0,0.0,0.0,0.0,0.0,0.0,0.0,0.0,0.0,0.0,0.0,0.0,0.0,0.0,0.0,0.0,0.0,0.0,0.0,0.0,0.0,0.0,0.0,0.0,0.0,0.0,0.0,0.0,0.0,0.0,0.03325,0.00796,0.0,0.0,0.0,0.0,0.0,0.0,0.0,0.0,0.0,0.11946,0.07989,0.0,0.0,0.0,0.0,0.0,0.0,0.0,0.0,0.0,0.17771,0.06268,0.0,0.0,0.0,0.0,0.0,0.0,0.00018,0.0,0.0,0.0,0.00619,0.0,0.0,0.0,0.0,0.0,0.0,0.0,0.00212,0.0,0.0,0.0,0.0,0.0,3.371,3.532,3.882,5.0,4.267,0,0.0,0.6876173469387755
432,0.0,0.0,0.0,0.0,0.0,0.0,0.0,0.0,0.0,0.0,0.0,0.0,0.0,0.0,0.0,0.0,0.0,0.0,0.0,0.0,0.0,0.0,0.0,0.0,0.0,0.0,0.0,0.0,0.0,0.0,0.0,0.0,0.0,0.0,0.0,0.0,0.0,0.0,0.0,0.0,0.0,0.0,0.0,0.0,0.0,0.0,0.0,0.0,0.0,0.0,0.0,0.0,0.0,0.0,0.0,0.0,0.0,0.0,0.0,0.0,0.0,0.0,0.0,0.0,0.0,0.0,0.04334,0.02176,0.0,0.0,0.0,0.0,0.0,0.0,0.0,0.0,0.0,0.12512,0.08131,0.0,0.0,0.0,0.0,0.0,0.0,0.0,0.0,0.0,0.17724,0.06226,0.0,0.0,0.0,0.0,0.0,0.0,0.0,0.0,0.0,0.0,0.00584,0.0,0.0,0.0,0.0,0.0,0.0,0.0,0.00177,0.0,0.0,0.0,0.0,0.0,3.333,3.4625,3.878,5.0,4.268,0,0.0,0.6742271428571429
433,0.0,0.0,0.0,0.0,0.0,0.0,0.0,0.0,0.0,0.0,0.0,0.0,0.0,0.0,0.0,0.0,0.0,0.0,0.0,0.0,0.0,0.0,0.0,0.0,0.0,0.0,0.0,0.0,0.0,0.0,0.0,0.0,0.0,0.0,0.0,0.0,0.0,0.0,0.0,0.0,0.0,0.0,0.0,0.0,0.0,0.0,0.0,0.0,0.0,0.0,0.0,0.0,0.0,0.0,0.0,0.0,0.0,0.0,0.0,0.0,0.0,0.0,0.0,0.0,0.0,0.0,0.03555,0.01804,0.0,0.0,0.0,0.0,0.0,0.0,0.0,0.0,0.0,0.12388,0.07919,0.0,0.0,0.0,0.0,0.0,0.0,0.0,0.0,0.0,0.17807,0.06321,0.0,0.0,0.0,0.0,0.0,0.0,0.0,0.0,0.0,0.0,0.00672,0.0,0.0,0.0,0.0,0.0,0.0,0.0,0.00407,0.0,0.0,0.0,0.0,0.0,3.353,3.486,3.88,5.0,4.272,0,0.0,0.6608369387755102
434,0.0,0.0,0.0,0.0,0.0,0.0,0.0,0.0,0.0,0.0,0.0,0.0,0.0,0.0,0.0,0.0,0.0,0.0,0.0,0.0,0.0,0.0,0.0,0.0,0.0,0.0,0.0,0.0,0.0,0.0,0.0,0.0,0.0,0.0,0.0,0.0,0.0,0.0,0.0,0.0,0.0,0.0,0.0,0.0,0.0,0.0,0.0,0.0,0.0,0.0,0.0,0.0,0.0,0.0,0.0,0.0,0.0,0.0,0.0,0.0,0.0,0.0,0.0,0.0,0.0,0.0,0.03697,0.02441,0.0,0.0,0.0,0.0,0.0,0.0,0.0,0.0,0.0,0.12146,0.08196,0.0,0.0,0.0,0.0,0.0,0.0,0.0,0.0,0.0,0.17777,0.06209,0.0,0.0,0.0,0.0,0.0,0.0,0.00195,0.0,0.0,0.0,0.00478,0.0,0.0,0.0,0.0,0.0,0.0,0.0,0.00389,0.0,0.0,0.0,0.0,0.0,3.337,3.4965,3.879,5.0,4.265,0,0.0,0.6474467346938775
435,0.0,0.0,0.0,0.0,0.0,0.0,0.0,0.0,0.0,0.0,0.0,0.0,0.0,0.0,0.0,0.0,0.0,0.0,0.0,0.0,0.0,0.0,0.0,0.0,0.0,0.0,0.0,0.0,0.0,0.0,0.0,0.0,0.0,0.0,0.0,0.0,0.0,0.0,0.0,0.0,0.0,0.0,0.0,0.0,0.0,0.0,0.0,0.0,0.0,0.0,0.0,0.0,0.0,0.0,0.0,0.0,0.0,0.0,0.0,0.0,0.0,0.0,0.0,0.0,0.0,0.0,0.03927,0.01397,0.0,0.0,0.0,0.0,0.0,0.0,0.0,0.0,0.0,0.12264,0.08007,0.0,0.0,0.0,0.0,0.0,0.0,0.0,0.0,0.0,0.1786,0.06356,0.0,0.0,0.0,0.0,0.0,0.0,0.0,0.0,0.0,0.0,0.00425,0.0,0.0,0.0,0.0,0.0,0.0,0.0,0.00142,0.0,0.0,0.0,0.0,0.0,3.333,3.449,3.876,5.0,4.268,0,0.0,0.6340565306122448
436,0.0,0.0,0.0,0.0,0.0,0.0,0.0,0.0,0.0,0.0,0.0,0.0,0.0,0.0,0.0,0.0,0.0,0.0,0.0,0.0,0.0,0.0,0.0,0.0,0.0,0.0,0.0,0.0,0.0,0.0,0.0,0.0,0.0,0.0,0.0,0.0,0.0,0.0,0.0,0.0,0.0,0.0,0.0,0.0,0.0,0.0,0.0,0.0,0.0,0.0,0.0,0.0,0.0,0.0,0.0,0.0,0.0,0.0,0.0,0.0,0.0,0.0,0.0,0.0,0.0,0.0,0.03821,0.02529,0.0,0.0,0.0,0.0,0.0,0.0,0.0,0.0,0.0,0.12512,0.07972,0.0,0.0,0.0,0.0,0.0,0.0,0.0,0.0,0.0,0.1806,0.06191,0.0,0.0,0.0,0.0,0.0,0.0,0.00035,0.0,0.0,0.0,0.00761,0.0,0.0,0.0,0.0,0.0,0.0,0.0,0.00195,0.0,0.0,0.0,0.0,0.0,3.345,3.5015,3.882,5.0,4.268,0,0.0,0.6206663265306123
437,0.0,0.0,0.0,0.0,0.0,0.0,0.0,0.0,0.0,0.0,0.0,0.0,0.0,0.0,0.0,0.0,0.0,0.0,0.0,0.0,0.0,0.0,0.0,0.0,0.0,0.0,0.0,0.0,0.0,0.0,0.0,0.0,0.0,0.0,0.0,0.0,0.0,0.0,0.0,0.0,0.0,0.0,0.0,0.0,0.0,0.0,0.0,0.0,0.0,0.0,0.0,0.0,0.0,0.0,0.0,0.0,0.0,0.0,0.0,0.0,0.0,0.0,0.0,0.0,0.0,0.0,0.04228,0.0214,0.0,0.0,0.0,0.0,0.0,0.0,0.0,0.0,0.0,0.12264,0.08096,0.0,0.0,0.0,0.0,0.0,0.0,0.0,0.0,0.0,0.17895,0.06321,0.0,0.0,0.0,0.0,0.0,0.0,0.00106,0.0,0.0,0.0,0.00619,0.0,0.0,0.0,0.0,0.0,0.0,0.0,0.00053,0.0,0.0,0.0,0.0,0.0,3.337,3.4735,3.875,5.0,4.267,0,0.0,0.6072761224489795
438,0.0,0.0,0.0,0.0,0.0,0.0,0.0,0.0,0.0,0.0,0.0,0.0,0.0,0.0,0.0,0.0,0.0,0.0,0.0,0.0,0.0,0.0,0.0,0.0,0.0,0.0,0.0,0.0,0.0,0.0,0.0,0.0,0.0,0.0,0.0,0.0,0.0,0.0,0.0,0.0,0.0,0.0,0.0,0.0,0.0,0.0,0.0,0.0,0.0,0.0,0.0,0.0,0.0,0.0,0.0,0.0,0.0,0.0,0.0,0.0,0.0,0.0,0.0,0.0,0.0,0.0,0.03856,0.01539,0.0,0.0,0.0,0.0,0.0,0.0,0.0,0.0,0.0,0.12158,0.07972,0.0,0.0,0.0,0.0,0.0,0.0,0.0,0.0,0.0,0.17724,0.06209,0.0,0.0,0.0,0.0,0.0,0.0,0.00389,0.0,0.0,0.0,0.00637,0.0,0.0,0.0,0.0,0.0,0.0,0.0,0.01044,0.0,0.0,0.0,0.0,0.0,3.351,3.452,3.875,5.0,4.272,0,0.0,0.5938859183673469
439,0.0,0.0,0.0,0.0,0.0,0.0,0.0,0.0,0.0,0.0,0.0,0.0,0.0,0.0,0.0,0.0,0.0,0.0,0.0,0.0,0.0,0.0,0.0,0.0,0.0,0.0,0.0,0.0,0.0,0.0,0.0,0.0,0.0,0.0,0.0,0.0,0.0,0.0,0.0,0.0,0.0,0.0,0.0,0.0,0.0,0.0,0.0,0.0,0.0,0.0,0.0,0.0,0.0,0.0,0.0,0.0,0.0,0.0,0.0,0.0,0.0,0.0,0.0,0.0,0.0,0.0,0.03998,0.01698,0.0,0.0,0.0,0.0,0.0,0.0,0.0,0.0,0.0,0.12317,0.08042,0.0,0.0,0.0,0.0,0.0,0.0,0.0,0.0,0.0,0.17771,0.06321,0.0,0.0,0.0,0.0,0.0,0.0,0.0,0.0,0.0,0.0,0.00601,0.0,0.0,0.0,0.0,0.0,0.0,0.0,0.0,0.0,0.0,0.0,0.0,0.0,3.371,3.5015,3.886,5.0,4.272,0,0.0,0.5804957142857143
440,0.0,0.0,0.0,0.0,0.0,0.0,0.0,0.0,0.0,0.0,0.0,0.0,0.0,0.0,0.0,0.0,0.0,0.0,0.0,0.0,0.0,0.0,0.0,0.0,0.0,0.0,0.0,0.0,0.0,0.0,0.0,0.0,0.0,0.0,0.0,0.0,0.0,0.0,0.0,0.0,0.0,0.0,0.0,0.0,0.0,0.0,0.0,0.0,0.0,0.0,0.0,0.0,0.0,0.0,0.0,0.0,0.0,0.0,0.0,0.0,0.0,0.0,0.0,0.0,0.0,0.0,0.03096,0.01875,0.0,0.0,0.0,0.0,0.0,0.0,0.0,0.0,0.0,0.1237,0.07742,0.0,0.0,0.0,0.0,0.0,0.0,0.0,0.0,0.0,0.17736,0.0625,0.0,0.0,0.0,0.0,0.0,6e-05,0.00489,0.0,0.0,0.0,0.00637,0.0,0.0,0.0,0.0,0.0,0.0,0.0,0.0092,0.0,0.0,0.0,0.0,0.0,3.345,3.4875,3.877,5.0,4.27,0,0.0,0.5671055102040816
441,0.0,0.0,0.0,0.0,0.0,0.0,0.0,0.0,0.0,0.0,0.0,0.0,0.0,0.0,0.0,0.0,0.0,0.0,0.0,0.0,0.0,0.0,0.0,0.0,0.0,0.0,0.0,0.0,0.0,0.0,0.0,0.0,0.0,0.0,0.0,0.0,0.0,0.0,0.0,0.0,0.0,0.0,0.0,0.0,0.0,0.0,0.0,0.0,0.0,0.0,0.0,0.0,0.0,0.0,0.0,0.0,0.0,0.0,0.0,0.0,0.0,0.0,0.0,0.0,0.0,0.0,0.03662,0.01716,0.0,0.0,0.0,0.0,0.0,0.0,0.0,0.0,0.0,0.12423,0.08219,0.0,0.0,0.0,0.0,0.0,0.0,0.0,0.0,0.0,0.17771,0.06268,0.0,0.0,0.0,0.0,0.0,0.0,0.0,0.0,0.0,0.0,0.0069,0.0,0.0,0.0,0.0,0.0,0.0,0.0,0.00035,0.0,0.0,0.0,0.0,0.0,3.337,3.4595,3.879,5.0,4.271,0,0.0,0.5537153061224489
442,0.0,0.0,0.0,0.0,0.0,0.0,0.0,0.0,0.0,0.0,0.0,0.0,0.0,0.0,0.0,0.0,0.0,0.0,0.0,0.0,0.0,0.0,0.0,0.0,0.0,0.0,0.0,0.0,0.0,0.0,0.0,0.0,0.0,0.0,0.0,0.0,0.0,0.0,0.0,0.0,0.0,0.0,0.0,0.0,0.0,0.0,0.0,0.0,0.0,0.0,0.0,0.0,0.0,0.0,0.0,0.0,0.0,0.0,0.0,0.0,0.0,0.0,0.0,0.0,0.0,0.0,0.02919,0.02034,0.0,0.0,0.0,0.0,0.0,0.0,0.0,0.0,0.0,0.12164,0.08054,0.0,0.0,0.0,0.0,0.0,0.0,0.0,0.0,0.0,0.177,0.06427,0.0,0.0,0.0,0.0,0.0,0.0,0.0,0.0,0.0,0.0,0.00442,0.0,0.0,0.0,0.0,0.0,0.0,0.0,0.0,0.0,0.0,0.0,0.0,0.0,3.369,3.4575,3.883,5.0,4.268,0,0.0,0.5403251020408163
443,0.0,0.0,0.0,0.0,0.0,0.0,0.0,0.0,0.0,0.0,0.0,0.0,0.0,0.0,0.0,0.0,0.0,0.0,0.0,0.0,0.0,0.0,0.0,0.0,0.0,0.0,0.0,0.0,0.0,0.0,0.0,0.0,0.0,0.0,0.0,0.0,0.0,0.0,0.0,0.0,0.0,0.0,0.0,0.0,0.0,0.0,0.0,0.0,0.0,0.0,0.0,0.0,0.0,0.0,0.0,0.0,0.0,0.0,0.0,0.0,0.0,0.0,0.0,0.0,0.0,0.0,0.04175,0.02459,0.0,0.0,0.0,0.0,0.0,0.0,0.0,0.0,0.0,0.12406,0.08379,0.0,0.0,0.0,0.0,0.0,0.0,0.0,0.0,0.0,0.17759,0.06156,0.0,0.0,0.0,0.0,0.0,0.0,0.00159,0.0,0.0,0.0,0.00548,0.0,0.0,0.0,0.0,0.0,0.0,0.0,0.00053,0.0,0.0,0.0,0.0,0.0,3.345,3.4965,3.882,5.0,4.262,0,0.0,0.5269348979591836
444,0.0,0.0,0.0,0.0,0.0,0.0,0.0,0.0,0.0,0.0,0.0,0.0,0.0,0.0,0.0,0.0,0.0,0.0,0.0,0.0,0.0,0.0,0.0,0.0,0.0,0.0,0.0,0.0,0.0,0.0,0.0,0.0,0.0,0.0,0.0,0.0,0.0,0.0,0.0,0.0,0.0,0.0,0.0,0.0,0.0,0.0,0.0,0.0,0.0,0.0,0.0,0.0,0.0,0.0,0.0,0.0,0.0,0.0,0.0,0.0,0.0,0.0,0.0,0.0,0.0,0.0,0.03909,0.01857,0.0,0.0,0.0,0.0,0.0,0.0,0.0,0.0,0.0,0.12659,0.08143,0.0,0.0,0.0,0.0,0.0,0.0,0.0,0.0,0.0,0.17848,0.06209,0.0,0.0,0.0,0.0,0.0,0.0,0.0023,0.0,0.0,0.0,0.0069,0.0,0.0,0.0,0.0,0.0,0.0,0.0,0.0046,0.0,0.0,0.0,0.0,0.0,3.333,3.4655,3.879,5.0,4.272,0,0.0,0.5135446938775511
445,0.0,0.0,0.0,0.0,0.0,0.0,0.0,0.0,0.0,0.0,0.0,0.0,0.0,0.0,0.0,0.0,0.0,0.0,0.0,0.0,0.0,0.0,0.0,0.0,0.0,0.0,0.0,0.0,0.0,0.0,0.0,0.0,0.0,0.0,0.0,0.0,0.0,0.0,0.0,0.0,0.0,0.0,0.0,0.0,0.0,0.0,0.0,0.0,0.0,0.0,0.0,0.0,0.0,0.0,0.0,0.0,0.0,0.0,0.0,0.0,0.0,0.0,0.0,0.0,0.0,0.0,0.03838,0.01167,0.0,0.0,0.0,0.0,0.0,0.0,0.0,0.0,0.0,0.12529,0.08113,0.0,0.0,0.0,0.0,0.0,0.0,0.0,0.0,0.0,0.17848,0.06279,0.0,0.0,0.0,0.0,0.0,0.0,0.00478,0.0,0.0,0.0,0.00743,0.0,0.0,0.0,0.0,0.0,0.0,0.0,0.00867,0.0,0.0,0.0,0.0,0.0,3.338,3.4675,3.877,5.0,4.268,0,0.0,0.5001544897959184
446,0.0,0.0,0.0,0.0,0.0,0.0,0.0,0.0,0.0,0.0,0.0,0.0,0.0,0.0,0.0,0.0,0.0,0.0,0.0,0.0,0.0,0.0,0.0,0.0,0.0,0.0,0.0,0.0,0.0,0.0,0.0,0.0,0.0,0.0,0.0,0.0,0.0,0.0,0.0,0.0,0.0,0.0,0.0,0.0,0.0,0.0,0.0,0.0,0.0,0.0,0.0,0.0,0.0,0.0,0.0,0.0,0.0,0.0,0.0,0.0,0.0,0.0,0.0,0.0,0.0,0.0,0.02901,0.024,6e-05,0.0,0.0,0.0,0.0,0.0,0.0,0.0,0.0,0.12176,0.07972,0.0,0.0,0.0,0.0,0.0,0.0,0.0,0.0,0.0,0.17842,0.06338,0.0,0.0,0.0,0.0,0.0,0.0,0.00212,0.0,0.0,0.0,0.00566,0.0,0.0,0.0,0.0,0.0,0.0,0.0,0.0069,0.0,0.0,0.0,0.0,0.0,3.338,3.4635,3.884,5.0,4.272,0,0.0,0.4867642857142857
447,0.0,0.0,0.0,0.0,0.0,0.0,0.0,0.0,0.0,0.0,0.0,0.0,0.0,0.0,0.0,0.0,0.0,0.0,0.0,0.0,0.0,0.0,0.0,0.0,0.0,0.0,0.0,0.0,0.0,0.0,0.0,0.0,0.0,0.0,0.0,0.0,0.0,0.0,0.0,0.0,0.0,0.0,0.0,0.0,0.0,0.0,0.0,0.0,0.0,0.0,0.0,0.0,0.0,0.0,0.0,0.0,0.0,0.0,0.0,0.0,0.0,0.0,0.0,0.0,0.0,0.0,0.03502,0.02388,0.0,0.0,0.0,0.0,0.0,0.0,0.0,0.0,0.0,0.1227,0.0816,0.0,0.0,0.0,0.0,0.0,0.0,0.0,0.0,0.0,0.17754,0.06392,0.0,0.0,0.0,0.0,0.0,0.0,0.00142,0.0,0.0,0.0,0.00584,0.0,0.0,0.0,0.0,0.0,0.0,0.0,0.0092,0.0,0.0,0.0,0.0,0.0,3.361,3.4885,3.872,5.0,4.268,0,0.0,0.4733740816326531
448,0.0,0.0,0.0,0.0,0.0,0.0,0.0,0.0,0.0,0.0,0.0,0.0,0.0,0.0,0.0,0.0,0.0,0.0,0.0,0.0,0.0,0.0,0.0,0.0,0.0,0.0,0.0,0.0,0.0,0.0,0.0,0.0,0.0,0.0,0.0,0.0,0.0,0.0,0.0,0.0,0.0,0.0,0.0,0.0,0.0,0.0,0.0,0.0,0.0,0.0,0.0,0.0,0.0,0.0,0.0,0.0,0.0,0.0,0.0,0.0,0.0,0.0,0.0,0.0,0.0,0.0,0.04015,0.03025,0.0,0.0,0.0,0.0,0.0,0.0,0.0,0.0,0.0,0.12158,0.08025,0.0,0.0,0.0,0.0,0.0,0.0,0.0,0.0,0.0,0.17842,0.06285,0.0,0.0,0.0,0.0,0.0,0.0,0.0,0.0,0.0,0.0,0.00654,0.0,0.0,0.0,0.0,0.0,0.0,0.0,0.0,0.0,0.0,0.0,0.0,0.0,3.37,3.4875,3.878,5.0,4.268,0,0.0,0.45998387755102044
449,0.0,0.0,0.0,0.0,0.0,0.0,0.0,0.0,0.0,0.0,0.0,0.0,0.0,0.0,0.0,0.0,0.0,0.0,0.0,0.0,0.0,0.0,0.0,0.0,0.0,0.0,0.0,0.0,0.0,0.0,0.0,0.0,0.0,0.0,0.0,0.0,0.0,0.0,0.0,0.0,0.0,0.0,0.0,0.0,0.0,0.0,0.0,0.0,0.0,0.0,0.0,0.0,0.0,0.0,0.0,0.0,0.0,0.0,0.0,0.0,0.0,0.0,0.0,0.0,0.0,0.0,0.03626,0.027,6e-05,0.0,0.0,0.0,0.0,0.0,0.0,0.0,0.0,0.12429,0.08107,0.0,0.0,0.0,0.0,0.0,0.0,0.0,0.0,0.0,0.17877,0.06285,0.0,0.0,0.0,0.0,0.0,0.0,0.00088,0.0,0.0,0.0,0.00796,0.0,0.0,0.0,0.0,0.0,0.0,0.0,0.00053,0.0,0.0,0.0,0.0,0.0,3.366,3.4735,3.874,5.0,4.267,0,0.0,0.4465936734693877
450,0.0,0.0,0.0,0.0,0.0,0.0,0.0,0.0,0.0,0.0,0.0,0.0,0.0,0.0,0.0,0.0,0.0,0.0,0.0,0.0,0.0,0.0,0.0,0.0,0.0,0.0,0.0,0.0,0.0,0.0,0.0,0.0,0.0,0.0,0.0,0.0,0.0,0.0,0.0,0.0,0.0,0.0,0.0,0.0,0.0,0.0,0.0,0.0,0.0,0.0,0.0,0.0,0.0,0.0,0.0,0.0,0.0,0.0,0.0,0.0,0.0,0.0,0.0,0.0,0.0,0.0,0.03662,0.02229,0.0,0.0,0.0,0.0,0.0,0.0,0.0,0.0,0.0,0.1237,0.08078,0.0,0.0,0.0,0.0,0.0,0.0,0.0,0.0,0.0,0.17807,0.06303,0.0,0.0,0.0,0.0,0.0,0.0,0.00513,0.0,0.0,0.0,0.00442,0.0,0.0,0.0,0.0,0.0,0.0,0.0,0.0115,0.0,0.0,0.0,0.0,0.0,3.369,3.5365,3.88,5.0,4.265,0,0.0,0.4332034693877551
451,0.0,0.0,0.0,0.0,0.0,0.0,0.0,0.0,0.0,0.0,0.0,0.0,0.0,0.0,0.0,0.0,0.0,0.0,0.0,0.0,0.0,0.0,0.0,0.0,0.0,0.0,0.0,0.0,0.0,0.0,0.0,0.0,0.0,0.0,0.0,0.0,0.0,0.0,0.0,0.0,0.0,0.0,0.0,0.0,0.0,0.0,0.0,0.0,0.0,0.0,0.0,0.0,0.0,0.0,0.0,0.0,0.0,0.0,0.0,0.0,0.0,0.0,0.0,0.0,0.0,0.0,0.04404,0.02671,0.0,0.0,0.0,0.0,0.0,0.0,0.0,0.0,0.0,0.12441,0.08078,0.0,0.0,0.0,0.0,0.0,0.0,0.0,0.0,0.0,0.17842,0.06321,0.0,0.0,0.0,0.0,0.0,0.0,0.00495,0.0,0.0,0.0,0.00849,0.0,0.0,0.0,0.0,0.0,0.0,0.0,0.01008,0.0,0.0,0.0,0.0,0.0,3.343,3.5055,3.881,5.0,4.267,0,0.0,0.4198132653061225
452,0.0,0.0,0.0,0.0,0.0,0.0,0.0,0.0,0.0,0.0,0.0,0.0,0.0,0.0,0.0,0.0,0.0,0.0,0.0,0.0,0.0,0.0,0.0,0.0,0.0,0.0,0.0,0.0,0.0,0.0,0.0,0.0,0.0,0.0,0.0,0.0,0.0,0.0,0.0,0.0,0.0,0.0,0.0,0.0,0.0,0.0,0.0,0.0,0.0,0.0,0.0,0.0,0.0,0.0,0.0,0.0,0.0,0.0,0.0,0.0,0.0,0.0,0.0,0.0,0.0,0.0,0.03644,0.02187,6e-05,0.0,0.0,0.0,0.0,0.0,0.0,0.0,0.0,0.12376,0.08072,0.0,0.0,0.0,0.0,0.0,0.0,0.0,0.0,0.0,0.17689,0.06279,0.0,0.0,0.0,0.0,0.0,0.0,0.00177,0.0,0.0,0.0,0.00548,0.0,0.0,0.0,0.0,0.0,0.0,0.0,0.00584,0.0,0.0,0.0,0.0,0.0,3.333,3.4655,3.875,5.0,4.268,0,0.0,0.4064230612244898
453,0.0,0.0,0.0,0.0,0.0,0.0,0.0,0.0,0.0,0.0,0.0,0.0,0.0,0.0,0.0,0.0,0.0,0.0,0.0,0.0,0.0,0.0,0.0,0.0,0.0,0.0,0.0,0.0,0.0,0.0,0.0,0.0,0.0,0.0,0.0,0.0,0.0,0.0,0.0,0.0,0.0,0.0,0.0,0.0,0.0,0.0,0.0,0.0,0.0,0.0,0.0,0.0,0.0,0.0,0.0,0.0,0.0,0.0,0.0,0.0,0.0,0.0,0.0,0.0,0.0,0.0,0.04192,0.0217,6e-05,0.0,0.0,0.0,0.0,0.0,0.0,0.0,0.0,0.12123,0.08025,0.0,0.0,0.0,0.0,0.0,0.0,0.0,0.0,0.0,0.17771,0.06374,0.0,0.0,0.0,0.0,0.0,0.0,0.00088,0.0,0.0,0.0,0.00548,0.0,0.0,0.0,0.0,0.0,0.0,0.0,0.01185,0.0,0.0,0.0,0.0,0.0,3.357,3.4905,3.878,5.0,4.274,0,0.0,0.39303285714285713
454,0.0,0.0,0.0,0.0,0.0,0.0,0.0,0.0,0.0,0.0,0.0,0.0,0.0,0.0,0.0,0.0,0.0,0.0,0.0,0.0,0.0,0.0,0.0,0.0,0.0,0.0,0.0,0.0,0.0,0.0,0.0,0.0,0.0,0.0,0.0,0.0,0.0,0.0,0.0,0.0,0.0,0.0,0.0,0.0,0.0,0.0,0.0,0.0,0.0,0.0,0.0,0.0,0.0,0.0,0.0,0.0,0.0,0.0,0.0,0.0,0.0,0.0,0.0,0.0,0.0,0.0,0.04387,0.01822,0.0,0.0,0.0,0.0,0.0,0.0,0.0,0.0,0.0,0.12229,0.08184,0.0,0.0,0.0,0.0,0.0,0.0,0.0,0.0,0.0,0.17718,0.06303,0.0,0.0,0.0,0.0,0.0,0.0,0.0,0.0,0.0,0.0,0.0046,0.0,0.0,0.0,0.0,0.0,0.0,0.0,0.00354,0.0,0.0,0.0,0.0,0.0,3.353,3.5065,3.891,5.0,4.268,0,0.0,0.3796426530612245
455,0.0,0.0,0.0,0.0,0.0,0.0,0.0,0.0,0.0,0.0,0.0,0.0,0.0,0.0,0.0,0.0,0.0,0.0,0.0,0.0,0.0,0.0,0.0,0.0,0.0,0.0,0.0,0.0,0.0,0.0,0.0,0.0,0.0,0.0,0.0,0.0,0.0,0.0,0.0,0.0,0.0,0.0,0.0,0.0,0.0,0.0,0.0,0.0,0.0,0.0,0.0,0.0,0.0,0.0,0.0,0.0,0.0,0.0,0.0,0.0,0.0,0.0,0.0,0.0,0.0,0.0,0.04139,0.0214,0.0,0.0,0.0,0.0,0.0,0.0,0.0,0.0,0.0,0.12441,0.07812,0.0,0.0,0.0,0.0,0.0,0.0,0.0,0.0,0.0,0.17771,0.06268,0.0,0.0,0.0,0.0,0.0,0.0,0.00035,0.0,0.0,0.0,0.00708,0.0,0.0,0.0,0.0,0.0,0.0,0.0,0.00318,0.0,0.0,0.0,0.0,0.0,3.348,3.4925,3.884,5.0,4.268,0,0.0,0.36625244897959186
456,0.0,0.0,0.0,0.0,0.0,0.0,0.0,0.0,0.0,0.0,0.0,0.0,0.0,0.0,0.0,0.0,0.0,0.0,0.0,0.0,0.0,0.0,0.0,0.0,0.0,0.0,0.0,0.0,0.0,0.0,0.0,0.0,0.0,0.0,0.0,0.0,0.0,0.0,0.0,0.0,0.0,0.0,0.0,0.0,0.0,0.0,0.0,0.0,0.0,0.0,0.0,0.0,0.0,0.0,0.0,0.0,0.0,0.0,0.0,0.0,0.0,0.0,0.0,0.0,0.0,0.0,0.03644,0.01274,0.0,0.0,0.0,0.0,0.0,0.0,0.0,0.0,0.0,0.12376,0.07824,0.0,0.0,0.0,0.0,0.0,0.0,0.0,0.0,0.0,0.17842,0.06232,0.0,0.0,0.0,0.0,0.0,0.00047,0.00713,0.0,0.0,0.0,0.00796,0.0,0.0,0.0,0.0,0.0,0.00035,6e-05,0.01498,0.0,0.0,0.0,0.0,0.0,3.348,3.4965,3.886,5.0,4.267,0,0.0,0.35286224489795925
457,0.0,0.0,0.0,0.0,0.0,0.0,0.0,0.0,0.0,0.0,0.0,0.0,0.0,0.0,0.0,0.0,0.0,0.0,0.0,0.0,0.0,0.0,0.0,0.0,0.0,0.0,0.0,0.0,0.0,0.0,0.0,0.0,0.0,0.0,0.0,0.0,0.0,0.0,0.0,0.0,0.0,0.0,0.0,0.0,0.0,0.0,0.0,0.0,0.0,0.0,0.0,0.0,0.0,0.0,0.0,0.0,0.0,0.0,0.0,0.0,0.0,0.0,0.0,0.0,0.0,0.0,0.0398,0.02954,0.0,0.0,0.0,0.0,0.0,0.0,0.0,0.0,0.0,0.12358,0.0839,0.0,0.0,0.0,0.0,0.0,0.0,0.0,0.0,0.0,0.17771,0.06303,0.0,0.0,0.0,0.0,0.0,0.0,0.0,0.0,0.0,0.0,0.00389,0.0,0.0,0.0,0.0,0.0,0.0,0.0,0.00018,0.0,0.0,0.0,0.0,0.0,3.348,3.4635,3.878,5.0,4.269,0,0.0,0.33947204081632654
458,0.0,0.0,0.0,0.0,0.0,0.0,0.0,0.0,0.0,0.0,0.0,0.0,0.0,0.0,0.0,0.0,0.0,0.0,0.0,0.0,0.0,0.0,0.0,0.0,0.0,0.0,0.0,0.0,0.0,0.0,0.0,0.0,0.0,0.0,0.0,0.0,0.0,0.0,0.0,0.0,0.0,0.0,0.0,0.0,0.0,0.0,0.0,0.0,0.0,0.0,0.0,0.0,0.0,0.0,0.0,0.0,0.0,0.0,0.0,0.0,0.0,0.0,0.0,0.0,0.0,0.0,0.03219,0.02087,0.0,0.0,0.0,0.0,0.0,0.0,0.0,0.0,0.0,0.125,0.08072,0.0,0.0,0.0,0.0,0.0,0.0,0.0,0.0,0.0,0.17671,0.06262,0.0,0.0,0.0,0.0,0.0,0.0,0.00035,0.0,0.0,0.0,0.00531,0.0,0.0,0.0,0.0,0.0,0.0,0.0,0.00654,0.0,0.0,0.0,0.0,0.0,3.338,3.4855,3.87,5.0,4.28,0,0.0,0.32608183673469393
459,0.0,0.0,0.0,0.0,0.0,0.0,0.0,0.0,0.0,0.0,0.0,0.0,0.0,0.0,0.0,0.0,0.0,0.0,0.0,0.0,0.0,0.0,0.0,0.0,0.0,0.0,0.0,0.0,0.0,0.0,0.0,0.0,0.0,0.0,0.0,0.0,0.0,0.0,0.0,0.0,0.0,0.0,0.0,0.0,0.0,0.0,0.0,0.0,0.0,0.0,0.0,0.0,0.0,0.0,0.0,0.0,0.0,0.0,0.0,0.0,0.0,0.0,0.0,0.0,0.0,0.0,0.04228,0.01521,0.0,0.0,0.0,0.0,0.0,0.0,0.0,0.0,0.0,0.12323,0.08107,0.0,0.0,0.0,0.0,0.0,0.0,0.0,0.0,0.0,0.17795,0.06156,0.0,0.0,0.0,0.0,0.0,0.0,0.00159,0.0,0.0,0.0,0.00619,0.0,0.0,0.0,0.0,0.0,0.0,0.0,0.00371,0.0,0.0,0.0,0.0,0.0,3.367,3.5015,3.883,5.0,4.265,0,0.0,0.31269163265306127
460,0.0,0.0,0.0,0.0,0.0,0.0,0.0,0.0,0.0,0.0,0.0,0.0,0.0,0.0,0.0,0.0,0.0,0.0,0.0,0.0,0.0,0.0,0.0,0.0,0.0,0.0,0.0,0.0,0.0,0.0,0.0,0.0,0.0,0.0,0.0,0.0,0.0,0.0,0.0,0.0,0.0,0.0,0.0,0.0,0.0,0.0,0.0,0.0,0.0,0.0,0.0,0.0,0.0,0.0,0.0,0.0,0.0,0.0,0.0,0.0,0.0,0.0,0.0,0.0,0.0,0.0,0.03396,0.02164,0.00012,0.0,0.0,0.0,0.0,0.0,0.0,0.0,0.0,0.12211,0.08255,0.0,0.0,0.0,0.0,0.0,0.0,0.0,0.0,0.0,0.17777,0.06297,0.0,0.0,0.0,0.0,0.0,0.0,0.0,0.0,0.0,0.0,0.00601,0.0,0.0,0.0,0.0,0.0,0.0,0.0,0.0,0.0,0.0,0.0,0.0,0.0,3.322,3.462,3.879,5.0,4.271,0,0.0,0.2993014285714286
461,0.0,0.0,0.0,0.0,0.0,0.0,0.0,0.0,0.0,0.0,0.0,0.0,0.0,0.0,0.0,0.0,0.0,0.0,0.0,0.0,0.0,0.0,0.0,0.0,0.0,0.0,0.0,0.0,0.0,0.0,0.0,0.0,0.0,0.0,0.0,0.0,0.0,0.0,0.0,0.0,0.0,0.0,0.0,0.0,0.0,0.0,0.0,0.0,0.0,0.0,0.0,0.0,0.0,0.0,0.0,0.0,0.0,0.0,0.0,0.0,0.0,0.0,0.0,0.0,0.0,0.0,0.03025,0.02547,0.0,0.0,0.0,0.0,0.0,0.0,0.0,0.0,0.0,0.12388,0.08432,0.0,0.0,0.0,0.0,0.0,0.0,0.0,0.0,0.0,0.17754,0.06303,0.0,0.0,0.0,0.0,0.0,0.0,0.00212,0.0,0.0,0.0,0.00637,0.0,0.0,0.0,0.0,0.0,0.0,0.0,0.00637,0.0,0.0,0.0,0.0,0.0,3.359,3.4965,3.876,5.0,4.274,0,0.0,0.28591122448979595
462,0.0,0.0,0.0,0.0,0.0,0.0,0.0,0.0,0.0,0.0,0.0,0.0,0.0,0.0,0.0,0.0,0.0,0.0,0.0,0.0,0.0,0.0,0.0,0.0,0.0,0.0,0.0,0.0,0.0,0.0,0.0,0.0,0.0,0.0,0.0,0.0,0.0,0.0,0.0,0.0,0.0,0.0,0.0,0.0,0.0,0.0,0.0,0.0,0.0,0.0,0.0,0.0,0.0,0.0,0.0,0.0,0.0115,0.0,0.0,0.0,0.0,0.0,0.0,0.0,0.0,0.0,0.0,0.15177,0.02989,0.0,0.0,0.0,0.12895,0.0,0.0,0.0,0.0,0.0,0.08614,0.12188,0.0,0.0,0.0,0.0,0.08544,0.13956,0.0,0.0,0.0,0.01733,0.20218,0.0,0.0,0.0,0.0,0.0,0.0,0.15902,0.07075,0.0,0.0,0.0819,0.00265,0.0,0.0,0.0,0.0,0.0,0.0,0.0,0.21215,0.00419,0.0,0.0,3.0995,4.2895,5.0,5.0,5.0,0,0.0,0.2725210204081633
463,0.0,0.0,0.0,0.0,0.0,0.0,0.0,0.0,0.0,0.0,0.0,0.0,0.0,0.0,0.0,0.0,0.0,0.0,0.0,0.0,0.0,0.0,0.0,0.0,0.0,0.0,0.0,0.0,0.0,0.0,0.0,0.0,0.0,0.0,0.0,0.0,0.0,0.0,0.0,0.0,0.0,0.0,0.0,0.0,0.0,0.0,0.0,0.0,0.0,0.0,0.0,0.0,0.0,0.0,0.0,0.0,0.0184,0.0,0.0,0.0,0.0,0.0,0.0,0.0,0.0,0.0,0.0,0.15761,0.03573,0.0,0.0,0.0,0.13249,0.0,0.0,0.0,0.0,0.0,0.08791,0.12612,0.0,0.0,0.0,0.0,0.08526,0.13815,0.0,0.0,0.0,0.01716,0.20554,0.0,0.0,0.0,0.0,0.0,0.0,0.16008,0.06934,0.0,0.0,0.12435,0.00265,0.0,0.0,0.0,0.0,0.0,0.0,0.0,0.21268,0.00295,0.0,0.0,3.1005,4.3995,5.0,5.0,5.0,0,0.0,0.2591308163265307
464,0.0,0.0,0.0,0.0,0.0,0.0,0.0,0.0,0.0,0.0,0.0,0.0,0.0,0.0,0.0,0.0,0.0,0.0,0.0,0.0,0.0,0.0,0.0,0.0,0.0,0.0,0.0,0.0,0.0,0.0,0.0,0.0,0.0,0.0,0.0,0.0,0.0,0.0,0.0,0.0,0.0,0.0,0.0,0.0,0.0,0.0,0.0,0.0,0.0,0.0,0.0,0.0,0.0,0.0,0.0,0.0,0.01733,0.0,0.0,0.0,0.0,0.0,0.0,0.0,0.0,0.0,0.0,0.16008,0.03502,0.0,0.0,0.0,0.13673,0.0,0.0,0.0,0.0,0.0,0.08915,0.12718,0.0,0.0,0.0,0.0,0.08402,0.13815,0.0,0.0,0.0,0.01657,0.20489,0.0,0.0,0.0,0.0,0.0,0.0,0.16008,0.06934,0.0,0.0,0.13744,0.00283,0.0,0.0,0.0,0.0,0.0,0.0,0.0,0.20719,0.00136,0.0,0.0,3.0495,4.3245,5.0,5.0,5.0,0,0.0,0.24574061224489796
465,0.0,0.0,0.0,0.0,0.0,0.0,0.0,0.0,0.0,0.0,0.0,0.0,0.0,0.0,0.0,0.0,0.0,0.0,0.0,0.0,0.0,0.0,0.0,0.0,0.0,0.0,0.0,0.0,0.0,0.0,0.0,0.0,0.0,0.0,0.0,0.0,0.0,0.0,0.0,0.0,0.0,0.0,0.0,0.0,0.0,0.0,0.0,0.0,0.0,0.0,0.0,0.0,0.0,0.0,0.0,0.0,0.0168,0.0,0.0,0.0,0.0,0.0,0.0,0.0,0.0,0.0,0.0,0.15855,0.03426,0.0,0.0,0.0,0.13939,0.0,0.0,0.0,0.0,0.0,0.08791,0.12541,0.0,0.0,0.0,0.0,0.08384,0.13779,0.0,0.0,0.0,0.01645,0.2082,0.0,0.0,0.0,0.0,0.0,0.0,0.16026,0.07022,0.0,0.0,0.14228,0.00313,0.0,0.0,0.0,0.0,0.0,0.0,0.0,0.20566,0.00183,0.0,0.0,3.086,4.2655,5.0,5.0,5.0,0,0.0,0.23235040816326533
466,0.0,0.0,0.0,0.0,0.0,0.0,0.0,0.0,0.0,0.0,0.0,0.0,0.0,0.0,0.0,0.0,0.0,0.0,0.0,0.0,0.0,0.0,0.0,0.0,0.0,0.0,0.0,0.0,0.0,0.0,0.0,0.0,0.0,0.0,0.0,0.0,0.0,0.0,0.0,0.0,0.0,0.0,0.0,0.0,0.0,0.0,0.0,0.0,0.0,0.0,0.0,0.0,0.0,0.0,0.0,0.0,0.01521,0.0,0.0,0.0,0.0,0.0,0.0,0.0,0.0,0.0,0.0,0.15454,0.03225,0.0,0.0,0.0,0.13726,0.0,0.0,0.0,0.0,0.0,0.08809,0.1263,0.0,0.0,0.0,0.0,0.08402,0.13868,0.0,0.0,0.0,0.01733,0.20607,0.0,0.0,0.0,0.0,0.0,0.0,0.16026,0.06987,0.0,0.0,0.12895,0.00265,0.0,0.0,0.0,0.0,0.0,0.0,0.0,0.21132,0.00413,0.0,0.0,3.0585,4.2765,5.0,5.0,5.0,0,0.0,0.3805242448979592
467,0.0,0.0,0.0,0.0,0.0,0.0,0.0,0.0,0.0,0.0,0.0,0.0,0.0,0.0,0.0,0.0,0.0,0.0,0.0,0.0,0.0,0.0,0.0,0.0,0.0,0.0,0.0,0.0,0.0,0.0,0.0,0.0,0.0,0.0,0.0,0.0,0.0,0.0,0.0,0.0,0.0,0.0,0.0,0.0,0.0,0.0,0.0,0.0,0.0,0.0,0.0,0.0,0.0,0.0,0.0,0.0,0.01504,0.0,0.0,0.0,0.0,0.0,0.0,0.0,0.0,0.0,0.0,0.15961,0.03514,0.0,0.0,0.0,0.14098,0.0,0.0,0.0,0.0,0.0,0.08933,0.12771,0.0,0.0,0.0,0.0,0.08508,0.13744,0.0,0.0,0.0,0.0168,0.20855,0.0,0.0,0.0,0.0,0.0,0.0,0.16061,0.0681,0.0,0.0,0.15059,0.00313,0.0,0.0,0.0,0.0,0.0,0.0,0.0,0.21327,0.00519,0.0,0.0,3.105,4.4175,5.0,5.0,5.0,0,0.0,0.5313761224489796
468,0.0,0.0,0.0,0.0,0.0,0.0,0.0,0.0,0.0,0.0,0.0,0.0,0.0,0.0,0.0,0.0,0.0,0.0,0.0,0.0,0.0,0.0,0.0,0.0,0.0,0.0,0.0,0.0,0.0,0.0,0.0,0.0,0.0,0.0,0.0,0.0,0.0,0.0,0.0,0.0,0.0,0.0,0.0,0.0,0.0,0.0,0.0,0.0,0.0,0.0,0.0,0.0,0.0,0.0,0.0,0.0,0.0046,0.0,0.0,0.0,0.0,0.0,0.0,0.0,0.0,0.0,0.0,0.1556,0.03367,0.0,0.0,0.0,0.13496,0.0,0.0,0.0,0.0,0.0,0.08791,0.12612,0.0,0.0,0.0,0.0,0.08491,0.13709,0.0,0.0,0.0,0.01568,0.20666,0.0,0.0,0.0,0.0,0.0,0.0,0.16167,0.06916,0.0,0.0,0.12476,0.0033,0.0,0.0,0.0,0.0,0.0,0.0,0.0,0.20607,0.00106,0.0,0.20557,3.0795,4.3575,5.0,5.0,5.0,0,0.0,0.6849060408163266
469,0.0,0.0,0.0,0.0,0.0,0.0,0.0,0.0,0.0,0.0,0.0,0.0,0.0,0.0,0.0,0.0,0.0,0.0,0.0,0.0,0.0,0.0,0.0,0.0,0.0,0.0,0.0,0.0,0.0,0.0,0.0,0.0,0.0,0.0,0.0,0.0,0.0,0.0,0.0,0.0,0.0,0.0,0.0,0.0,0.0,0.0,0.0,0.0,0.0,0.0,0.0,0.0,0.0,0.0,0.0,0.0,0.01645,0.0,0.0,0.0,0.0,0.0,0.0,0.0,0.0,0.0,0.0,0.15914,0.03597,0.0,0.0,0.0,0.13833,0.0,0.0,0.0,0.0,0.0,0.08703,0.12612,0.0,0.0,0.0,0.0,0.08438,0.13726,0.0,0.0,0.0,0.01698,0.2059,0.0,0.0,0.0,0.0,0.0,0.0,0.15973,0.07022,0.0,0.0,0.13225,0.00236,0.0,0.0,0.0,0.0,0.0,0.0,0.0,0.21032,0.0023,0.0,1.0,3.3455,5.0,5.0,5.0,5.0,0,0.0,0.8411139999999999
470,0.0,0.0,0.0,0.0,0.0,0.0,0.0,0.0,0.0,0.0,0.0,0.0,0.0,0.0,0.0,0.0,0.0,0.0,0.0,0.0,0.0,0.0,0.0,0.0,0.0,0.0,0.0,0.0,0.0,0.0,0.0,0.0,0.0,0.0,0.0,0.0,0.0,0.0,0.0,0.0,0.0,0.0,0.0,0.0,0.0,0.0,0.0,0.0,0.0,0.0,0.0,0.0,0.0,0.0,0.0,0.0,0.01433,0.0,0.0,0.0,0.0,0.0,0.0,0.0,0.00159,0.0,0.0,0.14369,0.05018,0.0,0.0,0.0,0.10666,0.0,0.0,0.0,0.0,0.0,0.07412,0.13585,0.0,0.0,0.0,0.0,0.1056,0.11869,0.0,0.0,0.0,0.00867,0.21368,0.0,0.0,0.0,0.0,0.0,0.0,0.17807,0.04835,0.0,0.0,0.16781,0.00767,0.0,0.0,0.0,0.0,0.0,0.0,0.0,0.20713,0.0,0.0,1.0,3.8235,5.0,5.0,5.0,5.0,0,0.0,0.989728
471,0.0,0.0,0.0,0.0,0.0,0.0,0.0,0.0,0.0,0.0,0.0,0.0,0.0,0.0,0.0,0.0,0.0,0.0,0.0,0.0,0.0,0.0,0.0,0.0,0.0,0.0,0.0,0.0,0.0,0.0,0.0,0.0,0.0,0.0,0.0,0.0,0.0,0.0,0.0,0.0,0.0,0.0,0.0,0.0,0.0,0.0,0.0,0.0,0.0,0.0,0.0,0.0,0.0,0.0,0.0,0.0,0.00106,0.0,0.0,0.0,0.0,0.0,0.0,0.0,0.0,0.0,0.0,0.14758,0.02081,0.0,0.0,0.0,0.08243,0.0,0.0,0.0,0.0,0.0,0.08455,0.12647,0.0,0.0,0.0,0.0,0.13426,0.0934,0.0,0.0,0.0,0.01474,0.20884,0.0,0.0,0.0,0.0,0.0,0.0,0.20224,0.02453,0.0,0.0,0.20861,0.00348,0.0,0.0,0.0,0.0,0.0,0.0,0.00088,0.21527,0.0,0.0,1.0,3.7495,5.0,5.0,5.0,5.0,0,0.0,0.97188056
472,0.0,0.0,0.0,0.0,0.0,0.0,0.0,0.0,0.0,0.0,0.0,0.0,0.0,0.0,0.0,0.0,0.0,0.0,0.0,0.0,0.0,0.0,0.0,0.0,0.0,0.0,0.0,0.0,0.0,0.0,0.0,0.0,0.0,0.0,0.0,0.0,0.0,0.0,0.0,0.0,0.0,0.0,0.0,0.0,0.0,0.0,0.0,0.0,0.0,0.0,0.0,0.0,0.0,0.0,0.0,0.0,0.0,0.0,0.0,0.0,0.0,0.0,0.0,0.0,0.0,0.0,0.0,0.15195,0.0,0.0,0.0,0.0,0.08508,0.0,0.0,0.0,0.0,0.0,0.13921,0.06722,0.0,0.0,0.0,0.0,0.16114,0.0635,0.0,0.0,0.0,0.06439,0.15248,0.0,0.0,0.0,0.0,0.0,0.0,0.2217,0.00755,0.0,0.00071,0.20802,0.0,0.0,0.0,0.0,0.0,0.0,0.0,0.01073,0.14741,0.0,0.0,1.0,3.4955,5.0,5.0,5.0,5.0,0,-0.069732,0.9541805866666667
473,0.0,0.0,0.0,0.0,0.0,0.0,0.0,0.0,0.0,0.0,0.0,0.0,0.0,0.0,0.0,0.0,0.0,0.0,0.0,0.0,0.0,0.0,0.0,0.0,0.0,0.0,0.0,0.0,0.0,0.0,0.0,0.0,0.0,0.0,0.0,0.0,0.0,0.0,0.0,0.0,0.0,0.0,0.0,0.0,0.0,0.0,0.0,0.0,0.0,0.0,0.0,0.0,0.0,0.0,0.0,0.0,0.0,0.0,0.0,0.0,0.0,0.0,0.0,0.0,0.0,0.0,0.01539,0.11551,0.0,0.0,0.0,0.03066,0.02152,0.0,0.0,0.0,0.0,0.0,0.20731,0.00071,0.0,0.0,0.0,0.00077,0.22476,0.0,0.0,0.0,0.0,0.16285,0.0533,0.0,0.0,0.0,0.0,0.0,0.04776,0.18184,0.0,0.0,0.0829,0.12264,0.0,0.0,0.0,0.0,0.0,0.0,0.0,0.11716,0.07105,0.0,0.0,0.94864,3.301,5.0,5.0,5.0,5.0,0,-0.18926199999999999,0.9370708533333334
474,0.0,0.0,0.0,0.0,0.0,0.0,0.0,0.0,0.0,0.0,0.0,0.0,0.0,0.0,0.0,0.0,0.0,0.0,0.0,0.0,0.0,0.0,0.0,0.0,0.0,0.0,0.0,0.0,0.0,0.0,0.0,0.0,0.0,0.0,0.0,0.0,0.0,0.0,0.0,0.0,0.0,0.0,0.0,0.0,0.0,0.0,0.0,0.0,0.0,0.0,0.0,0.0,0.0,0.0,0.0,0.0161,0.0,0.0,0.0,0.0,0.0,0.0,0.0,0.0,0.0,0.0,0.1684,0.02529,0.0,0.0,0.0,0.0,0.0,0.0,0.0,0.0,0.0,0.12034,0.0921,0.0,0.0,0.0,0.0,0.06344,0.07152,0.0,0.0,0.0,0.07983,0.14994,0.0,0.0,0.0,0.0,0.0,0.0,0.21563,0.00354,0.0,0.0,0.17653,0.0,0.0,0.0,0.0,0.0,0.0,0.0,0.01627,0.17547,0.0,0.0,0.0,0.75103,3.1415,5.0,5.0,5.0,5.0,0,-0.18926199999999999,0.9236368533333333
475,0.0,0.0,0.0,0.0,0.0,0.0,0.0,0.0,0.0,0.0,0.0,0.0,0.0,0.0,0.0,0.0,0.0,0.0,0.0,0.0,0.0,0.0,0.0,0.0,0.0,0.0,0.0,0.0,0.0,0.0,0.0,0.0,0.0,0.0,0.0,0.0,0.0,0.0,0.0,0.0,0.0,0.0,0.0,0.0,0.0,0.0,0.0,0.0,0.0,0.0,0.0,0.0,0.0,0.0,0.0,0.0,0.0,0.0,0.0,0.0,0.0,0.0,0.0,0.0,0.0,0.04328,0.10301,0.0,0.0,0.0,0.0,0.0,0.0,0.0,0.0,0.0,0.01781,0.20542,0.0,0.0,0.0,0.0,0.0,0.0,0.0,0.0,0.0,0.0,0.23267,0.00171,0.0,0.0,0.0,0.0,0.0,0.00873,0.00596,0.0,0.0,0.0,0.00743,0.0,0.0,0.0,0.0,0.0,0.0,0.0,0.00318,0.0,0.0,0.0,-0.34866,0.75893,4.0595,5.0,5.0,5.0,5.0,0,-0.18926199999999999,0.9339088533333333
476,0.0,0.0,0.0,0.0,0.0,0.0,0.0,0.0,0.0,0.0,0.0,0.0,0.0,0.0,0.0,0.0,0.0,0.0,0.0,0.0,0.0,0.0,0.0,0.0,0.0,0.0,0.0,0.0,0.0,0.0,0.0,0.0,0.0,0.0,0.0,0.0,0.0,0.0,0.0,0.0,0.0,0.0,0.0,0.0,0.0,0.0,0.0,0.0,0.0,0.0,0.0,0.0,0.0,0.0,0.0,0.0,0.0,0.0,0.0,0.0,0.0,0.0,0.0,0.0,0.0,0.0,0.12842,0.0,0.0,0.0,0.0,0.0,0.0,0.0,0.0,0.0,0.0,0.1898,0.03626,0.0,0.0,0.0,0.0,0.0,0.0,0.0,0.0,0.0,0.17211,0.06881,0.0,0.0,0.0,0.0,0.0,0.0,0.03644,0.0,0.0,0.0,0.08791,0.0,0.0,0.0,0.0,0.0,0.0,0.0,0.07394,0.0,0.0,0.0,-0.59765,0.79055,3.472,4.9285,5.0,5.0,5.0,0,-0.13946399999999998,0.9517562933333334
477,0.0,0.0,0.0,0.0,0.0,0.0,0.0,0.0,0.0,0.0,0.0,0.0,0.0,0.0,0.0,0.0,0.0,0.0,0.0,0.0,0.0,0.0,0.0,0.0,0.0,0.0,0.0,0.0,0.0,0.0,0.0,0.0,0.0,0.0,0.0,0.0,0.0,0.0,0.0,0.0,0.0,0.0,0.0,0.0,0.0,0.0,0.0,0.0,0.0,0.0,0.0,0.0,0.0,0.0,0.0,0.0,0.0,0.0,0.0,0.0,0.0,0.0,0.0,0.0,0.0,0.0,0.023,0.14009,0.0,0.0,0.0,0.0,0.0,0.0,0.0,0.0,0.0,0.00413,0.22583,0.0,0.0,0.0,0.0,0.0,0.0,0.0,0.0,0.0,0.0,0.22547,0.01439,0.0,0.0,0.0,0.0,0.0,0.0,0.0,0.0,0.0,0.19404,0.0398,0.0,0.0,0.0,0.0,0.0,0.0,0.0,0.0,0.0,0.0,0.0,0.93283,3.0575,4.4635,5.0,5.0,5.0,0,0.004258000000000007,0.9694562666666666
478,0.0,0.0,0.0,0.0,0.0,0.0,0.0,0.0,0.0,0.0,0.0,0.0,0.0,0.0,0.0,0.0,0.0,0.0,0.0,0.0,0.0,0.0,0.0,0.0,0.0,0.0,0.0,0.0,0.0,0.0,0.0,0.0,0.0,0.0,0.0,0.0,0.0,0.0,0.0,0.0,0.0,0.0,0.0,0.0,0.0,0.0,0.0,0.0,0.0,0.0,0.0,0.0,0.00195,0.0,0.0,0.0,0.03573,0.0,0.0,0.0,0.0,0.0,0.0,0.0,0.04157,0.0,0.0,0.08567,0.11987,0.0,0.0,0.0,0.0,0.0,0.0,0.0,0.0,0.0,0.0543,0.17689,0.0,0.0,0.0,0.0,0.0,0.18396,0.0,0.0,0.0,0.01975,0.22064,0.0,0.0,0.0,0.0,0.0,0.0,0.08296,0.12382,0.0,0.00112,0.22824,0.00218,0.0,0.0,0.0,0.0,0.0,0.0,0.0,0.0911,0.0,0.0,1.0,3.172,4.4545,5.0,5.0,5.0,0,0.12378800000000001,0.986566
479,0.0,0.0,0.0,0.0,0.0,0.0,0.0,0.0,0.0,0.0,0.0,0.0,0.0,0.0,0.0,0.0,0.0,0.0,0.0,0.0,0.0,0.0,0.0,0.0,0.0,0.0,0.0,0.0,0.0,0.0,0.0,0.0,0.0,0.0,0.0,0.0,0.0,0.0,0.0,0.0,0.0,0.0,0.0,0.0,0.0,0.0,0.0,0.0,0.0,0.0,0.0,0.0,0.0,0.0,0.0,0.0,0.00696,0.04328,0.0,0.0,0.0,0.0,0.0,0.0,0.0615,0.002,0.0,0.0,0.20684,0.00383,0.0,0.0,0.0,0.03432,0.0,0.0,0.0,0.0,0.0,0.19292,0.03774,0.0,0.0,0.0,0.0,0.11633,0.10088,0.0,0.0,0.0,0.14629,0.08508,0.0,0.0,0.0,0.0,0.0,0.0,0.20938,0.01562,0.0,0.09004,0.13779,0.0,0.0,0.0,0.0,0.0,0.0,0.0,0.00401,0.13414,0.24899,1.0,3.218,4.3175,5.0,5.0,5.0,0,0.12378800000000001,0.99605
480,0.0,0.0,0.0,0.0,0.0,0.0,0.0,0.0,0.0,0.0,0.0,0.0,0.0,0.0,0.0,0.0,0.0,0.0,0.0,0.0,0.0,0.0,0.0,0.0,0.0,0.0,0.0,0.0,0.0,0.0,0.0,0.0,0.0,0.0,0.0,0.0,0.0,0.0,0.0,0.0,0.0,0.0,0.0,0.0,0.0,0.0,0.0,0.0,0.0,0.0,0.0,0.0,0.0,0.0,0.0,0.0,0.001,0.05118,0.0,0.0,0.0,0.0,0.0,0.0,0.00018,0.00283,0.0,0.0,0.19534,0.01515,0.0,0.0,0.0,0.04688,0.0,0.0,0.0,0.0,0.0,0.15136,0.07223,0.0,0.0,0.0,0.0,0.08927,0.13184,0.0,0.0,0.0,0.10083,0.13337,0.0,0.0,0.0,0.0,0.0,0.0,0.17276,0.05189,0.0,0.03137,0.1908,0.0,0.0,0.0,0.0,0.0,0.0,0.0,0.0,0.17919,0.36995,1.0,2.7635,5.0,5.0,5.0,5.0,0,0.035560000000000015,0.9905200000000001
481,0.0,0.0,0.0,0.0,0.0,0.0,0.0,0.0,0.0,0.0,0.0,0.0,0.0,0.0,0.0,0.0,0.0,0.0,0.0,0.0,0.0,0.0,0.0,0.0,0.0,0.0,0.0,0.0,0.0,0.0,0.0,0.0,0.0,0.0,0.0,0.0,0.0,0.0,0.0,0.0,0.0,0.0,0.0,0.0,0.0,0.0,0.0,0.0,0.0,0.0,0.0,0.0,0.0,0.0,0.0,0.0,0.02777,0.0,0.0,0.0,0.0,0.0,0.0,0.0,0.0,0.0,0.0,0.16698,0.0398,0.0,0.0,0.0,0.05625,0.0,0.0,0.0,0.0,0.0,0.06633,0.127,0.0,0.0,0.0,0.0,0.05183,0.17264,0.0,0.0,0.0,0.00861,0.20596,0.0,0.0,0.0,0.0,0.0,0.0,0.11256,0.11297,0.0,0.0,0.16863,0.00755,0.0,0.0,0.0,0.0,0.0,0.0,0.0,0.16232,0.02748,0.0,1.0,3.1615,5.0,5.0,5.0,5.0,0,-0.10389,0.9834099999999999
482,0.0,0.0,0.0,0.0,0.0,0.0,0.0,0.0,0.0,0.0,0.0,0.0,0.0,0.0,0.0,0.0,0.0,0.0,0.0,0.0,0.0,0.0,0.0,0.0,0.0,0.0,0.0,0.0,0.0,0.0,0.0,0.0,0.0,0.0,0.0,0.0,0.0,0.0,0.0,0.0,0.0,0.0,0.0,0.0,0.0,0.0,0.0,0.0,0.0,0.0,0.0,0.0,0.0,0.0,0.0,0.0,0.0,0.0,0.0,0.0,0.0,0.0,0.0,0.0,0.0,0.0,0.10649,0.06156,0.0,0.0,0.0,0.0,0.0,0.0,0.0,0.0,0.0,0.03803,0.15955,0.0,0.0,0.0,0.0,0.0,0.05607,0.0,0.0,0.0,0.0,0.20537,0.0,0.0,0.0,0.0,0.0,0.0,0.04829,0.17901,0.0,0.0,0.17052,0.03785,0.0,0.0,0.0,0.0,0.0,0.0,0.0,0.11197,0.0888,0.0,0.0,0.98025,2.9075,4.9885,5.0,5.0,5.0,0,-0.17787999999999998,0.974718
483,0.0,0.0,0.0,0.0,0.0,0.0,0.0,0.0,0.0,0.0,0.0,0.0,0.0,0.0,0.0,0.0,0.0,0.0,0.0,0.0,0.0,0.0,0.0,0.0,0.0,0.0,0.0,0.0,0.0,0.0,0.0,0.0,0.0,0.0,0.0,0.0,0.0,0.0,0.0,0.0,0.0,0.0,0.0,0.0,0.0,0.0,0.0,0.0,0.0,0.0,0.0,0.0,0.0,0.0,0.0,0.0,0.0,0.0,0.0,0.0,0.0,0.0,0.0,0.0,0.0,0.08591,0.1,0.0,0.0,0.0,0.0,0.0,0.00425,0.00937,0.0,0.0,0.04623,0.15083,0.0,0.0,0.0,0.0,0.0,0.0,0.0,0.0,0.0,0.0,0.19634,0.0,0.0,0.0,0.0,0.0,0.0,0.0,0.0,0.0,0.0,0.0,0.0,0.0,0.0,0.0,0.0,0.0,0.0,0.0,0.0,0.00354,0.0,0.0,-0.44114,0.97235,4.4485,5.0,5.0,5.0,5.0,0,0.002120000000000033,0.9660259999999999
484,0.0,0.0,0.0,0.0,0.0,0.0,0.0,0.0,0.0,0.0,0.0,0.0,0.0,0.0,0.0,0.0,0.0,0.0,0.0,0.0,0.0,0.0,0.0,0.0,0.0,0.0,0.0,0.0,0.0,0.0,0.0,0.0,0.0,0.0,0.0,0.0,0.0,0.0,0.0,0.0,0.0,0.0,0.0,0.0,0.0,0.0,0.0,0.0,0.0,0.0,0.0,0.0,0.0,0.0,0.0,0.02017,0.0,0.0,0.0,0.0,0.0,0.0,0.0,0.0,0.0,0.0,0.05077,0.16044,0.0,0.0,0.0,0.0,0.0,0.0,0.0,0.0,0.0,0.02529,0.18449,0.0,0.0,0.0,0.0,0.0,0.0,0.0,0.0,0.0,0.00613,0.20348,0.0,0.0,0.0,0.0,0.0,0.0,0.0,0.0,0.0,0.0,0.14682,0.0069,0.0,0.0,0.0,0.0,0.0,0.0,0.0,0.0,0.0,0.0,-0.44826,0.96445,3.4795,5.0,5.0,5.0,5.0,0,0.18212000000000003,0.961284
485,0.0,0.0,0.0,0.0,0.0,0.0,0.0,0.0,0.0,0.0,0.0,0.0,0.0,0.0,0.0,0.0,0.0,0.0,0.0,0.0,0.0,0.0,0.0,0.0,0.0,0.0,0.0,0.0,0.0,0.0,0.0,0.0,0.0,0.0,0.0,0.0,0.0,0.0,0.0,0.0,0.0,0.0,0.0,0.0,0.0,0.0,0.0,0.0,0.0,0.0,0.0,0.0,0.0,0.0,0.0,0.0,0.02683,0.02659,0.0,0.0,0.0,0.0,0.0,0.0,0.0,0.0,0.0,0.01574,0.20218,0.0,0.0,0.0,0.0,0.0,0.0,0.0,0.0,0.0,0.00106,0.2171,0.001,0.0,0.0,0.0,0.0,0.0,0.0,0.0,0.0,0.0,0.2082,0.02087,0.0,0.0,0.0,0.0,0.0,0.0,0.0,0.0,0.0,0.12146,0.04994,0.0,0.0,0.0,0.0,0.0,0.0,0.0,0.0,0.0,0.0,0.95654,3.0485,5.0,5.0,5.0,5.0,0,0.27034800000000003,0.958122
486,0.0,0.0,0.0,0.0,0.0,0.0,0.0,0.0,0.0,0.0,0.0,0.0,0.0,0.0,0.0,0.0,0.0,0.0,0.0,0.0,0.0,0.0,0.0,0.0,0.0,0.0,0.0,0.0,0.0,0.0,0.0,0.0,0.0,0.0,0.0,0.0,0.0,0.0,0.0,0.0,0.0,0.0,0.0,0.0,0.0,0.0,0.0,0.0,0.0,0.0,0.0,0.0,0.0,0.0,0.0,0.0,0.0,0.0,0.01663,0.0,0.0,0.0,0.0,0.0,0.03508,0.06521,0.0,0.0,0.0,0.11621,0.10206,0.0,0.0,0.0,0.0,0.0,0.0,0.0,0.0,0.0,0.06433,0.16403,0.0,0.0,0.0,0.0,0.0,0.0,0.0,0.0,0.0,0.00584,0.20749,0.0,0.0,0.0,0.0,0.0,0.0,0.0,0.0,0.0,0.0,0.18373,0.0089,0.0,0.0,0.0,0.0,0.0,0.0,0.0,0.9,0.95654,2.5515,5.0,5.0,5.0,5.0,0,0.18782200000000004,0.9486359999999999
487,0.0,0.0,0.0,0.0,0.0,0.0,0.0,0.0,0.0,0.0,0.0,0.0,0.0,0.0,0.0,0.0,0.0,0.0,0.0,0.0,0.0,0.0,0.0,0.0,0.0,0.0,0.0,0.0,0.0,0.0,0.0,0.0,0.0,0.0,0.0,0.0,0.0,0.0,0.0,0.0,0.0,0.0,0.0,0.0,0.0,0.0,0.0,0.0,0.0,0.0,0.0,0.0,0.0,0.0,0.0,0.0,0.0,0.0,0.0,0.0,0.0,0.0,0.0,0.0,0.0,0.00743,0.0,0.0,0.0,0.0,0.0,0.0,0.0,0.0,0.00849,0.1033,0.0,0.0,0.0,0.0,0.00283,0.01397,0.0,0.0,0.0,0.0,0.0,0.0,0.0,0.0,0.0,0.0,0.0819,0.0,0.0,0.0,0.0,0.0,0.0,0.0,0.0,0.0,0.0,0.0602,0.02417,0.0,0.0,0.0,0.0,0.0,0.0,0.0,0.9,0.95654,2.5615,5.0,5.0,5.0,5.0,0,0.007822000000000018,0.93599
488,0.0,0.0,0.0,0.0,0.0,0.0,0.0,0.0,0.0,0.0,0.0,0.0,0.0,0.0,0.0,0.0,0.0,0.0,0.0,0.0,0.0,0.0,0.0,0.0,0.0,0.0,0.0,0.0,0.0,0.0,0.0,0.0,0.0,0.0,0.0,0.0,0.0,0.0,0.0,0.0,0.0,0.0,0.0,0.0,0.0,0.0,0.0,0.0,0.0,0.0,0.0,0.0,0.0,0.0,0.0,0.0,0.0,0.0,0.0,0.0,0.0,0.0,0.0,0.0,0.0,0.0,0.0,0.0,0.0,0.0,0.0,0.0,0.0,0.02636,0.09428,0.00354,0.0,0.0,0.0,0.0,0.0,0.0,0.0,0.0,0.0,0.0,0.00796,0.0934,0.0,0.0,0.0,0.0,0.0,0.0,0.0,0.0,0.0,0.0,0.0,0.0,0.0,0.0,0.0,0.0,0.0,0.0,0.0,0.0,0.0,0.0,0.0,0.0,0.0,0.95654,5.0,5.0,5.0,5.0,5.0,0,-0.14229999999999998,0.9233439999999999
489,0.0,0.0,0.0,0.0,0.0,0.0,0.0,0.0,0.0,0.0,0.0,0.0,0.0,0.0,0.0,0.0,0.0,0.0,0.0,0.0,0.0,0.0,0.0,0.0,0.0,0.0,0.0,0.0,0.0,0.0,0.0,0.0,0.0,0.0,0.0,0.0,0.0,0.0,0.0,0.0,0.0,0.0,0.0,0.0,0.0,0.0,0.0,0.0,0.0,0.0,0.0,0.0,0.0,0.0,0.0,0.0,0.0,0.0,0.0,0.0,0.0,0.0,0.0,0.0,0.0,0.0,0.0,0.0,0.0,0.0,0.0,0.00106,0.05519,0.00566,0.0,0.0,0.0,0.0,0.0,0.0,0.0,0.0,0.0,0.0,0.00018,0.09823,0.07553,0.00507,0.0,0.03113,0.0,0.0,0.0,0.0,0.0,0.0,0.0,0.0,0.0,0.0,0.0,0.00142,0.0,0.0,0.0,0.0,0.0,0.0,0.0,0.0,0.0,0.0,-0.86089,0.91702,5.0,5.0,5.0,5.0,5.0,0,-0.14229999999999998,0.910698
490,0.0,0.0,0.0,0.0,0.0,0.0,0.0,0.0,0.0,0.0,0.0,0.0,0.0,0.0,0.0,0.0,0.0,0.0,0.0,0.0,0.0,0.0,0.0,0.0,0.0,0.0,0.0,0.0,0.0,0.0,0.0,0.0,0.0,0.0,0.0,0.0,0.0,0.0,0.0,0.0,0.0,0.0,0.0,0.0,0.0,0.0,0.0,0.0,0.0,0.0,0.0,0.0,0.0,0.0,0.0,0.0,0.0,0.0,0.0,0.0,0.0,0.0,0.0,0.0,0.0,0.0,0.05147,0.06014,0.0,0.0,0.0,0.0,0.06262,0.0,0.0,0.0,0.0,0.0,0.13673,0.0,0.0,0.0,0.0,0.0,0.05643,0.15879,0.08797,0.0,0.0,0.12978,0.03508,0.0,0.0,0.0,0.0,0.0,0.0,0.0,0.0645,0.11698,0.03656,0.14121,0.0,0.0,0.0,0.0,0.0,0.0,0.0,0.0,0.0,0.0,-0.9,0.89331,4.5075,5.0,5.0,5.0,5.0,0,-0.14229999999999998,0.8980520000000001
491,0.0,0.0,0.0,0.0,0.0,0.0,0.0,0.0,0.0,0.0,0.0,0.0,0.0,0.0,0.0,0.0,0.0,0.0,0.0,0.0,0.0,0.0,0.0,0.0,0.0,0.0,0.0,0.0,0.0,0.0,0.0,0.0,0.0,0.0,0.0,0.0,0.0,0.0,0.0,0.0,0.0,0.0,0.0,0.0,0.0,0.0,0.0,0.0,0.0,0.0,0.0,0.0,0.0,0.0,0.0,0.0,0.0,0.0,0.0,0.0,0.0,0.0,0.0,0.0,0.0,0.0,0.0,0.0,0.14682,0.0,0.0,0.0,0.0,0.02264,0.0,0.0,0.0,0.0,0.0,0.10436,0.05519,0.0,0.0,0.0,0.0,0.00607,0.17889,0.00802,0.0,0.0,0.026,0.16397,0.0,0.0,0.0,0.0,0.0,0.0,0.00413,0.1786,0.0,0.0,0.15743,0.0,0.0,0.0,0.0,0.0,0.0,0.0,0.0,0.0,0.14939,0.89331,3.0385,5.0,5.0,5.0,5.0,0,0.029878000000000026,0.89331
492,0.0,0.0,0.0,0.0,0.0,0.0,0.0,0.0,0.0,0.0,0.0,0.0,0.0,0.0,0.0,0.0,0.0,0.0,0.0,0.0,0.0,0.0,0.0,0.0,0.0,0.0,0.0,0.0,0.0,0.0,0.0,0.0,0.0,0.0,0.0,0.0,0.0,0.0,0.0,0.0,0.0,0.0,0.0,0.0,0.0,0.0,0.0,0.0,0.0,0.0,0.0,0.0,0.0,0.00035,0.0,0.0,0.0,0.0184,0.0,0.0,0.0,0.0,0.0,0.0,0.05153,0.02683,0.0,0.0,0.0,0.19121,0.0,0.0,0.0,0.00318,0.14452,0.0,0.0,0.0,0.0,0.0,0.09133,0.06557,0.0,0.0,0.0,0.0,0.06162,0.15879,0.0,0.0,0.0,0.00242,0.18526,0.0,0.0,0.0,0.0,0.0,0.0,0.06792,0.0,0.0,0.0,0.16722,0.01745,0.0,0.0,0.0,0.0,0.0,0.0,0.0,0.9,0.89331,2.1985,4.6565,5.0,5.0,5.0,0,0.20987800000000006,0.89331
493,0.0,0.0,0.0,0.0,0.0,0.0,0.0,0.0,0.0,0.0,0.0,0.0,0.0,0.0,0.0,0.0,0.0,0.0,0.0,0.0,0.0,0.0,0.0,0.0,0.0,0.0,0.0,0.0,0.0,0.0,0.0,0.0,0.0,0.0,0.0,0.0,0.0,0.0,0.0,0.0,0.0,0.0,0.0,0.0,0.0,0.0,0.0,0.0,0.0,0.0,0.0,0.0,0.0,0.0,0.0,0.0,0.0,0.0,0.0,0.0,0.0,0.0,0.0,0.0,0.00106,0.0,0.0,0.0,0.00035,0.02901,0.0,0.0,0.0,0.17453,0.0105,0.0,0.0,0.0,0.0,0.0,0.0,0.0,0.0,0.0,0.0,0.00283,0.20784,0.01203,0.0,0.0,0.0,0.0,0.0,0.0,0.0,0.0,0.0,0.0,0.00436,0.21958,0.0,0.0,0.0,0.00407,0.0,0.0,0.0,0.0,0.0,0.0,0.0,0.0,0.0,0.89331,2.2465,4.6915,5.0,5.0,5.0,0,0.18000000000000002,0.864854
494,0.0,0.0,0.0,0.0,0.0,0.0,0.0,0.0,0.0,0.0,0.0,0.0,0.0,0.0,0.0,0.0,0.0,0.0,0.0,0.0,0.0,0.0,0.0,0.0,0.0,0.0,0.0,0.0,0.0,0.0,0.0,0.0,0.0,0.0,0.0,0.0,0.0,0.0,0.0,0.0,0.0,0.0,0.0,0.0,0.0,0.0,0.0,0.0,0.0,0.0,0.0,0.0,0.0,0.0,0.0,0.0,0.0,0.0,0.0,0.0,0.0,0.0,0.0,0.0,0.0,0.0,0.0,0.0,0.02193,0.0,0.0,0.0,0.14452,0.0658,0.0,0.0,0.0,0.0,0.0,0.0,0.0,0.0,0.0,0.0,0.0,0.16262,0.06981,0.0,0.0,0.0,0.0,0.0,0.0,0.0,0.0,0.0,0.0,0.0,0.16722,0.07052,0.0,0.0,0.0,0.0,0.0,0.0,0.0,0.0,0.0,0.0,0.0,0.15035,0.0,0.89331,3.5245,5.0,5.0,5.0,5.0,0,0.0,0.81584
495,0.0,0.0,0.0,0.0,0.0,0.0,0.0,0.0,0.0,0.0,0.0,0.0,0.0,0.0,0.0,0.0,0.0,0.0,0.0,0.0,0.0,0.0,0.0,0.0,0.0,0.0,0.0,0.0,0.0,0.0,0.0,0.0,0.0,0.0,0.0,0.0,0.0,0.0,0.0,0.0,0.0,0.0,0.0,0.0,0.0,0.0,0.0,0.0,0.0,0.0,0.0,0.0,0.0,0.0,0.0,0.00124,0.00354,0.0,0.0,0.0,0.0,0.0,0.0,0.0,0.0,0.0,0.0,0.17524,0.00855,0.0,0.0,0.0115,0.19298,0.0,0.0,0.0,0.0,0.0,0.0,0.0987,0.0,0.0,0.0,0.0,0.02246,0.2105,0.00071,0.0,0.0,0.0,0.00407,0.0,0.0,0.0,0.0,0.0,0.0,0.01993,0.21981,0.00153,0.0,0.0,0.01327,0.0,0.0,0.0,0.0,0.0,0.0,0.0,0.01627,0.20413,0.0,0.89331,3.3575,5.0,5.0,5.0,5.0,0,-0.11952999999999998,0.765246
496,0.0,0.0,0.0,0.0,0.0,0.0,0.0,0.0,0.0,0.0,0.0,0.0,0.0,0.0,0.0,0.0,0.0,0.0,0.0,0.0,0.0,0.0,0.0,0.0,0.0,0.0,0.0,0.0,0.0,0.0,0.0,0.0,0.0,0.0,0.0,0.0,0.0,0.0,0.0,0.0,0.0,0.0,0.0,0.0,0.0,0.0,0.0,0.0,0.0,0.0,0.0,0.0,0.0,0.0,0.0,0.02052,0.0,0.0,0.0,0.00195,0.0,0.0,0.0,0.0,0.0,0.0,0.01362,0.18131,0.0,0.0,0.0,0.09835,0.10896,0.0,0.0,0.0,0.0,0.0,0.16663,0.00071,0.0,0.0,0.0,0.0,0.12294,0.10896,0.0,0.0,0.0,0.04711,0.11226,0.0,0.0,0.0,0.0,0.0,0.0,0.13172,0.11114,0.0,0.0,0.03485,0.0,0.0,0.0,0.0,0.0,0.0,0.0,0.0,0.12972,0.1158,0.0,0.75103,3.3375,5.0,5.0,5.0,5.0,0,-0.11952999999999998,0.782634
497,0.0,0.0,0.0,0.0,0.0,0.0,0.0,0.0,0.0,0.0,0.0,0.0,0.0,0.0,0.0,0.0,0.0,0.0,0.0,0.0,0.0,0.0,0.0,0.0,0.0,0.0,0.0,0.0,0.0,0.0,0.0,0.0,0.0,0.0,0.0,0.0,0.0,0.0,0.0,0.0,0.0,0.0,0.0,0.0,0.0,0.0,0.0,0.0,0.0,0.0,0.0,0.0,0.0,0.0,0.0,0.0115,0.0,0.0,0.0,0.0,0.0,0.0,0.0,0.0,0.0,0.0,0.0957,0.12081,0.0,0.0,0.0,0.15171,0.03119,0.0,0.0,0.0,0.0,0.0184,0.18255,0.0,0.0,0.0,0.0,0.0,0.21244,0.02246,0.0,0.0,0.0,0.16462,0.00147,0.0,0.0,0.0,0.0,0.0,0.00035,0.22046,0.01515,0.0,0.0434,0.05619,0.0,0.0,0.0,0.0,0.0,0.0,0.0,0.00271,0.2217,0.01386,0.0,0.64824,3.7015,5.0,5.0,5.0,5.0,0,-0.11952999999999998,0.8039719999999999
498,0.0,0.0,0.0,0.0,0.0,0.0,0.0,0.0,0.0,0.0,0.0,0.0,0.0,0.0,0.0,0.0,0.0,0.0,0.0,0.0,0.0,0.0,0.0,0.0,0.0,0.0,0.0,0.0,0.0,0.0,0.0,0.0,0.0,0.0,0.0,0.0,0.0,0.0,0.0,0.0,0.0,0.0,0.0,0.0,0.0,0.0,0.0,0.0,0.0,0.0,0.0,0.0,0.0,0.0,0.0,0.02034,0.0,0.0,0.0,0.0,0.0,0.0,0.0,0.0,0.0,0.0,0.13479,0.0796,0.0,0.0,0.0,0.14098,0.0,0.0,0.0,0.0,0.0,0.13054,0.09357,0.0,0.0,0.0,0.0,0.06067,0.17193,0.0,0.0,0.0,0.03196,0.17429,0.0,0.0,0.0,0.0,0.0,0.0,0.07341,0.16203,0.0,0.0,0.15265,0.0,0.0,0.0,0.0,0.0,0.0,0.0,0.0,0.08797,0.14729,0.0,-0.59765,0.64034,3.9135,5.0,5.0,5.0,5.0,0,-0.11952999999999998,0.8537659999999999
499,0.0,0.0,0.0,0.0,0.0,0.0,0.0,0.0,0.0,0.0,0.0,0.0,0.0,0.0,0.0,0.0,0.0,0.0,0.0,0.0,0.0,0.0,0.0,0.0,0.0,0.0,0.0,0.0,0.0,0.0,0.0,0.0,0.0,0.0,0.0,0.0,0.0,0.0,0.0,0.0,0.0,0.0,0.0,0.0,0.0,0.0,0.0,0.0,0.0,0.0,0.0,0.0,0.0,0.0,0.0,0.01893,0.0,0.0,0.0,0.0,0.0,0.0,0.0,0.0,0.0,0.0,0.10737,0.11445,0.0,0.0,0.0,0.13461,0.0,0.0,0.0,0.0,0.0,0.10236,0.11787,0.0,0.0,0.0,0.0,0.05094,0.18325,0.0,0.0,0.0,0.00619,0.1944,0.0,0.0,0.0,0.0,0.0,0.0,0.05855,0.18096,0.0,0.0,0.1543,0.00419,0.0,0.0,0.0,0.0,0.0,0.0,0.0,0.07429,0.16344,0.0,0.0,0.98025,5.0,5.0,5.0,5.0,5.0,0,-0.11952999999999998,0.896456
500,0.0,0.0,0.0,0.0,0.0,0.0,0.0,0.0,0.0,0.0,0.0,0.0,0.0,0.0,0.0,0.0,0.0,0.0,0.0,0.0,0.0,0.0,0.0,0.0,0.0,0.0,0.0,0.0,0.0,0.0,0.0,0.0,0.0,0.0,0.0,0.0,0.0,0.0,0.0,0.0,0.0,0.0,0.0,0.0,0.0,0.0,0.0,0.0,0.0,0.0,0.0,0.0,0.0,0.0,0.0,0.0069,0.0,0.0,0.0,0.0,0.0,0.0,0.0,0.0,0.0,0.0,0.08703,0.1431,0.0,0.0,0.0,0.14239,0.0,0.0,0.0,0.0,0.0,0.06686,0.16114,0.0,0.0,0.0,0.0,0.04434,0.1865,0.0,0.0,0.0,0.0,0.20678,0.0,0.0,0.0,0.0,0.0,0.0,0.05873,0.1829,0.0,0.0,0.14864,0.03567,0.0,0.0,0.0,0.0,0.0,0.0,0.0,0.07323,0.16061,0.0,0.0,1.0,4.8145,5.0,5.0,5.0,5.0,0,0.04268400000000002,0.9512782666666666
501,0.0,0.0,0.0,0.0,0.0,0.0,0.0,0.0,0.0,0.0,0.0,0.0,0.0,0.0,0.0,0.0,0.0,0.0,0.0,0.0,0.0,0.0,0.0,0.0,0.0,0.0,0.0,0.0,0.0,0.0,0.0,0.0,0.0,0.0,0.0,0.0,0.0,0.0,0.0,0.0,0.0,0.0,0.0,0.0,0.0,0.0,0.0,0.0,0.0,0.0,0.0,0.0,0.0,0.0,0.0,0.0,0.00548,0.0,0.0,0.0,0.0,0.0,0.0,0.0,0.0,0.0,0.01097,0.18219,0.05377,0.0,0.0,0.02541,0.01474,0.0,0.0,0.0,0.0,0.00814,0.22323,0.00265,0.0,0.0,0.0,0.00248,0.21969,0.0,0.0,0.0,0.0,0.22594,0.00825,0.0,0.0,0.0,0.0,0.0,0.04882,0.18555,0.0,0.0,0.13261,0.06338,0.0,0.0,0.0,0.0,0.0,0.0,0.0,0.07146,0.16557,0.0,0.0,1.0,4.9615,5.0,5.0,5.0,5.0,0,0.06829400000000002,0.9385611199999999
502,0.0,0.0,0.0,0.0,0.0,0.0,0.0,0.0,0.0,0.0,0.0,0.0,0.0,0.0,0.0,0.0,0.0,0.0,0.0,0.0,0.0,0.0,0.0,0.0,0.0,0.0,0.0,0.0,0.0,0.0,0.0,0.0,0.0,0.0,0.0,0.0,0.0,0.0,0.0,0.0,0.0,0.0,0.0,0.0,0.0,0.0,0.0,0.0,0.0,0.0,0.0,0.0,0.0,0.0,0.0,0.0,0.0,0.0,0.0,0.0,0.0,0.0,0.0,0.0,0.0,0.0,0.0,0.10112,0.11327,0.0,0.0,0.0,0.00071,0.0,0.0,0.0,0.0,0.0,0.15796,0.08862,0.0,0.0,0.0,0.0,0.12081,0.00743,0.0,0.0,0.0,0.1582,0.08255,0.0,0.0,0.0,0.0,0.0,0.00849,0.21616,0.0,0.0,0.10077,0.12476,0.0,0.0,0.0,0.0,0.0,0.0,0.0,0.06445,0.16904,0.0,0.0,0.86169,4.5295,5.0,5.0,5.0,5.0,0,0.24330600000000002,0.9218939733333332
503,0.0,0.0,0.0,0.0,0.0,0.0,0.0,0.0,0.0,0.0,0.0,0.0,0.0,0.0,0.0,0.0,0.0,0.0,0.0,0.0,0.0,0.0,0.0,0.0,0.0,0.0,0.0,0.0,0.0,0.0,0.0,0.0,0.0,0.0,0.0,0.0,0.0,0.0,0.0,0.0,0.0,0.0,0.0,0.0,0.0,0.0,0.0,0.0,0.0,0.0,0.0,0.0,0.0,0.0,0.0,0.0,0.0,0.0,0.0,0.0,0.0,0.0,0.0,0.0,0.0,0.0,0.0,0.0,0.15749,0.03762,0.0,0.0,0.0,0.0,0.0,0.0,0.0,0.0,0.01963,0.20147,0.02494,0.0,0.0,0.0,0.0,0.0,0.0,0.0,0.0,0.02677,0.22176,0.00053,0.0,0.0,0.0,0.0,0.0,0.13455,0.05631,0.0,0.01091,0.22624,0.00041,0.0,0.0,0.0,0.0,0.0,0.0,0.0,0.21893,0.00112,0.21342,0.79055,4.4445,5.0,5.0,5.0,5.0,0,0.375634,0.9084599733333334
504,0.0,0.0,0.0,0.0,0.0,0.0,0.0,0.0,0.0,0.0,0.0,0.0,0.0,0.0,0.0,0.0,0.0,0.0,0.0,0.0,0.0,0.0,0.0,0.0,0.0,0.0,0.0,0.0,0.0,0.0,0.0,0.0,0.0,0.0,0.0,0.0,0.0,0.0,0.0,0.0,0.0,0.0,0.0,0.0,0.0,0.0,0.0,0.0,0.0,0.0,0.0,0.0,0.0,0.0,0.0,0.0,0.0,0.0,0.0,0.0,0.0,0.0,0.0,0.0,0.0,0.0,0.0,0.0,0.10849,0.073,0.0,0.0,0.0,0.0,0.0,0.02919,0.0,0.0,0.0,0.17064,0.08213,0.0,0.0,0.0,0.0,0.0,0.0,0.0,0.0,0.00029,0.20861,0.04263,0.0,0.0,0.0,0.0,0.0,0.0,0.03838,0.0,0.0,0.21633,0.02795,0.0,0.0,0.0,0.0,0.0,0.0,0.0,0.14599,0.00525,0.12805,0.81426,4.0875,5.0,5.0,5.0,5.0,0,0.492306,0.9305919733333333
505,0.0,0.0,0.0,0.0,0.0,0.0,0.0,0.0,0.0,0.0,0.0,0.0,0.0,0.0,0.0,0.0,0.0,0.0,0.0,0.0,0.0,0.0,0.0,0.0,0.0,0.0,0.0,0.0,0.0,0.0,0.0,0.0,0.0,0.0,0.0,0.0,0.0,0.0,0.0,0.0,0.0,0.0,0.0,0.0,0.0,0.0,0.0,0.0,0.0,0.0,0.0,0.0,0.0,0.0,0.0,0.0,0.0,0.0,0.0,0.0,0.0,0.0,0.0,0.0,0.0,0.0,0.0,0.0,0.08897,0.05784,0.0,0.0,0.0,0.0,0.0,0.0,0.0,0.0,0.0,0.15,0.09676,0.0,0.0,0.0,0.0,0.0,0.05926,0.0,0.0,0.0,0.18591,0.06545,0.0,0.0,0.0,0.0,0.0,0.0,0.0,0.0,0.0,0.20318,0.04322,0.0,0.0,0.0,0.0,0.0,0.0,0.0,0.0,0.0,0.87506,0.81426,3.1495,5.0,5.0,5.0,5.0,0,0.40550600000000003,0.9168777066666667
506,0.0,0.0,0.0,0.0,0.0,0.0,0.0,0.0,0.0,0.0,0.0,0.0,0.0,0.0,0.0,0.0,0.0,0.0,0.0,0.0,0.0,0.0,0.0,0.0,0.0,0.0,0.0,0.0,0.0,0.0,0.0,0.0,0.0,0.0,0.0,0.0,0.0,0.0,0.0,0.0,0.0,0.0,0.0,0.0,0.0,0.0,0.0,0.0,0.0,0.0,0.0,0.0,0.0,0.0,0.0,0.0,0.0,0.0,0.0,0.0,0.0,0.0,0.0,0.0,0.0,0.0,0.0,0.0,0.10454,0.0,0.0,0.0,0.0,0.0,0.0,0.0,0.0,0.0,0.01787,0.19882,0.0306,0.0,0.0,0.0,0.0,0.00537,0.1105,0.0,0.0,0.03933,0.2115,0.00053,0.0,0.0,0.0,0.0,0.0,0.0,0.0,0.0,0.05142,0.19357,0.0,0.0,0.0,0.0,0.0,0.0,0.0,0.0,0.0,0.0,0.66164,0.93283,3.1945,5.0,5.0,5.0,5.0,0,0.19989600000000002,0.9043028533333335
507,0.0,0.0,0.0,0.0,0.0,0.0,0.0,0.0,0.0,0.0,0.0,0.0,0.0,0.0,0.0,0.0,0.0,0.0,0.0,0.0,0.0,0.0,0.0,0.0,0.0,0.0,0.0,0.0,0.0,0.0,0.0,0.0,0.0,0.0,0.0,0.0,0.0,0.0,0.0,0.0,0.0,0.0,0.0,0.0,0.0,0.0,0.0,0.0,0.0,0.0,0.0,0.0,0.0,0.0,0.0,0.0,0.0,0.0,0.0,0.0,0.0,0.0,0.0,0.0,0.0,0.0,0.0,0.03261,0.04416,0.0,0.0,0.0,0.0,0.0,0.00725,0.0,0.0,0.0,0.10436,0.14399,0.0,0.0,0.0,0.0,0.0,0.12229,0.05248,0.0,0.0,0.14664,0.10259,0.0,0.0,0.0,0.0,0.0,0.0,0.00301,0.0,0.0,0.15884,0.09251,0.0,0.0,0.0,0.0,0.0,0.0,0.0,0.0,0.0,0.0,0.58336,0.97235,3.6605,5.0,5.0,5.0,5.0,0,0.024884000000000038,0.8775000000000001
508,0.0,0.0,0.0,0.0,0.0,0.0,0.0,0.0,0.0,0.0,0.0,0.0,0.0,0.0,0.0,0.0,0.0,0.0,0.0,0.0,0.0,0.0,0.0,0.0,0.0,0.0,0.0,0.0,0.0,0.0,0.0,0.0,0.0,0.0,0.0,0.0,0.0,0.0,0.0,0.0,0.0,0.0,0.0,0.0,0.0,0.0,0.0,0.0,0.0,0.0,0.0,0.0,0.0,0.0,0.0,0.0,0.0,0.0,0.0,0.0,0.0,0.0,0.0,0.0,0.0,0.0,0.0,0.00318,0.0,0.0,0.0,0.0,0.0,0.02406,0.06002,0.00383,0.0,0.00985,0.17712,0.05943,0.0,0.0,0.0,0.0,0.00053,0.19228,0.0,0.0,0.05548,0.19746,0.00371,0.0,0.0,0.0,0.0,0.0,0.03697,0.0184,0.0,0.0,0.16238,0.0,0.0,0.0,0.0,0.0,0.0,0.0,0.0,0.0,0.0,0.0,-0.22058,0.84588,3.5695,5.0,5.0,5.0,5.0,0,0.07255600000000004,0.87087288
509,0.0,0.0,0.0,0.0,0.0,0.0,0.0,0.0,0.0,0.0,0.0,0.0,0.0,0.0,0.0,0.0,0.0,0.0,0.0,0.0,0.0,0.0,0.0,0.0,0.0,0.0,0.0,0.0,0.0,0.0,0.0,0.0,0.0,0.0,0.0,0.0,0.0,0.0,0.0,0.0,0.0,0.0,0.0,0.0,0.0,0.0,0.0,0.0,0.0,0.0,0.0,0.0,0.0,0.0,0.0,0.0,0.0,0.0,0.0,0.0,0.0,0.0,0.0,0.0,0.0,0.0,0.0,0.0,0.0,0.0,0.0,0.0,0.0,0.04334,0.04175,0.0,0.0,0.03225,0.15454,0.02795,0.0,0.0,0.0,0.0,0.0,0.13603,0.0,0.0,0.09287,0.15407,0.0,0.0,0.0,0.0,0.0,0.0,0.0,0.0,0.0,0.0,0.11144,0.0,0.0,0.0,0.0,0.0,0.0,0.0,0.0,0.0,0.0,0.0,-0.9,0.85379,5.0,5.0,5.0,5.0,5.0,0,0.13588400000000006,0.8564892266666666
510,0.0,0.0,0.0,0.0,0.0,0.0,0.0,0.0,0.0,0.0,0.0,0.0,0.0,0.0,0.0,0.0,0.0,0.0,0.0,0.0,0.0,0.0,0.0,0.0,0.0,0.0,0.0,0.0,0.0,0.0,0.0,0.0,0.0,0.0,0.0,0.0,0.0,0.0,0.0,0.0,0.0,0.0,0.0,0.0,0.0,0.0,0.0,0.0,0.0,0.0,0.0,0.0,0.0,0.0,0.0,0.0,0.0,0.0,0.0,0.0,0.0,0.0,0.0,0.0,0.0,0.0,0.0,0.0,0.0,0.0,0.0,0.0,0.0,0.0,0.0,0.0,0.0,0.0,0.00071,0.12541,0.0,0.0,0.0,0.0,0.0,0.0,0.0,0.0,0.0,0.0579,0.19027,0.01893,0.0,0.0,0.0,0.0,0.0,0.0,0.0,0.0,0.09888,0.15124,0.0,0.0,0.0,0.0,0.0,0.0,0.0,0.0,0.0,0.0,0.0,0.78265,5.0,5.0,5.0,5.0,5.0,0,0.36000000000000004,0.8676946933333334
511,0.0,0.0,0.0,0.0,0.0,0.0,0.0,0.0,0.0,0.0,0.0,0.0,0.0,0.0,0.0,0.0,0.0,0.0,0.0,0.0,0.0,0.0,0.0,0.0,0.0,0.0,0.0,0.0,0.0,0.0,0.0,0.0,0.0,0.0,0.0,0.0,0.0,0.0,0.0,0.0,0.0,0.0,0.0,0.0,0.0,0.0,0.0,0.0,0.0,0.0,0.0,0.0,0.0,0.0,0.0,0.0,0.0,0.0,0.0,0.0,0.0,0.0,0.0,0.0,0.0,0.0,0.0,0.0,0.0,0.0,0.0,0.0,0.0,0.0,0.0,0.0,0.0,0.0,0.0,0.0,0.10513,0.01639,0.0,0.0,0.0,0.0,0.0,0.0,0.0,0.0,0.04369,0.18856,0.05519,0.0,0.0,0.0,0.0,0.0,0.0,0.0,0.0,0.10348,0.16221,0.0,0.0,0.0,0.0,0.0,0.0,0.0,0.0,0.0,0.9,0.63244,3.906,4.814,5.0,5.0,5.0,0,0.72,0.8835026933333333
512,0.0,0.0,0.0,0.0,0.0,0.0,0.0,0.0,0.0,0.0,0.0,0.0,0.0,0.0,0.0,0.0,0.0,0.0,0.0,0.0,0.0,0.0,0.0,0.0,0.0,0.0,0.0,0.0,0.0,0.0,0.0,0.0,0.0,0.0,0.0,0.0,0.0,0.0,0.0,0.0,0.0,0.0,0.0,0.0,0.0,0.0,0.0,0.0,0.0,0.0,0.0,0.0,0.0,0.0,0.0,0.0,0.0,0.0,0.0,0.0,0.0,0.0,0.0,0.0,0.0,0.0,0.0,0.0,0.0,0.0,0.0,0.0,0.0,0.0,0.0,0.0,0.0,0.0,0.0,0.0,0.04287,0.01126,0.0,0.0,0.0,0.0,0.0,0.0,0.0,0.0,0.0,0.15884,0.12506,0.0,0.0,0.0,0.0,0.0,0.0,0.0,0.0,0.03685,0.19593,0.03308,0.0,0.0,0.0,0.0,0.0,0.0,0.0,0.0,0.9,0.64034,2.9335,4.0155,4.9765,5.0,5.0,0,0.9,0.9269726933333334
513,0.0,0.0,0.0,0.0,0.0,0.0,0.0,0.0,0.0,0.0,0.0,0.0,0.0,0.0,0.0,0.0,0.0,0.0,0.0,0.0,0.0,0.0,0.0,0.0,0.0,0.0,0.0,0.0,0.0,0.0,0.0,0.0,0.0,0.0,0.0,0.0,0.0,0.0,0.0,0.0,0.0,0.0,0.0,0.0,0.0,0.0,0.0,0.0,0.0,0.0,0.0,0.0,0.0,0.0,0.0,0.0,0.0,0.0,0.0,0.0,0.0,0.0,0.0,0.0,0.0,0.0,0.0,0.0,0.0,0.0,0.0,0.0,0.0,0.0,0.0,0.0,0.0,0.0,0.0,0.0,0.04499,0.01533,0.0,0.0,0.0,0.0,0.0,0.0,0.0,0.0,0.0,0.15318,0.12435,0.0,0.0,0.0,0.0,0.0,0.0,0.0,0.0,0.02995,0.19629,0.04015,0.0,0.0,0.0,0.0,0.0,0.0,0.0,0.0,0.9,0.65615,3.0855,4.16,4.9885,5.0,5.0,0,0.9,0.9193718133333334
514,0.0,0.0,0.0,0.0,0.0,0.0,0.0,0.0,0.0,0.0,0.0,0.0,0.0,0.0,0.0,0.0,0.0,0.0,0.0,0.0,0.0,0.0,0.0,0.0,0.0,0.0,0.0,0.0,0.0,0.0,0.0,0.0,0.0,0.0,0.0,0.0,0.0,0.0,0.0,0.0,0.0,0.0,0.0,0.0,0.0,0.0,0.0,0.0,0.0,0.0,0.0,0.0,0.0,0.0,0.0,0.0,0.0,0.0,0.0,0.0,0.0,0.0,0.0,0.0,0.0,0.0,0.0,0.0,0.0,0.0,0.0,0.0,0.0,0.0,0.0,0.0,0.0,0.0,0.0,0.0,0.04263,0.01097,0.0,0.0,0.0,0.0,0.0,0.0,0.0,0.0,0.0,0.15401,0.12193,0.0,0.0,0.0,0.0,0.0,0.0,0.0,0.0,0.03013,0.19664,0.03892,0.0,0.0,0.0,0.0,0.0,0.0,0.0,0.0,0.9,0.93283,2.9885,4.2655,5.0,5.0,5.0,0,0.9,0.92261832
515,0.0,0.0,0.0,0.0,0.0,0.0,0.0,0.0,0.0,0.0,0.0,0.0,0.0,0.0,0.0,0.0,0.0,0.0,0.0,0.0,0.0,0.0,0.0,0.0,0.0,0.0,0.0,0.0,0.0,0.0,0.0,0.0,0.0,0.0,0.0,0.0,0.0,0.0,0.0,0.0,0.0,0.0,0.0,0.0,0.0,0.0,0.0,0.0,0.0,0.0,0.0,0.0,0.0,0.0,0.0,0.0,0.0,0.0,0.0,0.0,0.0,0.0,0.0,0.0,0.0,0.0,0.0,0.0,0.0,0.0,0.0,0.00584,0.0,0.0,0.0,0.0,0.0,0.0,0.0,0.0,0.01114,0.00301,0.0,0.0,0.0,0.0,0.0,0.0,0.0,0.0,0.0,0.1339,0.13302,0.0,0.0,0.0,0.0,0.0,0.0,0.0,0.0,0.01061,0.19705,0.0605,0.0,0.0,0.0,0.0,0.0,0.0,0.0,0.0,0.9,1.0,2.8505,3.7385,4.5905,5.0,5.0,0,0.9,0.9251271200000002
516,0.0,0.0,0.0,0.0,0.0,0.0,0.0,0.0,0.0,0.0,0.0,0.0,0.0,0.0,0.0,0.0,0.0,0.0,0.0,0.0,0.0,0.0,0.0,0.0,0.0,0.0,0.0,0.0,0.0,0.0,0.0,0.0,0.0,0.0,0.0,0.0,0.0,0.0,0.0,0.0,0.0,0.0,0.0,0.0,0.0,0.0,0.0,0.0,0.0,0.0,0.0,0.0,0.0,0.0,0.0,0.0,0.0,0.0,0.0,0.0,0.0,0.0,0.0,0.0,0.0,0.0,0.0,0.0,0.0,0.0,0.03992,0.02093,0.0,0.0,0.0,0.0,0.0,0.0,0.0,0.0,0.0,0.0,0.05731,0.0,0.0,0.0,0.0,0.0,0.0,0.0,0.0,0.11079,0.00206,0.0,0.0,0.0,0.0,0.0,0.0,0.0,0.0,0.0,0.17335,0.07429,0.0,0.0,0.0,0.0,0.0,0.0,0.0,0.0,0.9,0.86169,2.7065,3.6205,4.9695,5.0,5.0,0,0.9,0.9214513866666667
517,0.0,0.0,0.0,0.0,0.0,0.0,0.0,0.0,0.0,0.0,0.0,0.0,0.0,0.0,0.0,0.0,0.0,0.0,0.0,0.0,0.0,0.0,0.0,0.0,0.0,0.0,0.0,0.0,0.0,0.0,0.0,0.0,0.0,0.0,0.0,0.0,0.0,0.0,0.0,0.0,0.0,0.0,0.0,0.0,0.0,0.0,0.0,0.0,0.0,0.0,0.0,0.0,0.0,0.0,0.0,0.0,0.0,0.0,0.0,0.0,0.0,0.0,0.0,0.0,0.0,0.0,0.0,0.0,0.0,0.0,0.08037,0.06716,0.0,0.0,0.0,0.0,0.0,0.0,0.0,0.0,0.0,0.14151,0.07252,0.0,0.0,0.0,0.0,0.0,0.0,0.0,0.0,0.03432,0.0,0.0,0.0,0.0,0.0,0.0,0.0,0.0,0.0,0.0,0.13673,0.11409,0.0,0.0,0.0,0.0,0.0,0.0,0.0,0.0,0.9,0.81426,3.1145,3.8645,5.0,5.0,5.0,0,0.9,0.90478424
518,0.0,0.0,0.0,0.0,0.0,0.0,0.0,0.0,0.0,0.0,0.0,0.0,0.0,0.0,0.0,0.0,0.0,0.0,0.0,0.0,0.0,0.0,0.0,0.0,0.0,0.0,0.0,0.0,0.0,0.0,0.0,0.0,0.0,0.0,0.0,0.0,0.0,0.0,0.0,0.0,0.0,0.0,0.0,0.0,0.0,0.0,0.0,0.0,0.0,0.0,0.0,0.0,0.0,0.0,0.0,0.0,0.0,0.0,0.0,0.0,0.0,0.0,0.0,0.0,0.0,0.0,0.0,0.0,0.0,0.0,0.13567,0.06191,0.0,0.0,0.0,0.0,0.0,0.0,0.0,0.0,0.01751,0.20254,0.03025,0.0,0.0,0.0,0.0,0.0,0.0,0.0,0.0,0.03744,0.18367,0.00088,0.0,0.0,0.0,0.0,0.0,0.0,0.0,0.0,0.07854,0.15124,0.0,0.0,0.0,0.0,0.0,0.0,0.0,0.0,0.9,0.79055,3.19,3.9595,5.0,4.975,5.0,0,0.9,0.9154841600000001
519,0.0,0.0,0.0,0.0,0.0,0.0,0.0,0.0,0.0,0.0,0.0,0.0,0.0,0.0,0.0,0.0,0.0,0.0,0.0,0.0,0.0,0.0,0.0,0.0,0.0,0.0,0.0,0.0,0.0,0.0,0.0,0.0,0.0,0.0,0.0,0.0,0.0,0.0,0.0,0.0,0.0,0.0,0.0,0.0,0.0,0.0,0.0,0.0,0.0,0.0,0.0,0.0,0.0,0.0,0.0,0.0,0.0,0.0,0.0,0.0,0.0,0.0,0.0,0.0,0.0,0.0,0.0,0.0,0.0,0.02034,0.16568,0.03685,0.0,0.0,0.0,0.0,0.0,0.0,0.0,0.0,0.06928,0.17995,0.0,0.0,0.0,0.0,0.0,0.0,0.0,0.0,0.0,0.06427,0.15277,0.0,0.0,0.0,0.0,0.0,0.0,0.0,0.0,0.0,0.05643,0.10861,0.0,0.0,0.0,0.0,0.0,0.0,0.0,0.0,0.9,0.79055,3.2735,4.1805,5.0,4.894,5.0,0,0.9,0.9151892266666668
520,0.0,0.0,0.0,0.0,0.0,0.0,0.0,0.0,0.0,0.0,0.0,0.0,0.0,0.0,0.0,0.0,0.0,0.0,0.0,0.0,0.0,0.0,0.0,0.0,0.0,0.0,0.0,0.0,0.0,0.0,0.0,0.0,0.0,0.0,0.0,0.0,0.0,0.0,0.0,0.0,0.0,0.0,0.0,0.0,0.0,0.0,0.0,0.0,0.0,0.0,0.0,0.0,0.0,0.0,0.0,0.0,0.0,0.0,0.00696,0.00454,0.0,0.0,0.0,0.0,0.0,0.0,0.0,0.0,0.0,0.08261,0.15861,0.0013,0.0,0.0,0.0,0.0,0.0,0.0,0.0,0.0,0.13255,0.11792,0.0,0.0,0.0,0.0,0.0,0.0,0.0,0.0,0.0,0.13656,0.0934,0.0,0.0,0.0,0.0,0.0,0.0,0.0,0.0,0.0,0.0,0.03343,0.0,0.0,0.0,0.0,0.0,0.0,0.0,0.0,0.9,0.81426,3.1195,4.2795,5.0,4.894,5.0,0,0.9,0.9156318133333334
521,0.0,0.0,0.0,0.0,0.0,0.0,0.0,0.0,0.0,0.0,0.0,0.0,0.0,0.0,0.0,0.0,0.0,0.0,0.0,0.0,0.0,0.0,0.0,0.0,0.0,0.0,0.0,0.0,0.0,0.0,0.0,0.0,0.0,0.0,0.0,0.0,0.0,0.0,0.0,0.0,0.0,0.0,0.0,0.0,0.0,0.0,0.0,0.0,0.0,0.0,0.0,0.0,0.0,0.0,0.0,0.0,0.0,0.0,0.01787,0.0,0.0,0.0,0.0,0.0,0.0,0.0,0.0,0.0,0.0,0.16645,0.06828,0.0,0.0,0.0,0.0681,0.00053,0.0,0.0,0.0,0.00354,0.20566,0.03791,0.0,0.0,0.0,0.0,0.0,0.01733,0.0,0.0,0.00177,0.22235,0.01167,0.0,0.0,0.0,0.0,0.0,0.0,0.00283,0.0,0.0,0.05254,0.0168,0.0,0.0,0.0,0.0,0.0,0.0,0.0,0.0,0.9,0.79846,2.6695,4.0325,4.845,5.0,5.0,0,0.9,0.9166646400000001
522,0.0,0.0,0.0,0.0,0.0,0.0,0.0,0.0,0.0,0.0,0.0,0.0,0.0,0.0,0.0,0.0,0.0,0.0,0.0,0.0,0.0,0.0,0.0,0.0,0.0,0.0,0.0,0.0,0.0,0.0,0.0,0.0,0.0,0.0,0.0,0.0,0.0,0.0,0.0,0.0,0.0,0.0,0.0,0.0,0.0,0.0,0.0,0.0,0.0,0.0,0.0,0.0,0.0,0.0,0.0,0.0,0.0,0.00495,0.02724,0.0,0.0,0.0,0.00601,0.0,0.0,0.0,0.0,0.0,0.03131,0.19511,0.00371,0.0,0.0,0.0,0.19741,0.0,0.0,0.0,0.0,0.0566,0.19051,0.0,0.0,0.0,0.0,0.0,0.15324,0.02559,0.0,0.0,0.0582,0.1783,0.0,0.0,0.0,0.0,0.0,0.0,0.00035,0.14292,0.0,0.0,0.0773,0.0,0.0,0.0,0.0,0.0,0.0,0.0,0.0,0.0,0.9,0.79846,2.6425,3.9805,4.772,5.0,5.0,0,0.9,0.9172548800000001
523,0.0,0.0,0.0,0.0,0.0,0.0,0.0,0.0,0.0,0.0,0.0,0.0,0.0,0.0,0.0,0.0,0.0,0.0,0.0,0.0,0.0,0.0,0.0,0.0,0.0,0.0,0.0,0.0,0.0,0.0,0.0,0.0,0.0,0.0,0.0,0.0,0.0,0.0,0.0,0.0,0.0,0.0,0.0,0.0,0.0,0.0,0.0,0.0,0.0,0.0,0.0,0.0,0.0,0.0,0.0,0.0,0.0,0.03184,0.0,0.0,0.0,0.01415,0.0,0.0,0.0,0.0,0.0,0.0,0.07836,0.14328,0.0,0.0,0.0,0.09121,0.11044,0.0,0.0,0.0,0.0,0.09976,0.14575,0.0,0.0,0.0,0.0,0.0,0.1967,0.0,0.0,0.0,0.10542,0.12948,0.0,0.0,0.0,0.0,0.0,0.0,0.07889,0.03892,0.0,0.00236,0.12518,0.0,0.0,0.0,0.0,0.0,0.0,0.0,0.0,0.0,0.9,0.81426,2.5295,4.0765,4.772,5.0,5.0,0,0.9,0.9112969600000002
524,0.0,0.0,0.0,0.0,0.0,0.0,0.0,0.0,0.0,0.0,0.0,0.0,0.0,0.0,0.0,0.0,0.0,0.0,0.0,0.0,0.0,0.0,0.0,0.0,0.0,0.0,0.0,0.0,0.0,0.0,0.0,0.0,0.0,0.0,0.0,0.0,0.0,0.0,0.0,0.0,0.0,0.0,0.0,0.0,0.0,0.0,0.0,0.0,0.0,0.0,0.0,0.0,0.0,0.0,0.0,0.0,0.0,0.04581,0.0,0.0,0.0,0.02636,0.0,0.0,0.0,0.0,0.0,0.0,0.14133,0.08013,0.0,0.0,0.0,0.20377,0.0,0.0,0.0,0.0,0.0,0.15943,0.08538,0.0,0.0,0.0,0.0,0.0431,0.15607,0.0,0.0,0.0,0.16521,0.07518,0.0,0.0,0.0,0.0,0.0,0.0,0.18803,0.0,0.0,0.08019,0.07512,0.0,0.0,0.0,0.0,0.0,0.0,0.0,0.0,0.0,0.9,0.84588,2.8035,4.4175,4.748,5.0,5.0,0,0.9,0.90533904
525,0.0,0.0,0.0,0.0,0.0,0.0,0.0,0.0,0.0,0.0,0.0,0.0,0.0,0.0,0.0,0.0,0.0,0.0,0.0,0.0,0.0,0.0,0.0,0.0,0.0,0.0,0.0,0.0,0.0,0.0,0.0,0.0,0.0,0.0,0.0,0.0,0.0,0.0,0.0,0.0,0.0,0.0,0.0,0.0,0.0,0.0,0.0,0.0,0.0,0.0,0.0,0.0,0.0,0.0,0.0,0.0,6e-05,0.02223,0.0,0.0,0.02919,0.00265,0.0,0.0,0.0,0.0,0.0,0.00029,0.21515,0.01751,0.0,0.0,0.02229,0.18591,0.0,0.0,0.0,0.0,0.00018,0.22288,0.02406,0.0,0.0,0.0,0.0,0.18526,0.02099,0.0,0.0,0.0,0.21916,0.02529,0.0,0.0,0.0,0.0,0.0,0.00436,0.20259,0.0,0.0,0.13314,0.03137,0.0,0.0,0.0,0.0,0.0,0.0,0.0,0.09057,0.0,0.9,0.84588,3.1755,4.9765,4.711,5.0,5.0,0,0.9,0.9006681866666668
526,0.0,0.0,0.0,0.0,0.0,0.0,0.0,0.0,0.0,0.0,0.0,0.0,0.0,0.0,0.0,0.0,0.0,0.0,0.0,0.0,0.0,0.0,0.0,0.0,0.0,0.0,0.0,0.0,0.0,0.0,0.0,0.0,0.0,0.0,0.0,0.0,0.0,0.0,0.0,0.0,0.0,0.0,0.0,0.0,0.0,0.0,0.0,0.0,0.0,0.0,0.0,0.0,0.0,0.0,0.0,0.0,0.00478,0.0,0.0,0.0,0.03219,0.0,0.0,0.0,0.0,0.0,0.0,0.03886,0.17571,0.0,0.0,0.0,0.1477,0.06456,0.0,0.0,0.0,0.0,0.02883,0.20501,0.0,0.0,0.0,0.0,0.0,0.20625,0.0,0.0,0.0,0.02423,0.2227,0.0,0.0,0.0,0.0,0.0,0.0,0.09593,0.1112,0.0,0.002,0.2046,0.00088,0.0,0.0,0.0,0.0,0.0,0.0,0.0,0.12152,0.0,0.9,0.8854,3.0165,4.8255,4.676,5.0,5.0,0,0.7200000000000001,0.8938250933333334
527,0.0,0.0,0.0,0.0,0.0,0.0,0.0,0.0,0.0,0.0,0.0,0.0,0.0,0.0,0.0,0.0,0.0,0.0,0.0,0.0,0.0,0.0,0.0,0.0,0.0,0.0,0.0,0.0,0.0,0.0,0.0,0.0,0.0,0.0,0.0,0.0,0.0,0.0,0.0,0.0,0.0,0.0,0.0,0.0,0.0,0.0,0.0,0.0,0.0,0.0,0.0,0.0,0.0,0.0,0.0,0.0,0.00743,0.0,0.0,0.0,0.03732,0.0,0.0,0.0,0.0,0.0,0.0,0.10843,0.09216,0.0,0.0,0.0,0.21669,0.0,0.0,0.0,0.0,0.0,0.101,0.13178,0.0,0.0,0.0,0.0,0.06138,0.14735,0.0,0.0,0.0,0.09369,0.15041,0.0,0.0,0.0,0.0,0.0,0.0,0.20607,0.00637,0.0,0.06999,0.1566,0.0,0.0,0.0,0.0,0.0,0.0,0.0,0.01486,0.08897,0.0,0.9,0.8854,3.1215,4.6985,4.651,5.0,5.0,0,0.36,0.8759160000000001
528,0.0,0.0,0.0,0.0,0.0,0.0,0.0,0.0,0.0,0.0,0.0,0.0,0.0,0.0,0.0,0.0,0.0,0.0,0.0,0.0,0.0,0.0,0.0,0.0,0.0,0.0,0.0,0.0,0.0,0.0,0.0,0.0,0.0,0.0,0.0,0.0,0.0,0.0,0.0,0.0,0.0,0.0,0.0,0.0,0.0,0.0,0.0,0.0,0.0,0.0,0.0,0.0,0.0,0.0,0.0,0.00047,6e-05,0.0,0.0,0.03768,0.0,0.0,0.0,0.0,0.0,0.0,0.00106,0.18037,0.00059,0.0,0.0,0.10601,0.11669,0.0,0.0,0.0,0.0,0.0,0.21669,0.0161,0.0,0.0,0.0,0.0,0.21421,0.0,0.0,0.0,0.0,0.20737,0.03461,0.0,0.0,0.0,0.0,0.0,0.03467,0.17618,0.0,0.0,0.18426,0.05047,0.0,0.0,0.0,0.0,0.0,0.0,0.0,0.13331,0.00147,0.0,0.9,0.89331,3.3805,4.582,5.0,5.0,5.0,0,0.18000000000000005,0.8827590933333334
529,0.0,0.0,0.0,0.0,0.0,0.0,0.0,0.0,0.0,0.0,0.0,0.0,0.0,0.0,0.0,0.0,0.0,0.0,0.0,0.0,0.0,0.0,0.0,0.0,0.0,0.0,0.0,0.0,0.0,0.0,0.0,0.0,0.0,0.0,0.0,0.0,0.0,0.0,0.0,0.0,0.0,0.0,0.0,0.0,0.0,0.0,0.0,0.0,0.0,0.0,0.0,0.0,0.0,0.0,0.0,0.01221,0.0,0.0,0.0,0.01008,0.0,0.0,0.0,0.0,0.0,0.0,0.09269,0.04953,0.0,0.0,0.0,0.21032,0.0,0.0,0.0,0.0,0.0,0.11026,0.1059,0.0,0.0,0.0,0.0,0.10737,0.10507,0.0,0.0,0.0,0.1013,0.13078,0.0,0.0,0.0,0.0,0.0,0.0,0.21067,0.0,0.0,0.0,0.14098,0.0,0.0,0.0,0.0,0.0,0.0,0.0,0.03927,0.04245,0.0,0.0,0.0,0.8854,3.6225,4.541,5.0,5.0,5.0,0,4.4408920985006264e-17,0.8732750933333333
530,0.0,0.0,0.0,0.0,0.0,0.0,0.0,0.0,0.0,0.0,0.0,0.0,0.0,0.0,0.0,0.0,0.0,0.0,0.0,0.0,0.0,0.0,0.0,0.0,0.0,0.0,0.0,0.0,0.0,0.0,0.0,0.0,0.0,0.0,0.0,0.0,0.0,0.0,0.0,0.0,0.0,0.0,0.0,0.0,0.0,0.0,0.0,0.0,0.0,0.0,0.0,0.0,0.0,0.0,0.0,0.0,0.0,0.0,0.0,0.0,0.0,0.0,0.0,0.0,0.0,0.04228,0.09976,0.0,0.0,0.0,0.18308,0.01539,0.0,0.0,0.0,0.0,0.05124,0.17129,0.0,0.0,0.0,0.0,0.00537,0.20814,0.0,0.0,0.0,0.0,0.18715,0.0,0.0,0.0,0.0,0.0,0.0,0.13774,0.0717,0.0,0.0,0.0,0.0,0.0,0.0,0.0,0.0,0.0,0.0,0.0,0.10843,0.0,0.0,0.0,-0.9,0.83007,4.654,4.471,5.0,5.0,5.0,0,-0.17999999999999997,0.8782410666666667
531,0.0,0.0,0.0,0.0,0.0,0.0,0.0,0.0,0.0,0.0,0.0,0.0,0.0,0.0,0.0,0.0,0.0,0.0,0.0,0.0,0.0,0.0,0.0,0.0,0.0,0.0,0.0,0.0,0.0,0.0,0.0,0.0,0.0,0.0,0.0,0.0,0.0,0.0,0.0,0.0,0.0,0.0,0.0,0.0,0.0,0.0,0.0,0.0,0.0,0.0,0.0,0.0,0.0,0.0,0.0,0.0,0.0,0.0,0.0,0.0,0.0,0.0,0.0,0.0,0.0,0.0,0.12205,0.00301,0.0,0.0,0.03998,0.10896,0.0,0.0,0.0,0.0,0.0,0.18396,0.01716,0.0,0.0,0.0,0.0,0.20572,0.0,0.0,0.0,0.0,0.20065,0.02471,0.0,0.0,0.0,0.0,0.0,0.05884,0.14493,0.0,0.0,0.0,0.02883,0.0,0.0,0.0,0.0,0.0,0.0,0.0,0.12241,0.0,0.0,0.0,0.0,0.84588,4.2015,4.404,4.8555,5.0,5.0,0,4.4408920985006264e-17,0.8849366933333334
532,0.0,0.0,0.0,0.0,0.0,0.0,0.0,0.0,0.0,0.0,0.0,0.0,0.0,0.0,0.0,0.0,0.0,0.0,0.0,0.0,0.0,0.0,0.0,0.0,0.0,0.0,0.0,0.0,0.0,0.0,0.0,0.0,0.0,0.0,0.0,0.0,0.0,0.0,0.0,0.0,0.0,0.0,0.0,0.0,0.0,0.0,0.0,0.0,0.0,0.0,0.0,0.0,0.0,0.0,0.0,0.0,0.0,0.0,0.0,0.0,0.0,0.0,0.0,0.0,0.0,0.0,0.0207,0.12471,0.0,0.0,0.0,0.0,0.01822,0.0,0.0,0.0,0.0,0.02972,0.18591,0.0,0.0,0.0,0.0,0.0,0.17972,0.0,0.0,0.0,0.0296,0.1977,0.0,0.0,0.0,0.0,0.0,0.0,0.0941,0.11162,0.0,0.0,0.17636,0.0,0.0,0.0,0.0,0.0,0.0,0.0,0.0,0.11162,0.0,0.0,0.0,0.83798,4.2255,4.3015,4.309,5.0,5.0,0,0.36000000000000004,0.90269832
533,0.0,0.0,0.0,0.0,0.0,0.0,0.0,0.0,0.0,0.0,0.0,0.0,0.0,0.0,0.0,0.0,0.0,0.0,0.0,0.0,0.0,0.0,0.0,0.0,0.0,0.0,0.0,0.0,0.0,0.0,0.0,0.0,0.0,0.0,0.0,0.0,0.0,0.0,0.0,0.0,0.0,0.0,0.0,0.0,0.0,0.0,0.0,0.0,0.0,0.0,0.0,0.0,0.0,0.0,0.0,0.0,0.0,0.0,0.0,0.0,0.0,0.0,0.0,0.0,0.0,0.0,0.0,0.09198,0.06244,0.0,0.0,0.0,0.0,0.00248,0.0,0.0,0.0,0.0,0.13019,0.09233,0.0,0.0,0.0,0.0,0.02989,0.09959,0.0,0.0,0.0,0.13561,0.09664,0.0,0.0,0.0,0.0,0.0,0.0,0.19935,0.0,0.0,0.1036,0.10106,0.0,0.0,0.0,0.0,0.0,0.0,0.0,0.0434,0.10413,0.0,0.0,0.83007,4.1275,4.3005,4.215,4.9545,5.0,0,0.36000000000000004,0.9025508533333333
534,0.0,0.0,0.0,0.0,0.0,0.0,0.0,0.0,0.0,0.0,0.0,0.0,0.0,0.0,0.0,0.0,0.0,0.0,0.0,0.0,0.0,0.0,0.0,0.0,0.0,0.0,0.0,0.0,0.0,0.0,0.0,0.0,0.0,0.0,0.0,0.0,0.0,0.0,0.0,0.0,0.0,0.0,0.0,0.0,0.0,0.0,0.0,0.0,0.0,0.0,0.0,0.0,0.0,0.0,0.0,0.0,0.0,0.0,0.0,0.0,0.0,0.0,0.0,0.0,0.0,0.0,0.0,0.01215,0.09971,0.00171,0.0,0.0,0.0,0.0,0.0,0.0,0.0,0.0,0.03184,0.18131,0.0,0.0,0.0,0.0,0.0,0.02777,0.0,0.0,0.0,0.03844,0.18762,0.0,0.0,0.0,0.0,0.0,0.0,0.10366,0.09446,0.0,0.00967,0.19074,0.0,0.0,0.0,0.0,0.0,0.0,0.0,0.0,0.15743,0.0,0.9,0.83798,2.8505,4.197,4.1605,5.0,5.0,0,0.36000000000000004,0.91873048
535,0.0,0.0,0.0,0.0,0.0,0.0,0.0,0.0,0.0,0.0,0.0,0.0,0.0,0.0,0.0,0.0,0.0,0.0,0.0,0.0,0.0,0.0,0.0,0.0,0.0,0.0,0.0,0.0,0.0,0.0,0.0,0.0,0.0,0.0,0.0,0.0,0.0,0.0,0.0,0.0,0.0,0.0,0.0,0.0,0.0,0.0,0.0,0.0,0.0,0.0,0.0,0.0,0.0,0.0,0.0,0.0,0.0,0.0,0.0,0.0,0.0,0.0,0.0,0.0,0.0,0.0,0.0,0.00743,0.13691,0.01132,0.0,0.0,0.0,0.0,0.0,0.02193,0.0,0.0,0.05024,0.18172,0.00153,0.0,0.0,0.0,0.0,0.0,0.0,0.0,0.0,0.05914,0.17736,0.0,0.0,0.0,0.0,0.0,0.0,0.0,0.0,0.0,0.04475,0.18343,0.0,0.0,0.0,0.0,0.0,0.0,0.0,0.0,0.03662,0.0,0.9,0.83798,3.6535,4.092,5.0,5.0,5.0,0,0.36000000000000004,0.9026985066666668
536,0.0,0.0,0.0,0.0,0.0,0.0,0.0,0.0,0.0,0.0,0.0,0.0,0.0,0.0,0.0,0.0,0.0,0.0,0.0,0.0,0.0,0.0,0.0,0.0,0.0,0.0,0.0,0.0,0.0,0.0,0.0,0.0,0.0,0.0,0.0,0.0,0.0,0.0,0.0,0.0,0.0,0.0,0.0,0.0,0.0,0.0,0.0,0.0,0.0,0.0,0.0,0.0,0.0,0.0,0.0,0.0,0.0,0.0,0.0,0.0,0.0,0.0,0.0,0.0,0.0,0.0,0.0,0.0487,0.01285,0.0,0.0,0.0,0.0,0.0,0.0,0.01928,0.0,0.0,0.14982,0.08331,0.0,0.0,0.0,0.0,0.0,0.0,0.0,0.0,0.00041,0.20206,0.0434,0.0,0.0,0.0,0.0,0.0,0.0,0.0,0.0,0.0,0.21061,0.02182,0.0,0.0,0.0,0.0,0.0,0.0,0.0,0.0,0.0,0.0,0.0,0.83798,4.18,4.003,4.7255,5.0,5.0,0,0.18000000000000005,0.88651888
537,0.0,0.0,0.0,0.0,0.0,0.0,0.0,0.0,0.0,0.0,0.0,0.0,0.0,0.0,0.0,0.0,0.0,0.0,0.0,0.0,0.0,0.0,0.0,0.0,0.0,0.0,0.0,0.0,0.0,0.0,0.0,0.0,0.0,0.0,0.0,0.0,0.0,0.0,0.0,0.0,0.0,0.0,0.0,0.0,0.0,0.0,0.0,0.0,0.0,0.0,0.0,0.0,0.0,0.0,0.0,0.0,0.0,0.0,0.0,0.0,0.0,0.0,0.0,0.0,0.0,0.0,0.0,0.08656,0.02471,0.0,0.0,0.0,0.0,0.0,0.0,0.0,0.0,0.01085,0.15542,0.04829,0.0,0.0,0.0,0.0,0.00018,0.00566,0.0,0.0,0.0408,0.20307,0.00236,0.0,0.0,0.0,0.0,0.0,0.0,0.0,0.0,0.0,0.17759,0.0,0.0,0.0,0.0,0.0,0.0,0.0,0.0,0.0,0.0,0.0,0.0,0.83798,4.108,3.983,4.7115,5.0,5.0,0,0.0,0.8703392533333334
538,0.0,0.0,0.0,0.0,0.0,0.0,0.0,0.0,0.0,0.0,0.0,0.0,0.0,0.0,0.0,0.0,0.0,0.0,0.0,0.0,0.0,0.0,0.0,0.0,0.0,0.0,0.0,0.0,0.0,0.0,0.0,0.0,0.0,0.0,0.0,0.0,0.0,0.0,0.0,0.0,0.0,0.0,0.0,0.0,0.0,0.0,0.0,0.0,0.0,0.0,0.0,0.0,0.0,0.0,0.0,0.0,0.0,0.0,0.0,0.0,0.0,0.0,0.0,0.0,0.0,0.0,0.0,0.06439,0.03184,0.0,0.0,0.0,0.0,0.0,0.0,0.0,0.0,0.00537,0.16268,0.09251,0.0,0.0,0.0,0.0,0.0,0.02229,0.0,0.0,0.0523,0.18532,0.00631,0.0,0.0,0.0,0.0,0.0,0.0,0.0,0.0,0.0,0.16857,0.0,0.0,0.0,0.0,0.0,0.0,0.0,0.0,0.0,0.0,0.0,0.0,0.83798,3.936,3.9575,4.628,5.0,5.0,0,0.0,0.8703392533333334
539,0.0,0.0,0.0,0.0,0.0,0.0,0.0,0.0,0.0,0.0,0.0,0.0,0.0,0.0,0.0,0.0,0.0,0.0,0.0,0.0,0.0,0.0,0.0,0.0,0.0,0.0,0.0,0.0,0.0,0.0,0.0,0.0,0.0,0.0,0.0,0.0,0.0,0.0,0.0,0.0,0.0,0.0,0.0,0.0,0.0,0.0,0.0,0.0,0.0,0.0,0.0,0.0,0.0,0.0,0.0,0.0,0.0,0.0,0.0,0.0,0.0,0.0,0.0,0.0,0.0,0.0,0.0,0.00425,0.02158,0.0,0.0,0.0,0.0,0.0,0.0,0.0,0.0,0.0,0.14434,0.08862,0.0,0.0,0.0,0.0,0.0,0.0,0.0,0.0,0.04145,0.18691,0.03078,0.0,0.0,0.0,0.0,0.0,0.0,0.0,0.0,0.0,0.15035,0.0,0.0,0.0,0.0,0.0,0.0,0.0,0.0,0.0,0.0,0.0,0.0,0.83798,3.816,4.3595,4.5335,5.0,5.0,0,0.0,0.8703392533333334
540,0.0,0.0,0.0,0.0,0.0,0.0,0.0,0.0,0.0,0.0,0.0,0.0,0.0,0.0,0.0,0.0,0.0,0.0,0.0,0.0,0.0,0.0,0.0,0.0,0.0,0.0,0.0,0.0,0.0,0.0,0.0,0.0,0.0,0.0,0.0,0.0,0.0,0.0,0.0,0.0,0.0,0.0,0.0,0.0,0.0,0.0,0.0,0.0,0.0,0.0,0.0,0.0,0.0,0.0,0.0,0.0,0.0,0.0,0.0,0.0,0.0,0.0,0.0,0.0,0.0,0.0,0.0,0.0,0.05643,0.0,0.0,0.0,0.0,0.0,0.0,0.0,0.0,0.0,0.08031,0.15395,0.02417,0.0,0.0,0.0,0.0,0.0,0.0,0.0,0.0,0.16527,0.1013,0.0,0.0,0.0,0.0,0.0,0.0,0.0,0.00071,0.0,0.19805,0.02889,0.0,0.0,0.0,0.0,0.0,0.0,0.0,0.0,0.0,0.0,0.0,0.83798,3.747,5.0,4.44,5.0,5.0,0,0.18000000000000005,0.88651888
541,0.0,0.0,0.0,0.0,0.0,0.0,0.0,0.0,0.0,0.0,0.0,0.0,0.0,0.0,0.0,0.0,0.0,0.0,0.0,0.0,0.0,0.0,0.0,0.0,0.0,0.0,0.0,0.0,0.0,0.0,0.0,0.0,0.0,0.0,0.0,0.0,0.0,0.0,0.0,0.0,0.0,0.0,0.0,0.0,0.0,0.0,0.0,0.0,0.0,0.0,0.0,0.0,0.0,0.0,0.0,0.0,0.0,0.0,0.0,0.0,0.0,0.0,0.0,0.0,0.0,0.0,0.0,0.0,0.001,0.00466,0.0,0.0,0.0,0.0,0.0,0.0,0.0,0.0,0.02512,0.14216,0.04198,0.0,0.0,0.0,0.0,0.0,0.0,0.0,0.0,0.11303,0.15902,0.0,0.0,0.0,0.0,0.0,0.0,0.0,0.0,0.0,0.16975,0.08054,0.0,0.0,0.0,0.0,0.0,0.0,0.0,0.0,0.0,0.0,0.0,0.83798,3.742,5.0,4.405,5.0,5.0,0,0.36000000000000004,0.9026985066666668
542,0.0,0.0,0.0,0.0,0.0,0.0,0.0,0.0,0.0,0.0,0.0,0.0,0.0,0.0,0.0,0.0,0.0,0.0,0.0,0.0,0.0,0.0,0.0,0.0,0.0,0.0,0.0,0.0,0.0,0.0,0.0,0.0,0.0,0.0,0.0,0.0,0.0,0.0,0.0,0.0,0.0,0.0,0.0,0.0,0.0,0.0,0.0,0.0,0.0,0.0,0.0,0.0,0.0,0.0,0.0,0.0,0.0,0.0,0.0,0.0,0.0,0.0,0.0,0.0,0.0,0.0,0.0,0.0,0.0,0.02636,0.0,0.0,0.0,0.0,0.0,0.0,0.0,0.0,0.0,0.10195,0.11568,0.01604,0.0,0.0,0.0,0.0,0.0,0.0,0.0,0.02081,0.18915,0.05943,0.0,0.0,0.0,0.0,0.0,0.0,0.0,0.0,0.08591,0.17494,0.00059,0.0,0.0,0.0,0.0,0.0,0.0,0.0,0.0,0.0,0.0,0.83798,3.66,4.3455,4.3105,5.0,5.0,0,0.54,0.9190256000000001
543,0.0,0.0,0.0,0.0,0.0,0.0,0.0,0.0,0.0,0.0,0.0,0.0,0.0,0.0,0.0,0.0,0.0,0.0,0.0,0.0,0.0,0.0,0.0,0.0,0.0,0.0,0.0,0.0,0.0,0.0,0.0,0.0,0.0,0.0,0.0,0.0,0.0,0.0,0.0,0.0,0.0,0.0,0.0,0.0,0.0,0.0,0.0,0.0,0.0,0.0,0.0,0.0,0.0,0.0,0.0,0.0,0.0,0.0,0.0,0.0,0.0,0.0,0.0,0.0,0.0,0.0,0.0,0.0,0.0,0.00301,0.02518,0.00666,0.0,0.0,0.0,0.0,0.0,0.0,0.0,0.00466,0.1306,0.0885,0.0,0.0,0.0,0.0,0.0,0.0,0.0,0.0,0.0957,0.15991,0.00849,0.0,0.0,0.0,0.0,0.0,0.0,0.0,0.0,0.16669,0.09298,0.0,0.0,0.0,0.0,0.0,0.0,0.0,0.0,0.0,0.9,0.83798,3.597,5.0,4.562,5.0,5.0,0,0.54,0.9190256000000001
544,0.0,0.0,0.0,0.0,0.0,0.0,0.0,0.0,0.0,0.0,0.0,0.0,0.0,0.0,0.0,0.0,0.0,0.0,0.0,0.0,0.0,0.0,0.0,0.0,0.0,0.0,0.0,0.0,0.0,0.0,0.0,0.0,0.0,0.0,0.0,0.0,0.0,0.0,0.0,0.0,0.0,0.0,0.0,0.0,0.0,0.0,0.0,0.0,0.0,0.0,0.0,0.0,0.0,0.0,0.0,0.0,0.0,0.0,0.0,0.0,0.0,0.0,0.0,0.0,0.0,0.0,0.0,0.0,0.0,0.0,0.07854,0.0,0.0,0.0,0.0,0.0,0.0,0.0,0.0,0.0,0.07718,0.17099,0.02423,0.0,0.0,0.0,0.0,0.0,0.0,0.0,0.00761,0.17535,0.09493,0.0,0.0,0.0,0.0,0.0,0.0,0.0,0.0,0.05607,0.17919,0.0046,0.0,0.0,0.0,0.0,0.0,0.0,0.0,0.0,0.9,0.83798,3.537,4.1265,5.0,5.0,5.0,0,0.54,0.9188779466666668
545,0.0,0.0,0.0,0.0,0.0,0.0,0.0,0.0,0.0,0.0,0.0,0.0,0.0,0.0,0.0,0.0,0.0,0.0,0.0,0.0,0.0,0.0,0.0,0.0,0.0,0.0,0.0,0.0,0.0,0.0,0.0,0.0,0.0,0.0,0.0,0.0,0.0,0.0,0.0,0.0,0.0,0.0,0.0,0.0,0.0,0.0,0.0,0.0,0.0,0.0,0.0,0.0,0.0,0.0,0.0,0.0,0.0,0.0,0.0,0.0,0.0,0.0,0.0,0.0,0.0,0.0,0.0,0.0,0.0,0.00513,0.0,0.0,0.0,0.0,0.0,0.0,0.0,0.0,0.0,0.0,0.1204,0.08956,0.0,0.0,0.0,0.0,0.0,0.0,0.0,0.0,0.0,0.15808,0.09752,0.0,0.0,0.0,0.0,0.0,0.0,0.0,0.0,0.00136,0.198,0.05448,0.0,0.0,0.0,0.0,0.0,0.0,0.0,0.0,0.9,0.84588,3.9135,4.4145,5.0,5.0,5.0,0,0.36000000000000004,0.9011163200000001
546,0.0,0.0,0.0,0.0,0.0,0.0,0.0,0.0,0.0,0.0,0.0,0.0,0.0,0.0,0.0,0.0,0.0,0.0,0.0,0.0,0.0,0.0,0.0,0.0,0.0,0.0,0.0,0.0,0.0,0.0,0.0,0.0,0.0,0.0,0.0,0.0,0.0,0.0,0.0,0.0,0.0,0.0,0.0,0.0,0.0,0.0,0.0,0.0,0.0,0.0,0.0,0.0,0.0,0.0,0.0,0.0,0.0,0.0,0.0,0.0,0.0,0.0,0.0,0.0,0.0,0.0,0.0,0.0,0.0,0.0,0.0,0.0,0.0,0.0,0.0,0.0,0.0,0.0,0.0,0.01274,0.0,0.0,0.0,0.0,0.0,0.0,0.0,0.0,0.0,0.0,0.03732,0.15566,0.0,0.0,0.0,0.0,0.0,0.0,0.0,0.0,0.0,0.02011,0.20436,0.0,0.0,0.0,0.0,0.0,0.0,0.0,0.0,0.0,0.0,0.83798,3.9875,5.0,4.6985,5.0,5.0,0,0.18000000000000005,0.8833546933333334
547,0.0,0.0,0.0,0.0,0.0,0.0,0.0,0.0,0.0,0.0,0.0,0.0,0.0,0.0,0.0,0.0,0.0,0.0,0.0,0.0,0.0,0.0,0.0,0.0,0.0,0.0,0.0,0.0,0.0,0.0,0.0,0.0,0.0,0.0,0.0,0.0,0.0,0.0,0.0,0.0,0.0,0.0,0.0,0.0,0.0,0.0,0.0,0.0,0.0,0.0,0.0,0.0,0.0,0.0,0.0,0.0,0.0,0.0,0.0,0.0,0.0,0.0,0.0,0.0,0.0,0.0,0.00142,0.0,0.0,0.0,0.0,0.0,0.0,0.0,0.0,0.0,0.0,0.0,0.0,0.0,0.0,0.0,0.0,0.0,0.0,0.0,0.0,0.0,0.0,0.0,0.07111,0.0,0.0,0.0,0.0,0.0,0.0,0.0,0.0,0.0,0.0,0.04251,0.14746,0.0,0.0,0.0,0.0,0.0,0.0,0.0,0.0,0.0,0.0,0.83007,3.9545,5.0,4.5745,5.0,5.0,0,0.0,0.8654455999999999
548,0.0,0.0,0.0,0.0,0.0,0.0,0.0,0.0,0.0,0.0,0.0,0.0,0.0,0.0,0.0,0.0,0.0,0.0,0.0,0.0,0.0,0.0,0.0,0.0,0.0,0.0,0.0,0.0,0.0,0.0,0.0,0.0,0.0,0.0,0.0,0.0,0.0,0.0,0.0,0.0,0.0,0.0,0.0,0.0,0.0,0.0,0.0,0.0,0.0,0.0,0.0,0.0,0.0,0.0,0.0,0.0,0.0,0.0,0.0,0.0,0.0,0.0,0.0,0.0,0.0,0.02176,0.0,0.0,0.0,0.0,0.0,0.0,0.0,0.0,0.0,0.0,0.0,0.0,0.0,0.0,0.0,0.0,0.0,0.0,0.0,0.0,0.0,0.0,0.0,0.0,0.0,0.0,0.0,0.0,0.0,0.0,0.0,0.0,0.0,0.0,0.0,0.03785,0.0,0.0,0.0,0.0,0.0,0.0,0.0,0.0,0.0,0.0,0.0,0.83007,3.9205,5.0,4.545,5.0,5.0,0,0.0,0.8476839733333333
549,0.0,0.0,0.0,0.0,0.0,0.0,0.0,0.0,0.0,0.0,0.0,0.0,0.0,0.0,0.0,0.0,0.0,0.0,0.0,0.0,0.0,0.0,0.0,0.0,0.0,0.0,0.0,0.0,0.0,0.0,0.0,0.0,0.0,0.0,0.0,0.0,0.0,0.0,0.0,0.0,0.0,0.0,0.0,0.0,0.0,0.0,0.0,0.0,0.0,0.0,0.0,0.0,0.0,0.0,0.0,0.0,0.0,0.0,0.0,0.0,0.0,0.0,0.0,0.0,0.0,0.0,0.0,0.0,0.0,0.0,0.0,0.0,0.0,0.0,0.0,0.0,0.0,0.0,0.0,0.0,0.0,0.0,0.0,0.0,0.0,0.0,0.0,0.0,0.0,0.0,0.0,0.0,0.0,0.0,0.0,0.0,0.0,0.0,0.0,0.0,0.0,0.0,0.0,0.0,0.0,0.0,0.0,0.0,0.0,0.0,0.0,0.0,0.0,0.83007,3.8615,5.0,4.4795,5.0,5.0,0,0.0,0.83007
550,0.0,0.0,0.0,0.0,0.0,0.0,0.0,0.0,0.0,0.0,0.0,0.0,0.0,0.0,0.0,0.0,0.0,0.0,0.0,0.0,0.0,0.0,0.0,0.0,0.0,0.0,0.0,0.0,0.0,0.0,0.0,0.0,0.0,0.0,0.0,0.0,0.0,0.0,0.0,0.0,0.0,0.0,0.0,0.0,0.0,0.0,0.0,0.0,0.0,0.0,0.0,0.0,0.0,0.0,0.0,0.0,0.0,0.0,0.0,0.0,0.0,0.0,0.0,0.0,0.0,0.0,0.0,0.0,0.0,0.0,0.0,0.0,0.0,0.0,0.0,0.0,0.0,0.0,0.0,0.0,0.0,0.0,0.0,0.0,0.0,0.0,0.0,0.0,0.0,0.0,0.0,0.0,0.0,0.0,0.0,0.0,0.0,0.0,0.0,0.0,0.0,0.0,0.0,0.0,0.0,0.0,0.0,0.0,0.0,0.0,0.0,0.0,0.0,0.83007,3.8445,5.0,4.4475,5.0,5.0,0,0.0,0.8476839733333333
551,0.0,0.0,0.0,0.0,0.0,0.0,0.0,0.0,0.0,0.0,0.0,0.0,0.0,0.0,0.0,0.0,0.0,0.0,0.0,0.0,0.0,0.0,0.0,0.0,0.0,0.0,0.0,0.0,0.0,0.0,0.0,0.0,0.0,0.0,0.0,0.0,0.0,0.0,0.0,0.0,0.0,0.0,0.0,0.0,0.0,0.0,0.0,0.0,0.0,0.0,0.0,0.0,0.0,0.0,0.0,0.0,0.0,0.0,0.0,0.0,0.0,0.0,0.0,0.0,0.0,0.0,0.0,0.0,0.0,0.0,0.0,0.0,0.0,0.0,0.0,0.0,0.0,0.0,0.0,0.0,0.0,0.0,0.0,0.0,0.0,0.0,0.0,0.0,0.0,0.0,0.0,0.0,0.0,0.0,0.0,0.0,0.0,0.0,0.0,0.0,0.0,0.0,0.0,0.0,0.0,0.0,0.0,0.0,0.0,0.0,0.0,0.0,0.0,0.83007,3.8295,5.0,4.4075,5.0,5.0,0,0.0,0.8652979466666666
552,0.0,0.0,0.0,0.0,0.0,0.0,0.0,0.0,0.0,0.0,0.0,0.0,0.0,0.0,0.0,0.0,0.0,0.0,0.0,0.0,0.0,0.0,0.0,0.0,0.0,0.0,0.0,0.0,0.0,0.0,0.0,0.0,0.0,0.0,0.0,0.0,0.0,0.0,0.0,0.0,0.0,0.0,0.0,0.0,0.0,0.0,0.0,0.0,0.0,0.0,0.0,0.0,0.0,0.0,0.0,0.0,0.0,0.0,0.0,0.0,0.0,0.0,0.0,0.0,0.0,0.0,0.0,0.0,0.0,0.0,0.0,0.0,0.0,0.0,0.0,0.0,0.0,0.0,0.0,0.0,0.0,0.0,0.0,0.0,0.0,0.0,0.0,0.0,0.0,0.0,0.0,0.0,0.0,0.0,0.0,0.0,0.0,0.0,0.0,0.0,0.0,0.0,0.0,0.0,0.0,0.0,0.0,0.0,0.0,0.0,0.0,0.0,0.0,0.83007,3.8025,5.0,4.4555,5.0,5.0,0,-0.17999999999999997,0.8829119200000001
553,0.0,0.0,0.0,0.0,0.0,0.0,0.0,0.0,0.0,0.0,0.0,0.0,0.0,0.0,0.0,0.0,0.0,0.0,0.0,0.0,0.0,0.0,0.0,0.0,0.0,0.0,0.0,0.0,0.0,0.0,0.0,0.0,0.0,0.0,0.0,0.0,0.0,0.0,0.0,0.0,0.0,0.0,0.0,0.0,0.0,0.0,0.0,0.0,0.0,0.0,0.0,0.0,0.0,0.0,0.0,0.0,0.0,0.0,0.0,0.0,0.0,0.0,0.0,0.0,0.0,0.0,0.0,0.0,0.0,0.0,0.0,0.0,0.0,0.0,0.0,0.0,0.0,0.0,0.0,0.0,0.0,0.0,0.0,0.0,0.0,0.0,0.0,0.0,0.0,0.0,0.0,0.0,0.0,0.0,0.0,0.0,0.0,0.0,0.0,0.0,0.0,0.0,0.0,0.0,0.0,0.0,0.0,0.0,0.0,0.0,0.0,0.0,0.0,0.83007,4.0495,5.0,4.9665,3.9685,5.0,0,-0.36,0.9005258933333333
554,0.0,0.0,0.0,0.0,0.0,0.0,0.0,0.0,0.0,0.0,0.0,0.0,0.0,0.0,0.0,0.0,0.0,0.0,0.0,0.0,0.0,0.0,0.0,0.0,0.0,0.0,0.0,0.0,0.0,0.0,0.0,0.0,0.0,0.0,0.0,0.0,0.0,0.0,0.0,0.0,0.0,0.0,0.0,0.0,0.0,0.0,0.0,0.0,0.0,0.0,0.0,0.0,0.0,0.0,0.0,0.0,0.0,0.0,0.0,0.0,0.0,0.0,0.0,0.0,0.0,0.0,0.0,0.0,0.0,0.0,0.0,0.0,0.0,0.0,0.0,0.0,0.0,0.0,0.0,0.0,0.0,0.0,0.0,0.0,0.0,0.0,0.0,0.0,0.0,0.0,0.0,0.0,0.0,0.0,0.0,0.0,0.0,0.0,0.0,0.0,0.0,0.0,0.0,0.0,0.0,0.0,0.0,0.0,0.0,0.0,0.0,0.0,0.0,0.83007,4.463,4.2355,3.9515,5.0,5.0,0,-0.5399999999999999,0.91828752
555,0.0,0.0,0.0,0.0,0.0,0.0,0.0,0.0,0.0,0.0,0.0,0.0,0.0,0.0,0.0,0.0,0.0,0.0,0.0,0.0,0.0,0.0,0.0,0.0,0.0,0.0,0.0,0.0,0.0,0.0,0.0,0.0,0.0,0.0,0.0,0.0,0.0,0.0,0.0,0.0,0.0,0.0,0.0,0.0,0.0,0.0,0.0,0.0,0.0,0.0,0.0,0.0,0.0,0.0,0.0,0.0,0.0,0.0,0.0,0.0,0.0,0.0,0.0,0.0,0.0,0.00478,0.0,0.0,0.0,0.0,0.00012,0.00024,0.0,0.0,0.0,0.0,0.0,0.0,0.0,0.0,0.0,0.0,0.0,0.0,0.0,0.0,0.0,0.0,0.0,0.0,0.0,0.0,0.0,0.0,0.0,0.0,0.0,0.0,0.0,0.0,0.0,0.0,0.0,0.0,0.0,0.0,0.0,0.0,0.0,0.0,0.0,0.0,-0.9,0.83007,5.0,4.9835,3.8975,3.8835,5.0,0,-0.72,0.9184351733333335
556,0.0,0.0,0.0,0.0,0.0,0.0,0.0,0.0,0.0,0.0,0.0,0.0,0.0,0.0,0.0,0.0,0.0,0.0,0.0,0.0,0.0,0.0,0.0,0.0,0.0,0.0,0.0,0.0,0.0,0.0,0.0,0.0,0.0,0.0,0.0,0.0,0.0,0.0,0.0,0.0,0.0,0.0,0.0,0.0,0.0,0.0,0.0,0.0,0.0,0.0,0.0,0.0,0.0,0.0,0.0,0.0,0.0,0.0,0.0,0.0,0.0,0.0,0.0,0.0,0.01686,0.024,0.0,0.0,0.0,0.0,0.0033,0.03337,0.00065,0.0,0.0,0.0,0.0,0.01061,0.0,0.0,0.0,0.00159,0.0,0.0,0.0,0.0,0.0,0.0,0.0,0.0,0.0,0.0,0.0,0.0,0.0,0.0,0.0,0.0,0.0,0.0,0.0,0.0,0.0,0.0,0.0,0.0,0.0,0.0,0.0,0.0,0.0,0.0,-0.9,0.83007,3.6585,5.0,4.1325,3.7345,5.0,0,-0.9,0.9185828266666667
557,0.0,0.0,0.0,0.0,0.0,0.0,0.0,0.0,0.0,0.0,0.0,0.0,0.0,0.0,0.0,0.0,0.0,0.0,0.0,0.0,0.0,0.0,0.0,0.0,0.0,0.0,0.0,0.0,0.0,0.0,0.0,0.0,0.0,0.0,0.0,0.0,0.0,0.0,0.0,0.0,0.0,0.0,0.0,0.0,0.0,0.0,0.0,0.0,0.0,0.0,0.0,0.0,0.0,0.0,0.0,0.0,0.0,0.0,0.0,0.0,0.0,0.0,0.0,0.0,0.00088,0.05548,0.02765,0.0,0.0,0.0,0.0,0.0,0.00513,0.00637,0.0,0.0,0.0,0.0,0.10153,0.02759,0.0,0.0,0.0,0.00371,0.0796,0.0,0.0,0.0,0.0,0.0,0.0,0.0,0.0,0.0,0.0,0.0,0.0,0.0,0.0,0.0,0.0,0.0,0.0,0.0,0.0,0.0,0.0,0.0,0.0,0.0,0.0,0.0,-0.9,0.83798,3.6355,5.0,4.0775,3.6855,3.6775,0,-0.9,0.9187304800000001
558,0.0,0.0,0.0,0.0,0.0,0.0,0.0,0.0,0.0,0.0,0.0,0.0,0.0,0.0,0.0,0.0,0.0,0.0,0.0,0.0,0.0,0.0,0.0,0.0,0.0,0.0,0.0,0.0,0.0,0.0,0.0,0.0,0.0,0.0,0.0,0.0,0.0,0.0,0.0,0.0,0.0,0.0,0.0,0.0,0.0,0.0,0.0,0.0,0.0,0.0,0.0,0.0,0.0,0.0,0.0,0.0,0.0,0.0,0.0,0.0,0.0,0.0,0.0,0.0,0.0,0.03208,0.08768,0.0,0.0,0.0,0.0,0.0,0.0,0.0,0.0,0.0,0.0,0.0,0.06775,0.13502,0.00083,0.0,0.0,0.0,0.0,0.0,0.0,0.0,0.0,0.0,0.0,0.0,0.0,0.0,0.0,0.0,0.0,0.0,0.0,0.0,0.0,0.0,0.0,0.0,0.0,0.0,0.0,0.0,0.0,0.0,0.0,0.0,-0.9,0.83798,3.5735,5.0,4.0405,3.7475,3.6495,0,-0.9,0.9188781333333333
559,0.0,0.0,0.0,0.0,0.0,0.0,0.0,0.0,0.0,0.0,0.0,0.0,0.0,0.0,0.0,0.0,0.0,0.0,0.0,0.0,0.0,0.0,0.0,0.0,0.0,0.0,0.0,0.0,0.0,0.0,0.0,0.0,0.0,0.0,0.0,0.0,0.0,0.0,0.0,0.0,0.0,0.0,0.0,0.0,0.0,0.0,0.0,0.0,0.0,0.0,0.0,0.0,0.0,0.0,0.0,0.0,0.0,0.0,0.0,0.0,0.0,0.0,0.0,0.0,0.0,0.0,0.12877,0.00761,0.0,0.0,0.0,0.0,0.0,0.0,0.0,0.0,0.0,0.0,0.00265,0.16987,0.07636,0.0,0.0,0.0,0.0,0.0,0.0,0.0,0.0,0.0,0.0,0.0,0.07429,0.01751,0.0,0.0,0.0,0.0,0.0,0.0,0.0,0.0,0.0,0.0,0.0,0.0,0.0,0.0,0.0,0.0,0.0,0.0,-0.9,0.83798,3.5155,3.7505,4.8145,5.0,5.0,0,-0.9,0.9188781333333333
560,0.0,0.0,0.0,0.0,0.0,0.0,0.0,0.0,0.0,0.0,0.0,0.0,0.0,0.0,0.0,0.0,0.0,0.0,0.0,0.0,0.0,0.0,0.0,0.0,0.0,0.0,0.0,0.0,0.0,0.0,0.0,0.0,0.0,0.0,0.0,0.0,0.0,0.0,0.0,0.0,0.0,0.0,0.0,0.0,0.0,0.0,0.0,0.0,0.0,0.0,0.0,0.0,0.0,0.0,0.0,0.0,0.0,0.0,0.0,0.0,0.0,0.0,0.0,0.0,0.0,0.0,0.0,0.1668,0.0,0.0,0.0,0.0,0.0,0.0,0.0,0.0,0.0,0.0,0.0,0.076,0.15006,0.0,0.0,0.0,0.0,0.0,0.0,0.0,0.0,0.0,0.0,0.0,0.10112,0.14175,0.0,0.0,0.0,0.0,0.0,0.0,0.0,0.0,0.0,0.0,0.0,0.03644,0.0911,0.0,0.0,0.0,0.0,0.0,-0.9,0.83798,3.3825,3.6665,5.0,4.5745,5.0,0,-0.72,0.91873048
561,0.0,0.0,0.0,0.0,0.0,0.0,0.0,0.0,0.0,0.0,0.0,0.0,0.0,0.0,0.0,0.0,0.0,0.0,0.0,0.0,0.0,0.0,0.0,0.0,0.0,0.0,0.0,0.0,0.0,0.0,0.0,0.0,0.0,0.0,0.0,0.0,0.0,0.0,0.0,0.0,0.0,0.0,0.0,0.0,0.0,0.0,0.0,0.0,0.0,0.0,0.0,0.0,0.0,0.0,0.0,0.00195,0.0,0.0,0.0,0.0,0.0,0.0,0.0,0.0,0.0,0.0,0.0,0.06356,0.08644,0.0,0.0,0.0,0.0,0.0,0.0,0.0,0.0,0.0,0.0,0.0,0.21032,0.00265,0.0,0.0,0.0,0.0,0.0,0.0,0.0,0.0,0.0,0.0,0.0194,0.20295,0.0,0.0,0.0,0.0,0.0,0.0,0.0,0.0,0.0,0.0,0.0,0.08455,0.1102,0.0,0.0,0.0,0.0,0.0,-0.9,0.83798,4.0445,3.4115,5.0,3.8775,4.7655,0,-0.54,0.9187304800000001
562,0.0,0.0,0.0,0.0,0.0,0.0,0.0,0.0,0.0,0.0,0.0,0.0,0.0,0.0,0.0,0.0,0.0,0.0,0.0,0.0,0.0,0.0,0.0,0.0,0.0,0.0,0.0,0.0,0.0,0.0,0.0,0.0,0.0,0.0,0.0,0.0,0.0,0.0,0.0,0.0,0.0,0.0,0.0,0.0,0.0,0.0,0.0,0.0,0.0,0.0,0.0,0.0,0.0,0.0,0.0,0.0,0.0,0.0,0.0,0.0,0.0,0.0,0.0,0.0,0.0,0.0,0.0,0.0,0.00442,0.0,0.0,0.0,0.0,0.0,0.0,0.0,0.0,0.0,0.0,0.0,0.0,0.0,0.0,0.0,0.0,0.0,0.0,0.0,0.0,0.0,0.0,0.0,0.0,0.0145,0.00212,0.0,0.0,0.0,0.0,0.0,0.0,0.0,0.0,0.0,0.0,0.00354,0.11073,0.0,0.0,0.0,0.0,0.0,-0.9,0.83798,3.228,3.3095,5.0,5.0,3.7975,0,-0.36,0.9025508533333333
563,0.0,0.0,0.0,0.0,0.0,0.0,0.0,0.0,0.0,0.0,0.0,0.0,0.0,0.0,0.0,0.0,0.0,0.0,0.0,0.0,0.0,0.0,0.0,0.0,0.0,0.0,0.0,0.0,0.0,0.0,0.0,0.0,0.0,0.0,0.0,0.0,0.0,0.0,0.0,0.0,0.0,0.0,0.0,0.0,0.0,0.0,0.0,0.0,0.0,0.0,0.0,0.0,0.0,0.0,0.0,0.0,0.0,0.0,0.0,0.0,0.0,0.0,0.0,0.0,0.0,0.0,0.0,0.0,0.0,0.0,0.0,0.0,0.0,0.0,0.0,0.0,0.0,0.0,0.0,0.0,0.0,0.0,0.0,0.0,0.0,0.0,0.0,0.0,0.0,0.0,0.0,0.0,0.0,0.0,0.0,0.0,0.0,0.0,0.0,0.0,0.0,0.0,0.0,0.0,0.0,0.0,0.0,0.0,0.0,0.0,0.0,0.0,0.0,0.83007,3.159,4.4145,3.1975,5.0,5.0,0,-0.17999999999999997,0.8863712266666667
564,0.0,0.0,0.0,0.0,0.0,0.0,0.0,0.0,0.0,0.0,0.0,0.0,0.0,0.0,0.0,0.0,0.0,0.0,0.0,0.0,0.0,0.0,0.0,0.0,0.0,0.0,0.0,0.0,0.0,0.0,0.0,0.0,0.0,0.0,0.0,0.0,0.0,0.0,0.0,0.0,0.0,0.0,0.0,0.0,0.0,0.0,0.0,0.0,0.0,0.0,0.0,0.0,0.0,0.0,0.0,0.0,0.0,0.00672,0.0,0.0,0.0,0.0,0.0,0.0,0.0,0.0,0.0,0.0,0.0,0.01645,0.18166,0.0,0.0,0.0,0.0,0.0,0.03892,0.0,0.0,0.0,0.0,0.0,0.0,0.0,0.0,0.0,0.0,0.0,0.02476,0.0,0.0,0.0,0.0,0.0,0.0,0.0,0.0,0.0,0.0,0.0,0.0,0.0,0.0,0.0,0.0,0.0,0.0,0.0,0.0,0.0,0.0,0.0,0.0,0.83798,3.131,4.3755,3.1365,5.0,5.0,0,0.0,0.8701916000000001
565,0.0,0.0,0.0,0.0,0.0,0.0,0.0,0.0,0.0,0.0,0.0,0.0,0.0,0.0,0.0,0.0,0.0,0.0,0.0,0.0,0.0,0.0,0.0,0.0,0.0,0.0,0.0,0.0,0.0,0.0,0.0,0.0,0.0,0.0,0.0,0.0,0.0,0.0,0.0,0.0,0.0,0.0,0.0,0.0,0.0,0.0,0.0,0.0,0.0,0.0,0.0,0.0,0.0,0.0,0.0,0.0,0.0,0.0069,0.01822,0.0,0.0,0.0,0.0,0.0,0.0,0.0,0.0,0.0,0.0,0.0,0.19493,0.01539,0.0,0.0,0.0,0.0,0.01621,0.06321,0.0,0.0,0.0,0.0,0.00136,0.2148,0.0,0.0,0.0,0.0,0.1602,6e-05,0.0,0.0,0.0,0.0,0.0,0.00548,0.0,0.0,0.0,0.0,0.0,0.0,0.0,0.0,0.0,0.0,0.0,0.0,0.0,0.0,0.0,0.0,0.0,0.83798,3.087,4.0885,3.106,3.3765,5.0,0,0.0,0.8541596266666668
566,0.0,0.0,0.0,0.0,0.0,0.0,0.0,0.0,0.0,0.0,0.0,0.0,0.0,0.0,0.0,0.0,0.0,0.0,0.0,0.0,0.0,0.0,0.0,0.0,0.0,0.0,0.0,0.0,0.0,0.0,0.0,0.0,0.0,0.0,0.0,0.0,0.0,0.0,0.0,0.0,0.0,0.0,0.0,0.0,0.0,0.0,0.0,0.0,0.0,0.0,0.0,0.0,0.0,0.0,0.0,0.0,0.0,0.0,0.00442,0.0,0.0,0.0,0.0,0.0,0.0,0.0,0.0138,0.0,0.0,0.0,0.1523,0.07217,0.0,0.0,0.0,0.0,0.0,0.07176,0.00784,0.0,0.0,0.0,0.0,0.20094,0.01999,0.0,0.0,0.0,0.17636,0.05713,0.0,0.0,0.0,0.0,0.0,0.00059,0.14287,0.0,0.0,0.0,0.02353,0.0,0.0,0.0,0.0,0.0,0.0,0.0,0.00265,0.0,0.0,0.0,0.0,0.83798,2.97,3.3745,3.026,4.8655,5.0,0,0.0,0.83798
567,0.0,0.0,0.0,0.0,0.0,0.0,0.0,0.0,0.0,0.0,0.0,0.0,0.0,0.0,0.0,0.0,0.0,0.0,0.0,0.0,0.0,0.0,0.0,0.0,0.0,0.0,0.0,0.0,0.0,0.0,0.0,0.0,0.0,0.0,0.0,0.0,0.0,0.0,0.0,0.0,0.0,0.0,0.0,0.0,0.0,0.0,0.0,0.0,0.0,0.0,0.0,0.0,0.0,0.0,0.0,0.0,0.0,0.0,0.0,0.0,0.0,0.0,0.0,0.0,0.0,0.0,0.01557,0.0,0.0,0.0,0.06993,0.1411,0.0,0.0,0.0,0.0,0.0,0.04752,0.03137,0.0,0.0,0.0,0.0,0.13561,0.09169,0.0,0.0,0.0,0.08031,0.11551,0.0,0.0,0.0,0.0,0.0,0.0,0.19599,0.02158,0.0,0.0,0.14328,0.0,0.0,0.0,0.0,0.0,0.0,0.0,0.0,0.10136,0.0,0.0,0.0,0.83798,2.919,3.3045,2.9875,3.014,5.0,0,0.0,0.83798
568,0.0,0.0,0.0,0.0,0.0,0.0,0.0,0.0,0.0,0.0,0.0,0.0,0.0,0.0,0.0,0.0,0.0,0.0,0.0,0.0,0.0,0.0,0.0,0.0,0.0,0.0,0.0,0.0,0.0,0.0,0.0,0.0,0.0,0.0,0.0,0.0,0.0,0.0,0.0,0.0,0.0,0.0,0.0,0.0,0.0,0.0,0.0,0.0,0.0,0.0,0.0,0.0,0.0,0.0,0.0,0.0,0.0,0.0,0.00195,0.0,0.0,0.0,0.0,0.0,0.0,0.0,0.0,0.0,0.0,0.0,0.03314,0.17435,0.0,0.0,0.0,0.0,0.0,0.01456,0.06221,0.0,0.0,0.0,0.0,0.05554,0.17264,0.0,0.0,0.0,0.00295,0.17288,0.0,0.0,0.0,0.0,0.0,0.0,0.12117,0.10029,0.0,0.0,0.20035,0.01138,0.0,0.0,0.0,0.0,0.0,0.0,0.0,0.11445,0.0,0.0,0.0,0.83798,2.9525,2.9635,2.8465,2.921,5.0,0,0.0,0.83798
569,0.0,0.0,0.0,0.0,0.0,0.0,0.0,0.0,0.0,0.0,0.0,0.0,0.0,0.0,0.0,0.0,0.0,0.0,0.0,0.0,0.0,0.0,0.0,0.0,0.0,0.0,0.0,0.0,0.0,0.0,0.0,0.0,0.0,0.0,0.0,0.0,0.0,0.0,0.0,0.0,0.0,0.0,0.0,0.0,0.0,0.0,0.0,0.0,0.0,0.0,0.0,0.0,0.0,0.0,0.0,0.0,0.0,0.0,0.0,0.0,0.0,0.0,0.0,0.0,0.0,0.0,0.0,0.0,0.0,0.0,0.0,0.10725,0.06521,0.0,0.0,0.0,0.0,0.0,0.02671,0.0,0.0,0.0,0.0,0.0,0.19263,0.03272,0.0,0.0,0.0,0.08585,0.09192,0.0,0.0,0.0,0.0,0.0,0.0,0.22624,0.0,0.0,0.05218,0.13037,0.0,0.0,0.0,0.0,0.0,0.0,0.0,0.03821,0.09057,0.0,0.0,0.83798,3.0325,2.837,3.9625,2.8545,5.0,0,0.0,0.83798
570,0.0,0.0,0.0,0.0,0.0,0.0,0.0,0.0,0.0,0.0,0.0,0.0,0.0,0.0,0.0,0.0,0.0,0.0,0.0,0.0,0.0,0.0,0.0,0.0,0.0,0.0,0.0,0.0,0.0,0.0,0.0,0.0,0.0,0.0,0.0,0.0,0.0,0.0,0.0,0.0,0.0,0.0,0.0,0.0,0.0,0.0,0.0,0.0,0.0,0.0,0.0,0.0,0.0,0.0,0.0,0.0,0.0,0.0,0.0,0.0,0.0,0.0,0.0,0.0,0.0,0.0,0.0,0.0,0.0,0.0,0.0,0.07252,0.10596,0.0,0.0,0.0,0.0,0.0,0.02636,0.0,0.0,0.0,0.0,0.0,0.09587,0.1316,0.0,0.0,0.0,0.0,0.08809,0.0,0.0,0.0,0.0,0.0,0.0,0.13084,0.08709,0.0,0.0,0.13939,0.023,0.0,0.0,0.0,0.0,0.0,0.0,0.0,0.08084,0.0,0.0,0.83798,3.1965,2.764,3.725,2.7965,3.033,0,0.0,0.8541596266666666
571,0.0,0.0,0.0,0.0,0.0,0.0,0.0,0.0,0.0,0.0,0.0,0.0,0.0,0.0,0.0,0.0,0.0,0.0,0.0,0.0,0.0,0.0,0.0,0.0,0.0,0.0,0.0,0.0,0.0,0.0,0.0,0.0,0.0,0.0,0.0,0.0,0.0,0.0,0.0,0.0,0.0,0.0,0.0,0.0,0.0,0.0,0.0,0.0,0.0,0.0,0.0,0.0,0.0,0.0,0.0,0.0,0.0,0.0,0.0,0.0,0.0,0.0,0.0,0.0,0.0,0.05371,0.09009,0.0,0.0,0.0,0.0,0.00489,0.10601,0.0,0.0,0.0,0.0,0.0,0.0,0.0,0.0,0.0,0.0,0.0,0.01769,0.20171,0.01568,0.0,0.0,0.0,0.0,0.0,0.0,0.0,0.0,0.0,0.0,0.002,0.22164,0.01108,0.0,0.0,0.04051,0.0,0.0,0.0,0.0,0.0,0.0,0.0,0.00153,0.08249,0.0,0.83798,3.3775,2.651,2.993,2.6735,2.788,0,0.0,0.8703392533333334
572,0.0,0.0,0.0,0.0,0.0,0.0,0.0,0.0,0.0,0.0,0.0,0.0,0.0,0.0,0.0,0.0,0.0,0.0,0.0,0.0,0.0,0.0,0.0,0.0,0.0,0.0,0.0,0.0,0.0,0.0,0.0,0.0,0.0,0.0,0.0,0.0,0.0,0.0,0.0,0.0,0.0,0.0,0.0,0.0,0.0,0.0,0.0,0.0,0.0,0.0,0.0,0.0,0.0,0.0,0.0,0.0,0.0,0.0,0.0,0.0,0.0,0.0,0.0,0.0,0.0,0.1161,0.13703,0.0,0.0,0.0,0.0,0.00283,0.07447,0.0046,0.0,0.0,0.0,0.0,0.0,0.0,0.0,0.0,0.0,0.0,0.00035,0.14823,0.09057,0.0,0.0,0.0,0.0,0.0,0.0,0.0,0.0,0.0,0.0,0.0,0.10896,0.1355,0.0,0.0,0.00088,0.0,0.0,0.0,0.0,0.0,0.0,0.0,0.0,0.08561,0.0,0.83798,3.5835,2.572,2.9115,2.6205,2.6435,0,0.18000000000000005,0.8703392533333334
573,0.0,0.0,0.0,0.0,0.0,0.0,0.0,0.0,0.0,0.0,0.0,0.0,0.0,0.0,0.0,0.0,0.0,0.0,0.0,0.0,0.0,0.0,0.0,0.0,0.0,0.0,0.0,0.0,0.0,0.0,0.0,0.0,0.0,0.0,0.0,0.0,0.0,0.0,0.0,0.0,0.0,0.0,0.0,0.0,0.0,0.0,0.0,0.0,0.0,0.0,0.0,0.0,0.0,0.0,0.0,0.0,0.0,0.0,0.0,0.0,0.0,0.0,0.0,0.0,0.0,0.10065,0.15601,0.00071,0.0,0.0,0.0,0.00407,0.07129,0.01627,0.0,0.0,0.0,0.0,0.00478,0.00283,0.0,0.0,0.0,0.0,0.0,0.12017,0.11421,0.0,0.0,0.0,0.0,0.0,0.0,0.0,0.0,0.0,0.0,0.0,0.0566,0.18945,0.0,0.0,0.0,0.0,0.0,0.0,0.0,0.0,0.0,0.0,0.0,0.00301,0.0,0.83798,5.0,2.4715,2.495,4.0965,2.5435,0,0.18000000000000005,0.88651888
574,0.0,0.0,0.0,0.0,0.0,0.0,0.0,0.0,0.0,0.0,0.0,0.0,0.0,0.0,0.0,0.0,0.0,0.0,0.0,0.0,0.0,0.0,0.0,0.0,0.0,0.0,0.0,0.0,0.0,0.0,0.0,0.0,0.0,0.0,0.0,0.0,0.0,0.0,0.0,0.0,0.0,0.0,0.0,0.0,0.0,0.0,0.0,0.0,0.0,0.0,0.0,0.0,0.0,0.0,0.0,0.0,0.0,0.0,0.0023,0.0,0.0,0.0,0.0,0.0,0.0,0.08774,0.12665,0.0,0.0,0.0,0.00755,0.03249,0.06132,0.00708,0.0,0.0,0.0,0.0,0.06934,0.06244,0.0,0.0,0.0,0.0,0.0,0.11362,0.11456,0.0,0.0,0.0,0.0,0.0,0.0,0.0,0.0,0.0,0.0,0.0,0.04499,0.17311,0.0,0.0,0.0,0.0,0.0,0.0,0.0,0.0,0.0,0.0,0.0,0.0,0.0,0.83798,5.0,2.4735,2.432,4.047,2.5215,0,4.4408920985006264e-17,0.9025508533333333
575,0.0,0.0,0.0,0.0,0.0,0.0,0.0,0.0,0.0,0.0,0.0,0.0,0.0,0.0,0.0,0.0,0.0,0.0,0.0,0.0,0.0,0.0,0.0,0.0,0.0,0.0,0.0,0.0,0.0,0.0,0.0,0.0,0.0,0.0,0.0,0.0,0.0,0.0,0.0,0.0,0.0,0.0,0.0,0.0,0.0,0.0,0.0,0.0,0.0,0.0,0.0,0.0,0.0,0.0,0.0,0.0,0.0,0.0,0.0,0.0,0.0,0.0,0.0,0.0,0.0,0.10725,0.10625,0.0,0.0,0.0,0.0,0.03066,0.10094,0.00743,0.0,0.0,0.0,0.0,0.098,0.07748,0.0,0.0,0.0,0.0,0.0,0.10425,0.11704,0.0,0.0,0.0,0.0,0.06616,0.0,0.0,0.0,0.0,0.0,0.0,0.02913,0.16846,0.0,0.0,0.0,0.0,0.0,0.0,0.0,0.0,0.0,0.0,0.0,0.0,0.9,0.83798,3.717,2.3675,2.345,3.6255,2.4535,0,-0.17999999999999997,0.9025508533333333
576,0.0,0.0,0.0,0.0,0.0,0.0,0.0,0.0,0.0,0.0,0.0,0.0,0.0,0.0,0.0,0.0,0.0,0.0,0.0,0.0,0.0,0.0,0.0,0.0,0.0,0.0,0.0,0.0,0.0,0.0,0.0,0.0,0.0,0.0,0.0,0.0,0.0,0.0,0.0,0.0,0.0,0.0,0.0,0.0,0.0,0.0,0.0,0.0,0.0,0.0,0.0,0.0,0.0,0.0,0.0,0.0,0.02659,0.07441,0.0,0.0,0.0,0.0,0.0,0.0,0.13172,0.03384,0.0,0.0,0.0,0.02919,0.10684,0.05572,0.04051,0.0,0.0,0.0,0.0,0.08933,0.00513,0.0,0.0,0.0,0.0,0.0,0.08738,0.1309,0.01114,0.0,0.0,0.0,0.0,0.0,0.0,0.0,0.0,0.0,0.0,0.00142,0.14629,0.10631,0.0,0.0,0.0,0.0,0.0,0.0,0.0,0.0,0.0,0.0,0.0,0.06633,0.0,0.83798,3.3635,2.312,2.6335,2.8995,2.4035,0,-0.17999999999999997,0.9024032
577,0.0,0.0,0.0,0.0,0.0,0.0,0.0,0.0,0.0,0.0,0.0,0.0,0.0,0.0,0.0,0.0,0.0,0.0,0.0,0.0,0.0,0.0,0.0,0.0,0.0,0.0,0.0,0.0,0.0,0.0,0.0,0.0,0.0,0.0,0.0,0.0,0.0,0.0,0.0,0.0,0.0,0.0,0.0,0.0,0.0,0.0,0.0,0.0,0.0,0.0,0.0,0.0,0.0,0.0,0.0,0.00554,0.04522,0.0,0.0,0.0,0.0,0.0,0.0,0.0,0.0,0.0,0.0,0.0,0.04988,0.11763,0.07606,0.04458,0.0,0.0,0.0,0.0,0.0,0.0,0.0,0.0,0.0,0.0,0.0,0.04658,0.12765,0.04829,0.0,0.0,0.0,0.0,0.0,0.0,0.0,0.0,0.0,0.0,0.0,0.08886,0.15277,0.01061,0.0,0.0,0.0,0.0,0.0,0.0,0.0,0.0,0.0,0.0,0.00183,0.14658,-0.9,0.83007,3.6175,2.352,2.1955,3.8365,2.327,0,-0.36,0.9185828266666667
578,0.0,0.0,0.0,0.0,0.0,0.0,0.0,0.0,0.0,0.0,0.0,0.0,0.0,0.0,0.0,0.0,0.0,0.0,0.0,0.0,0.0,0.0,0.0,0.0,0.0,0.0,0.0,0.0,0.0,0.0,0.0,0.0,0.0,0.0,0.0,0.0,0.0,0.0,0.0,0.0,0.0,0.0,0.0,0.0,0.0,0.0,0.0,0.0,0.0,0.0,0.0,0.0,0.0,0.0,0.0,0.00696,0.00843,0.0,0.0,0.0,0.0,0.0,0.0,0.0,0.0,0.0,0.0,0.00195,0.09027,0.12889,0.12506,0.01344,0.0,0.0,0.0,0.0,0.0,0.0,0.0,0.0,0.0,0.0,0.0,0.0898,0.13679,0.01574,0.0,0.0,0.0,0.0,0.0,0.0,0.0,0.0,0.0,0.0,0.00088,0.1464,0.1191,0.0,0.00018,0.0,0.0,0.0,0.0,0.0,0.0,0.0,0.0,0.0,0.05354,0.12264,-0.9,0.83798,5.0,2.64,2.127,3.0875,2.24,0,-0.36,0.9185828266666668
579,0.0,0.0,0.0,0.0,0.0,0.0,0.0,0.0,0.0,0.0,0.0,0.0,0.0,0.0,0.0,0.0,0.0,0.0,0.0,0.0,0.0,0.0,0.0,0.0,0.0,0.0,0.0,0.0,0.0,0.0,0.0,0.0,0.0,0.0,0.0,0.0,0.0,0.0,0.0,0.0,0.0,0.0,0.0,0.0,0.0,0.0,0.0,0.0,0.0,0.0,0.0,0.0,0.0,0.0,0.0,0.00537,0.04292,0.0,0.0,0.0,0.0,0.0,0.0,0.0,0.0,0.0,0.0,0.0,0.0589,0.14239,0.12618,0.0125,0.0,0.0,0.0,0.0,0.08455,0.0,0.0,0.0,0.0,0.0,0.0,0.10041,0.15625,0.00902,0.0,0.0,0.18379,0.0,0.0,0.0,0.0,0.0,0.0,0.0,0.00389,0.15967,0.11946,0.0,0.0819,0.0,0.0,0.0,0.0,0.0,0.0,0.0,0.0,0.0,0.04935,0.09216,0.0,0.83007,5.0,2.7715,2.1,3.216,2.2555,0,-0.36,0.91873048
580,0.0,0.0,0.0,0.0,0.0,0.0,0.0,0.0,0.0,0.0,0.0,0.0,0.0,0.0,0.0,0.0,0.0,0.0,0.0,0.0,0.0,0.0,0.0,0.0,0.0,0.0,0.0,0.0,0.0,0.0,0.0,0.0,0.0,0.0,0.0,0.0,0.0,0.0,0.0,0.0,0.0,0.0,0.0,0.0,0.0,0.0,0.0,0.0,0.0,0.0,0.0,0.0,0.0,0.0,0.0,0.02677,0.13337,0.01338,0.0,0.0,0.0,0.0,0.0,0.0,0.12771,0.0,0.0,0.0,0.00195,0.13143,0.13485,0.04027,0.0,0.0,0.0,0.0,0.06969,0.0283,0.0,0.0,0.0,0.0,0.0,0.09764,0.13443,0.00442,0.0,0.0,0.00265,0.16486,0.0,0.0,0.0,0.0,0.0,0.0,0.00442,0.16633,0.09157,0.0,0.0,0.05466,0.0,0.0,0.0,0.0,0.0,0.0,0.0,0.0,0.08325,0.1207,0.0,0.83798,4.2705,3.344,2.028,2.062,2.5905,0,-0.36,0.9187304800000001
581,0.0,0.0,0.0,0.0,0.0,0.0,0.0,0.0,0.0,0.0,0.0,0.0,0.0,0.0,0.0,0.0,0.0,0.0,0.0,0.0,0.0,0.0,0.0,0.0,0.0,0.0,0.0,0.0,0.0,0.0,0.0,0.0,0.0,0.0,0.0,0.0,0.0,0.0,0.0,0.0,0.0,0.0,0.0,0.0,0.0,0.0,0.0,0.0,0.0,0.0,0.0,0.0,0.0,0.0,0.0,0.02323,0.10024,0.0,0.0,0.0,0.0,0.0,0.0,0.0,0.0,0.0,0.0,0.0,0.02636,0.14027,0.12983,0.0,0.0,0.0,0.0,0.0,0.0,0.0,0.0,0.0,0.0,0.0,0.02258,0.15678,0.07801,0.0,0.0,0.0,0.0,0.0,0.0,0.0,0.0,0.0,0.0,0.0,0.0895,0.16798,0.00572,0.0,0.0,0.0,0.0,0.0,0.0,0.0,0.0,0.0,0.0,0.00719,0.17653,0.06144,0.0,0.83798,3.924,3.438,1.945,1.8935,2.658,0,-0.36,0.9188781333333333
582,0.0,0.0,0.0,0.0,0.0,0.0,0.0,0.0,0.0,0.0,0.0,0.0,0.0,0.0,0.0,0.0,0.0,0.0,0.0,0.0,0.0,0.0,0.0,0.0,0.0,0.0,0.0,0.0,0.0,0.0,0.0,0.0,0.0,0.0,0.0,0.0,0.0,0.0,0.0,0.0,0.0,0.0,0.0,0.0,0.0,0.0,0.0,0.0,0.0,0.0,0.0,0.0,0.0,0.0,0.0,0.00248,0.06739,0.0,0.0,0.0,0.0,0.0,0.0,0.0,0.0,0.0,0.0,0.0,0.05961,0.15955,0.06279,0.0,0.0,0.0,0.0,0.0,0.0,0.0,0.0,0.0,0.0,0.0,0.08656,0.16203,0.00719,0.0,0.0,0.0,0.0,0.0,0.0,0.0,0.0,0.0,0.0,0.00572,0.17152,0.07571,0.0,0.0,0.0,0.0,0.0,0.0,0.0,0.0,0.0,0.0,0.0,0.10283,0.11863,0.0,-0.9,0.83798,4.35,3.2225,1.9215,1.878,2.6145,0,-0.36,0.9188781333333333
583,0.0,0.0,0.0,0.0,0.0,0.0,0.0,0.0,0.0,0.0,0.0,0.0,0.0,0.0,0.0,0.0,0.0,0.0,0.0,0.0,0.0,0.0,0.0,0.0,0.0,0.0,0.0,0.0,0.0,0.0,0.0,0.0,0.0,0.0,0.0,0.0,0.0,0.0,0.0,0.0,0.0,0.0,0.0,0.0,0.0,0.0,0.0,0.0,0.0,0.0,0.0,0.0,0.0,0.0,0.0,0.0,0.01203,0.0,0.0,0.0,0.0,0.0,0.0,0.0,0.0,0.0,0.0,0.0,0.02288,0.14233,0.05183,0.0,0.0,0.0,0.0,0.0,0.0,0.0,0.0,0.0,0.0,0.0,0.09758,0.12671,0.0,0.0,0.0,0.0,0.0,0.0,0.0,0.0,0.0,0.0,0.0,0.03921,0.17765,0.01981,0.0,0.0,0.0,0.0,0.0,0.0,0.0,0.0,0.0,0.0,0.0,0.1579,0.01669,0.0,-0.9,0.83798,4.087,3.757,2.2585,1.79,2.138,0,-0.36,0.9026985066666666
584,0.0,0.0,0.0,0.0,0.0,0.0,0.0,0.0,0.0,0.0,0.0,0.0,0.0,0.0,0.0,0.0,0.0,0.0,0.0,0.0,0.0,0.0,0.0,0.0,0.0,0.0,0.0,0.0,0.0,0.0,0.0,0.0,0.0,0.0,0.0,0.0,0.0,0.0,0.0,0.0,0.0,0.0,0.0,0.0,0.0,0.0,0.0,0.0,0.0,0.0,0.0,0.0,0.0,0.0,0.0,0.0,0.0,0.06969,0.00195,0.0,0.0,0.0,0.0,0.0,0.0,0.0,0.0,0.0,0.0,0.01097,0.19623,0.0332,0.0,0.0,0.0,0.0,0.0,0.0,0.0,0.0,0.0,0.0,0.0,0.16904,0.05224,0.0,0.0,0.0,0.0,0.0,0.0,0.0,0.0,0.0,0.0,0.0,0.14858,0.09216,0.0,0.0,0.0987,0.0,0.0,0.0,0.0,0.0,0.0,0.0,0.0,0.10979,0.11044,0.0,0.0,0.83798,3.462,3.346,2.8755,1.852,1.724,0,-0.17999999999999997,0.88651888
585,0.0,0.0,0.0,0.0,0.0,0.0,0.0,0.0,0.0,0.0,0.0,0.0,0.0,0.0,0.0,0.0,0.0,0.0,0.0,0.0,0.0,0.0,0.0,0.0,0.0,0.0,0.0,0.0,0.0,0.0,0.0,0.0,0.0,0.0,0.0,0.0,0.0,0.0,0.0,0.0,0.0,0.0,0.0,0.0,0.0,0.0,0.0,0.0,0.0,0.0,0.0,0.0,0.0,0.0,0.0,0.0,0.0,0.0,0.02883,0.0,0.0,0.0,0.0,0.0,0.0,0.0,0.0,0.0,0.0,0.0,0.06309,0.17288,0.0,0.0,0.0,0.0,0.0,0.0,0.0,0.0,0.0,0.0,0.0,0.0375,0.1852,0.0,0.0,0.0,0.0,0.0,0.0,0.0,0.0,0.0,0.0,0.0,0.04988,0.18237,0.0,0.0,0.0,0.0,0.0,0.0,0.0,0.0,0.0,0.0,0.0,0.05489,0.06238,0.0,0.0,0.83798,3.851,3.776,3.8555,2.015,1.577,0,0.0,0.88651888
586,0.0,0.0,0.0,0.0,0.0,0.0,0.0,0.0,0.0,0.0,0.0,0.0,0.0,0.0,0.0,0.0,0.0,0.0,0.0,0.0,0.0,0.0,0.0,0.0,0.0,0.0,0.0,0.0,0.0,0.0,0.0,0.0,0.0,0.0,0.0,0.0,0.0,0.0,0.0,0.0,0.0,0.0,0.0,0.0,0.0,0.0,0.0,0.0,0.0,0.0,0.0,0.0,0.0,0.0,0.0,0.0,0.0,0.0,0.00531,0.0,0.0,0.0,0.0,0.0,0.0,0.0,0.0,0.0,0.0,0.0,0.0829,0.15395,0.0,0.0,0.0,0.0,0.0,0.0,0.0,0.0,0.0,0.0,0.0,0.02482,0.20265,0.0,0.0,0.0,0.0,0.0,0.0,0.0,0.0,0.0,0.0,0.0,0.05165,0.18237,0.0,0.0,0.00142,0.00672,0.0,0.0,0.0,0.0,0.0,0.0,0.0,0.06657,0.13774,0.0,0.0,0.83798,3.764,3.661,3.8845,2.096,1.54,0,0.0,0.88651888
587,0.0,0.0,0.0,0.0,0.0,0.0,0.0,0.0,0.0,0.0,0.0,0.0,0.0,0.0,0.0,0.0,0.0,0.0,0.0,0.0,0.0,0.0,0.0,0.0,0.0,0.0,0.0,0.0,0.0,0.0,0.0,0.0,0.0,0.0,0.0,0.0,0.0,0.0,0.0,0.0,0.0,0.0,0.0,0.0,0.0,0.0,0.0,0.0,0.0,0.0,0.0,0.0,0.0,0.0,0.0,0.0,0.0,0.00071,0.00531,0.0,0.0,0.0,0.0,0.0,0.0,0.0,0.0,0.0,0.0,0.00106,0.12129,0.12317,0.0,0.0,0.0,0.0,0.0,0.0,0.0,0.0,0.0,0.0,0.0,0.05289,0.18042,0.0,0.0,0.0,0.0,0.0,0.0,0.0,0.0,0.0,0.0,0.0,0.03467,0.19458,0.0,0.0,0.00425,0.0069,0.0,0.0,0.0,0.0,0.0,0.0,0.0,0.07364,0.14711,0.0,0.0,0.83798,4.069,3.973,4.3285,2.207,1.498,0,-0.17999999999999997,0.88651888
588,0.0,0.0,0.0,0.0,0.0,0.0,0.0,0.0,0.0,0.0,0.0,0.0,0.0,0.0,0.0,0.0,0.0,0.0,0.0,0.0,0.0,0.0,0.0,0.0,0.0,0.0,0.0,0.0,0.0,0.0,0.0,0.0,0.0,0.0,0.0,0.0,0.0,0.0,0.0,0.0,0.0,0.0,0.0,0.0,0.0,0.0,0.0,0.0,0.0,0.0,0.0,0.0,0.0,0.0,0.0,0.0,6e-05,0.00755,0.0,0.0,0.0,0.0,0.0,0.0,0.0,0.0,0.0,0.0,0.0,0.03715,0.11792,0.05047,0.0,0.0,0.0,0.0,0.0,0.0,0.0,0.0,0.0,0.0,0.0,0.12506,0.11179,0.0,0.0,0.0,0.0,0.0,0.0,0.0,0.0,0.0,0.0,0.0,0.09233,0.1431,0.0,0.0,0.0,0.0,0.0,0.0,0.0,0.0,0.0,0.0,0.0,0.08508,0.12223,0.0,0.0,0.83798,4.16,4.153,4.7915,2.341,1.474,0,-0.36,0.9026985066666666
589,0.0,0.0,0.0,0.0,0.0,0.0,0.0,0.0,0.0,0.0,0.0,0.0,0.0,0.0,0.0,0.0,0.0,0.0,0.0,0.0,0.0,0.0,0.0,0.0,0.0,0.0,0.0,0.0,0.0,0.0,0.0,0.0,0.0,0.0,0.0,0.0,0.0,0.0,0.0,0.0,0.0,0.0,0.0,0.0,0.0,0.0,0.0,0.0,0.0,0.0,0.0,0.0,0.0,0.0,0.0,0.0,0.02282,0.0,0.0,0.0,0.0,0.0,0.0,0.0,0.0,0.0,0.0,0.0,0.0388,0.12854,0.1319,0.00183,0.0,0.0,0.0,0.0,0.0,0.0,0.0,0.0,0.0,0.0,0.00802,0.18302,0.05289,0.0,0.0,0.0,0.0,0.0,0.0,0.0,0.0,0.0,0.0,0.0,0.14346,0.0888,0.0,0.0,0.0,0.0,0.0,0.0,0.0,0.0,0.0,0.0,0.0,0.1352,0.07671,0.0,0.0,0.83798,3.948,3.98,4.6805,2.4285,1.495,0,-0.5399999999999999,0.9188781333333333
590,0.0,0.0,0.0,0.0,0.0,0.0,0.0,0.0,0.0,0.0,0.0,0.0,0.0,0.0,0.0,0.0,0.0,0.0,0.0,0.0,0.0,0.0,0.0,0.0,0.0,0.0,0.0,0.0,0.0,0.0,0.0,0.0,0.0,0.0,0.0,0.0,0.0,0.0,0.0,0.0,0.0,0.0,0.0,0.0,0.0,0.0,0.0,0.0,0.0,0.0,0.0,0.0,0.0,0.0,0.0,0.0,0.0,0.0,0.0,0.0,0.0,0.0,0.0,0.0,0.0,0.0,0.0,0.0,0.09511,0.14104,0.07871,0.0,0.0,0.0,0.0,0.0,0.0,0.0,0.0,0.0,0.0,0.0,0.07618,0.16427,0.00153,0.0,0.0,0.0,0.0,0.0,0.0,0.0,0.0,0.0,0.0,0.01344,0.19741,0.0145,0.0,0.0,0.0,0.0,0.0,0.0,0.0,0.0,0.0,0.0,0.00106,0.17671,0.0145,0.0,-0.9,0.83798,5.0,5.0,5.0,2.5635,1.523,0,-0.72,0.9188781333333333
591,0.0,0.0,0.0,0.0,0.0,0.0,0.0,0.0,0.0,0.0,0.0,0.0,0.0,0.0,0.0,0.0,0.0,0.0,0.0,0.0,0.0,0.0,0.0,0.0,0.0,0.0,0.0,0.0,0.0,0.0,0.0,0.0,0.0,0.0,0.0,0.0,0.0,0.0,0.0,0.0,0.0,0.0,0.0,0.0,0.0,0.0,0.0,0.0,0.0,0.0,0.0,0.0,0.0,0.0,0.0,0.0,0.0,0.0,0.0,0.0,0.0,0.0,0.0,0.0,0.0,0.0,0.0,0.00112,0.06568,0.14316,0.02618,0.0,0.0,0.0,0.0,0.0,0.0,0.0,0.0,0.0,0.0,0.0,0.13974,0.11303,0.0,0.0,0.0,0.0,0.0,0.0,0.0,0.0,0.0,0.0,0.0,0.06987,0.1707,0.0,0.0,0.0,0.0,0.0,0.0,0.0,0.0,0.0,0.0,0.0,0.02547,0.1944,0.0,0.0,-0.9,0.83798,5.0,5.0,5.0,5.0,1.663,0,-0.72,0.9190256
592,0.0,0.0,0.0,0.0,0.0,0.0,0.0,0.0,0.0,0.0,0.0,0.0,0.0,0.0,0.0,0.0,0.0,0.0,0.0,0.0,0.0,0.0,0.0,0.0,0.0,0.0,0.0,0.0,0.0,0.0,0.0,0.0,0.0,0.0,0.0,0.0,0.0,0.0,0.0,0.0,0.0,0.0,0.0,0.0,0.0,0.0,0.0,0.0,0.0,0.0,0.0,0.0,0.0,0.0,0.0,0.0,0.0,0.0,0.0,0.0,0.0,0.0,0.0,0.0,0.0,0.0,0.0,0.01492,0.09982,0.13538,0.05802,0.0,0.0,0.0,0.0,0.0,0.0,0.0,0.0,0.0,0.0,0.0,0.08608,0.16032,0.00991,0.0,0.0,0.0,0.0,0.0,0.0,0.0,0.0,0.0,0.0,0.00336,0.18945,0.05236,0.0,0.0,0.0,0.0,0.0,0.0,0.0,0.0,0.0,0.0,0.0,0.17146,0.05937,0.0,-0.9,0.83798,5.0,5.0,5.0,5.0,2.203,0,-0.54,0.9191730666666669
593,0.0,0.0,0.0,0.0,0.0,0.0,0.0,0.0,0.0,0.0,0.0,0.0,0.0,0.0,0.0,0.0,0.0,0.0,0.0,0.0,0.0,0.0,0.0,0.0,0.0,0.0,0.0,0.0,0.0,0.0,0.0,0.0,0.0,0.0,0.0,0.0,0.0,0.0,0.0,0.0,0.0,0.0,0.0,0.0,0.0,0.0,0.0,0.0,0.0,0.0,0.0,0.0,0.0,0.0,0.0,0.04475,0.0,0.0,0.0,0.0,0.0,0.0,0.0,0.0,0.0,0.0,0.0,0.03219,0.11987,0.12866,0.07064,0.00259,0.0,0.0,0.0,0.0,0.0,0.0,0.0,0.0,0.0,0.0,0.00289,0.13219,0.09664,0.0,0.0,0.0,0.0,0.0,0.0,0.0,0.0,0.0,0.0,0.0,0.07854,0.17093,0.00047,0.0,0.0,0.0,0.0,0.0,0.0,0.0,0.0,0.0,0.0,0.02052,0.21533,0.01568,-0.9,0.83798,5.0,5.0,5.0,5.0,5.0,0,-0.36,0.9191730666666666
594,0.0,0.0,0.0,0.0,0.0,0.0,0.0,0.0,0.0,0.0,0.0,0.0,0.0,0.0,0.0,0.0,0.0,0.0,0.0,0.0,0.0,0.0,0.0,0.0,0.0,0.0,0.0,0.0,0.0,0.0,0.0,0.0,0.0,0.0,0.0,0.0,0.0,0.0,0.0,0.0,0.0,0.0,0.0,0.0,0.0,0.0,0.0,0.0,0.0,0.0,0.0,0.0,0.0,0.0,0.0,0.0,0.04564,0.0,0.0,0.0,0.0,0.0,0.0,0.0,0.0,0.0,0.0,0.0,0.04682,0.14104,0.14469,0.02636,0.0,0.0,0.0,0.0,0.0,0.0,0.0,0.0,0.0,0.0,0.0,0.074,0.15896,0.00495,0.0,0.0,0.0,0.0,0.0,0.0,0.0,0.0,0.0,0.0,0.00336,0.14853,0.05967,0.0,0.0,0.0,0.0,0.0,0.0,0.0,0.0,0.0,0.0,0.0,0.13573,0.11474,0.0,0.84588,5.0,5.0,5.0,5.0,5.0,0,-0.36,0.9188779466666668
595,0.0,0.0,0.0,0.0,0.0,0.0,0.0,0.0,0.0,0.0,0.0,0.0,0.0,0.0,0.0,0.0,0.0,0.0,0.0,0.0,0.0,0.0,0.0,0.0,0.0,0.0,0.0,0.0,0.0,0.0,0.0,0.0,0.0,0.0,0.0,0.0,0.0,0.0,0.0,0.0,0.0,0.0,0.0,0.0,0.0,0.0,0.0,0.0,0.0,0.0,0.0,0.0,0.0,0.0,0.0,0.0,0.0293,0.00501,0.0,0.0,0.0,0.0,0.0,0.0,0.0,0.0,0.0,0.0,0.00542,0.14422,0.15425,0.02795,0.0,0.0,0.0,0.0,0.0,0.0,0.0,0.0,0.0,0.0,0.0,0.01745,0.07081,0.0,0.0,0.0,0.0,0.0,0.0,0.0,0.0,0.0,0.0,0.0,0.0,0.14741,0.05283,0.0,0.0,0.0,0.0,0.0,0.0,0.0,0.0,0.0,0.0,0.0,0.12282,0.1296,0.0,0.84588,5.0,5.0,5.0,5.0,5.0,0,-0.24261799999999994,0.9187302933333333
596,0.0,0.0,0.0,0.0,0.0,0.0,0.0,0.0,0.0,0.0,0.0,0.0,0.0,0.0,0.0,0.0,0.0,0.0,0.0,0.0,0.0,0.0,0.0,0.0,0.0,0.0,0.0,0.0,0.0,0.0,0.0,0.0,0.0,0.0,0.0,0.0,0.0,0.0,0.0,0.0,0.0,0.0,0.0,0.0,0.0,0.0,0.0,0.0,0.0,0.0,0.0,0.0,0.0,0.0,0.0,0.0,0.02282,0.0,0.0,0.0,0.0,0.0,0.0,0.0,0.0,0.0,0.0,0.0,0.01904,0.1566,0.09021,0.0,0.0,0.0,0.0,0.0,0.0,0.0,0.0,0.0,0.0,0.0,0.0707,0.01209,0.0,0.0,0.0,0.0,0.0,0.0,0.0,0.0,0.0,0.0,0.0,0.0,0.0,0.02848,0.0,0.0,0.0,0.0,0.0,0.0,0.0,0.0,0.0,0.0,0.0,0.03956,0.15448,0.0,0.0,0.83798,4.872,5.0,5.0,5.0,5.0,0,-0.24261799999999994,0.9182877066666668
597,0.0,0.0,0.0,0.0,0.0,0.0,0.0,0.0,0.0,0.0,0.0,0.0,0.0,0.0,0.0,0.0,0.0,0.0,0.0,0.0,0.0,0.0,0.0,0.0,0.0,0.0,0.0,0.0,0.0,0.0,0.0,0.0,0.0,0.0,0.0,0.0,0.0,0.0,0.0,0.0,0.0,0.0,0.0,0.0,0.0,0.0,0.0,0.0,0.0,0.0,0.0,0.0,0.0,0.0,0.0,0.0,0.02972,0.0,0.0,0.0,0.0,0.0,0.0,0.0,0.0,0.0,0.0,0.0,0.02229,0.16893,0.03325,0.0,0.0,0.0,0.0,0.0,0.0,0.0,0.0,0.0,0.0,0.0,0.14281,0.05725,0.0,0.0,0.0,0.0,0.0,0.0,0.0,0.0,0.0,0.0,0.0,0.00955,0.0,0.0,0.0,0.0,0.0,0.0,0.0,0.0,0.0,0.0,0.0,0.0,0.0,0.0,0.0,0.0,-0.9,0.82217,5.0,5.0,5.0,5.0,4.98,0,-0.24261799999999994,0.91784512
598,0.0,0.0,0.0,0.0,0.0,0.0,0.0,0.0,0.0,0.0,0.0,0.0,0.0,0.0,0.0,0.0,0.0,0.0,0.0,0.0,0.0,0.0,0.0,0.0,0.0,0.0,0.0,0.0,0.0,0.0,0.0,0.0,0.0,0.0,0.0,0.0,0.0,0.0,0.0,0.0,0.0,0.0,0.0,0.0,0.0,0.0,0.0,0.0,0.0,0.0,0.0,0.0,0.0,0.0,0.0,0.0,0.07093,0.02123,0.0,0.0,0.0,0.0,0.0,0.0,0.0,0.0,0.0,0.0,0.0,0.17795,0.05554,0.0,0.0,0.0,0.0,0.0,0.05147,0.0,0.0,0.0,0.0,0.0,0.13284,0.08066,0.0,0.0,0.0,0.0,0.0,0.0,0.0,0.0,0.0,0.0,0.0,0.05943,0.0,0.0,0.0,0.0,0.0,0.0,0.0,0.0,0.0,0.0,0.0,0.0,0.0,0.0,0.0,0.0,-0.31309,0.83007,5.0,5.0,5.0,5.0,4.979,0,-0.24261799999999994,0.9176974666666669
599,0.0,0.0,0.0,0.0,0.0,0.0,0.0,0.0,0.0,0.0,0.0,0.0,0.0,0.0,0.0,0.0,0.0,0.0,0.0,0.0,0.0,0.0,0.0,0.0,0.0,0.0,0.0,0.0,0.0,0.0,0.0,0.0,0.0,0.0,0.0,0.0,0.0,0.0,0.0,0.0,0.0,0.0,0.0,0.0,0.00554,0.00206,0.0,0.0,0.0,0.0,0.0,0.0,0.0,0.0,0.0,0.0,0.00395,0.17983,0.00743,0.0,0.0,0.0,0.0,0.0,0.0,0.02022,0.00012,0.0,0.0,0.00637,0.2161,0.00342,0.0,0.0,0.0,0.0,0.0,0.00124,0.0,0.0,0.0,0.0,0.00955,0.21132,0.00041,0.0,0.0,0.0,0.04705,0.0,0.0,0.0,0.0,0.0,0.0,0.01916,0.18337,0.0,0.0,0.0,0.01079,0.0,0.0,0.0,0.0,0.0,0.0,0.0,0.01751,0.03502,0.0,0.0,0.0,0.82217,5.0,5.0,5.0,5.0,5.0,0,-0.24261799999999994,0.9178449333333333
600,0.0,0.0,0.0,0.0,0.0,0.0,0.0,0.0,0.0,0.0,0.0,0.0,0.0,0.0,0.0,0.0,0.0,0.0,0.0,0.0,0.0,0.0,0.0,0.0,0.0,0.0,0.0,0.0,0.0,0.0,0.0,0.0,0.0,0.0,0.0,0.0,0.0,0.0,0.0,0.0,0.0,0.0,0.0,0.0,0.0,0.01132,0.0,0.0,0.0,0.0,0.0,0.0,0.0,0.0,0.0,0.0,0.0,0.10507,0.09393,0.0,0.0,0.0,0.0,0.0,0.0,0.00949,0.14511,0.0,0.0,0.0,0.16857,0.06368,0.0,0.0,0.0,0.0,0.0,0.18715,0.0046,0.0,0.0,0.0,0.0,0.19151,0.02765,0.0,0.0,0.0,0.10914,0.09711,0.0,0.0,0.0,0.0,0.0,0.0,0.08208,0.0,0.0,0.0,0.12683,0.0,0.0,0.0,0.0,0.0,0.0,0.0,0.0,0.0,0.0,0.0,0.0,0.82217,5.0,5.0,5.0,5.0,5.0,0,-0.17999999999999997,0.9178449333333335
601,0.0,0.0,0.0,0.0,0.0,0.0,0.0,0.0,0.0,0.0,0.0,0.0,0.0,0.0,0.0,0.0,0.0,0.0,0.0,0.0,0.0,0.0,0.0,0.0,0.0,0.0,0.0,0.0,0.0,0.0,0.0,0.0,0.0,0.0,0.0,0.0,0.0,0.0,0.0,0.0,0.0,0.0,0.0,0.0,0.0,0.0,0.0,0.0,0.0,0.0,0.0,0.0,0.0,0.0,0.02193,0.0,0.0,0.02459,0.09729,0.0,0.0,0.0,0.0,0.0,0.0,0.00336,0.1829,0.0,0.0,0.0,0.17182,0.05937,0.0,0.0,0.0,0.0,0.0,0.1862,0.01209,0.0,0.0,0.0,0.0,0.20413,0.00708,0.0,0.0,0.0,0.11946,0.09015,0.0,0.0,0.0,0.0,0.0,0.00572,0.08538,0.0,0.0,0.0,0.14646,0.0,0.0,0.0,0.0,0.0,0.0,0.0,0.0,0.0,0.0,0.0,0.0,0.83007,5.0,5.0,5.0,5.0,5.0,0,-0.17999999999999997,0.9179923999999999
602,0.0,0.0,0.0,0.0,0.0,0.0,0.0,0.0,0.0,0.0,0.0,0.0,0.0,0.0,0.0,0.0,0.0,0.0,0.0,0.0,0.0,0.0,0.0,0.0,0.0,0.0,0.0,0.0,0.0,0.0,0.0,0.0,0.0,0.0,0.0,0.0,0.0,0.0,0.0,0.0,0.0,0.0,0.0,0.0,0.0,0.0,0.0,0.0,0.0,0.0,0.0,0.0,0.0,0.0,0.0,0.0,0.0,0.02264,0.13107,0.0,0.0,0.0,0.0,0.0,0.0,0.0,0.14558,0.0,0.0,0.0,0.14823,0.07836,0.0,0.0,0.0,0.0,0.0,0.17724,0.0375,0.0,0.0,0.0,0.0,0.20961,0.00902,0.0,0.0,0.0,0.10678,0.1092,0.0,0.0,0.0,0.0,0.0,0.00519,0.09741,0.0,0.0,0.0,0.15265,0.0,0.0,0.0,0.0,0.0,0.0,0.0,0.0,0.0,0.0,0.0,-0.9,0.83007,5.0,5.0,5.0,5.0,5.0,0,-0.17999999999999997,0.9021078933333333
603,0.0,0.0,0.0,0.0,0.0,0.0,0.0,0.0,0.0,0.0,0.0,0.0,0.0,0.0,0.0,0.0,0.0,0.0,0.0,0.0,0.0,0.0,0.0,0.0,0.0,0.0,0.0,0.0,0.0,0.0,0.0,0.0,0.0,0.0,0.0,0.0,0.0,0.0,0.0,0.0,0.0,0.0,0.0,0.0,0.0,0.0,0.0,0.0,0.0,0.0,0.0,0.0,0.0,0.0,0.0,0.0,0.0,0.0,0.08084,0.0,0.0,0.0,0.0,0.0,0.0,0.0,0.10136,0.04688,0.0,0.0,0.02759,0.18892,0.0,0.0,0.0,0.0,0.0,0.05248,0.15395,0.0,0.0,0.0,0.0,0.10171,0.10277,0.0,0.0,0.0,0.00242,0.19976,0.0,0.0,0.0,0.0,0.0,0.0,0.15884,0.00478,0.0,0.0,0.18143,0.01492,0.0,0.0,0.0,0.0,0.0,0.0,0.0,0.0,0.0,0.0,0.0,0.83007,5.0,5.0,5.0,5.0,5.0,0,-0.17999999999999997,0.88607592
604,0.0,0.0,0.0,0.0,0.0,0.0,0.0,0.0,0.0,0.0,0.0,0.0,0.0,0.0,0.0,0.0,0.0,0.0,0.0,0.0,0.0,0.0,0.0,0.0,0.0,0.0,0.0,0.0,0.0,0.0,0.0,0.0,0.0,0.0,0.0,0.0,0.0,0.0,0.0,0.0,0.0,0.0,0.0,0.0,0.0,0.0,0.0,0.0,0.0,0.0,0.0,0.0,0.0,0.0,0.0,0.0089,0.00012,0.0,0.0,0.0727,0.0,0.0,0.0,0.0,0.0,0.0,0.0,0.18255,0.0,0.0,0.0,0.14546,0.07565,0.0,0.0,0.0,0.0,0.0,0.15796,0.03414,0.0,0.0,0.0,0.0,0.20094,0.00265,0.0,0.0,0.0,0.11639,0.10719,0.0,0.0,0.0,0.0,0.0,0.01061,0.16221,0.0,0.0,0.04434,0.16315,0.0,0.0,0.0,0.0,0.0,0.0,0.0,0.03149,0.0,0.0,0.0,0.83007,5.0,5.0,5.0,5.0,5.0,0,0.0,0.8684619466666668
605,0.0,0.0,0.0,0.0,0.0,0.0,0.0,0.0,0.0,0.0,0.0,0.0,0.0,0.0,0.0,0.0,0.0,0.0,0.0,0.0,0.0,0.0,0.0,0.0,0.0,0.0,0.0,0.0,0.0,0.0,0.0,0.0,0.0,0.0,0.0,0.0,0.0,0.0,0.0,0.0,0.0,0.0,0.0,0.0,0.0,0.0,0.0,0.0,0.0,0.0,0.0,0.0,0.0,0.0,0.0,0.0,0.01521,0.0,0.0,0.07376,0.0,0.0,0.0,0.0,0.0,0.0,0.0,0.15755,0.01987,0.0,0.0,0.07524,0.13791,0.0,0.0,0.0,0.0,0.0,0.10613,0.09959,0.0,0.0,0.0,0.0,0.15283,0.0513,0.0,0.0,0.0,0.04912,0.15059,0.0,0.0,0.0,0.0,0.0,0.0,0.20277,0.00012,0.0,0.0,0.19687,0.0,0.0,0.0,0.0,0.0,0.0,0.0,0.02217,0.09369,0.0,0.0,0.83798,5.0,5.0,5.0,5.0,5.0,0,0.0,0.8555919733333333
606,0.0,0.0,0.0,0.0,0.0,0.0,0.0,0.0,0.0,0.0,0.0,0.0,0.0,0.0,0.0,0.0,0.0,0.0,0.0,0.0,0.0,0.0,0.0,0.0,0.0,0.0,0.0,0.0,0.0,0.0,0.0,0.0,0.0,0.0,0.0,0.0,0.0,0.0,0.0,0.0,0.0,0.0,0.0,0.0,0.0,0.0,0.0,0.0,0.0,0.0,0.0,0.0,0.0,0.0,0.0,0.0,0.00584,0.0,0.0,0.06616,0.0,0.0,0.0,0.0,0.0,0.0,0.0,0.11368,0.07524,0.0,0.0,0.03272,0.18927,0.0,0.0,0.0,0.0,0.0,0.0605,0.12718,0.0,0.0,0.0,0.0,0.10153,0.10932,0.0,0.0,0.0,0.00548,0.20112,0.0,0.0,0.0,0.0,0.0,0.0,0.15012,0.01545,0.0,0.0,0.16851,0.00855,0.0,0.0,0.0,0.0,0.0,0.0,0.0,0.00053,0.0,0.0,0.83798,5.0,5.0,5.0,5.0,5.0,0,0.0,0.842722
607,0.0,0.0,0.0,0.0,0.0,0.0,0.0,0.0,0.0,0.0,0.0,0.0,0.0,0.0,0.0,0.0,0.0,0.0,0.0,0.0,0.0,0.0,0.0,0.0,0.0,0.0,0.0,0.0,0.0,0.0,0.0,0.0,0.0,0.0,0.0,0.0,0.0,0.0,0.0,0.0,0.0,0.0,0.0,0.0,0.0,0.0,0.0,0.0,0.0,0.0,0.0,0.0,0.0,0.0,0.0,0.0,0.0,0.0,0.0,0.08685,0.01079,0.0,0.0,0.0,0.0,0.0,0.0,0.06887,0.08697,0.0,0.0,0.00495,0.20926,0.0,0.0,0.0,0.0,0.0,0.01327,0.19475,0.0,0.0,0.0,0.0,0.06209,0.13921,0.0,0.0,0.0,0.0,0.20324,0.00124,0.0,0.0,0.0,0.0,0.0,0.10478,0.06822,0.0,0.0,0.12724,0.05318,0.0,0.0,0.0,0.0,0.0,0.0,0.0,0.12093,0.002,0.0,0.83007,5.0,5.0,5.0,5.0,5.0,0,0.0,0.8458840000000001
608,0.0,0.0,0.0,0.0,0.0,0.0,0.0,0.0,0.0,0.0,0.0,0.0,0.0,0.0,0.0,0.0,0.0,0.0,0.0,0.0,0.0,0.0,0.0,0.0,0.0,0.0,0.0,0.0,0.0,0.0,0.0,0.0,0.0,0.0,0.0,0.0,0.0,0.0,0.0,0.0,0.0,0.0,0.0,0.0,0.0,0.0,0.0,0.0,0.0,0.0,0.0,0.0,0.0,0.0,0.0,0.0,0.01415,0.0,0.0,0.00159,0.04175,0.0,0.0,0.0,0.0,0.0,0.0,0.03603,0.1566,0.0,0.0,0.0,0.21262,0.00018,0.0,0.0,0.0,0.0,0.0,0.20041,0.0,0.0,0.0,0.0,0.02282,0.18927,0.0,0.0,0.0,0.0,0.17353,0.03025,0.0,0.0,0.0,0.0,0.0,0.08302,0.10749,0.0,0.0,0.03779,0.06126,0.0,0.0,0.0,0.0,0.0,0.0,0.0,0.03573,0.0,0.0,0.85379,5.0,5.0,5.0,5.0,5.0,0,0.054066000000000045,0.8474640000000001
609,0.0,0.0,0.0,0.0,0.0,0.0,0.0,0.0,0.0,0.0,0.0,0.0,0.0,0.0,0.0,0.0,0.0,0.0,0.0,0.0,0.0,0.0,0.0,0.0,0.0,0.0,0.0,0.0,0.0,0.0,0.0,0.0,0.0,0.0,0.0,0.0,0.0,0.0,0.0,0.0,0.0,0.0,0.0,0.0,0.0,0.0,0.0,0.0,0.0,0.0,0.0,0.0,0.0,0.0,0.0,0.0,0.02901,0.0,0.0,0.0,0.05979,0.0,0.0,0.0,0.0,0.0,0.0,0.01745,0.17341,0.0,0.0,0.0,0.21492,0.00637,0.0,0.0,0.0,0.0,0.0,0.18838,0.00035,0.0,0.0,0.0,0.00513,0.19316,0.0,0.0,0.0,0.0,0.10454,0.05678,0.0,0.0,0.0,0.0,0.0,0.05448,0.14876,0.0,0.0,0.01097,0.07429,0.0,0.0,0.0,0.0,0.0,0.0,0.0,0.12182,0.06533,0.0,0.85379,5.0,5.0,5.0,5.0,5.0,0,0.14797400000000005,0.8522080000000001
610,0.0,0.0,0.0,0.0,0.0,0.0,0.0,0.0,0.0,0.0,0.0,0.0,0.0,0.0,0.0,0.0,0.0,0.0,0.0,0.0,0.0,0.0,0.0,0.0,0.0,0.0,0.0,0.0,0.0,0.0,0.0,0.0,0.0,0.0,0.0,0.0,0.0,0.0,0.0,0.0,0.0,0.0,0.0,0.0,0.0,0.0,0.0,0.0,0.0,0.0,0.0,0.0,0.0,0.0,0.0,0.0,0.02034,0.0,0.0,0.0,0.04369,0.0,0.0,0.0,0.0,0.0,0.0,0.0,0.18697,0.0,0.0,0.0,0.17689,0.03892,0.0,0.0,0.0,0.0,0.0,0.16368,0.01958,0.0,0.0,0.0,0.0,0.20088,6e-05,0.0,0.0,0.0,0.10454,0.09517,0.0,0.0,0.0,0.0,0.0,0.02376,0.16621,0.0,0.0,0.00354,0.07465,0.0,0.0,0.0,0.0,0.0,0.0,0.0,0.04163,0.00489,0.0,0.85379,5.0,5.0,5.0,5.0,5.0,0,0.14797400000000005,0.8522080000000001
611,0.0,0.0,0.0,0.0,0.0,0.0,0.0,0.0,0.0,0.0,0.0,0.0,0.0,0.0,0.0,0.0,0.0,0.0,0.0,0.0,0.0,0.0,0.0,0.0,0.0,0.0,0.0,0.0,0.0,0.0,0.0,0.0,0.0,0.0,0.0,0.0,0.0,0.0,0.0,0.0,0.0,0.0,0.0,0.0,0.0,0.0,0.0,0.0,0.0,0.0,0.0,0.0,0.0,0.0,0.0,0.0,0.00607,0.01781,0.0,0.0,0.04298,0.0,0.0,0.0,0.0,0.0,0.0,0.0,0.199,0.00265,0.0,0.0,0.11427,0.09835,0.0,0.0,0.0,0.0,0.0,0.10837,0.06869,0.0,0.0,0.0,0.0,0.16026,0.04758,0.0,0.0,0.0,0.03131,0.15106,0.0,0.0,0.0,0.0,0.0,0.0,0.19941,0.00153,0.0,0.0,0.10649,0.0,0.0,0.0,0.0,0.0,0.0,0.0,0.00926,0.03426,0.27033,0.84588,5.0,5.0,5.0,5.0,5.0,0,0.14797400000000005,0.8522080000000001
612,0.0,0.0,0.0,0.0,0.0,0.0,0.0,0.0,0.0,0.0,0.0,0.0,0.0,0.0,0.0,0.0,0.0,0.0,0.0,0.0,0.0,0.0,0.0,0.0,0.0,0.0,0.0,0.0,0.0,0.0,0.0,0.0,0.0,0.0,0.0,0.0,0.0,0.0,0.0,0.0,0.0,0.0,0.0,0.0,0.0,0.0,0.0,0.0,0.0,0.0,0.0,0.0,0.0,0.0,0.0,0.0,0.01203,0.0,0.0,0.0,0.04068,0.0,0.0,0.0,0.0,0.0,0.0,0.0,0.1806,0.0,0.0,0.0,0.14346,0.06492,0.0,0.0,0.0,0.0,0.0,0.11114,0.04823,0.0,0.0,0.0,0.0,0.20047,0.01621,0.0,0.0,0.0,0.02317,0.12524,0.0,0.0,0.0,0.0,0.0,0.00295,0.19817,0.0,0.0,0.0,0.10029,0.0,0.0,0.0,0.0,0.0,0.0,0.0,0.02476,0.127,0.46954,0.85379,4.5185,5.0,5.0,5.0,5.0,0,-0.03202599999999996,0.8522080000000001
613,0.0,0.0,0.0,0.0,0.0,0.0,0.0,0.0,0.0,0.0,0.0,0.0,0.0,0.0,0.0,0.0,0.0,0.0,0.0,0.0,0.0,0.0,0.0,0.0,0.0,0.0,0.0,0.0,0.0,0.0,0.0,0.0,0.0,0.0,0.0,0.0,0.0,0.0,0.0,0.0,0.0,0.0,0.0,0.0,0.0,0.0,0.0,0.0,0.0,0.0,0.0,0.0,0.0,0.0,0.0,0.0,0.0,0.0,0.0,0.03414,0.0,0.0,0.0,0.0,0.0,0.0,0.0,0.04764,0.01515,0.0,0.0,0.03455,0.18143,0.0,0.0,0.0,0.0,0.0,0.0,0.02211,0.0,0.0,0.0,0.0,0.07818,0.13567,0.0,0.0,0.0,0.0,0.0023,0.0,0.0,0.0,0.0,0.0,0.0,0.12482,0.09151,0.0,0.0,0.0,0.0,0.0,0.0,0.0,0.0,0.0,0.0,0.0,0.1671,0.03137,0.0,0.85379,5.0,5.0,5.0,5.0,5.0,0,-0.08609199999999996,0.85379
614,0.0,0.0,0.0,0.0,0.0,0.0,0.0,0.0,0.0,0.0,0.0,0.0,0.0,0.0,0.0,0.0,0.0,0.0,0.0,0.0,0.0,0.0,0.0,0.0,0.0,0.0,0.0,0.0,0.0,0.0,0.0,0.0,0.0,0.0,0.0,0.0,0.0,0.0,0.0,0.0,0.0,0.0,0.0,0.0,0.0,0.0,0.0,0.0,0.0,0.0,0.0,0.0,0.0,0.0,0.0,0.01557,0.0,0.0,0.02011,0.03296,0.0,0.0,0.0,0.0,0.0,0.0,0.02883,0.14522,0.0,0.0,0.0,0.22447,0.00283,0.0,0.0,0.0,0.0,0.0,0.18785,0.0,0.0,0.0,0.0,0.0145,0.20519,0.0,0.0,0.0,0.0,0.1092,0.04575,0.0,0.0,0.0,0.0,0.0,0.06085,0.1645,0.0,0.0,0.0,0.00584,0.0,0.0,0.0,0.0,0.0,0.0,0.0,0.11445,0.08703,0.0,0.0,0.85379,5.0,5.0,5.0,5.0,5.0,0,-0.17999999999999997,0.85379
615,0.0,0.0,0.0,0.0,0.0,0.0,0.0,0.0,0.0,0.0,0.0,0.0,0.0,0.0,0.0,0.0,0.0,0.0,0.0,0.0,0.0,0.0,0.0,0.0,0.0,0.0,0.0,0.0,0.0,0.0,0.0,0.0,0.0,0.0,0.0,0.0,0.0,0.0,0.0,0.0,0.0,0.0,0.0,0.0,0.0,0.0,0.0,0.0,0.0,0.0,0.0,0.0,0.0,0.0,0.0,0.00672,0.0,0.0,0.01433,0.0,0.0,0.0,0.0,0.0,0.0,0.0,0.14575,0.04422,0.0,0.0,0.06586,0.15525,0.0,0.0,0.0,0.0,0.0,0.06704,0.10189,0.0,0.0,0.0,0.0,0.12459,0.09404,0.0,0.0,0.0,0.0,0.09994,0.0,0.0,0.0,0.0,0.0,0.0,0.19263,0.03096,0.0,0.0,0.06032,0.0,0.0,0.0,0.0,0.0,0.0,0.0,0.0,0.2135,0.0,0.0,-0.9,0.85379,5.0,5.0,5.0,5.0,5.0,0,4.4408920985006264e-17,0.8522080000000001
616,0.0,0.0,0.0,0.0,0.0,0.0,0.0,0.0,0.0,0.0,0.0,0.0,0.0,0.0,0.0,0.0,0.0,0.0,0.0,0.0,0.0,0.0,0.0,0.0,0.0,0.0,0.0,0.0,0.0,0.0,0.0,0.0,0.0,0.0,0.0,0.0,0.0,0.0,0.0,0.0,0.0,0.0,0.0,0.0,0.0,0.0,0.0,0.0,0.0,0.0,0.0,0.0,0.0,0.0,0.0,0.0,0.0,0.0,0.0,0.0,0.0,0.0,0.0,0.0,0.0,0.0,0.06226,0.09959,0.0,0.0,0.0,0.18626,0.0,0.0,0.0,0.0,0.0,0.00118,0.16226,0.0,0.0,0.0,0.0,0.07288,0.15159,0.0,0.0,0.0,0.0,0.14794,0.01675,0.0,0.0,0.0,0.0,0.0,0.13992,0.07129,0.0,0.0,0.03856,0.03379,0.0,0.0,0.0,0.0,0.0,0.0,0.0,0.16969,0.00719,0.0,0.0,0.85379,5.0,5.0,5.0,5.0,5.0,0,4.4408920985006264e-17,0.8506260000000001
617,0.0,0.0,0.0,0.0,0.0,0.0,0.0,0.0,0.0,0.0,0.0,0.0,0.0,0.0,0.0,0.0,0.0,0.0,0.0,0.0,0.0,0.0,0.0,0.0,0.0,0.0,0.0,0.0,0.0,0.0,0.0,0.0,0.0,0.0,0.0,0.0,0.0,0.0,0.0,0.0,0.0,0.0,0.0,0.0,0.0,0.0,0.0,0.0,0.0,0.0,0.0,0.0,0.0,0.0,0.0,0.0,0.0,0.0,0.0,0.0,0.0,0.0,0.0,0.0,0.0,0.0,0.0,0.10136,0.07323,0.0,0.0,0.0,0.14558,0.0,0.0,0.0,0.0,0.0,0.03149,0.17777,0.0,0.0,0.0,0.0,0.10348,0.11126,0.0,0.0,0.0,0.0,0.17264,0.0,0.0,0.0,0.0,0.0,0.0,0.16403,0.02417,0.0,0.0,0.11197,0.04493,0.0,0.0,0.0,0.0,0.0,0.0,0.00012,0.19269,0.0,0.0,0.85379,5.0,5.0,5.0,5.0,5.0,0,4.4408920985006264e-17,0.8490439999999999
618,0.0,0.0,0.0,0.0,0.0,0.0,0.0,0.0,0.0,0.0,0.0,0.0,0.0,0.0,0.0,0.0,0.0,0.0,0.0,0.0,0.0,0.0,0.0,0.0,0.0,0.0,0.0,0.0,0.0,0.0,0.0,0.0,0.0,0.0,0.0,0.0,0.0,0.0,0.0,0.0,0.0,0.0,0.0,0.0,0.0,0.0,0.0,0.0,0.0,0.0,0.0,0.0,0.0,0.0,0.0,0.0,0.0,0.0,0.0,0.0,0.0,0.0,0.0,0.0,0.0,0.0,0.0,0.00643,0.16038,0.0,0.0,0.0,0.01026,0.07889,0.0,0.0,0.0,0.0,0.0,0.19805,0.00625,0.0,0.0,0.0,0.0,0.1829,0.0,0.0,0.0,0.0,0.11781,0.08614,0.0,0.0,0.0,0.0,0.0,0.0454,0.1375,0.0,0.0,0.0,0.11055,0.0,0.0,0.0,0.0,0.0,0.0,0.0,0.05808,0.05124,0.9,0.84588,3.2535,4.565,5.0,5.0,5.0,0,4.4408920985006264e-17,0.8474619999999999
619,0.0,0.0,0.0,0.0,0.0,0.0,0.0,0.0,0.0,0.0,0.0,0.0,0.0,0.0,0.0,0.0,0.0,0.0,0.0,0.0,0.0,0.0,0.0,0.0,0.0,0.0,0.0,0.0,0.0,0.0,0.0,0.0,0.0,0.0,0.0,0.0,0.0,0.0,0.0,0.0,0.0,0.0,0.0,0.0,0.0,0.0,0.0,0.0,0.0,0.0,0.0,0.0,0.0,0.0,0.0,0.0,0.0,0.0,0.0,0.0,0.0,0.0,0.0,0.0,0.0,0.0,0.0,0.11386,0.04676,0.0,0.0,0.0,0.09853,0.0,0.0,0.0,0.0,0.0,0.1332,0.05572,0.0,0.0,0.0,0.0,0.20254,0.00442,0.0,0.0,0.0,0.02176,0.08685,0.0,0.0,0.0,0.0,0.0,0.01468,0.18892,0.0,0.0,0.0,0.04511,0.0,0.0,0.0,0.0,0.0,0.0,0.0,0.0842,0.12028,0.0,0.0,0.84588,4.646,4.9435,5.0,5.0,5.0,0,4.4408920985006264e-17,0.84588
620,0.0,0.0,0.0,0.0,0.0,0.0,0.0,0.0,0.0,0.0,0.0,0.0,0.0,0.0,0.0,0.0,0.0,0.0,0.0,0.0,0.0,0.0,0.0,0.0,0.0,0.0,0.0,0.0,0.0,0.0,0.0,0.0,0.0,0.0,0.0,0.0,0.0,0.0,0.0,0.0,0.0,0.0,0.0,0.0,0.0,0.0,0.0,0.0,0.0,0.0,0.0,0.0,0.0,0.0,0.0,0.0,0.0,0.0,0.0,0.0,0.00071,0.0,0.0,0.0,0.0,0.0,0.02211,0.13072,0.0,0.0,0.0,0.12889,0.01952,0.0,0.0,0.0,0.0,0.05808,0.16038,0.0,0.0,0.0,0.0,0.03573,0.16698,0.0,0.0,0.0,0.03113,0.17158,0.0,0.0,0.0,0.0,0.0,0.0,0.18856,0.00548,0.0,0.0,0.12347,0.0,0.0,0.0,0.0,0.0,0.0,0.0,0.00937,0.11498,0.0,0.0,-0.9,0.84588,5.0,5.0,5.0,5.0,5.0,0,4.4408920985006264e-17,0.8606270933333334
621,0.0,0.0,0.0,0.0,0.0,0.0,0.0,0.0,0.0,0.0,0.0,0.0,0.0,0.0,0.0,0.0,0.0,0.0,0.0,0.0,0.0,0.0,0.0,0.0,0.0,0.0,0.0,0.0,0.0,0.0,0.0,0.0,0.0,0.0,0.0,0.0,0.0,0.0,0.0,0.0,0.0,0.0,0.0,0.0,0.0,0.0,0.0,0.0,0.0,0.0,0.0,0.0,0.0,0.0,0.0,0.0,0.0,0.0,0.0,0.0,0.0,0.0,0.0,0.0,0.0,0.0,0.0,0.01274,0.09057,0.0,0.0,0.0,0.0,0.0,0.0,0.0,0.0,0.0,0.04776,0.11692,0.0,0.0,0.0,0.0,0.0,0.0,0.0,0.0,0.0,0.04039,0.17895,0.0,0.0,0.0,0.0,0.0,0.0,0.0,0.0,0.0,0.0,0.08137,0.0,0.0,0.0,0.0,0.0,0.0,0.0,0.0,0.0,0.0,0.0,0.84588,5.0,4.961,4.943,5.0,5.0,0,4.4408920985006264e-17,0.8753741866666667
622,0.0,0.0,0.0,0.0,0.0,0.0,0.0,0.0,0.0,0.0,0.0,0.0,0.0,0.0,0.0,0.0,0.0,0.0,0.0,0.0,0.0,0.0,0.0,0.0,0.0,0.0,0.0,0.0,0.0,0.0,0.0,0.0,0.0,0.0,0.0,0.0,0.0,0.0,0.0,0.0,0.0,0.0,0.0,0.0,0.0,0.0,0.0,0.0,0.0,0.0,0.0,0.0,0.0,0.0,0.0,0.0,0.0,0.0,0.0,0.0,0.0,0.0,0.0,0.0,0.0,0.0,0.0,0.0,0.00171,0.12105,0.0,0.0,0.0,0.0,0.0,0.0,0.0,0.0,0.0,0.01621,0.18744,0.01038,0.0,0.0,0.0,0.0,0.0,0.0,0.0,0.0,0.02176,0.21386,0.00071,0.0,0.0,0.0,0.0,0.0,0.0,0.0,0.0,0.0,0.18644,0.00035,0.0,0.0,0.0,0.0,0.0,0.0,0.0,0.00159,0.0,0.84588,5.0,5.0,4.835,5.0,5.0,0,0.36000000000000004,0.89012128
623,0.0,0.0,0.0,0.0,0.0,0.0,0.0,0.0,0.0,0.0,0.0,0.0,0.0,0.0,0.0,0.0,0.0,0.0,0.0,0.0,0.0,0.0,0.0,0.0,0.0,0.0,0.0,0.0,0.0,0.0,0.0,0.0,0.0,0.0,0.0,0.0,0.0,0.0,0.0,0.0,0.0,0.0,0.0,0.0,0.0,0.0,0.0,0.0,0.0,0.0,0.0,0.0,0.0,0.0,0.0,0.0,0.0,0.0,0.0,0.0,0.0,0.0,0.0,0.0,0.0,0.0,0.0,0.0,0.0,0.0,0.03414,0.0,0.0,0.0,0.0,0.0,0.0,0.0,0.0,0.0,0.0,0.16079,0.06651,0.0,0.0,0.0,0.0,0.0,0.0,0.0,0.0,0.0,0.16244,0.06344,0.0,0.0,0.0,0.0,0.0,0.0,0.0,0.0,0.0,0.07801,0.06262,0.0,0.0,0.0,0.0,0.0,0.0,0.0,0.9,0.84588,3.5415,4.357,4.725,5.0,5.0,0,0.36000000000000004,0.9048683733333334
624,0.0,0.0,0.0,0.0,0.0,0.0,0.0,0.0,0.0,0.0,0.0,0.0,0.0,0.0,0.0,0.0,0.0,0.0,0.0,0.0,0.0,0.0,0.0,0.0,0.0,0.0,0.0,0.0,0.0,0.0,0.0,0.0,0.0,0.0,0.0,0.0,0.0,0.0,0.0,0.0,0.0,0.0,0.0,0.0,0.0,0.0,0.0,0.0,0.0,0.0,0.0,0.0,0.0,0.0,0.0,0.0,0.0,0.0,0.0,0.0,0.0,0.0,0.0,0.0,0.0,0.0,0.0,0.0,0.0,0.0,0.00271,0.06274,0.00336,0.0,0.0,0.0,0.0,0.0,0.0,0.0,0.0,0.06386,0.16268,0.00094,0.0,0.0,0.0,0.0,0.0,0.0,0.0,0.0,0.03225,0.19045,0.0,0.0,0.0,0.0,0.0,0.0,0.0,0.0,0.0,0.0,0.19157,0.0,0.0,0.0,0.0,0.0,0.0,0.0,0.0,0.84588,4.058,4.3075,5.0,5.0,5.0,0,0.36000000000000004,0.9196154666666667
625,0.0,0.0,0.0,0.0,0.0,0.0,0.0,0.0,0.0,0.0,0.0,0.0,0.0,0.0,0.0,0.0,0.0,0.0,0.0,0.0,0.0,0.0,0.0,0.0,0.0,0.0,0.0,0.0,0.0,0.0,0.0,0.0,0.0,0.0,0.0,0.0,0.0,0.0,0.0,0.0,0.0,0.0,0.0,0.0,0.0,0.0,0.0,0.0,0.0,0.0,0.0,0.0,0.0,0.0,0.0,0.0,0.0,0.0,0.0,0.0,0.0,0.0,0.0,0.0,0.0,0.0,0.0,0.0,0.0,0.0,0.01173,0.10784,0.01026,0.0,0.0,0.0,0.0,0.0,0.0,0.0,0.0,0.08897,0.1431,0.0,0.0,0.0,0.0,0.0,0.0,0.0,0.0,0.0,0.09074,0.13373,0.0,0.0,0.0,0.0,0.0,0.0,0.0,0.0,0.0,0.0,0.16044,0.0,0.0,0.0,0.0,0.0,0.0,0.0,0.9,0.84588,3.943,4.2655,4.9575,5.0,5.0,0,0.28529000000000004,0.9196154666666667
626,0.0,0.0,0.0,0.0,0.0,0.0,0.0,0.0,0.0,0.0,0.0,0.0,0.0,0.0,0.0,0.0,0.0,0.0,0.0,0.0,0.0,0.0,0.0,0.0,0.0,0.0,0.0,0.0,0.0,0.0,0.0,0.0,0.0,0.0,0.0,0.0,0.0,0.0,0.0,0.0,0.0,0.0,0.0,0.0,0.0,0.0,0.0,0.0,0.0,0.0,0.0,0.0,0.0,0.0,0.0,0.0,0.0,0.0,0.0,0.0,0.0,0.0,0.0,0.0,0.0,0.0,0.0,0.0,0.0,0.0,0.00041,0.06822,0.0,0.0,0.0,0.0,0.0,0.0,0.0,0.0,0.0,0.05324,0.12246,0.01162,0.0,0.0,0.0,0.0,0.0,0.0,0.0,0.0,0.04982,0.16722,0.0,0.0,0.0,0.0,0.0,0.0,0.0,0.0,0.0,0.0,0.17423,0.0,0.0,0.0,0.0,0.0,0.0,0.0,0.0,0.84588,3.5,3.7315,4.1365,5.0,5.0,0,0.4652900000000001,0.9196154666666667
627,0.0,0.0,0.0,0.0,0.0,0.0,0.0,0.0,0.0,0.0,0.0,0.0,0.0,0.0,0.0,0.0,0.0,0.0,0.0,0.0,0.0,0.0,0.0,0.0,0.0,0.0,0.0,0.0,0.0,0.0,0.0,0.0,0.0,0.0,0.0,0.0,0.0,0.0,0.0,0.0,0.0,0.0,0.0,0.0,0.0,0.0,0.0,0.0,0.0,0.0,0.0,0.0,0.0,0.0,0.0,0.0,0.0,0.0,0.0,0.0,0.0,0.00018,0.0,0.0,0.0,0.0,0.0,0.0,0.0,0.0,0.00254,0.09169,0.01863,0.02795,0.0,0.0,0.0,0.0,0.0,0.0,0.0,0.04935,0.15796,0.00495,0.0,0.0,0.0,0.0,0.0,0.0,0.0,0.0,0.07376,0.09269,0.0,0.0,0.0,0.0,0.0,0.0,0.0,0.0,0.0,0.00584,0.1355,0.0,0.0,0.0,0.0,0.0,0.0,0.0,0.0,0.84588,3.404,3.6355,4.1425,5.0,4.975,0,0.4652900000000001,0.9196154666666667
628,0.0,0.0,0.0,0.0,0.0,0.0,0.0,0.0,0.0,0.0,0.0,0.0,0.0,0.0,0.0,0.0,0.0,0.0,0.0,0.0,0.0,0.0,0.0,0.0,0.0,0.0,0.0,0.0,0.0,0.0,0.0,0.0,0.0,0.0,0.0,0.0,0.0,0.0,0.0,0.0,0.0,0.0,0.0,0.0,0.0,0.0,0.0,0.0,0.0,0.0,0.0,0.0,0.0,0.0,0.0,0.0,0.0,0.0,0.0,0.0,0.0,0.0,0.0,0.0,0.0,0.0,0.0,0.0,0.0,0.0,0.0,0.02919,0.10348,0.06686,0.00124,0.0,0.0,0.0,0.0,0.0,0.0,0.0,0.10259,0.06209,0.0,0.0,0.0,0.0,0.0,0.0,0.0,0.0,0.0,0.08137,0.05289,0.0,0.0,0.0,0.0,0.0,0.0,0.0,0.0,0.0,0.04723,0.0,0.0,0.0,0.0,0.0,0.0,0.0,0.52645,0.84588,2.962,3.5865,4.814,5.0,4.901,0,0.64529,0.9196154666666667
629,0.0,0.0,0.0,0.0,0.0,0.0,0.0,0.0,0.0,0.0,0.0,0.0,0.0,0.0,0.0,0.0,0.0,0.0,0.0,0.0,0.0,0.0,0.0,0.0,0.0,0.0,0.0,0.0,0.0,0.0,0.0,0.0,0.0,0.0,0.0,0.0,0.0,0.0,0.0,0.0,0.0,0.0,0.0,0.0,0.0,0.0,0.0,0.0,0.0,0.0,0.0,0.0,0.0,0.0,0.0,0.0,0.0,0.0,0.0,0.0,0.0,0.0,0.0,0.0,0.0,0.0,0.0,0.0,0.0,0.0,0.0,0.0,0.07677,0.12948,0.04723,0.0,0.0,0.0,0.0,0.0,0.0,0.0,0.00324,0.1763,0.07129,0.0,0.0,0.0,0.0,0.0,0.0,0.0,0.0,0.00283,0.06999,0.00607,0.0,0.0,0.0,0.0,0.0,0.0,0.0,0.0,0.0,0.20767,0.01114,0.0,0.0,0.0,0.0,0.0,0.9,0.84588,2.9855,3.7455,5.0,5.0,4.81,0,0.8252900000000001,0.9196154666666667
630,0.0,0.0,0.0,0.0,0.0,0.0,0.0,0.0,0.0,0.0,0.0,0.0,0.0,0.0,0.0,0.0,0.0,0.0,0.0,0.0,0.0,0.0,0.0,0.0,0.0,0.0,0.0,0.0,0.0,0.0,0.0,0.0,0.0,0.0,0.0,0.0,0.0,0.0,0.0,0.0,0.0,0.0,0.0,0.0,0.0,0.0,0.0,0.0,0.0,0.0,0.0,0.0,0.0,0.0,0.0,0.0,0.0,0.0,0.0,0.0,0.0,0.0,0.00407,0.0,0.0,0.0,0.0,0.0,0.0,0.0,0.0,0.0,0.13673,0.12989,0.01002,0.0,0.0,0.0,0.0,0.0,0.0,0.0,0.05419,0.18915,0.0365,0.0,0.0,0.0,0.0,0.0,0.0,0.0,0.0,0.0191,0.15654,0.0,0.0,0.0,0.0,0.0,0.0,0.0,0.0,0.0,0.0,0.02034,0.00354,0.0,0.0,0.0,0.0,0.0,0.9,0.84588,2.8565,3.9805,5.0,5.0,4.722,0,0.9,0.9196154666666667
631,0.0,0.0,0.0,0.0,0.0,0.0,0.0,0.0,0.0,0.0,0.0,0.0,0.0,0.0,0.0,0.0,0.0,0.0,0.0,0.0,0.0,0.0,0.0,0.0,0.0,0.0,0.0,0.0,0.0,0.0,0.0,0.0,0.0,0.0,0.0,0.0,0.0,0.0,0.0,0.0,0.0,0.0,0.0,0.0,0.0,0.0,0.0,0.0,0.0,0.0,0.0,0.0,0.0,0.0,0.0,0.0,0.0,0.0,0.0,0.0,0.0,0.01539,0.0,0.0,0.0,0.0,0.0,0.0,0.0,0.0,0.0,0.00985,0.18261,0.06403,0.0,0.0,0.0,0.0,0.0,0.0,0.0,0.0,0.05796,0.19581,0.00289,0.0,0.0,0.0,0.0,0.0,0.0,0.0,0.0,0.06439,0.17919,0.0,0.0,0.0,0.0,0.0,0.0,0.0,0.0,0.0,0.0,0.16132,0.0,0.0,0.0,0.0,0.0,0.0,0.9,0.84588,2.9365,4.0095,5.0,4.785,4.693,0,0.9,0.9196154666666667
632,0.0,0.0,0.0,0.0,0.0,0.0,0.0,0.0,0.0,0.0,0.0,0.0,0.0,0.0,0.0,0.0,0.0,0.0,0.0,0.0,0.0,0.0,0.0,0.0,0.0,0.0,0.0,0.0,0.0,0.0,0.0,0.0,0.0,0.0,0.0,0.0,0.0,0.0,0.0,0.0,0.0,0.0,0.0,0.0,0.0,0.0,0.0,0.0,0.0,0.0,0.0,0.0,0.0,0.0,0.0,0.0,0.0,0.0,0.0,0.0,0.01344,0.0,0.0,0.0,0.0,0.0,0.0,0.0,0.0,0.0,0.0,0.12341,0.11698,0.0,0.0,0.0,0.0,0.0,0.0,0.0,0.0,0.0,0.11657,0.12895,0.0,0.0,0.0,0.0,0.0,0.0,0.0,0.0,0.0,0.08225,0.16044,0.0,0.0,0.0,0.0,0.0,0.0,0.0,0.0,0.0,0.01285,0.18013,0.0,0.0,0.0,0.0,0.0,0.0,0.9,0.84588,3.0105,4.7915,4.966,4.602,4.597,0,0.9,0.9196154666666667
633,0.0,0.0,0.0,0.0,0.0,0.0,0.0,0.0,0.0,0.0,0.0,0.0,0.0,0.0,0.0,0.0,0.0,0.0,0.0,0.0,0.0,0.0,0.0,0.0,0.0,0.0,0.0,0.0,0.0,0.0,0.0,0.0,0.0,0.0,0.0,0.0,0.0,0.0,0.0,0.0,0.0,0.0,0.0,0.0,0.0,0.0,0.0,0.0,0.0,0.0,0.0,0.0,0.0,0.0,0.0,0.0,0.0,0.0,0.0,0.02759,0.0,0.0,0.0,0.0,0.0,0.0,0.0,0.0,0.0,0.0,0.07028,0.15401,0.0,0.0,0.0,0.0,0.0,0.0,0.0,0.0,0.0,0.00195,0.21969,0.0,0.0,0.0,0.0,0.0,0.0,0.0,0.0,0.0,0.0,0.14169,0.02105,0.0,0.0,0.0,0.0,0.0,0.0,0.0,0.0,0.0,0.03131,0.05855,0.0,0.0,0.0,0.0,0.0,0.0,0.9,0.84588,3.1785,5.0,4.8535,4.546,4.793,0,0.72,0.9064503733333336
634,0.0,0.0,0.0,0.0,0.0,0.0,0.0,0.0,0.0,0.0,0.0,0.0,0.0,0.0,0.0,0.0,0.0,0.0,0.0,0.0,0.0,0.0,0.0,0.0,0.0,0.0,0.0,0.0,0.0,0.0,0.0,0.0,0.0,0.0,0.0,0.0,0.0,0.0,0.0,0.0,0.0,0.0,0.0,0.0,0.0,0.0,0.0,0.0,0.0,0.0,0.0,0.0,0.0,0.0,0.0,0.0,0.0,0.0,0.02211,0.02459,0.0,0.0,0.0,0.0,0.0,0.0,0.0,0.0,0.0,0.0,0.21981,6e-05,0.0,0.0,0.0,0.03644,0.0,0.0,0.0,0.0,0.0,0.1408,0.03591,0.0,0.0,0.0,0.0,0.04387,0.0,0.0,0.0,0.0,0.01392,0.10407,0.0,0.0,0.0,0.0,0.0,0.0,0.0,0.0,0.0,0.0,0.06333,0.0,0.0,0.0,0.0,0.0,0.0,0.0,0.9,0.84588,3.2615,4.931,4.455,4.446,4.819,0,0.54,0.8932852800000001
635,0.0,0.0,0.0,0.0,0.0,0.0,0.0,0.0,0.0,0.0,0.0,0.0,0.0,0.0,0.0,0.0,0.0,0.0,0.0,0.0,0.0,0.0,0.0,0.0,0.0,0.0,0.0,0.0,0.0,0.0,0.0,0.0,0.0,0.0,0.0,0.0,0.0,0.0,0.0,0.0,0.0,0.0,0.0,0.0,0.0,0.0,0.0,0.0,0.0,0.0,0.0,0.0,0.0,0.0,0.0,0.0,0.0,0.04051,0.01504,0.0,0.0,0.02989,0.0,0.0,0.0,0.0,0.0,0.0,0.00248,0.17742,0.0,0.0,0.0,0.11085,0.09629,0.0,0.0,0.0,0.0,0.0,0.1056,0.01221,0.0,0.0,0.0,0.0,0.16592,0.04688,0.0,0.0,0.0,0.0,0.0,0.0,0.0,0.0,0.0,0.0,0.0,0.16114,0.0,0.0,0.0,0.0,0.0,0.0,0.0,0.0,0.0,0.0,0.0,0.0,0.9,0.84588,3.015,4.514,4.348,4.669,4.825,0,0.36000000000000004,0.8785381866666668
636,0.0,0.0,0.0,0.0,0.0,0.0,0.0,0.0,0.0,0.0,0.0,0.0,0.0,0.0,0.0,0.0,0.0,0.0,0.0,0.0,0.0,0.0,0.0,0.0,0.0,0.0,0.0,0.0,0.0,0.0,0.0,0.0,0.0,0.0,0.0,0.0,0.0,0.0,0.0,0.0,0.0,0.0,0.0,0.0,0.0,0.0,0.0,0.0,0.0,0.0,0.0,0.0,0.0,0.0,0.0,0.0,0.00425,0.023,0.0,0.0,0.01238,0.0,0.0,0.0,0.0,0.0,0.0,0.0,0.1293,0.00088,0.0,0.0,0.0865,0.12665,0.0,0.0,0.0,0.0,0.0,0.03302,0.03438,0.0,0.0,0.0,0.0,0.14741,0.06557,0.0,0.0,0.0,0.0,0.00778,0.0,0.0,0.0,0.0,0.0,0.0,0.14505,0.02759,0.0,0.0,0.0,0.0,0.0,0.0,0.0,0.0,0.0,0.0,0.0,0.14275,0.0,0.85379,2.9645,3.9965,4.286,4.7165,5.0,0,0.18000000000000005,0.8637910933333334
637,0.0,0.0,0.0,0.0,0.0,0.0,0.0,0.0,0.0,0.0,0.0,0.0,0.0,0.0,0.0,0.0,0.0,0.0,0.0,0.0,0.0,0.0,0.0,0.0,0.0,0.0,0.0,0.0,0.0,0.0,0.0,0.0,0.0,0.0,0.0,0.0,0.0,0.0,0.0,0.0,0.0,0.0,0.0,0.0,0.0,0.0,0.0,0.0,0.0,0.0,0.0,0.0,0.0,0.0,0.0,0.0,0.02246,0.0,0.0,0.0,0.01044,0.0,0.0,0.0,0.0,0.0,0.0,0.11397,0.04752,0.0,0.0,0.0,0.2135,0.0,0.0,0.0,0.0,0.0,0.06704,0.13355,0.0,0.0,0.0,0.0,0.05696,0.15831,0.0,0.0,0.0,0.0,0.17777,0.0,0.0,0.0,0.0,0.0,0.0,0.09505,0.11439,0.0,0.0,0.0,0.02441,0.0,0.0,0.0,0.0,0.0,0.0,0.0,0.10607,0.10884,0.0,0.85379,3.4855,4.035,4.0635,4.598,5.0,0,0.0,0.8490440000000001
638,0.0,0.0,0.0,0.0,0.0,0.0,0.0,0.0,0.0,0.0,0.0,0.0,0.0,0.0,0.0,0.0,0.0,0.0,0.0,0.0,0.0,0.0,0.0,0.0,0.0,0.0,0.0,0.0,0.0,0.0,0.0,0.0,0.0,0.0,0.0,0.0,0.0,0.0,0.0,0.0,0.0,0.0,0.0,0.0,0.0,0.0,0.0,0.0,0.0,0.0,0.0,0.0,0.0,0.0,0.0,0.0,0.0,0.0,0.0,0.0,0.0,0.0,0.0,0.0,0.0,0.0,0.0,0.17358,0.00825,0.0,0.0,0.0,0.1477,0.0,0.0,0.0,0.0,0.0,0.15195,0.05537,0.0,0.0,0.0,0.0,0.12506,0.09517,0.0,0.0,0.0,0.07087,0.13113,0.0,0.0,0.0,0.0,0.0,0.0,0.18042,0.03414,0.0,0.0,0.10436,0.0,0.0,0.0,0.0,0.0,0.0,0.0,0.0,0.19522,0.01527,0.0,0.84588,3.451,4.016,4.13,4.535,5.0,0,0.0,0.8474620000000002
639,0.0,0.0,0.0,0.0,0.0,0.0,0.0,0.0,0.0,0.0,0.0,0.0,0.0,0.0,0.0,0.0,0.0,0.0,0.0,0.0,0.0,0.0,0.0,0.0,0.0,0.0,0.0,0.0,0.0,0.0,0.0,0.0,0.0,0.0,0.0,0.0,0.0,0.0,0.0,0.0,0.0,0.0,0.0,0.0,0.0,0.0,0.0,0.0,0.0,0.0,0.0,0.0,0.0,0.0,0.0,0.0,0.01627,0.0,0.0,0.0,0.0,0.0,0.0,0.0,0.0,0.0,0.0,0.17046,0.01244,0.0,0.0,0.00147,0.06203,0.0,0.0,0.0,0.0,0.0,0.17954,0.03078,0.0,0.0,0.0,0.0,0.17777,0.02706,0.0,0.0,0.0,0.1296,0.07824,0.0,0.0,0.0,0.0,0.0,0.0,0.21492,0.0,0.0,0.03909,0.13779,0.0,0.0,0.0,0.0,0.0,0.0,0.0,0.02848,0.16981,0.0,0.0,0.84588,4.14,4.036,4.183,5.0,5.0,0,0.0,0.8474620000000002
640,0.0,0.0,0.0,0.0,0.0,0.0,0.0,0.0,0.0,0.0,0.0,0.0,0.0,0.0,0.0,0.0,0.0,0.0,0.0,0.0,0.0,0.0,0.0,0.0,0.0,0.0,0.0,0.0,0.0,0.0,0.0,0.0,0.0,0.0,0.0,0.0,0.0,0.0,0.0,0.0,0.0,0.0,0.0,0.0,0.0,0.0,0.0,0.0,0.0,0.0,0.0,0.0,0.0,0.0,0.0,0.0,0.00371,0.0,0.0,0.0,0.0,0.0,0.0,0.0,0.0,0.0,0.01044,0.08084,0.00265,0.0,0.0,0.0,0.0,0.0,0.0,0.0,0.0,0.00248,0.21209,0.0,0.0,0.0,0.0,0.0,0.10702,0.0,0.0,0.0,0.0,0.20796,0.01739,0.0,0.0,0.0,0.0,0.0,0.05625,0.15,0.0,0.0,0.1477,0.05837,0.0,0.0,0.0,0.0,0.0,0.0,0.0,0.11604,0.06014,0.0,0.0,0.84588,3.811,3.811,4.109,5.0,5.0,0,0.0,0.8490439999999999
641,0.0,0.0,0.0,0.0,0.0,0.0,0.0,0.0,0.0,0.0,0.0,0.0,0.0,0.0,0.0,0.0,0.0,0.0,0.0,0.0,0.0,0.0,0.0,0.0,0.0,0.0,0.0,0.0,0.0,0.0,0.0,0.0,0.0,0.0,0.0,0.0,0.0,0.0,0.0,0.0,0.0,0.0,0.0,0.0,0.0,0.0,0.0,0.0,0.0,0.0,0.0,0.0,0.0,0.0,0.0,0.0,0.0,0.0,0.0,0.0,0.0,0.0,0.0,0.0,0.0,0.0,0.03414,0.09534,0.0,0.0,0.0,0.0,0.0,0.0,0.0,0.0,0.0,0.08042,0.12812,0.0,0.0,0.0,0.0,0.0,0.0,0.0,0.0,0.0,0.07983,0.14251,0.0,0.0,0.0,0.0,0.0,0.0,0.0,0.0,0.0,0.0,0.16327,0.0,0.0,0.0,0.0,0.0,0.0,0.0,0.0,0.02706,0.0,0.0,0.0,0.84588,3.3855,3.649,4.0225,5.0,5.0,0,0.0,0.8474640000000001
642,0.0,0.0,0.0,0.0,0.0,0.0,0.0,0.0,0.0,0.0,0.0,0.0,0.0,0.0,0.0,0.0,0.0,0.0,0.0,0.0,0.0,0.0,0.0,0.0,0.0,0.0,0.0,0.0,0.0,0.0,0.0,0.0,0.0,0.0,0.0,0.0,0.0,0.0,0.0,0.0,0.0,0.0,0.0,0.0,0.0,0.0,0.0,0.0,0.0,0.0,0.0,0.0,0.0,0.0,0.0,0.0,0.0,0.0,0.0,0.0,0.0,0.0,0.0,0.0,0.0,0.0,0.06421,0.06686,0.0,0.0,0.0,0.0,0.0,0.0,0.0,0.0,0.0,0.09994,0.10259,0.0,0.0,0.0,0.0,0.0,0.0,0.0,0.0,0.0,0.14817,0.09682,0.0,0.0,0.0,0.0,0.0,0.0,0.0,0.0,0.0,0.0,0.07288,0.0,0.0,0.0,0.0,0.0,0.0,0.0,0.0,0.0,0.0,0.0,0.0,0.85379,3.62,3.59,4.0,5.0,5.0,0,0.0,0.85379
643,0.0,0.0,0.0,0.0,0.0,0.0,0.0,0.0,0.0,0.0,0.0,0.0,0.0,0.0,0.0,0.0,0.0,0.0,0.0,0.0,0.0,0.0,0.0,0.0,0.0,0.0,0.0,0.0,0.0,0.0,0.0,0.0,0.0,0.0,0.0,0.0,0.0,0.0,0.0,0.0,0.0,0.0,0.0,0.0,0.0,0.0,0.0,0.0,0.0,0.0,0.0,0.0,0.0,0.0,0.0,0.0,0.0,0.0,0.0,0.0,0.0,0.0,0.0,0.0,0.0,0.0,0.03308,0.02087,0.0,0.0,0.0,0.00295,0.01686,0.0,0.0,0.0,0.0,0.1171,0.05059,0.0,0.0,0.0,0.0,0.0,0.0,0.0,0.0,0.0,0.15613,0.08992,0.0,0.0,0.0,0.0,0.0,0.0,0.0,0.0,0.0,0.0,0.0398,0.0,0.0,0.0,0.0,0.0,0.0,0.0,0.0,0.0,0.0,0.0,0.0,0.85379,3.575,3.67,3.9345,4.9975,5.0,0,0.0,0.83798
644,0.0,0.0,0.0,0.0,0.0,0.0,0.0,0.0,0.0,0.0,0.0,0.0,0.0,0.0,0.0,0.0,0.0,0.0,0.0,0.0,0.0,0.0,0.0,0.0,0.0,0.0,0.0,0.0,0.0,0.0,0.0,0.0,0.0,0.0,0.0,0.0,0.0,0.0,0.0,0.0,0.0,0.0,0.0,0.0,0.0,0.0,0.0,0.0,0.0,0.0,0.0,0.0,0.0,0.0,0.0,0.0,0.0,0.0,0.0,0.0,0.0,0.0,0.0,0.0,0.0,0.0,0.01044,0.02653,0.0,0.0,0.0,6e-05,0.00118,0.0,0.0,0.0,0.0,0.06568,0.1342,0.0,0.0,0.0,0.0,0.00837,0.03868,0.0,0.0,0.0,0.18172,0.06132,0.0,0.0,0.0,0.0,0.0,0.0,0.0,0.0,0.0,0.0,0.01751,0.0,0.0,0.0,0.0,0.0,0.0,0.0,0.0,0.0,0.0,0.0,0.0,0.83798,3.494,3.605,3.9545,5.0,5.0,0,0.0,0.0
645,0.0,0.0,0.0,0.0,0.0,0.0,0.0,0.0,0.0,0.0,0.0,0.0,0.0,0.0,0.0,0.0,0.0,0.0,0.0,0.0,0.0,0.0,0.0,0.0,0.0,0.0,0.0,0.0,0.0,0.0,0.0,0.0,0.0,0.0,0.0,0.0,0.0,0.0,0.0,0.0,0.0,0.0,0.0,0.0,0.0,0.0,0.0,0.0,0.0,0.0,0.0,0.0,0.0,0.0,0.0,0.0,0.0,0.0,0.0,0.0,0.0,0.0,0.0,0.0,0.0,0.0,0.00389,0.07642,0.0,0.0,0.0,0.0,0.0,0.0,0.0,0.0,0.0,0.06769,0.12246,0.0,0.0,0.0,0.0,0.00053,0.12683,0.0,0.0,0.0,0.09481,0.10843,0.0,0.0,0.0,0.0,0.0,0.0,0.00195,0.0,0.0,0.0,0.0,0.0,0.0,0.0,0.0,0.0,0.0,0.0,0.0,0.0,0.0,0.0,0.0,0.0,3.281,3.356,3.7265,5.0,5.0,0,0.0,0.0
646,0.0,0.0,0.0,0.0,0.0,0.0,0.0,0.0,0.0,0.0,0.0,0.0,0.0,0.0,0.0,0.0,0.0,0.0,0.0,0.0,0.0,0.0,0.0,0.0,0.0,0.0,0.0,0.0,0.0,0.0,0.0,0.0,0.0,0.0,0.0,0.0,0.0,0.0,0.0,0.0,0.0,0.0,0.0,0.0,0.0,0.0,0.0,0.0,0.0,0.0,0.0,0.0,0.0,0.0,0.0,0.0,0.00336,0.0,0.0,0.0,0.0,0.0,0.0,0.0,0.0,0.0,0.01521,0.07075,0.01804,0.0,0.0,0.0,0.0,0.0,0.0,0.0,0.0,0.07258,0.11952,0.0,0.0,0.0,0.0,0.00725,0.14947,0.0,0.0,0.0,0.14894,0.10419,0.0,0.0,0.0,0.0,0.0,0.0,0.03892,0.0,0.0,0.0,0.00902,0.0,0.0,0.0,0.0,0.0,0.0,0.0,0.0,0.0,0.0,0.0,0.0,0.0,3.333,3.419,3.855,5.0,5.0,0,0.0,0.0
647,0.0,0.0,0.0,0.0,0.0,0.0,0.0,0.0,0.0,0.0,0.0,0.0,0.0,0.0,0.0,0.0,0.0,0.0,0.0,0.0,0.0,0.0,0.0,0.0,0.0,0.0,0.0,0.0,0.0,0.0,0.0,0.0,0.0,0.0,0.0,0.0,0.0,0.0,0.0,0.0,0.0,0.0,0.0,0.0,0.0,0.0,0.0,0.0,0.0,0.0,0.0,0.0,0.0,0.0,0.0,0.0,0.00071,0.0,0.0,0.0,0.0,0.0,0.0,0.0,0.0,0.0,0.00743,0.08072,0.0217,0.0,0.0,0.0,0.0,0.0,0.0,0.0,0.0,0.06545,0.12948,0.0,0.0,0.0,0.0,0.0066,0.10784,0.0,0.0,0.0,0.14699,0.12187,0.0,0.0,0.0,0.0,0.0,0.0,0.02671,0.0,0.0,0.0,0.02034,0.0,0.0,0.0,0.0,0.0,0.02034,0.0,0.0,0.0,0.0,0.0,0.0,0.0,3.394,3.5245,3.8645,5.0,5.0,0,0.0,0.0
648,0.0,0.0,0.0,0.0,0.0,0.0,0.0,0.0,0.0,0.0,0.0,0.0,0.0,0.0,0.0,0.0,0.0,0.0,0.0,0.0,0.0,0.0,0.0,0.0,0.0,0.0,0.0,0.0,0.0,0.0,0.0,0.0,0.0,0.0,0.0,0.0,0.0,0.0,0.0,0.0,0.0,0.0,0.0,0.0,0.0,0.0,0.0,0.0,0.0,0.0,0.0,0.0,0.0,0.0,0.0,0.0,0.0,0.0,0.0,0.0,0.0,0.0,0.0,0.0,0.0,0.0,0.00725,0.07706,0.00342,0.0,0.0,0.0,0.0,0.0,0.0,0.0,0.0,0.0661,0.13432,0.0,0.0,0.0,0.0,0.0,0.0023,0.0,0.0,0.0,0.14752,0.12311,0.0,0.0,0.0,0.0,0.0,0.0,0.0,0.0,0.0,0.0,0.0207,0.0,0.0,0.0,0.0,0.0,0.01114,0.0,0.0,0.0,0.0,0.0,0.0,0.0,3.375,3.4705,3.847,5.0,5.0,0,0.0,0.0
649,0.0,0.0,0.0,0.0,0.0,0.0,0.0,0.0,0.0,0.0,0.0,0.0,0.0,0.0,0.0,0.0,0.0,0.0,0.0,0.0,0.0,0.0,0.0,0.0,0.0,0.0,0.0,0.0,0.0,0.0,0.0,0.0,0.0,0.0,0.0,0.0,0.0,0.0,0.0,0.0,0.0,0.0,0.0,0.0,0.0,0.0,0.0,0.0,0.0,0.0,0.0,0.0,0.0,0.0,0.0,0.0,0.0,0.0,0.0,0.0,0.0,0.0,0.0,0.0,0.0,0.0,0.00672,0.09617,0.00377,0.0,0.0,0.0,0.0,0.0,0.0,0.0,0.0,0.06492,0.13603,0.0,0.0,0.0,0.0,0.0,0.00708,0.0,0.0,0.0,0.14764,0.12406,0.0,0.0,0.0,0.0,0.0,0.0,0.0,0.0,0.0,0.0,0.0214,0.0,0.0,0.0,0.0,0.0,0.00654,0.0,0.0,0.0,0.0,0.0,0.0,0.0,3.394,3.436,3.8535,5.0,5.0,0,0.0,0.0
650,0.0,0.0,0.0,0.0,0.0,0.0,0.0,0.0,0.0,0.0,0.0,0.0,0.0,0.0,0.0,0.0,0.0,0.0,0.0,0.0,0.0,0.0,0.0,0.0,0.0,0.0,0.0,0.0,0.0,0.0,0.0,0.0,0.0,0.0,0.0,0.0,0.0,0.0,0.0,0.0,0.0,0.0,0.0,0.0,0.0,0.0,0.0,0.0,0.0,0.0,0.0,0.0,0.0,0.0,0.0,0.0,0.0,0.0,0.0,0.0,0.0,0.0,0.0,0.0,0.0,0.0,0.0069,0.08491,0.00283,0.0,0.0,0.0,0.0,0.0,0.0,0.0,0.0,0.06527,0.13107,0.0,0.0,0.0,0.0,0.0,0.0,0.0,0.0,0.0,0.14823,0.12471,0.0,0.0,0.0,0.0,0.0,0.0,0.0,0.0,0.0,0.0,0.02176,0.0,0.0,0.0,0.0,0.0,0.00442,0.0,0.0,0.0,0.0,0.0,0.0,0.0,3.356,3.437,3.8565,5.0,5.0,0,0.0,0.0
651,0.0,0.0,0.0,0.0,0.0,0.0,0.0,0.0,0.0,0.0,0.0,0.0,0.0,0.0,0.0,0.0,0.0,0.0,0.0,0.0,0.0,0.0,0.0,0.0,0.0,0.0,0.0,0.0,0.0,0.0,0.0,0.0,0.0,0.0,0.0,0.0,0.0,0.0,0.0,0.0,0.0,0.0,0.0,0.0,0.0,0.0,0.0,0.0,0.0,0.0,0.0,0.0,0.0,0.0,0.0,0.0,0.0,0.0,0.0,0.0,0.0,0.0,0.0,0.0,0.0,0.0,0.00601,0.08526,0.00265,0.0,0.0,0.0,0.0,0.0,0.0,0.0,0.0,0.06598,0.13585,0.0,0.0,0.0,0.0,0.0,0.0,0.0,0.0,0.0,0.149,0.12288,0.0,0.0,0.0,0.0,0.0,0.0,0.0,0.0,0.0,0.0,0.02087,0.0,0.0,0.0,0.0,0.0,0.00053,0.0,0.0,0.0,0.0,0.0,0.0,0.0,3.394,3.447,3.8535,5.0,5.0,0,0.0,0.0
652,0.0,0.0,0.0,0.0,0.0,0.0,0.0,0.0,0.0,0.0,0.0,0.0,0.0,0.0,0.0,0.0,0.0,0.0,0.0,0.0,0.0,0.0,0.0,0.0,0.0,0.0,0.0,0.0,0.0,0.0,0.0,0.0,0.0,0.0,0.0,0.0,0.0,0.0,0.0,0.0,0.0,0.0,0.0,0.0,0.0,0.0,0.0,0.0,0.0,0.0,0.0,0.0,0.0,0.0,0.0,0.0,0.0,0.0,0.0,0.0,0.0,0.0,0.0,0.0,0.0,0.0,0.00743,0.07748,0.00106,0.0,0.0,0.0,0.0,0.0,0.0,0.0,0.0,0.0661,0.13945,0.0,0.0,0.0,0.0,0.0,0.0,0.0,0.0,0.0,0.14929,0.12311,0.0,0.0,0.0,0.0,0.0,0.0,0.0,0.0,0.0,0.0,0.01999,0.0,0.0,0.0,0.0,0.0,0.0,0.0,0.0,0.0,0.0,0.0,0.0,0.0,3.372,3.454,3.8485,5.0,5.0,0,0.0,0.0
653,0.0,0.0,0.0,0.0,0.0,0.0,0.0,0.0,0.0,0.0,0.0,0.0,0.0,0.0,0.0,0.0,0.0,0.0,0.0,0.0,0.0,0.0,0.0,0.0,0.0,0.0,0.0,0.0,0.0,0.0,0.0,0.0,0.0,0.0,0.0,0.0,0.0,0.0,0.0,0.0,0.0,0.0,0.0,0.0,0.0,0.0,0.0,0.0,0.0,0.0,0.0,0.0,0.0,0.0,0.0,0.0,0.0,0.0,0.0,0.0,0.0,0.0,0.0,0.0,0.0,0.0,0.00814,0.07571,0.00389,0.0,0.0,0.0,0.0,0.0,0.0,0.0,0.0,0.06574,0.13113,0.0,0.0,0.0,0.0,0.0,0.0,0.0,0.0,0.0,0.14658,0.1237,0.0,0.0,0.0,0.0,0.0,0.0,0.0,0.0,0.0,0.0,0.02158,0.0,0.0,0.0,0.0,0.0,0.0,0.0,0.0,0.0,0.0,0.0,0.0,0.0,3.385,3.448,3.8525,5.0,5.0,0,0.0,0.0
654,0.0,0.0,0.0,0.0,0.0,0.0,0.0,0.0,0.0,0.0,0.0,0.0,0.0,0.0,0.0,0.0,0.0,0.0,0.0,0.0,0.0,0.0,0.0,0.0,0.0,0.0,0.0,0.0,0.0,0.0,0.0,0.0,0.0,0.0,0.0,0.0,0.0,0.0,0.0,0.0,0.0,0.0,0.0,0.0,0.0,0.0,0.0,0.0,0.0,0.0,0.0,0.0,0.0,0.0,0.0,0.0,0.0,0.0,0.0,0.0,0.0,0.0,0.0,0.0,0.0,0.0,0.00725,0.07164,0.0,0.0,0.0,0.0,0.0,0.0,0.0,0.0,0.0,0.06574,0.13502,0.0,0.0,0.0,0.0,0.0,0.0,0.0,0.0,0.0,0.14664,0.12258,0.0,0.0,0.0,0.0,0.0,0.0,0.0,0.0,0.0,0.0,0.02176,0.0,0.0,0.0,0.0,0.0,0.0,0.0,0.0,0.0,0.0,0.0,0.0,0.0,3.367,3.4575,3.838,5.0,5.0,0,0.0,0.0
655,0.0,0.0,0.0,0.0,0.0,0.0,0.0,0.0,0.0,0.0,0.0,0.0,0.0,0.0,0.0,0.0,0.0,0.0,0.0,0.0,0.0,0.0,0.0,0.0,0.0,0.0,0.0,0.0,0.0,0.0,0.0,0.0,0.0,0.0,0.0,0.0,0.0,0.0,0.0,0.0,0.0,0.0,0.0,0.0,0.0,0.0,0.0,0.0,0.0,0.0,0.0,0.0,0.0,0.0,0.0,0.0,0.0,0.0,0.0,0.0,0.0,0.0,0.0,0.0,0.0,0.0,0.00637,0.07199,0.00336,0.0,0.0,0.0,0.0,0.0,0.0,0.0,0.0,0.06557,0.13361,0.0,0.0,0.0,0.0,0.0,0.0,0.0,0.0,0.0,0.14829,0.12412,0.0,0.0,0.0,0.0,0.0,0.0,0.0,0.0,0.0,0.0,0.02034,0.0,0.0,0.0,0.0,0.0,0.0,0.0,0.0,0.0,0.0,0.0,0.0,0.0,3.373,3.462,3.8395,5.0,5.0,0,0.0,0.0
656,0.0,0.0,0.0,0.0,0.0,0.0,0.0,0.0,0.0,0.0,0.0,0.0,0.0,0.0,0.0,0.0,0.0,0.0,0.0,0.0,0.0,0.0,0.0,0.0,0.0,0.0,0.0,0.0,0.0,0.0,0.0,0.0,0.0,0.0,0.0,0.0,0.0,0.0,0.0,0.0,0.0,0.0,0.0,0.0,0.0,0.0,0.0,0.0,0.0,0.0,0.0,0.0,0.0,0.0,0.0,0.0,0.0,0.0,0.0,0.0,0.0,0.0,0.0,0.0,0.0,0.0,0.00743,0.0855,0.0056,0.0,0.0,0.0,0.0,0.0,0.0,0.0,0.0,0.06592,0.13732,0.0,0.0,0.0,0.0,0.0,0.0,0.0,0.0,0.0,0.14752,0.12294,0.0,0.0,0.0,0.0,0.0,0.0,0.0,0.0,0.0,0.0,0.02123,0.0,0.0,0.0,0.0,0.0,0.0,0.0,0.0,0.0,0.0,0.0,0.0,0.0,3.394,3.446,3.8335,5.0,5.0,0,0.0,0.0
657,0.0,0.0,0.0,0.0,0.0,0.0,0.0,0.0,0.0,0.0,0.0,0.0,0.0,0.0,0.0,0.0,0.0,0.0,0.0,0.0,0.0,0.0,0.0,0.0,0.0,0.0,0.0,0.0,0.0,0.0,0.0,0.0,0.0,0.0,0.0,0.0,0.0,0.0,0.0,0.0,0.0,0.0,0.0,0.0,0.0,0.0,0.0,0.0,0.0,0.0,0.0,0.0,0.0,0.0,0.0,0.0,0.0,0.0,0.0,0.0,0.0,0.0,0.0,0.0,0.0,0.0,0.00601,0.06403,0.00177,0.0,0.0,0.0,0.0,0.0,0.0,0.0,0.0,0.0661,0.13379,0.0,0.0,0.0,0.0,0.0,0.0,0.0,0.0,0.0,0.14611,0.12241,0.0,0.0,0.0,0.0,0.0,0.0,0.0,0.0,0.0,0.0,0.0214,0.0,0.0,0.0,0.0,0.0,0.0,0.0,0.0,0.0,0.0,0.0,0.0,0.0,3.394,3.446,3.8365,5.0,5.0,0,0.0,0.0
658,0.0,0.0,0.0,0.0,0.0,0.0,0.0,0.0,0.0,0.0,0.0,0.0,0.0,0.0,0.0,0.0,0.0,0.0,0.0,0.0,0.0,0.0,0.0,0.0,0.0,0.0,0.0,0.0,0.0,0.0,0.0,0.0,0.0,0.0,0.0,0.0,0.0,0.0,0.0,0.0,0.0,0.0,0.0,0.0,0.0,0.0,0.0,0.0,0.0,0.0,0.0,0.0,0.0,0.0,0.0,0.0,0.0,0.0,0.0,0.0,0.0,0.0,0.0,0.0,0.0,0.0,0.00725,0.077,0.00047,0.0,0.0,0.0,0.0,0.0,0.0,0.0,0.0,0.06545,0.13373,0.0,0.0,0.0,0.0,0.0,0.0,0.0,0.0,0.0,0.1444,0.1227,0.0,0.0,0.0,0.0,0.0,0.0,0.0,0.0,0.0,0.0,0.02423,0.0,0.0,0.0,0.0,0.0,0.0,0.0,0.0,0.0,0.0,0.0,0.0,0.0,3.394,3.448,3.8405,5.0,5.0,0,0.0,0.0
659,0.0,0.0,0.0,0.0,0.0,0.0,0.0,0.0,0.0,0.0,0.0,0.0,0.0,0.0,0.0,0.0,0.0,0.0,0.0,0.0,0.0,0.0,0.0,0.0,0.0,0.0,0.0,0.0,0.0,0.0,0.0,0.0,0.0,0.0,0.0,0.0,0.0,0.0,0.0,0.0,0.0,0.0,0.0,0.0,0.0,0.0,0.0,0.0,0.0,0.0,0.0,0.0,0.0,0.0,0.0,0.0,0.0,0.0,0.0,0.0,0.0,0.0,0.0,0.0,0.0,0.0,0.00743,0.07518,0.00159,0.0,0.0,0.0,0.0,0.0,0.0,0.0,0.0,0.06616,0.13868,0.00018,0.0,0.0,0.0,0.0,0.0,0.0,0.0,0.0,0.14894,0.12364,0.0,0.0,0.0,0.0,0.0,0.0,0.0,0.0,0.0,0.0,0.02052,0.0,0.0,0.0,0.0,0.0,0.0,0.0,0.0,0.0,0.0,0.0,0.0,0.0,3.359,3.448,3.8365,5.0,5.0,0,0.0,0.0
660,0.0,0.0,0.0,0.0,0.0,0.0,0.0,0.0,0.0,0.0,0.0,0.0,0.0,0.0,0.0,0.0,0.0,0.0,0.0,0.0,0.0,0.0,0.0,0.0,0.0,0.0,0.0,0.0,0.0,0.0,0.0,0.0,0.0,0.0,0.0,0.0,0.0,0.0,0.0,0.0,0.0,0.0,0.0,0.0,0.0,0.0,0.0,0.0,0.0,0.0,0.0,0.0,0.0,0.0,0.0,0.0,0.0,0.0,0.0,0.0,0.0,0.0,0.0,0.0,0.0,0.0,0.00761,0.07223,0.00065,0.0,0.0,0.0,0.0,0.0,0.0,0.0,0.0,0.06592,0.13485,0.0,0.0,0.0,0.0,0.0,0.0,0.0,0.0,0.0,0.14929,0.12276,0.0,0.0,0.0,0.0,0.0,0.0,0.0,0.0,0.0,0.0,0.02034,0.0,0.0,0.0,0.0,0.0,0.0,0.0,0.0,0.0,0.0,0.0,0.0,0.0,3.394,3.4845,3.8435,5.0,5.0,0,0.0,0.0
661,0.0,0.0,0.0,0.0,0.0,0.0,0.0,0.0,0.0,0.0,0.0,0.0,0.0,0.0,0.0,0.0,0.0,0.0,0.0,0.0,0.0,0.0,0.0,0.0,0.0,0.0,0.0,0.0,0.0,0.0,0.0,0.0,0.0,0.0,0.0,0.0,0.0,0.0,0.0,0.0,0.0,0.0,0.0,0.0,0.0,0.0,0.0,0.0,0.0,0.0,0.0,0.0,0.0,0.0,0.0,0.0,0.0,0.0,0.0,0.0,0.0,0.0,0.0,0.0,0.0,0.0,0.00708,0.14505,0.0,0.0,0.0,0.04163,0.06592,0.0,0.0,0.0,0.0,0.0,0.2066,0.00654,0.0,0.0,0.0,0.0,0.2181,0.00902,0.0,0.0,0.0,0.14947,0.06563,0.0,0.0,0.0,0.0,0.0,0.00778,0.21633,0.0,0.0,0.04894,0.13485,0.0,0.0,0.0,0.0,0.0,0.0,0.0,0.07358,0.11869,0.0,0.0,0.0,3.4255,4.8495,5.0,5.0,0.256,0,0.0,0.0
662,0.0,0.0,0.0,0.0,0.0,0.0,0.0,0.0,0.0,0.0,0.0,0.0,0.0,0.0,0.0,0.0,0.0,0.0,0.0,0.0,0.0,0.0,0.0,0.0,0.0,0.0,0.0,0.0,0.0,0.0,0.0,0.0,0.0,0.0,0.0,0.0,0.0,0.0,0.0,0.0,0.0,0.0,0.0,0.0,0.0,0.0,0.0,0.0,0.0,0.0,0.0,0.0,0.0,0.0,0.0,0.0,0.0,0.0,0.0,0.0,0.0,0.0,0.0,0.0,0.0,0.0,0.00513,0.10808,0.0,0.0,0.0,0.03355,0.06533,0.0,0.0,0.0,0.0,0.0,0.20289,0.00831,0.0,0.0,0.0,0.0,0.21934,0.00831,0.0,0.0,0.0,0.14917,0.06698,0.0,0.0,0.0,0.0,0.0,0.00831,0.21545,0.0,0.0,0.04912,0.13573,0.0,0.0,0.0,0.0,0.0,0.0,0.0,0.07518,0.12099,0.0,0.0,0.0,3.4155,4.8995,5.0,5.0,0.256,0,0.0,0.0
663,0.0,0.0,0.0,0.0,0.0,0.0,0.0,0.0,0.0,0.0,0.0,0.0,0.0,0.0,0.0,0.0,0.0,0.0,0.0,0.0,0.0,0.0,0.0,0.0,0.0,0.0,0.0,0.0,0.0,0.0,0.0,0.0,0.0,0.0,0.0,0.0,0.0,0.0,0.0,0.0,0.0,0.0,0.0,0.0,0.0,0.0,0.0,0.0,0.0,0.0,0.0,0.0,0.0,0.0,0.0,0.0,0.0,0.0,0.0,0.0,0.0,0.0,0.0,0.0,0.0,0.0,0.00548,0.11091,0.0,0.0,0.0,0.03833,0.06515,0.0,0.0,0.0,0.0,0.0,0.20147,0.00814,0.0,0.0,0.0,0.0,0.21916,0.00778,0.0,0.0,0.0,0.14841,0.0658,0.0,0.0,0.0,0.0,0.0,0.00831,0.21368,0.0,0.0,0.04381,0.13343,0.0,0.0,0.0,0.0,0.0,0.0,0.0,0.07376,0.11038,0.0,0.0,0.0,3.4105,4.8145,5.0,5.0,0.253,0,0.0,0.0
664,0.0,0.0,0.0,0.0,0.0,0.0,0.0,0.0,0.0,0.0,0.0,0.0,0.0,0.0,0.0,0.0,0.0,0.0,0.0,0.0,0.0,0.0,0.0,0.0,0.0,0.0,0.0,0.0,0.0,0.0,0.0,0.0,0.0,0.0,0.0,0.0,0.0,0.0,0.0,0.0,0.0,0.0,0.0,0.0,0.0,0.0,0.0,0.0,0.0,0.0,0.0,0.0,0.0,0.0,0.0,0.0,0.0,0.0,0.0,0.0,0.0,0.0,0.0,0.0,0.0,0.0,0.00708,0.10949,0.0,0.0,0.0,0.03921,0.06551,0.0,0.0,0.0,0.0,0.0,0.20837,0.00796,0.0,0.0,0.0,0.0,0.21916,0.00884,0.0,0.0,0.0,0.14965,0.06669,0.0,0.0,0.0,0.0,0.0,0.00814,0.21598,0.0,0.0,0.04935,0.1332,0.0,0.0,0.0,0.0,0.0,0.0,0.0,0.07394,0.10825,0.0,0.0,0.0,3.4045,4.8645,5.0,5.0,0.255,0,0.0,0.0
665,0.0,0.0,0.0,0.0,0.0,0.0,0.0,0.0,0.0,0.0,0.0,0.0,0.0,0.0,0.0,0.0,0.0,0.0,0.0,0.0,0.0,0.0,0.0,0.0,0.0,0.0,0.0,0.0,0.0,0.0,0.0,0.0,0.0,0.0,0.0,0.0,0.0,0.0,0.0,0.0,0.0,0.0,0.0,0.0,0.0,0.0,0.0,0.0,0.0,0.0,0.0,0.0,0.0,0.0,0.0,0.0,0.0,0.0,0.0,0.0,0.0,0.0,0.0,0.0,0.0,0.0,0.00654,0.10242,0.0,0.0,0.0,0.03986,0.06521,0.0,0.0,0.0,0.0,0.0,0.20519,0.00708,0.0,0.0,0.0,0.0,0.21863,0.00884,0.0,0.0,0.0,0.14876,0.06492,0.0,0.0,0.0,0.0,0.0,0.00778,0.21616,0.0,0.0,0.05336,0.13838,0.0,0.0,0.0,0.0,0.0,0.0,0.0,0.07476,0.12494,0.0,0.0,0.0,3.3735,4.8145,5.0,5.0,0.255,0,0.0,0.18186
666,0.0,0.0,0.0,0.0,0.0,0.0,0.0,0.0,0.0,0.0,0.0,0.0,0.0,0.0,0.0,0.0,0.0,0.0,0.0,0.0,0.0,0.0,0.0,0.0,0.0,0.0,0.0,0.0,0.0,0.0,0.0,0.0,0.0,0.0,0.0,0.0,0.0,0.0,0.0,0.0,0.0,0.0,0.0,0.0,0.0,0.0,0.0,0.0,0.0,0.0,0.0,0.0,0.0,0.0,0.0,0.0,0.0,0.0,0.0,0.0,0.0,0.0,0.0,0.0,0.0,0.0,0.00725,0.14629,0.0,0.0,0.0,0.03833,0.06657,0.0,0.0,0.0,0.0,0.0,0.20678,0.00619,0.0,0.0,0.0,0.0,0.21934,0.00902,0.0,0.0,0.0,0.15012,0.06427,0.0,0.0,0.0,0.0,0.0,0.00778,0.21563,0.0,0.0,0.05177,0.13785,0.0,0.0,0.0,0.0,0.0,0.0,0.0,0.07447,0.11392,0.0,0.0,0.18186,3.4275,4.6705,5.0,5.0,0.255,0,0.0,0.47435
667,0.0,0.0,0.0,0.0,0.0,0.0,0.0,0.0,0.0,0.0,0.0,0.0,0.0,0.0,0.0,0.0,0.0,0.0,0.0,0.0,0.0,0.0,0.0,0.0,0.0,0.0,0.0,0.0,0.0,0.0,0.0,0.0,0.0,0.0,0.0,0.0,0.0,0.0,0.0,0.0,0.0,0.0,0.0,0.0,0.0,0.0,0.0,0.0,0.0,0.0,0.0,0.0,0.0,0.0,0.0,0.0,0.0,0.0,0.0,0.0,0.0,0.0,0.0,0.0,0.0,0.0,0.00601,0.11692,0.0,0.0,0.0,0.03402,0.06468,0.0,0.0,0.0,0.0,0.0,0.20537,0.00708,0.0,0.0,0.0,0.0,0.21952,0.00849,0.0,0.0,0.0,0.14976,0.0671,0.0,0.0,0.0,0.0,0.0,0.00831,0.21545,0.0,0.0,0.04369,0.13337,0.0,0.0,0.0,0.0,0.0,0.0,0.0,0.07583,0.12158,0.0,0.0,0.47435,3.4065,4.8145,5.0,5.0,0.257,0,0.0,0.5945
668,0.0,0.0,0.0,0.0,0.0,0.0,0.0,0.0,0.0,0.0,0.0,0.0,0.0,0.0,0.0,0.0,0.0,0.0,0.0,0.0,0.0,0.0,0.0,0.0,0.0,0.0,0.0,0.0,0.0,0.0,0.0,0.0,0.0,0.0,0.0,0.0,0.0,0.0,0.0,0.0,0.0,0.0,0.0,0.0,0.0,0.0,0.0,0.0,0.0,0.0,0.0,0.0,0.0,0.0,0.0,0.0,0.0,0.0,0.0,0.0,0.0,0.0,0.0,0.0,0.0,0.0,0.00601,0.10649,0.0,0.0,0.0,0.03886,0.06498,0.0,0.0,0.0,0.0,0.0,0.20802,0.00672,0.0,0.0,0.0,0.0,0.2181,0.00884,0.0,0.0,0.0,0.15053,0.06704,0.0,0.0,0.0,0.0,0.0,0.00778,0.21492,0.0,0.0,0.05142,0.13945,0.0,0.0,0.0,0.0,0.0,0.0,0.0,0.07547,0.12105,0.0,0.0,0.64824,3.4895,4.7315,5.0,5.0,0.254,0,0.0,0.7352080000000001
669,0.0,0.0,0.0,0.0,0.0,0.0,0.0,0.0,0.0,0.0,0.0,0.0,0.0,0.0,0.0,0.0,0.0,0.0,0.0,0.0,0.0,0.0,0.0,0.0,0.0,0.0,0.0,0.0,0.0,0.0,0.0,0.0,0.0,0.0,0.0,0.0,0.0,0.0,0.0,0.0,0.0,0.0,0.0,0.0,0.0,0.0,0.0,0.0,0.0,0.0,0.0,0.0,0.0,0.0,0.0,0.0,0.0,0.0,0.0,0.0,0.0,0.0,0.0,0.0,0.0,0.0,0.00584,0.12594,0.0,0.0,0.0,0.04281,0.06669,0.0,0.0,0.0,0.0,0.0,0.20572,0.00708,0.0,0.0,0.0,0.0,0.2181,0.00884,0.0,0.0,0.0,0.14711,0.0648,0.0,0.0,0.0,0.0,0.0,0.00778,0.21598,0.0,0.0,0.0434,0.13172,0.0,0.0,0.0,0.0,0.0,0.0,0.0,0.07529,0.11592,0.0,0.0,0.6957,3.3755,4.8145,5.0,5.0,0.256,0,0.0,0.796868
670,0.0,0.0,0.0,0.0,0.0,0.0,0.0,0.0,0.0,0.0,0.0,0.0,0.0,0.0,0.0,0.0,0.0,0.0,0.0,0.0,0.0,0.0,0.0,0.0,0.0,0.0,0.0,0.0,0.0,0.0,0.0,0.0,0.0,0.0,0.0,0.0,0.0,0.0,0.0,0.0,0.0,0.0,0.0,0.0,0.0,0.0,0.0,0.0,0.0,0.0,0.0,0.0,0.0,0.0,0.0,0.0,0.0,0.0,0.0,0.0,0.0,0.0,0.0,0.0,0.0,0.0,0.00601,0.11568,0.0,0.0,0.0,0.03432,0.0635,0.0,0.0,0.0,0.0,0.0,0.20749,0.00725,0.0,0.0,0.0,0.0,0.2181,0.00955,0.0,0.0,0.0,0.14752,0.06492,0.0,0.0,0.0,0.0,0.0,0.00778,0.21333,0.0,0.0,0.04558,0.13485,0.0,0.0,0.0,0.0,0.0,0.0,0.0,0.07134,0.08573,0.0,0.0,0.97235,3.4175,5.0,5.0,5.0,5.0,0,0.0,0.8190059999999999
671,0.0,0.0,0.0,0.0,0.0,0.0,0.0,0.0,0.0,0.0,0.0,0.0,0.0,0.0,0.0,0.0,0.0,0.0,0.0,0.0,0.0,0.0,0.0,0.0,0.0,0.0,0.0,0.0,0.0,0.0,0.0,0.0,0.0,0.0,0.0,0.0,0.0,0.0,0.0,0.0,0.0,0.0,0.0,0.0,0.0,0.0,0.0,0.0,0.0,0.0,0.0,0.0,0.0,0.0,0.0,0.0,0.0,0.0,0.0,0.0,0.0,0.0,0.0,0.0,0.0,0.0,0.00124,0.15814,0.0,0.0,0.0,0.02718,0.05843,0.0,0.0,0.0,0.0,0.0,0.19422,0.01698,0.0,0.0,0.0,0.0,0.21863,0.00814,0.0,0.0,0.0,0.13803,0.08166,0.0,0.0,0.0,0.0,0.0,0.00867,0.21527,0.0,0.0,0.04357,0.14658,0.0,0.0,0.0,0.0,0.0,0.0,0.0,0.07187,0.08538,0.0,0.0,0.8854,3.7475,5.0,5.0,5.0,5.0,0,0.0,0.850624
672,0.0,0.0,0.0,0.0,0.0,0.0,0.0,0.0,0.0,0.0,0.0,0.0,0.0,0.0,0.0,0.0,0.0,0.0,0.0,0.0,0.0,0.0,0.0,0.0,0.0,0.0,0.0,0.0,0.0,0.0,0.0,0.0,0.0,0.0,0.0,0.0,0.0,0.0,0.0,0.0,0.0,0.0,0.0,0.0,0.0,0.0,0.0,0.0,0.0,0.0,0.0,0.0,0.0,0.0,0.0,0.0,0.0,0.0,0.0,0.0,0.0,0.0,0.0,0.0,0.0,0.0,0.0,0.16362,0.0,0.0,0.0,0.01562,0.06787,0.0,0.0,0.0,0.0,0.0,0.18591,0.02529,0.0,0.0,0.0,0.0,0.20855,0.0138,0.0,0.0,0.0,0.12459,0.099,0.0,0.0,0.0,0.0,0.0,0.00531,0.21987,0.0,0.0,0.05077,0.15371,0.0,0.0,0.0,0.0,0.0,0.0,0.0,0.06533,0.13278,0.0,0.0,0.78265,3.3555,4.6805,5.0,5.0,5.0,0,0.0,0.828492
673,0.0,0.0,0.0,0.0,0.0,0.0,0.0,0.0,0.0,0.0,0.0,0.0,0.0,0.0,0.0,0.0,0.0,0.0,0.0,0.0,0.0,0.0,0.0,0.0,0.0,0.0,0.0,0.0,0.0,0.0,0.0,0.0,0.0,0.0,0.0,0.0,0.0,0.0,0.0,0.0,0.0,0.0,0.0,0.0,0.0,0.0,0.0,0.0,0.0,0.0,0.0,0.0,0.0,0.0,0.0,0.00442,0.0,0.0,0.0,0.0,0.0,0.0,0.0,0.0,0.0,0.0,0.00053,0.17636,0.0,0.0,0.0,0.00631,0.06745,0.0,0.0,0.0,0.0,0.0,0.19245,0.0207,0.0,0.0,0.0,0.0,0.19723,0.01804,0.0,0.0,0.0,0.12854,0.09009,0.0,0.0,0.0,0.0,0.0,0.00212,0.225,0.0,0.0,0.00531,0.08544,0.0,0.0,0.0,0.0,0.0,0.0,0.0,0.06268,0.11563,0.0,0.0,0.75893,3.4645,4.8875,5.0,5.0,5.0,0,0.0,0.8237500000000001
674,0.0,0.0,0.0,0.0,0.0,0.0,0.0,0.0,0.0,0.0,0.0,0.0,0.0,0.0,0.0,0.0,0.0,0.0,0.0,0.0,0.0,0.0,0.0,0.0,0.0,0.0,0.0,0.0,0.0,0.0,0.0,0.0,0.0,0.0,0.0,0.0,0.0,0.0,0.0,0.0,0.0,0.0,0.0,0.0,0.0,0.0,0.0,0.0,0.0,0.0,0.0,0.0,0.0,0.0,0.0,0.01061,0.0,0.0,0.0,0.0,0.0,0.0,0.0,0.0,0.0,0.0,0.00035,0.18555,0.0,0.0,0.0,0.01144,0.0694,0.0,0.0,0.0,0.0,0.0,0.19475,0.02176,0.0,0.0,0.0,0.0,0.19652,0.0191,0.0,0.0,0.0,0.13437,0.08992,0.0,0.0,0.0,0.0,0.0,0.00212,0.2227,0.0,0.0,0.02241,0.13343,0.0,0.0,0.0,0.0,0.0,0.0,0.0,0.06085,0.05413,0.0,0.0,0.85379,3.496,4.6915,5.0,5.0,5.0,0,0.0,0.8395579999999999
675,0.0,0.0,0.0,0.0,0.0,0.0,0.0,0.0,0.0,0.0,0.0,0.0,0.0,0.0,0.0,0.0,0.0,0.0,0.0,0.0,0.0,0.0,0.0,0.0,0.0,0.0,0.0,0.0,0.0,0.0,0.0,0.0,0.0,0.0,0.0,0.0,0.0,0.0,0.0,0.0,0.0,0.0,0.0,0.0,0.0,0.0,0.0,0.0,0.0,0.0,0.0,0.0,0.0,0.0,0.0,0.00142,0.0,0.0,0.0,0.0,0.0,0.0,0.0,0.0,0.0,0.0,0.00053,0.18149,0.0,0.0,0.0,0.00419,0.07435,0.0,0.0,0.0,0.0,0.0,0.18998,0.02105,0.0,0.0,0.0,0.0,0.19705,0.01999,0.0,0.0,0.0,0.12995,0.09257,0.0,0.0,0.0,0.0,0.0,0.00142,0.22305,0.0,0.0,0.04009,0.14829,0.0,0.0,0.0,0.0,0.0,0.0,0.0,0.06008,0.09575,0.0,0.0,0.86169,3.349,4.3175,5.0,5.0,5.0,0,0.0,0.8601099999999999
676,0.0,0.0,0.0,0.0,0.0,0.0,0.0,0.0,0.0,0.0,0.0,0.0,0.0,0.0,0.0,0.0,0.0,0.0,0.0,0.0,0.0,0.0,0.0,0.0,0.0,0.0,0.0,0.0,0.0,0.0,0.0,0.0,0.0,0.0,0.0,0.0,0.0,0.0,0.0,0.0,0.0,0.0,0.0,0.0,0.0,0.0,0.0,0.0,0.0,0.0,0.0,0.0,0.0,0.0,0.0,0.00053,0.0,0.0,0.0,0.0,0.0,0.0,0.0,0.0,0.0,0.0,0.00177,0.17353,0.0,0.0,0.0,0.0089,0.07406,0.0,0.0,0.0,0.0,0.0,0.18892,0.01627,0.0,0.0,0.0,0.0,0.19511,0.01928,0.0,0.0,0.0,0.13608,0.08591,0.0,0.0,0.0,0.0,0.0,0.00212,0.22093,0.0,0.0,0.04104,0.14098,0.0,0.0,0.0,0.0,0.0,0.0,0.0,0.06014,0.08508,0.0,0.0,0.86169,3.3945,4.3575,5.0,5.0,5.0,0,0.0,0.8601099999999999
677,0.0,0.0,0.0,0.0,0.0,0.0,0.0,0.0,0.0,0.0,0.0,0.0,0.0,0.0,0.0,0.0,0.0,0.0,0.0,0.0,0.0,0.0,0.0,0.0,0.0,0.0,0.0,0.0,0.0,0.0,0.0,0.0,0.0,0.0,0.0,0.0,0.0,0.0,0.0,0.0,0.0,0.0,0.0,0.0,0.0,0.0,0.0,0.0,0.0,0.0,0.0,0.0,0.0,0.0,0.0,0.0,0.0,0.0,0.0,0.0,0.0,0.0,0.0,0.0,0.0,0.0,0.00389,0.16061,0.0,0.0,0.0,0.02187,0.07417,0.0,0.0,0.0,0.0,0.0,0.19882,0.01344,0.0,0.0,0.0,0.0,0.20501,0.0161,0.0,0.0,0.0,0.1431,0.08101,0.0,0.0,0.0,0.0,0.0,0.00371,0.22005,0.0,0.0,0.052,0.14257,0.0,0.0,0.0,0.0,0.0,0.0,0.0,0.06627,0.06162,0.0,0.0,0.86169,3.2565,4.8425,5.0,5.0,5.0,0,0.0,0.86011
678,0.0,0.0,0.0,0.0,0.0,0.0,0.0,0.0,0.0,0.0,0.0,0.0,0.0,0.0,0.0,0.0,0.0,0.0,0.0,0.0,0.0,0.0,0.0,0.0,0.0,0.0,0.0,0.0,0.0,0.0,0.0,0.0,0.0,0.0,0.0,0.0,0.0,0.0,0.0,0.0,0.0,0.0,0.0,0.0,0.0,0.0,0.0,0.0,0.0,0.0,0.0,0.0,0.0,0.0,0.0,0.00531,0.0,0.0,0.0,0.0,0.0,0.0,0.0,0.0,0.0,0.0,0.00301,0.17636,0.0,0.0,0.0,0.01244,0.06327,0.0,0.0,0.0,0.0,0.0,0.19422,0.0161,0.0,0.0,0.0,0.0,0.21333,0.0115,0.0,0.0,0.0,0.14228,0.07989,0.0,0.0,0.0,0.0,0.0,0.00637,0.21686,0.0,0.0,0.0605,0.14611,0.0,0.0,0.0,0.0,0.0,0.0,0.0,0.0737,0.10584,0.0,0.0,0.86169,3.4315,4.8145,5.0,5.0,5.0,0,0.0,0.85853
679,0.0,0.0,0.0,0.0,0.0,0.0,0.0,0.0,0.0,0.0,0.0,0.0,0.0,0.0,0.0,0.0,0.0,0.0,0.0,0.0,0.0,0.0,0.0,0.0,0.0,0.0,0.0,0.0,0.0,0.0,0.0,0.0,0.0,0.0,0.0,0.0,0.0,0.0,0.0,0.0,0.0,0.0,0.0,0.0,0.0,0.0,0.0,0.0,0.0,0.0,0.0,0.0,0.0,0.0,0.0,0.00495,0.0,0.0,0.0,0.0,0.0,0.0,0.0,0.0,0.0,0.0,0.00177,0.17459,0.0,0.0,0.0,0.00796,0.06439,0.0,0.0,0.0,0.0,0.0,0.19741,0.01645,0.0,0.0,0.0,0.0,0.20961,0.01256,0.0,0.0,0.0,0.14127,0.08249,0.0,0.0,0.0,0.0,0.0,0.00619,0.2158,0.0,0.0,0.06085,0.15354,0.0,0.0,0.0,0.0,0.0,0.0,0.0,0.0717,0.0806,0.0,0.0,0.85379,3.0555,4.5745,5.0,5.0,5.0,0,0.0,0.85695
680,0.0,0.0,0.0,0.0,0.0,0.0,0.0,0.0,0.0,0.0,0.0,0.0,0.0,0.0,0.0,0.0,0.0,0.0,0.0,0.0,0.0,0.0,0.0,0.0,0.0,0.0,0.0,0.0,0.0,0.0,0.0,0.0,0.0,0.0,0.0,0.0,0.0,0.0,0.0,0.0,0.0,0.0,0.0,0.0,0.0,0.0,0.0,0.0,0.0,0.0,0.0,0.0,0.0,0.0,0.0,0.01114,0.0,0.0,0.0,0.0,0.0,0.0,0.0,0.0,0.0,0.0,0.00159,0.18732,0.0,0.0,0.0,0.01946,0.05784,0.0,0.0,0.0,0.0,0.0,0.19917,0.01698,0.0,0.0,0.0,0.0,0.22075,0.00548,0.0,0.0,0.0,0.14463,0.07824,0.0,0.0,0.0,0.0,0.0,0.01256,0.21333,0.0,0.0,0.06739,0.14752,0.0,0.0,0.0,0.0,0.0,0.0,0.0,0.08833,0.0668,0.0,0.0,0.86169,2.9585,4.7515,5.0,5.0,5.0,0,0.0,0.8553700000000001
681,0.0,0.0,0.0,0.0,0.0,0.0,0.0,0.0,0.0,0.0,0.0,0.0,0.0,0.0,0.0,0.0,0.0,0.0,0.0,0.0,0.0,0.0,0.0,0.0,0.0,0.0,0.0,0.0,0.0,0.0,0.0,0.0,0.0,0.0,0.0,0.0,0.0,0.0,0.0,0.0,0.0,0.0,0.0,0.0,0.0,0.0,0.0,0.0,0.0,0.0,0.0,0.0,0.0,0.0,0.0,0.00778,0.0,0.0,0.0,0.0,0.0,0.0,0.0,0.0,0.0,0.0,0.00336,0.17866,0.0,0.0,0.0,0.01787,0.05767,0.0,0.0,0.0,0.0,0.0,0.19917,0.0138,0.0,0.0,0.0,0.0,0.21952,0.00654,0.0,0.0,0.0,0.15195,0.07465,0.0,0.0,0.0,0.0,0.0,0.01008,0.20625,0.0,0.0,0.07406,0.14157,0.0,0.0,0.0,0.0,0.0,0.0,0.0,0.08396,0.05366,0.0,0.0,0.85379,3.1455,4.4125,5.0,5.0,5.0,0,0.0,0.8553700000000001
682,0.0,0.0,0.0,0.0,0.0,0.0,0.0,0.0,0.0,0.0,0.0,0.0,0.0,0.0,0.0,0.0,0.0,0.0,0.0,0.0,0.0,0.0,0.0,0.0,0.0,0.0,0.0,0.0,0.0,0.0,0.0,0.0,0.0,0.0,0.0,0.0,0.0,0.0,0.0,0.0,0.0,0.0,0.0,0.0,0.0,0.0,0.0,0.0,0.0,0.0,0.0,0.0,0.0,0.0,0.0,0.00814,0.0,0.0,0.0,0.0,0.0,0.0,0.0,0.0,0.0,0.0,0.00177,0.17176,0.0,0.0,0.0,6e-05,0.04876,0.0,0.0,0.0,0.0,0.0,0.19422,0.0161,0.0,0.0,0.0,0.0,0.20678,0.01557,0.0,0.0,0.0,0.14629,0.07836,0.0,0.0,0.0,0.0,0.0,0.00407,0.22305,0.0,0.0,0.06002,0.14393,0.0,0.0,0.0,0.0,0.0,0.0,0.0,0.06698,0.11486,0.0,0.0,0.85379,2.9345,4.2155,5.0,5.0,5.0,0,0.0,0.85379
683,0.0,0.0,0.0,0.0,0.0,0.0,0.0,0.0,0.0,0.0,0.0,0.0,0.0,0.0,0.0,0.0,0.0,0.0,0.0,0.0,0.0,0.0,0.0,0.0,0.0,0.0,0.0,0.0,0.0,0.0,0.0,0.0,0.0,0.0,0.0,0.0,0.0,0.0,0.0,0.0,0.0,0.0,0.0,0.0,0.0,0.0,0.0,0.0,0.0,0.0,0.0,0.0,0.0,0.0,0.0,0.01645,0.0,0.0,0.0,0.0,0.0,0.0,0.0,0.0,0.0,0.0,0.0,0.19475,0.0,0.0,0.0,0.0,0.03927,0.0,0.0,0.0,0.0,0.0,0.18361,0.02724,0.0,0.0,0.0,0.0,0.19086,0.02423,0.0,0.0,0.0,0.12759,0.09776,0.0,0.0,0.0,0.0,0.0,0.00053,0.22925,0.0,0.0,0.04552,0.15631,0.0,0.0,0.0,0.0,0.0,0.0,0.0,0.05395,0.11692,0.0,0.0,0.85379,3.0165,4.3245,5.0,5.0,5.0,0,0.0,0.85379
684,0.0,0.0,0.0,0.0,0.0,0.0,0.0,0.0,0.0,0.0,0.0,0.0,0.0,0.0,0.0,0.0,0.0,0.0,0.0,0.0,0.0,0.0,0.0,0.0,0.0,0.0,0.0,0.0,0.0,0.0,0.0,0.0,0.0,0.0,0.0,0.0,0.0,0.0,0.0,0.0,0.0,0.0,0.0,0.0,0.0,0.0,0.0,0.0,0.0,0.0,0.0,0.0,0.0,0.0,0.0,0.00731,0.00171,0.0,0.0,0.0,0.0,0.0,0.0,0.0,0.0,0.0,0.0,0.19658,0.00118,0.0,0.0,0.0,0.05413,0.0,0.0,0.0,0.0,0.0,0.1569,0.05448,0.0,0.0,0.0,0.0,0.16592,0.05271,0.0,0.0,0.0,0.08998,0.12989,0.0,0.0,0.0,0.0,0.0,0.0,0.22706,0.00094,0.0,0.01651,0.19045,0.0,0.0,0.0,0.0,0.0,0.0,0.0,0.02742,0.12488,0.0,0.0,0.85379,2.8225,4.3625,5.0,5.0,5.0,0,0.0,0.85379
685,0.0,0.0,0.0,0.0,0.0,0.0,0.0,0.0,0.0,0.0,0.0,0.0,0.0,0.0,0.0,0.0,0.0,0.0,0.0,0.0,0.0,0.0,0.0,0.0,0.0,0.0,0.0,0.0,0.0,0.0,0.0,0.0,0.0,0.0,0.0,0.0,0.0,0.0,0.0,0.0,0.0,0.0,0.0,0.0,0.0,0.0,0.0,0.0,0.0,0.0,0.0,0.0,0.0,0.0,0.0,0.0,0.0,0.0,0.0,0.0,0.0,0.0,0.0,0.0,0.0,0.0,0.0,0.16881,0.00065,0.0,0.0,0.0,0.05767,0.0,0.0,0.0,0.0,0.0,0.14381,0.07659,0.0,0.0,0.0,0.0,0.15035,0.06952,0.0,0.0,0.0,0.06922,0.151,0.0,0.0,0.0,0.0,0.0,0.0,0.21663,0.00483,0.0,0.00053,0.19829,0.0,0.0,0.0,0.0,0.0,0.0,0.0,0.0148,0.06232,0.0,0.0,0.85379,2.8435,4.2155,5.0,5.0,5.0,0,0.0,0.85379
686,0.0,0.0,0.0,0.0,0.0,0.0,0.0,0.0,0.0,0.0,0.0,0.0,0.0,0.0,0.0,0.0,0.0,0.0,0.0,0.0,0.0,0.0,0.0,0.0,0.0,0.0,0.0,0.0,0.0,0.0,0.0,0.0,0.0,0.0,0.0,0.0,0.0,0.0,0.0,0.0,0.0,0.0,0.0,0.0,0.0,0.0,0.0,0.0,0.0,0.0,0.0,0.0,0.0,0.0,0.0,0.0,0.00035,0.0,0.0,0.0,0.0,0.0,0.0,0.0,0.0,0.0,0.0,0.1684,0.00708,0.0,0.0,0.0,0.02176,0.0,0.0,0.0,0.0,0.0,0.1263,0.08685,0.0,0.0,0.0,0.0,0.11551,0.09817,0.0,0.0,0.0,0.05542,0.16462,0.0,0.0,0.0,0.0,0.0,0.0,0.18715,0.01362,0.0,0.0,0.21279,0.0,0.0,0.0,0.0,0.0,0.0,0.0,0.0013,0.03072,0.0,0.0,0.85379,2.8495,4.1235,5.0,5.0,5.0,0,0.0,0.85379
687,0.0,0.0,0.0,0.0,0.0,0.0,0.0,0.0,0.0,0.0,0.0,0.0,0.0,0.0,0.0,0.0,0.0,0.0,0.0,0.0,0.0,0.0,0.0,0.0,0.0,0.0,0.0,0.0,0.0,0.0,0.0,0.0,0.0,0.0,0.0,0.0,0.0,0.0,0.0,0.0,0.0,0.0,0.0,0.0,0.0,0.0,0.0,0.0,0.0,0.0,0.0,0.0,0.0,0.0,0.0,0.0,0.00195,0.0,0.0,0.0,0.0,0.0,0.0,0.0,0.0,0.0,0.0,0.15802,0.02471,0.0,0.0,0.0,0.11055,0.0,0.0,0.0,0.0,0.0,0.08756,0.12223,0.0,0.0,0.0,0.0,0.06014,0.16203,0.0,0.0,0.0,0.01733,0.20837,0.0,0.0,0.0,0.0,0.0,0.0,0.13473,0.09399,0.0,0.0,0.19959,0.00348,0.0,0.0,0.0,0.0,0.0,0.0,0.0,0.18561,0.00436,0.0,0.85379,2.6835,3.6225,5.0,5.0,5.0,0,0.0,0.85379
688,0.0,0.0,0.0,0.0,0.0,0.0,0.0,0.0,0.0,0.0,0.0,0.0,0.0,0.0,0.0,0.0,0.0,0.0,0.0,0.0,0.0,0.0,0.0,0.0,0.0,0.0,0.0,0.0,0.0,0.0,0.0,0.0,0.0,0.0,0.0,0.0,0.0,0.0,0.0,0.0,0.0,0.0,0.0,0.0,0.0,0.0,0.0,0.0,0.0,0.0,0.0,0.0,0.0,0.0,0.0,0.0,0.00814,0.0,0.0,0.0,0.0,0.0,0.0,0.0,0.0,0.0,0.0,0.11869,0.06846,0.0,0.0,0.0,0.07712,0.00902,0.0,0.0,0.0,0.0,0.03945,0.16309,0.0,0.0,0.0,0.0,0.00601,0.21881,0.0,0.0,0.0,0.0,0.21651,0.0,0.0,0.0,0.0,0.0,0.0,0.06138,0.16663,0.0,0.0,0.1457,0.04092,0.0,0.0,0.0,0.0,0.0,0.0,0.0,0.10442,0.01675,0.0,0.85379,2.915,4.0165,5.0,5.0,5.0,0,0.0,0.85379
689,0.0,0.0,0.0,0.0,0.0,0.0,0.0,0.0,0.0,0.0,0.0,0.0,0.0,0.0,0.0,0.0,0.0,0.0,0.0,0.0,0.0,0.0,0.0,0.0,0.0,0.0,0.0,0.0,0.0,0.0,0.0,0.0,0.0,0.0,0.0,0.0,0.0,0.0,0.0,0.0,0.0,0.0,0.0,0.0,0.0,0.0,0.0,0.0,0.0,0.0,0.0,0.0,0.0,0.0,0.0,0.0,0.00106,0.0,0.0,0.0,0.0,0.0,0.0,0.0,0.0,0.0,0.0,0.09776,0.07771,0.0,0.0,0.0,0.10737,0.03715,0.0,0.0,0.0,0.0,0.02123,0.18272,0.0,0.0,0.0,0.0,0.0,0.22553,0.00053,0.0,0.0,0.0,0.21368,0.00053,0.0,0.0,0.0,0.0,0.0,0.02624,0.21026,0.0,0.0,0.12512,0.07919,0.0,0.0,0.0,0.0,0.0,0.0,0.0,0.07942,0.13178,0.0,0.85379,2.89,4.0515,5.0,5.0,5.0,0,0.0,0.85379
690,0.0,0.0,0.0,0.0,0.0,0.0,0.0,0.0,0.0,0.0,0.0,0.0,0.0,0.0,0.0,0.0,0.0,0.0,0.0,0.0,0.0,0.0,0.0,0.0,0.0,0.0,0.0,0.0,0.0,0.0,0.0,0.0,0.0,0.0,0.0,0.0,0.0,0.0,0.0,0.0,0.0,0.0,0.0,0.0,0.0,0.0,0.0,0.0,0.0,0.0,0.0,0.0,0.0,0.0,0.0,0.0,0.0,0.0,0.0,0.0,0.0,0.0,0.0,0.0,0.0,0.0,0.0,0.06545,0.06669,0.0,0.0,0.0,0.05094,0.06333,0.0,0.0,0.0,0.0,0.00195,0.20483,0.0,0.0,0.0,0.0,0.0,0.2145,0.01439,0.0,0.0,0.0,0.19475,0.01787,0.0,0.0,0.0,0.0,0.0,0.00413,0.22583,0.0,0.0,0.0737,0.11645,0.0,0.0,0.0,0.0,0.0,0.0,0.0,0.04051,0.18485,0.0,0.85379,2.943,4.2895,5.0,5.0,5.0,0,0.0,0.85379
691,0.0,0.0,0.0,0.0,0.0,0.0,0.0,0.0,0.0,0.0,0.0,0.0,0.0,0.0,0.0,0.0,0.0,0.0,0.0,0.0,0.0,0.0,0.0,0.0,0.0,0.0,0.0,0.0,0.0,0.0,0.0,0.0,0.0,0.0,0.0,0.0,0.0,0.0,0.0,0.0,0.0,0.0,0.0,0.0,0.0,0.0,0.0,0.0,0.0,0.0,0.0,0.0,0.0,0.0,0.0,0.0,0.00584,0.0,0.0,0.0,0.0,0.0,0.0,0.0,0.0,0.0,0.0,0.0434,0.08096,0.0,0.0,0.0,0.03715,0.0681,0.0,0.0,0.0,0.0,0.0,0.19581,0.0,0.0,0.0,0.0,0.0,0.20254,0.02989,0.0,0.0,0.0,0.17246,0.03821,0.0,0.0,0.0,0.0,0.0,0.0,0.23202,0.00183,0.0,0.04375,0.13084,0.0,0.0,0.0,0.0,0.0,0.0,0.0,0.01922,0.20808,0.0,0.85379,2.9635,4.5295,5.0,5.0,5.0,0,0.0,0.85379
692,0.0,0.0,0.0,0.0,0.0,0.0,0.0,0.0,0.0,0.0,0.0,0.0,0.0,0.0,0.0,0.0,0.0,0.0,0.0,0.0,0.0,0.0,0.0,0.0,0.0,0.0,0.0,0.0,0.0,0.0,0.0,0.0,0.0,0.0,0.0,0.0,0.0,0.0,0.0,0.0,0.0,0.0,0.0,0.0,0.0,0.0,0.0,0.0,0.0,0.0,0.0,0.0,0.0,0.0,0.0,0.0,0.0115,0.0,0.0,0.0,0.0,0.0,0.0,0.0,0.0,0.0,0.0,0.0171,0.16085,0.0,0.0,0.0,0.02742,0.10578,0.0,0.0,0.0,0.0,0.0,0.16504,0.00035,0.0,0.0,0.0,0.0,0.15548,0.07129,0.0,0.0,0.0,0.12152,0.07942,0.0,0.0,0.0,0.0,0.0,0.0,0.20666,0.03196,0.0,0.01598,0.18479,0.0,0.0,0.0,0.0,0.0,0.0,0.0,6e-05,0.21238,0.0,0.85379,3.0735,4.7515,5.0,5.0,5.0,0,0.045528,0.85379
693,0.0,0.0,0.0,0.0,0.0,0.0,0.0,0.0,0.0,0.0,0.0,0.0,0.0,0.0,0.0,0.0,0.0,0.0,0.0,0.0,0.0,0.0,0.0,0.0,0.0,0.0,0.0,0.0,0.0,0.0,0.0,0.0,0.0,0.0,0.0,0.0,0.0,0.0,0.0,0.0,0.0,0.0,0.0,0.0,0.0,0.0,0.0,0.0,0.0,0.0,0.0,0.0,0.0,0.0,0.0,0.0,0.023,0.0,0.0,0.0,0.0,0.0,0.0,0.0,0.0,0.0,0.0,0.0069,0.18272,0.0,0.0,0.0,0.0,0.12506,0.0,0.0,0.0,0.0,0.0,0.16291,0.00867,0.0,0.0,0.0,0.0,0.12677,0.10301,0.0,0.0,0.0,0.07712,0.08066,0.0,0.0,0.0,0.0,0.0,0.0,0.1635,0.07494,0.0,0.0,0.16999,0.0,0.0,0.0,0.0,0.0,0.0,0.0,0.0,0.17972,0.0,0.85379,3.204,4.8995,5.0,5.0,5.0,0,0.045528,0.85379
694,0.0,0.0,0.0,0.0,0.0,0.0,0.0,0.0,0.0,0.0,0.0,0.0,0.0,0.0,0.0,0.0,0.0,0.0,0.0,0.0,0.0,0.0,0.0,0.0,0.0,0.0,0.0,0.0,0.0,0.0,0.0,0.0,0.0,0.0,0.0,0.0,0.0,0.0,0.0,0.0,0.0,0.0,0.0,0.0,0.0,0.0,0.0,0.0,0.0,0.0,0.0,0.0,0.0,0.0,0.0,0.0,0.01787,0.0,0.0,0.0,0.0,0.0,0.0,0.0,0.0,0.0,0.0,0.0,0.20342,0.0,0.0,0.0,0.0,0.08809,0.0,0.0,0.0,0.0,0.0,0.15985,0.04711,0.0,0.0,0.0,0.0,0.0855,0.1441,0.0,0.0,0.0,0.03361,0.15124,0.0,0.0,0.0,0.0,0.0,0.0,0.11692,0.12241,0.0,0.0,0.18219,0.0,0.0,0.0,0.0,0.0,0.0,0.0,0.0,0.11498,0.0,0.85379,3.2165,4.9885,5.0,5.0,5.0,0,0.045528,0.85379
695,0.0,0.0,0.0,0.0,0.0,0.0,0.0,0.0,0.0,0.0,0.0,0.0,0.0,0.0,0.0,0.0,0.0,0.0,0.0,0.0,0.0,0.0,0.0,0.0,0.0,0.0,0.0,0.0,0.0,0.0,0.0,0.0,0.0,0.0,0.0,0.0,0.0,0.0,0.0,0.0,0.0,0.0,0.0,0.0,0.0,0.0,0.0,0.0,0.0,0.0,0.0,0.0,0.0,0.0,0.0,0.0,0.0,0.0,0.0,0.0,0.0,0.0,0.0,0.0,0.03325,0.0,0.0,0.0,0.15442,0.0,0.0,0.0,0.0,0.0,0.01061,0.0,0.0,0.0,0.0,0.09853,0.07659,0.0,0.0,0.0,0.0,0.0,0.20979,0.0,0.0,0.0,0.0,0.16751,0.0,0.0,0.0,0.0,0.0,0.0,0.05407,0.18314,0.0,0.0,0.00884,0.00637,0.0,0.0,0.0,0.0,0.0,0.0,0.0,0.04988,0.22764,0.85379,2.9195,4.6915,5.0,5.0,5.0,0,0.045528,0.85379
696,0.0,0.0,0.0,0.0,0.0,0.0,0.0,0.0,0.0,0.0,0.0,0.0,0.0,0.0,0.0,0.0,0.0,0.0,0.0,0.0,0.0,0.0,0.0,0.0,0.0,0.0,0.0,0.0,0.0,0.0,0.0,0.0,0.0,0.0,0.0,0.0,0.0,0.0,0.0,0.0,0.0,0.0,0.0,0.0,0.0,0.0,0.0,0.0,0.0,0.0,0.0,0.0,0.0,0.0,0.0,0.0,0.0,0.0,0.0,0.0,0.0,0.0,0.0,0.0,0.00513,0.0,0.0,0.0,0.06651,0.0,0.0,0.0,0.0,0.0,0.0,0.0,0.0,0.0,0.0,0.05136,0.02948,0.0,0.0,0.0,0.0,0.0,0.11067,0.00041,0.0,0.0,0.0,0.13514,0.0,0.0,0.0,0.0,0.0,0.0,0.02801,0.19805,0.0,0.0,0.02972,0.02406,0.0,0.0,0.0,0.0,0.0,0.0,0.0,0.05165,0.0,0.85379,3.1185,4.8915,5.0,5.0,5.0,0,0.045528,0.85379
697,0.0,0.0,0.0,0.0,0.0,0.0,0.0,0.0,0.0,0.0,0.0,0.0,0.0,0.0,0.0,0.0,0.0,0.0,0.0,0.0,0.0,0.0,0.0,0.0,0.0,0.0,0.0,0.0,0.0,0.0,0.0,0.0,0.0,0.0,0.0,0.0,0.0,0.0,0.0,0.0,0.0,0.0,0.0,0.0,0.0,0.0,0.0,0.0,0.0,0.0,0.0,0.0,0.0,0.0,0.0,0.0,0.0,0.0,0.0,0.0,0.0,0.0,0.0,0.0,0.00106,0.0,0.0,0.0,0.00407,0.0,0.0,0.0,0.0,0.0,0.0,0.0,0.0,0.0,0.0,0.02176,0.0,0.0,0.0,0.0,0.0,0.0,0.01521,0.00318,0.0,0.0,0.01309,0.1056,0.0,0.0,0.0,0.0,0.0,0.0,0.00254,0.20425,0.0,0.0,0.1408,0.00195,0.0,0.0,0.0,0.0,0.0,0.0,0.0,0.05607,0.0,0.85379,2.9225,4.3575,5.0,5.0,5.0,0,0.0,0.85379
698,0.0,0.0,0.0,0.0,0.0,0.0,0.0,0.0,0.0,0.0,0.0,0.0,0.0,0.0,0.0,0.0,0.0,0.0,0.0,0.0,0.0,0.0,0.0,0.0,0.0,0.0,0.0,0.0,0.0,0.0,0.0,0.0,0.0,0.0,0.0,0.0,0.0,0.0,0.0,0.0,0.0,0.0,0.0,0.0,0.0,0.0,0.0,0.0,0.0,0.0,0.0,0.0,0.0,0.0,0.0,0.0,0.0,0.0,0.0,0.0,0.0,0.0,0.0,0.0,0.0,0.0,0.0,0.0,0.02777,0.0,0.0,0.0,0.0,0.0,0.0,0.0,0.0,0.0,0.0,0.00938,0.0,0.0,0.0,0.0,0.0,0.0,0.0,0.00071,0.0,0.0,0.05324,0.06669,0.0,0.0,0.0,0.0,0.0,0.0,0.0,0.16468,0.0,0.0,0.13107,0.0,0.0,0.0,0.0,0.0,0.0,0.0,0.0,0.01574,0.0,0.85379,2.7705,4.1545,5.0,5.0,5.0,0,0.0,0.85379
699,0.0,0.0,0.0,0.0,0.0,0.0,0.0,0.0,0.0,0.0,0.0,0.0,0.0,0.0,0.0,0.0,0.0,0.0,0.0,0.0,0.0,0.0,0.0,0.0,0.0,0.0,0.0,0.0,0.0,0.0,0.0,0.0,0.0,0.0,0.0,0.0,0.0,0.0,0.0,0.0,0.0,0.0,0.0,0.0,0.0,0.0,0.0,0.0,0.0,0.0,0.0,0.0,0.0,0.0,0.0,0.0,0.0,0.0,0.0,0.0,0.0,0.0,0.0,0.0,0.0,0.0,0.0,0.00454,0.03933,0.0,0.0,0.0,0.0,0.0,0.0,0.0,0.0,0.0,0.0,0.0046,0.0,0.0,0.0,0.0,0.0,0.0,0.0,0.0,0.0,0.0,0.07571,0.04068,0.0,0.0,0.0,0.0,0.0,0.0,0.0,0.0,0.0,0.0,0.12506,0.0,0.0,0.0,0.0,0.0,0.0,0.0,0.0,0.0,0.0,0.85379,2.828,4.3925,5.0,5.0,5.0,0,0.0,0.85379
700,0.0,0.0,0.0,0.0,0.0,0.0,0.0,0.0,0.0,0.0,0.0,0.0,0.0,0.0,0.0,0.0,0.0,0.0,0.0,0.0,0.0,0.0,0.0,0.0,0.0,0.0,0.0,0.0,0.0,0.0,0.0,0.0,0.0,0.0,0.0,0.0,0.0,0.0,0.0,0.0,0.0,0.0,0.0,0.0,0.0,0.0,0.0,0.0,0.0,0.0,0.0,0.0,0.0,0.0,0.0,0.0,0.0,0.0,0.0,0.0,0.0,0.0,0.0,0.0,0.0,0.0,0.0,0.08679,0.00519,0.0,0.0,0.0,0.0,0.0,0.0,0.0,0.0,0.0,0.00106,0.02919,0.0,0.0,0.0,0.0,0.0,0.0,0.0,0.0,0.0,0.0,0.14151,0.0,0.0,0.0,0.0,0.0,0.0,0.0,0.0,0.0,0.0,0.02276,0.12123,0.0,0.0,0.0,0.0,0.0,0.0,0.0,0.0,0.0,0.0,0.85379,3.1395,5.0,5.0,5.0,5.0,0,0.0,0.85379
701,0.0,0.0,0.0,0.0,0.0,0.0,0.0,0.0,0.0,0.0,0.0,0.0,0.0,0.0,0.0,0.0,0.0,0.0,0.0,0.0,0.0,0.0,0.0,0.0,0.0,0.0,0.0,0.0,0.0,0.0,0.0,0.0,0.0,0.0,0.0,0.0,0.0,0.0,0.0,0.0,0.0,0.0,0.0,0.0,0.0,0.0,0.0,0.0,0.0,0.0,0.0,0.0,0.0,0.0,0.0,0.0,0.0,0.0,0.0,0.0,0.0,0.0,0.0,0.0,0.0,0.0,0.0,0.06014,0.0,0.0,0.0,0.0,0.0,0.0,0.0,0.0,0.0,0.0,0.02529,0.00991,0.0,0.0,0.0,0.0,0.0,0.0,0.0,0.0,0.0,0.0,0.15478,0.0,0.0,0.0,0.0,0.0,0.0,0.0,0.0,0.0,0.0,0.07453,0.0645,0.0,0.0,0.0,0.0,0.0,0.0,0.0,0.0,0.0,0.0,0.85379,3.8685,5.0,5.0,5.0,5.0,0,0.0,0.85379
702,0.0,0.0,0.0,0.0,0.0,0.0,0.0,0.0,0.0,0.0,0.0,0.0,0.0,0.0,0.0,0.0,0.0,0.0,0.0,0.0,0.0,0.0,0.0,0.0,0.0,0.0,0.0,0.0,0.0,0.0,0.0,0.0,0.0,0.0,0.0,0.0,0.0,0.0,0.0,0.0,0.0,0.0,0.0,0.0,0.0,0.0,0.0,0.0,0.0,0.0,0.0,0.0,0.0,0.0,0.0,0.0,0.0,0.0,0.0,0.0,0.0,0.0,0.0,0.0,0.0,0.0,0.0,0.04688,0.0,0.0,0.0,0.0,0.0,0.0,0.0,0.0,0.0,0.0,0.08278,0.04422,0.0,0.0,0.0,0.0,0.0,0.0,0.0,0.0,0.0,0.00902,0.15884,0.0,0.0,0.0,0.0,0.0,0.0,0.0,0.0,0.0,0.0,0.13821,0.00596,0.0,0.0,0.0,0.0,0.0,0.0,0.0,0.0,0.0,0.0,0.85379,4.0435,5.0,5.0,5.0,5.0,0,0.0,0.866436
703,0.0,0.0,0.0,0.0,0.0,0.0,0.0,0.0,0.0,0.0,0.0,0.0,0.0,0.0,0.0,0.0,0.0,0.0,0.0,0.0,0.0,0.0,0.0,0.0,0.0,0.0,0.0,0.0,0.0,0.0,0.0,0.0,0.0,0.0,0.0,0.0,0.0,0.0,0.0,0.0,0.0,0.0,0.0,0.0,0.0,0.0,0.0,0.0,0.0,0.0,0.0,0.0,0.0,0.0,0.0,0.0,0.0,0.0,0.0,0.0,0.0,0.0,0.0,0.0,0.0,0.0,0.0,0.10879,0.0,0.0,0.0,0.0,0.0,0.0,0.0,0.0,0.0,0.0,0.10613,0.02724,0.0,0.0,0.0,0.0,0.0,0.0,0.0,0.0,0.0,0.04558,0.13874,0.0,0.0,0.0,0.0,0.0,0.0,0.0,0.0,0.0,0.0,0.15018,0.0,0.0,0.0,0.0,0.0,0.0,0.0,0.0,0.0,0.0,0.0,0.85379,4.0775,5.0,5.0,5.0,5.0,0,0.0,0.879082
704,0.0,0.0,0.0,0.0,0.0,0.0,0.0,0.0,0.0,0.0,0.0,0.0,0.0,0.0,0.0,0.0,0.0,0.0,0.0,0.0,0.0,0.0,0.0,0.0,0.0,0.0,0.0,0.0,0.0,0.0,0.0,0.0,0.0,0.0,0.0,0.0,0.0,0.0,0.0,0.0,0.0,0.0,0.0,0.0,0.0,0.0,0.0,0.0,0.0,0.0,0.0,0.0,0.0,0.0,0.0,0.0,0.0,0.0,0.0,0.0,0.0,0.0,0.0,0.0,0.0,0.0,0.0467,0.08349,0.0,0.0,0.0,0.0,0.0,0.0,0.0,0.0,0.0,0.0,0.15601,0.0,0.0,0.0,0.0,0.0,0.0,0.0,0.0,0.0,0.0,0.15236,0.03037,0.0,0.0,0.0,0.0,0.0,0.0,0.0,0.0,0.0,0.04923,0.12854,0.0,0.0,0.0,0.0,0.0,0.0,0.0,0.0,0.0,0.0,0.0,0.85379,4.5665,5.0,5.0,5.0,5.0,0,0.0,0.891728
705,0.0,0.0,0.0,0.0,0.0,0.0,0.0,0.0,0.0,0.0,0.0,0.0,0.0,0.0,0.0,0.0,0.0,0.0,0.0,0.0,0.0,0.0,0.0,0.0,0.0,0.0,0.0,0.0,0.0,0.0,0.0,0.0,0.0,0.0,0.0,0.0,0.0,0.0,0.0,0.0,0.0,0.0,0.0,0.0,0.0,0.0,0.0,0.0,0.0,0.0,0.0,0.0,0.0,0.0,0.0,0.0,0.0,0.0,0.0,0.0,0.0,0.0,0.0,0.0,0.0,0.0,0.0934,0.04953,0.0,0.0,0.0,0.0,0.0,0.0,0.0,0.0,0.0,0.02353,0.1661,0.0,0.0,0.0,0.0,0.0,0.0,0.0,0.0,0.0,0.0,0.20849,0.00024,0.0,0.0,0.0,0.0,0.0,0.0,0.0,0.0,0.0,0.12388,0.06733,0.0,0.0,0.0,0.0,0.0,0.0,0.0,0.0,0.0,0.0,0.0,0.91702,4.6915,5.0,5.0,5.0,5.0,0,0.0,0.904374
706,0.0,0.0,0.0,0.0,0.0,0.0,0.0,0.0,0.0,0.0,0.0,0.0,0.0,0.0,0.0,0.0,0.0,0.0,0.0,0.0,0.0,0.0,0.0,0.0,0.0,0.0,0.0,0.0,0.0,0.0,0.0,0.0,0.0,0.0,0.0,0.0,0.0,0.0,0.0,0.0,0.0,0.0,0.0,0.0,0.0,0.0,0.0,0.0,0.0,0.0,0.0,0.0,0.0,0.0,0.0,0.0,0.0,0.0,0.0,0.0,0.0,0.0,0.0,0.0,0.0,0.0,0.11887,0.03962,0.0,0.0,0.0,0.0,0.0,0.0,0.0,0.0,0.0,0.06686,0.13974,0.0,0.0,0.0,0.0,0.0,0.0,0.0,0.0,0.0,0.00206,0.20065,0.0,0.0,0.0,0.0,0.0,0.0,0.0,0.0,0.0,0.0,0.1704,0.01551,0.0,0.0,0.0,0.0,0.0,0.0,0.0,0.0,0.0,0.0,0.0,0.91702,4.6825,5.0,5.0,5.0,5.0,0,-0.133762,0.91702
707,0.0,0.0,0.0,0.0,0.0,0.0,0.0,0.0,0.0,0.0,0.0,0.0,0.0,0.0,0.0,0.0,0.0,0.0,0.0,0.0,0.0,0.0,0.0,0.0,0.0,0.0,0.0,0.0,0.0,0.0,0.0,0.0,0.0,0.0,0.0,0.0,0.0,0.0,0.0,0.0,0.0,0.0,0.0,0.0,0.0,0.0,0.0,0.0,0.0,0.0,0.0,0.0,0.0,0.0,0.0,0.0,0.0,0.0,0.0,0.0,0.0,0.0,0.0,0.0,0.0,0.0,0.16857,0.00566,0.0,0.0,0.0,0.0,0.0,0.0,0.0,0.0,0.0,0.1145,0.08909,0.0,0.0,0.0,0.0,0.0,0.0,0.0,0.0,0.0,0.05295,0.16586,0.0,0.0,0.0,0.0,0.0,0.0,0.0,0.0,0.0,0.0,0.1806,0.0,0.0,0.0,0.0,0.0,0.0,0.0,0.0,0.0,0.0,0.0,0.0,0.91702,4.8145,5.0,5.0,5.0,5.0,0,-0.27463800000000005,0.91702
708,0.0,0.0,0.0,0.0,0.0,0.0,0.0,0.0,0.0,0.0,0.0,0.0,0.0,0.0,0.0,0.0,0.0,0.0,0.0,0.0,0.0,0.0,0.0,0.0,0.0,0.0,0.0,0.0,0.0,0.0,0.0,0.0,0.0,0.0,0.0,0.0,0.0,0.0,0.0,0.0,0.0,0.0,0.0,0.0,0.0,0.0,0.0,0.0,0.0,0.0,0.0,0.0,0.0,0.0,0.00088,0.0,0.0,0.0,0.0,0.0,0.0,0.0,0.0,0.0,0.0,0.0,0.18007,0.0,0.0,0.0,0.0,0.0,0.0,0.0,0.0,0.0,0.0,0.17871,0.03638,0.0,0.0,0.0,0.0,0.0,0.0,0.0,0.0,0.0,0.13597,0.09027,0.0,0.0,0.0,0.0,0.0,0.0,0.0,0.0,0.0,0.0,0.13196,0.0,0.0,0.0,0.0,0.0,0.0,0.0,0.0,0.0,0.0,0.0,0.0,0.91702,4.6665,5.0,5.0,5.0,5.0,0,-0.27463800000000005,0.9154399999999999
709,0.0,0.0,0.0,0.0,0.0,0.0,0.0,0.0,0.0,0.0,0.0,0.0,0.0,0.0,0.0,0.0,0.0,0.0,0.0,0.0,0.0,0.0,0.0,0.0,0.0,0.0,0.0,0.0,0.0,0.0,0.0,0.0,0.0,0.0,0.0,0.0,0.0,0.0,0.0,0.0,0.0,0.0,0.0,0.0,0.0,0.0,0.0,0.0,0.0,0.0,0.0,0.0,0.0,0.0,0.0,0.0,0.0,0.0,0.0,0.0,0.0,0.0,0.0,0.0,0.0,0.04452,0.10743,0.0,0.0,0.0,0.0,0.00212,0.00088,0.0,0.0,0.0,0.00637,0.21545,0.0,0.0,0.0,0.0,0.0,0.0,0.0,0.0,0.0,0.0,0.21969,0.00902,0.0,0.0,0.0,0.0,0.0,0.0,0.0,0.0,0.0,0.0,0.03149,0.0,0.0,0.0,0.0,0.0,0.0,0.0,0.0,0.0,0.0,0.0,-0.66881,0.91702,5.0,5.0,5.0,5.0,5.0,0,-0.25045,0.91386
710,0.0,0.0,0.0,0.0,0.0,0.0,0.0,0.0,0.0,0.0,0.0,0.0,0.0,0.0,0.0,0.0,0.0,0.0,0.0,0.0,0.0,0.0,0.0,0.0,0.0,0.0,0.0,0.0,0.0,0.0,0.0,0.0,0.0,0.0,0.0,0.0,0.0,0.0,0.0,0.0,0.0,0.0,0.0,0.0,0.0,0.0,0.0,0.0,0.0,0.0,0.0,0.0,0.0,0.0,0.00159,0.0,0.0,0.0,0.0,0.0,0.0,0.0,0.0,0.0,0.0,0.0,0.17759,0.0,0.0,0.0,0.0,0.0,0.02282,0.03662,0.0,0.0,0.0,0.18443,0.04127,0.0,0.0,0.0,0.0,0.0,0.0,0.0,0.0,0.0,0.13432,0.09351,0.0,0.0,0.0,0.0,0.0,0.0,0.0,0.0,0.0,0.0,0.11675,0.0,0.0,0.0,0.0,0.0,0.0,0.0,0.0,0.0,0.0,0.0,-0.70438,0.91702,4.943,5.0,5.0,5.0,5.0,0,-0.25045,0.91386
711,0.0,0.0,0.0,0.0,0.0,0.0,0.0,0.0,0.0,0.0,0.0,0.0,0.0,0.0,0.0,0.0,0.0,0.0,0.0,0.0,0.0,0.0,0.0,0.0,0.0,0.0,0.0,0.0,0.0,0.0,0.0,0.0,0.0,0.0,0.0,0.0,0.0,0.0,0.0,0.0,0.0,0.0,0.0,0.0,0.0,0.0,0.0,0.0,0.0,0.0,0.0,0.0,0.0,0.0,0.0,0.00012,0.01297,0.0,0.0,0.0,0.0,0.0,0.0,0.0,0.0,0.0,0.0,0.19015,0.01574,0.0,0.0,0.0,0.0,0.04599,0.0,0.0,0.0,0.0,0.15283,0.07199,0.0,0.0,0.0,0.0,0.0,0.05666,0.13915,0.12895,0.0,0.10519,0.12742,0.0,0.0,0.0,0.0,0.0,0.0,0.0,0.0,0.0,0.05501,0.16291,0.0,0.0,0.0,0.0,0.0,0.0,0.0,0.0,0.0,0.0,0.0,0.90912,3.617,5.0,5.0,5.0,5.0,0,-0.11668799999999999,0.9012140000000001
712,0.0,0.0,0.0,0.0,0.0,0.0,0.0,0.0,0.0,0.0,0.0,0.0,0.0,0.0,0.0,0.0,0.0,0.0,0.0,0.0,0.0,0.0,0.0,0.0,0.0,0.0,0.0,0.0,0.0,0.0,0.0,0.0,0.0,0.0,0.0,0.0,0.0,0.0,0.0,0.0,0.0,0.0,0.0,0.0,0.0,0.0,0.0,0.0,0.0,0.0,0.0,0.0,0.0,0.0,0.0,0.0,0.0033,0.07807,0.0,0.0,0.0,0.0,0.0,0.0,0.00088,0.00018,0.0,0.0,0.21091,0.01462,0.0,0.0,0.0,0.06309,0.00501,0.0,0.0,0.0,0.0,0.15472,0.07117,0.0,0.0,0.0,0.0,0.00189,0.14021,0.10183,0.0,0.0,0.10224,0.1309,0.0,0.0,0.0,0.0,0.0,0.0,0.0,0.049,0.0,0.04045,0.17978,0.0,0.0,0.0,0.0,0.0,0.0,0.0,0.0,0.0,0.12094,0.90912,3.554,5.0,5.0,5.0,5.0,0,0.091064,0.8743400000000001
713,0.0,0.0,0.0,0.0,0.0,0.0,0.0,0.0,0.0,0.0,0.0,0.0,0.0,0.0,0.0,0.0,0.0,0.0,0.0,0.0,0.0,0.0,0.0,0.0,0.0,0.0,0.0,0.0,0.0,0.0,0.0,0.0,0.0,0.0,0.0,0.0,0.0,0.0,0.0,0.0,0.0,0.0,0.0,0.0,0.0,0.0,0.0,0.0,0.0,0.0,0.0,0.0,0.0,0.00159,0.0,0.0,0.0,0.03803,0.0,0.0,0.0,0.0,0.0,0.0,0.0,0.00584,0.0,0.0,0.12052,0.1036,0.0,0.0,0.0,0.0,0.0,0.0,0.0,0.0,0.0,0.04068,0.18131,0.0,0.0,0.0,0.0,0.0,0.10967,0.08986,0.0,0.0,0.0,0.23066,0.0,0.0,0.0,0.0,0.0,0.0,0.0,0.09446,0.0,0.0,0.17211,0.04705,0.0,0.0,0.0,0.0,0.0,0.0,0.0,0.0,0.0,0.91702,3.3285,5.0,5.0,5.0,5.0,0,0.091064,0.8458840000000001
714,0.0,0.0,0.0,0.0,0.0,0.0,0.0,0.0,0.0,0.0,0.0,0.0,0.0,0.0,0.0,0.0,0.0,0.0,0.0,0.0,0.0,0.0,0.0,0.0,0.0,0.0,0.0,0.0,0.0,0.0,0.0,0.0,0.0,0.0,0.0,0.0,0.0,0.0,0.0,0.0,0.0,0.0,0.0,0.0,0.0,0.0,0.0,0.0,0.0,0.0,0.0,0.0,0.0,0.0,0.0,0.0,0.0,0.05448,0.0,0.0,0.0,0.0,0.0,0.0,0.01952,0.00525,0.0,0.0,0.08249,0.13225,0.0,0.0,0.0,0.09452,0.07317,0.0,0.0,0.0,0.0,0.00342,0.21804,0.0,0.0,0.0,0.0,0.0,0.14463,0.08956,0.0,0.0,0.0,0.20466,0.01733,0.0,0.0,0.0,0.0,0.0,0.0,0.11356,0.0,0.0,0.09145,0.11904,0.0,0.0,0.0,0.0,0.0,0.0,0.0,0.0,0.0,0.85379,3.0815,5.0,5.0,5.0,5.0,0,0.066876,0.8205899999999999
715,0.0,0.0,0.0,0.0,0.0,0.0,0.0,0.0,0.0,0.0,0.0,0.0,0.0,0.0,0.0,0.0,0.0,0.0,0.0,0.0,0.0,0.0,0.0,0.0,0.0,0.0,0.0,0.0,0.0,0.0,0.0,0.0,0.0,0.0,0.0,0.0,0.0,0.0,0.0,0.0,0.0,0.0,0.0,0.0,0.0,0.0,0.0,0.0,0.0,0.0,0.0,0.0,0.0,0.0,0.0,0.0,0.0,0.0191,0.0,0.0,0.0,0.0,0.0,0.0,0.04458,0.00106,0.0,0.0,0.03449,0.16787,0.0,0.0,0.0,0.09941,0.07801,0.0,0.0,0.0,0.0,0.0,0.19369,0.0,0.0,0.0,0.0,0.0,0.14534,0.08019,0.0,0.0,0.0,0.11279,0.08178,0.0,0.0,0.0,0.0,0.0,0.0,0.14116,0.0,0.0,0.00531,0.18785,0.0,0.0,0.0,0.0,0.0,0.0,0.0,0.0,0.33438,0.78265,2.6795,4.9975,5.0,5.0,5.0,0,0.066876,0.807944
716,0.0,0.0,0.0,0.0,0.0,0.0,0.0,0.0,0.0,0.0,0.0,0.0,0.0,0.0,0.0,0.0,0.0,0.0,0.0,0.0,0.0,0.0,0.0,0.0,0.0,0.0,0.0,0.0,0.0,0.0,0.0,0.0,0.0,0.0,0.0,0.0,0.0,0.0,0.0,0.0,0.0,0.0,0.0,0.0,0.0,0.0,0.0,0.0,0.0,0.0,0.0,0.0,0.0,0.0,0.0,0.0,0.0,0.00884,0.0,0.0,0.0,0.0,0.0,0.0,0.01114,0.0,0.0,0.0,0.1092,0.07193,0.0,0.0,0.0,0.15767,0.02294,0.0,0.0,0.0,0.0,0.0,0.13567,0.0,0.0,0.0,0.0,0.0,0.21002,0.01374,0.0,0.0,0.0,0.13202,0.01038,0.0,0.0,0.0,0.0,0.0,0.00324,0.21468,0.0,0.0,0.01415,0.11427,0.0,0.0,0.0,0.0,0.0,0.0,0.0,0.0,0.0,0.76684,2.9165,4.9885,5.0,5.0,5.0,0,0.066876,0.8174279999999999
717,0.0,0.0,0.0,0.0,0.0,0.0,0.0,0.0,0.0,0.0,0.0,0.0,0.0,0.0,0.0,0.0,0.0,0.0,0.0,0.0,0.0,0.0,0.0,0.0,0.0,0.0,0.0,0.0,0.0,0.0,0.0,0.0,0.0,0.0,0.0,0.0,0.0,0.0,0.0,0.0,0.0,0.0,0.0,0.0,0.0,0.0,0.0,0.0,0.0,0.0,0.0,0.0,0.0,0.0,0.0,0.0,0.0,0.01716,0.0,0.0,0.0,0.0,0.0,0.0,0.0145,0.0,0.0,0.0,0.14923,0.02659,0.0,0.0,0.0,0.19976,0.00436,0.0,0.0,0.0,0.0,0.0158,0.10731,0.0,0.0,0.0,0.0,0.00908,0.21899,0.00153,0.0,0.0,0.0,0.08314,0.0,0.0,0.0,0.0,0.0,0.0,0.01698,0.22058,0.0,0.0,0.03785,0.09251,0.0,0.0,0.0,0.0,0.0,0.0,0.0,0.00584,0.0,0.78265,2.8645,5.0,5.0,5.0,5.0,0,0.0,0.8474640000000001
718,0.0,0.0,0.0,0.0,0.0,0.0,0.0,0.0,0.0,0.0,0.0,0.0,0.0,0.0,0.0,0.0,0.0,0.0,0.0,0.0,0.0,0.0,0.0,0.0,0.0,0.0,0.0,0.0,0.0,0.0,0.0,0.0,0.0,0.0,0.0,0.0,0.0,0.0,0.0,0.0,0.0,0.0,0.0,0.0,0.0,0.0,0.0,0.0,0.0,0.0,0.0,0.0,0.0,0.0,0.0,0.0,0.00012,0.00165,0.0,0.0,0.0,0.0,0.0,0.0,0.0,0.0,0.0,0.0,0.13956,0.00708,0.0,0.0,0.0,0.16167,0.0,0.0,0.0,0.0,0.0,0.0237,0.075,0.0,0.0,0.0,0.0,0.02512,0.2089,0.0,0.0,0.0,0.0,0.07005,0.0,0.0,0.0,0.0,0.0,0.0,0.03208,0.20601,0.0,0.0,0.04546,0.05767,0.0,0.0,0.0,0.0,0.0,0.0,0.0,0.0184,0.0,0.85379,2.8025,4.9435,5.0,5.0,5.0,0,0.0,0.8806620000000001
719,0.0,0.0,0.0,0.0,0.0,0.0,0.0,0.0,0.0,0.0,0.0,0.0,0.0,0.0,0.0,0.0,0.0,0.0,0.0,0.0,0.0,0.0,0.0,0.0,0.0,0.0,0.0,0.0,0.0,0.0,0.0,0.0,0.0,0.0,0.0,0.0,0.0,0.0,0.0,0.0,0.0,0.0,0.0,0.0,0.0,0.0,0.0,0.0,0.0,0.0,0.0,0.0,0.0,0.0,0.0,0.0,0.0,0.00018,0.0,0.0,0.0,0.0,0.0,0.0,0.00725,0.0,0.0,0.0,0.13567,0.00088,0.0,0.0,0.0,0.1684,0.0,0.0,0.0,0.0,0.0,0.01486,0.05324,0.0,0.0,0.0,0.0,0.03119,0.19912,0.0,0.0,0.0,0.0,0.04882,0.0,0.0,0.0,0.0,0.0,0.0,0.04222,0.20224,0.0,0.0,0.05961,0.06509,0.0,0.0,0.0,0.0,0.0,0.0,0.0,0.02636,0.0,0.90121,2.6435,5.0,5.0,5.0,5.0,0,0.0,0.910698
720,0.0,0.0,0.0,0.0,0.0,0.0,0.0,0.0,0.0,0.0,0.0,0.0,0.0,0.0,0.0,0.0,0.0,0.0,0.0,0.0,0.0,0.0,0.0,0.0,0.0,0.0,0.0,0.0,0.0,0.0,0.0,0.0,0.0,0.0,0.0,0.0,0.0,0.0,0.0,0.0,0.0,0.0,0.0,0.0,0.0,0.0,0.0,0.0,0.0,0.0,0.0,0.0,0.0,0.0,0.0,0.0,0.00071,0.0,0.0,0.0,0.0,0.0,0.0,0.0,0.0,0.0,0.0,0.0,0.16468,0.0,0.0,0.0,0.0,0.101,0.0,0.0,0.0,0.0,0.0,0.01822,0.05483,0.0,0.0,0.0,0.0,0.04858,0.18331,0.0,0.0,0.0,0.0,0.0865,0.0,0.0,0.0,0.0,0.0,0.0,0.05696,0.18662,0.0,0.0,0.01079,0.05767,0.0,0.0,0.0,0.0,0.0,0.0,0.0,0.04263,0.0,0.93283,2.9345,5.0,5.0,5.0,5.0,0,0.0,0.926506
721,0.0,0.0,0.0,0.0,0.0,0.0,0.0,0.0,0.0,0.0,0.0,0.0,0.0,0.0,0.0,0.0,0.0,0.0,0.0,0.0,0.0,0.0,0.0,0.0,0.0,0.0,0.0,0.0,0.0,0.0,0.0,0.0,0.0,0.0,0.0,0.0,0.0,0.0,0.0,0.0,0.0,0.0,0.0,0.0,0.0,0.0,0.0,0.0,0.0,0.0,0.0,0.0,0.0,0.0,0.0,0.0,0.00071,0.0,0.0,0.0,0.0,0.0,0.0,0.0,0.0,0.0,0.0,0.0,0.16645,0.0,0.0,0.0,0.0375,0.15371,0.0,0.0,0.0,0.0,0.0,0.03774,0.04805,0.0,0.0,0.0,0.0,0.07706,0.15731,0.0,0.0,0.0,0.0,0.06987,0.0,0.0,0.0,0.0,0.0,0.0,0.0786,0.15914,0.0,0.0,0.02777,0.04175,0.0,0.0,0.0,0.0,0.0,0.0,0.0,0.07358,0.0,0.93283,2.9985,5.0,5.0,5.0,5.0,0,0.0,0.928088
722,0.0,0.0,0.0,0.0,0.0,0.0,0.0,0.0,0.0,0.0,0.0,0.0,0.0,0.0,0.0,0.0,0.0,0.0,0.0,0.0,0.0,0.0,0.0,0.0,0.0,0.0,0.0,0.0,0.0,0.0,0.0,0.0,0.0,0.0,0.0,0.0,0.0,0.0,0.0,0.0,0.0,0.0,0.0,0.0,0.0,0.0,0.0,0.0,0.0,0.0,0.0,0.0,0.0,0.0,0.0,0.0,0.0207,0.0,0.0,0.0,0.0,0.0,0.0,0.0,0.0,0.0,0.0,0.0,0.17653,0.0,0.0,0.0,0.05041,0.12948,0.0,0.0,0.0,0.0,0.0,0.03267,0.00996,0.0,0.0,0.0,0.0,0.09994,0.13196,0.0,0.0,0.0,0.0,0.01079,0.0,0.0,0.0,0.0,0.0,0.0,0.09929,0.1457,0.0,0.0,0.0046,0.0,0.0,0.0,0.0,0.0,0.0,0.0,0.0,0.09216,0.0,0.93283,3.1705,5.0,5.0,5.0,5.0,0,0.0,0.909118
723,0.0,0.0,0.0,0.0,0.0,0.0,0.0,0.0,0.0,0.0,0.0,0.0,0.0,0.0,0.0,0.0,0.0,0.0,0.0,0.0,0.0,0.0,0.0,0.0,0.0,0.0,0.0,0.0,0.0,0.0,0.0,0.0,0.0,0.0,0.0,0.0,0.0,0.0,0.0,0.0,0.0,0.0,0.0,0.0,0.0,0.0,0.0,0.0,0.0,0.0,0.0,0.0,0.0,0.0,0.0,0.0,0.02441,0.0,0.0,0.0,0.0,0.0,0.0,0.0,0.0,0.0,0.0,0.04652,0.15035,0.0,0.0,0.0,0.13107,0.07217,0.0,0.0,0.0,0.0,0.0,0.14363,0.0,0.0,0.0,0.0,0.0,0.15189,0.07329,0.0,0.0,0.0,0.03467,0.08667,0.0,0.0,0.0,0.0,0.0,0.0,0.15501,0.08343,0.0,0.0,0.09269,0.0,0.0,0.0,0.0,0.0,0.0,0.0,0.0,0.14328,0.0,0.93283,2.8945,4.9335,5.0,5.0,5.0,0,0.0,0.879082
724,0.0,0.0,0.0,0.0,0.0,0.0,0.0,0.0,0.0,0.0,0.0,0.0,0.0,0.0,0.0,0.0,0.0,0.0,0.0,0.0,0.0,0.0,0.0,0.0,0.0,0.0,0.0,0.0,0.0,0.0,0.0,0.0,0.0,0.0,0.0,0.0,0.0,0.0,0.0,0.0,0.0,0.0,0.0,0.0,0.0,0.0,0.0,0.0,0.0,0.0,0.0,0.0,0.0,0.0,0.0,0.0,0.01663,0.0,0.0,0.0,0.0,0.0,0.0,0.0,0.0,0.0,0.0,0.12341,0.07683,0.0,0.0,0.0,0.14328,0.0191,0.0,0.0,0.0,0.0,0.00124,0.17636,0.0,0.0,0.0,0.0,0.0,0.20985,0.02134,0.0,0.0,0.0,0.11515,0.00831,0.0,0.0,0.0,0.0,0.0,0.00041,0.21462,0.02341,0.0,0.00147,0.12199,0.0,0.0,0.0,0.0,0.0,0.0,0.0,0.00029,0.19269,0.0,0.90912,3.5695,5.0,5.0,5.0,5.0,0,0.0,0.815842
725,0.0,0.0,0.0,0.0,0.0,0.0,0.0,0.0,0.0,0.0,0.0,0.0,0.0,0.0,0.0,0.0,0.0,0.0,0.0,0.0,0.0,0.0,0.0,0.0,0.0,0.0,0.0,0.0,0.0,0.0,0.0,0.0,0.0,0.0,0.0,0.0,0.0,0.0,0.0,0.0,0.0,0.0,0.0,0.0,0.0,0.0,0.0,0.0,0.0,0.0,0.0,0.0,0.0,0.0,0.0,0.0,0.00513,0.0,0.0,0.0,0.01097,0.0,0.0,0.0,0.0,0.0,0.0,0.15413,0.05831,0.0,0.0,0.00371,0.20767,0.0,0.0,0.0,0.0,0.0,0.13726,0.06792,0.0,0.0,0.0,0.0,0.09764,0.12559,0.0,0.0,0.0,0.00584,0.18025,0.0,0.0,0.0,0.0,0.0,0.0,0.09923,0.14204,0.0,0.0,0.12034,0.01002,0.0,0.0,0.0,0.0,0.0,0.0,0.0,0.10024,0.14298,0.0,0.83798,3.4965,5.0,5.0,5.0,5.0,0,0.0,0.8078869333333334
726,0.0,0.0,0.0,0.0,0.0,0.0,0.0,0.0,0.0,0.0,0.0,0.0,0.0,0.0,0.0,0.0,0.0,0.0,0.0,0.0,0.0,0.0,0.0,0.0,0.0,0.0,0.0,0.0,0.0,0.0,0.0,0.0,0.0,0.0,0.0,0.0,0.0,0.0,0.0,0.0,0.0,0.0,0.0,0.0,0.0,0.0,0.0,0.0,0.0,0.0,0.0,0.0,0.0,0.0,0.0,0.0,0.00495,0.0,0.0,0.0,0.0,0.0,0.0,0.0,0.0,0.0,0.00106,0.17417,0.05295,0.0,0.0,0.03526,0.09281,0.0,0.0,0.0,0.0,0.0,0.21456,0.01504,0.0,0.0,0.0,0.0,0.20554,0.02777,0.0,0.0,0.0,0.16002,0.05861,0.0,0.0,0.0,0.0,0.0,0.0,0.21716,0.0273,0.0,0.01592,0.13833,0.0,0.0,0.0,0.0,0.0,0.0,0.0,0.00012,0.21297,0.02801,0.0,0.78265,4.1075,5.0,5.0,5.0,5.0,0,-0.112416,0.8073301333333334
727,0.0,0.0,0.0,0.0,0.0,0.0,0.0,0.0,0.0,0.0,0.0,0.0,0.0,0.0,0.0,0.0,0.0,0.0,0.0,0.0,0.0,0.0,0.0,0.0,0.0,0.0,0.0,0.0,0.0,0.0,0.0,0.0,0.0,0.0,0.0,0.0,0.0,0.0,0.0,0.0,0.0,0.0,0.0,0.0,0.0,0.0,0.0,0.0,0.0,0.0,0.0,0.0,0.0,0.0,0.0,0.0,0.00035,0.0,0.0,0.0,0.0,0.0,0.0,0.0,0.0,0.0,0.00389,0.17258,0.0411,0.0,0.0,0.00024,0.00967,0.0,0.0,0.0,0.0,0.00713,0.22246,0.00619,0.0,0.0,0.0,0.00029,0.21887,0.0,0.0,0.0,0.0,0.22683,0.00843,0.0,0.0,0.0,0.0,0.0,0.04528,0.1875,0.0,0.0,0.13797,0.06368,0.0,0.0,0.0,0.0,0.0,0.0,0.0,0.06144,0.17506,0.0,0.0,0.61663,4.1605,5.0,5.0,5.0,5.0,0,-0.223408,0.8215581333333335
728,0.0,0.0,0.0,0.0,0.0,0.0,0.0,0.0,0.0,0.0,0.0,0.0,0.0,0.0,0.0,0.0,0.0,0.0,0.0,0.0,0.0,0.0,0.0,0.0,0.0,0.0,0.0,0.0,0.0,0.0,0.0,0.0,0.0,0.0,0.0,0.0,0.0,0.0,0.0,0.0,0.0,0.0,0.0,0.0,0.0,0.0,0.0,0.0,0.0,0.0,0.0,0.0,0.0,0.0,0.0,0.0,0.0,0.0,0.0,0.0,0.0,0.0,0.0,0.0,0.0,0.0,0.00831,0.18042,0.02406,0.0,0.0,0.0,0.00018,0.0,0.0,0.0,0.0,0.02588,0.20265,0.00336,0.0,0.0,0.0,0.00029,0.15943,0.0,0.0,0.0,0.00855,0.22706,0.0,0.0,0.0,0.0,0.0,0.0,0.09039,0.13779,0.0,0.0,0.20684,0.00737,0.0,0.0,0.0,0.0,0.0,0.0,0.0,0.12453,0.10613,0.0,0.0,0.5613,4.4635,5.0,5.0,5.0,5.0,0,-0.223408,0.8477709333333333
729,0.0,0.0,0.0,0.0,0.0,0.0,0.0,0.0,0.0,0.0,0.0,0.0,0.0,0.0,0.0,0.0,0.0,0.0,0.0,0.0,0.0,0.0,0.0,0.0,0.0,0.0,0.0,0.0,0.0,0.0,0.0,0.0,0.0,0.0,0.0,0.0,0.0,0.0,0.0,0.0,0.0,0.0,0.0,0.0,0.0,0.0,0.0,0.0,0.0,0.0,0.0,0.0,0.0,0.0,0.0,0.0,0.00265,0.0,0.0,0.0,0.0,0.0,0.0,0.0,0.0,0.0,0.00619,0.17476,0.03927,0.0,0.0,0.0,0.00495,0.0,0.0,0.0,0.0,0.02317,0.20607,0.00531,0.0,0.0,0.0,0.0,0.16716,0.0,0.0,0.0,0.00902,0.22842,0.00012,0.0,0.0,0.0,0.0,0.0,0.09481,0.13213,0.0,0.0,0.20643,0.00831,0.0,0.0,0.0,0.0,0.0,0.0,0.0,0.1293,0.09976,0.0,-0.56208,0.7036,5.0,5.0,5.0,5.0,5.0,0,-0.223408,0.8872969333333334
730,0.0,0.0,0.0,0.0,0.0,0.0,0.0,0.0,0.0,0.0,0.0,0.0,0.0,0.0,0.0,0.0,0.0,0.0,0.0,0.0,0.0,0.0,0.0,0.0,0.0,0.0,0.0,0.0,0.0,0.0,0.0,0.0,0.0,0.0,0.0,0.0,0.0,0.0,0.0,0.0,0.0,0.0,0.0,0.0,0.0,0.0,0.0,0.0,0.0,0.0,0.0,0.0,0.0,0.0,0.0,0.0,0.00778,0.0,0.0,0.0,0.0,0.0,0.0,0.0,0.0,0.0,0.00018,0.16757,0.06627,0.0,0.0,0.0,0.0,0.0,0.0,0.0,0.0,0.00643,0.21344,0.01804,0.0,0.0,0.0,0.0,0.1645,0.0,0.0,0.0,0.0,0.23019,0.00914,0.0,0.0,0.0,0.0,0.0,0.07111,0.15955,0.0,0.0,0.18284,0.04004,0.0,0.0,0.0,0.0,0.0,0.0,0.0,0.10525,0.12453,0.0,-0.55496,0.90912,5.0,5.0,5.0,5.0,5.0,0,-0.223408,0.8683780000000001
731,0.0,0.0,0.0,0.0,0.0,0.0,0.0,0.0,0.0,0.0,0.0,0.0,0.0,0.0,0.0,0.0,0.0,0.0,0.0,0.0,0.0,0.0,0.0,0.0,0.0,0.0,0.0,0.0,0.0,0.0,0.0,0.0,0.0,0.0,0.0,0.0,0.0,0.0,0.0,0.0,0.0,0.0,0.0,0.0,0.0,0.0,0.0,0.0,0.0,0.0,0.0,0.0,0.0,0.0,0.0,0.0,0.00495,0.0,0.0,0.0,0.0,0.0,0.0,0.0,0.0,0.0,0.0,0.14965,0.09605,0.0,0.0,0.0,0.0,0.0,0.0,0.0,0.0,0.0,0.19546,0.04139,0.0,0.0,0.0,0.0,0.16663,0.0,0.0,0.0,0.0,0.20519,0.03361,0.0,0.0,0.0,0.0,0.0,0.05926,0.17317,0.0,0.0,0.14923,0.06851,0.0,0.0,0.0,0.0,0.0,0.0,0.0,0.09287,0.14186,0.0,0.0,0.78265,5.0,5.0,5.0,5.0,5.0,0,-0.11099200000000001,0.8594488
732,0.0,0.0,0.0,0.0,0.0,0.0,0.0,0.0,0.0,0.0,0.0,0.0,0.0,0.0,0.0,0.0,0.0,0.0,0.0,0.0,0.0,0.0,0.0,0.0,0.0,0.0,0.0,0.0,0.0,0.0,0.0,0.0,0.0,0.0,0.0,0.0,0.0,0.0,0.0,0.0,0.0,0.0,0.0,0.0,0.0,0.0,0.0,0.0,0.0,0.0,0.0,0.0,0.0,0.0,0.0,0.0,0.0,0.0,0.0,0.0,0.0,0.0,0.0,0.0,0.0,0.0,0.0,0.10041,0.12494,0.0,0.0,0.0,0.0,0.0,0.0,0.0,0.0,0.0,0.14682,0.09463,0.0,0.0,0.0,0.0,0.13302,0.01238,0.0,0.0,0.0,0.15354,0.08968,0.0,0.0,0.0,0.0,0.0,0.00495,0.22129,0.0,0.0,0.09281,0.12671,0.0,0.0,0.0,0.0,0.0,0.0,0.0,0.0444,0.17671,0.0,0.0,0.81426,4.9435,5.0,5.0,5.0,5.0,0,0.0,0.8705148000000001
733,0.0,0.0,0.0,0.0,0.0,0.0,0.0,0.0,0.0,0.0,0.0,0.0,0.0,0.0,0.0,0.0,0.0,0.0,0.0,0.0,0.0,0.0,0.0,0.0,0.0,0.0,0.0,0.0,0.0,0.0,0.0,0.0,0.0,0.0,0.0,0.0,0.0,0.0,0.0,0.0,0.0,0.0,0.0,0.0,0.0,0.0,0.0,0.0,0.0,0.0,0.0,0.0,0.0,0.0,0.0,0.0,0.0,0.0,0.0,0.0,0.0,0.0,0.0,0.0,0.0,0.0,0.0,0.07677,0.16085,0.00206,0.0,0.0,0.0,0.0,0.0,0.0,0.0,0.0,0.11621,0.11816,0.0,0.0,0.0,0.0,0.0635,0.03662,0.0,0.0,0.0,0.12612,0.11586,0.0,0.0,0.0,0.0,0.0,0.0,0.23178,0.00029,0.0,0.0839,0.14676,0.0,0.0,0.0,0.0,0.0,0.0,0.0,0.02695,0.18532,0.0,0.0,0.79846,4.4995,5.0,5.0,5.0,5.0,0,0.0,0.8743380000000001
734,0.0,0.0,0.0,0.0,0.0,0.0,0.0,0.0,0.0,0.0,0.0,0.0,0.0,0.0,0.0,0.0,0.0,0.0,0.0,0.0,0.0,0.0,0.0,0.0,0.0,0.0,0.0,0.0,0.0,0.0,0.0,0.0,0.0,0.0,0.0,0.0,0.0,0.0,0.0,0.0,0.0,0.0,0.0,0.0,0.0,0.0,0.0,0.0,0.0,0.0,0.0,0.0,0.0,0.0,0.0,0.0,0.0,0.0,0.0,0.0,0.0,0.0,0.0,0.0,0.0,0.0,0.0,0.03443,0.16279,0.0,0.0,0.0,0.0,0.0,0.0,0.0,0.0,0.0,0.075,0.17211,0.0,0.0,0.0,0.0,0.0,0.06775,0.0,0.0,0.0,0.08066,0.15867,0.0,0.0,0.0,0.0,0.0,0.0,0.21209,0.01044,0.0,0.04912,0.18225,0.0,0.0,0.0,0.0,0.0,0.0,0.0,0.00702,0.20649,0.0,0.0,0.86169,4.7315,5.0,5.0,5.0,5.0,0,0.110982,0.89489
735,0.0,0.0,0.0,0.0,0.0,0.0,0.0,0.0,0.0,0.0,0.0,0.0,0.0,0.0,0.0,0.0,0.0,0.0,0.0,0.0,0.0,0.0,0.0,0.0,0.0,0.0,0.0,0.0,0.0,0.0,0.0,0.0,0.0,0.0,0.0,0.0,0.0,0.0,0.0,0.0,0.0,0.0,0.0,0.0,0.0,0.0,0.0,0.0,0.0,0.0,0.0,0.0,0.0,0.0,0.0,0.0,0.0,0.0,0.0,0.0,0.0,0.0,0.0,0.00106,0.0,0.0,0.0,0.00254,0.1783,0.0194,0.0,0.0,0.0,0.0,0.0,0.01185,0.0,0.0,0.02706,0.20348,0.01073,0.0,0.0,0.0,0.0,0.023,0.0,0.0,0.0,0.02895,0.21268,0.0,0.0,0.0,0.0,0.0,0.0,0.17123,0.04263,0.0,0.01179,0.22919,0.00012,0.0,0.0,0.0,0.0,0.0,0.0,0.0,0.2214,0.00094,0.0,0.96445,4.6825,5.0,5.0,5.0,5.0,0,0.271766,0.91386
736,0.0,0.0,0.0,0.0,0.0,0.0,0.0,0.0,0.0,0.0,0.0,0.0,0.0,0.0,0.0,0.0,0.0,0.0,0.0,0.0,0.0,0.0,0.0,0.0,0.0,0.0,0.0,0.0,0.0,0.0,0.0,0.0,0.0,0.0,0.0,0.0,0.0,0.0,0.0,0.0,0.0,0.0,0.0,0.0,0.0,0.0,0.0,0.0,0.0,0.0,0.0,0.0,0.0,0.0,0.0,0.0,0.0,0.0,0.0,0.0,0.0,0.0,0.0,0.0,0.0,0.0,0.0,0.0,0.11344,0.07636,0.0,0.0,0.0,0.0,0.0,0.0,0.0,0.0,0.0,0.16686,0.07812,0.0,0.0,0.0,0.0,0.0,0.00301,0.0,0.0,0.0,0.20112,0.04776,0.0,0.0,0.0,0.0,0.0,0.0,0.07978,0.0,0.0,0.19835,0.04575,0.0,0.0,0.0,0.0,0.0,0.0,0.0,0.14917,0.024,0.0,0.93283,4.5745,5.0,5.0,5.0,5.0,0,0.38417,0.9122800000000002
737,0.0,0.0,0.0,0.0,0.0,0.0,0.0,0.0,0.0,0.0,0.0,0.0,0.0,0.0,0.0,0.0,0.0,0.0,0.0,0.0,0.0,0.0,0.0,0.0,0.0,0.0,0.0,0.0,0.0,0.0,0.0,0.0,0.0,0.0,0.0,0.0,0.0,0.0,0.0,0.0,0.0,0.0,0.0,0.0,0.0,0.0,0.0,0.0,0.0,0.0,0.0,0.0,0.0,0.0,0.0,0.0,0.0,0.0,0.0,0.0,0.0,0.0,0.0,0.0,0.0,0.0,0.0,0.0,0.03638,0.09186,0.0,0.0,0.0,0.0,0.0,0.0,0.0,0.0,0.0,0.07925,0.16769,0.0,0.0,0.0,0.0,0.0,0.0,0.0,0.0,0.0,0.10542,0.14646,0.0,0.0,0.0,0.0,0.0,0.0,0.0,0.0,0.0,0.09994,0.14469,0.0,0.0,0.0,0.0,0.0,0.0,0.0,0.0,0.00159,0.55491,0.91702,3.2325,5.0,5.0,5.0,5.0,0,0.38417,0.8901479999999999
738,0.0,0.0,0.0,0.0,0.0,0.0,0.0,0.0,0.0,0.0,0.0,0.0,0.0,0.0,0.0,0.0,0.0,0.0,0.0,0.0,0.0,0.0,0.0,0.0,0.0,0.0,0.0,0.0,0.0,0.0,0.0,0.0,0.0,0.0,0.0,0.0,0.0,0.0,0.0,0.0,0.0,0.0,0.0,0.0,0.0,0.0,0.0,0.0,0.0,0.0,0.0,0.0,0.0,0.0,0.0,0.0,0.0,0.0,0.0,0.0,0.0,0.0,0.0,0.0,0.0,0.0,0.0,0.0,0.00112,0.06857,0.0,0.0,0.0,0.0,0.0,0.0,0.0,0.0,0.0,0.0306,0.20613,0.01073,0.0,0.0,0.0,0.0,0.0,0.00478,0.0,0.0,0.05024,0.20537,0.0,0.0,0.0,0.0,0.0,0.0,0.0,0.0,0.0,0.04693,0.19487,0.0,0.0,0.0,0.0,0.0,0.0,0.0,0.0,0.0,0.80392,0.89331,3.1545,5.0,5.0,5.0,5.0,0,0.38417,0.8743400000000001
739,0.0,0.0,0.0,0.0,0.0,0.0,0.0,0.0,0.0,0.0,0.0,0.0,0.0,0.0,0.0,0.0,0.0,0.0,0.0,0.0,0.0,0.0,0.0,0.0,0.0,0.0,0.0,0.0,0.0,0.0,0.0,0.0,0.0,0.0,0.0,0.0,0.0,0.0,0.0,0.0,0.0,0.0,0.0,0.0,0.0,0.0,0.0,0.0,0.0,0.0,0.0,0.0,0.0,0.0,0.0,0.0,0.0,0.0,0.0,0.0,0.0,0.0,0.0,0.0,0.0,0.0,0.0,0.0,0.02883,0.0,0.0,0.0,0.0,0.0,0.0,0.0,0.0,0.0,0.0,0.11869,0.12541,0.0,0.0,0.0,0.0,0.0,0.00071,0.02494,0.0,0.0,0.13797,0.10472,0.0,0.0,0.0,0.0,0.0,0.0,0.00124,0.0,0.0,0.13013,0.11415,0.0,0.0,0.0,0.0,0.0,0.0,0.0,0.0,0.0,0.56202,0.85379,3.5815,5.0,5.0,5.0,5.0,0,0.273188,0.861694
740,0.0,0.0,0.0,0.0,0.0,0.0,0.0,0.0,0.0,0.0,0.0,0.0,0.0,0.0,0.0,0.0,0.0,0.0,0.0,0.0,0.0,0.0,0.0,0.0,0.0,0.0,0.0,0.0,0.0,0.0,0.0,0.0,0.0,0.0,0.0,0.0,0.0,0.0,0.0,0.0,0.0,0.0,0.0,0.0,0.0,0.0,0.0,0.0,0.0,0.0,0.0,0.0,0.0,0.0,0.0,0.0,0.0,0.0,0.0,0.0,0.0,0.0,0.0,0.0,0.0,0.0,0.0,0.0,0.0,0.0,0.0,0.0,0.0,0.0,0.0,0.0,0.0,0.0,0.0,0.16557,0.03945,0.0,0.0,0.0,0.0,0.0,0.0,0.0,0.0,0.00436,0.22064,0.02671,0.0,0.0,0.0,0.0,0.0,0.0,0.0,0.0,0.00071,0.22836,0.0138,0.0,0.0,0.0,0.0,0.0,0.0,0.0,0.0,0.0,0.0,0.85379,3.8555,5.0,5.0,5.0,5.0,0,0.11240399999999999,0.85379
741,0.0,0.0,0.0,0.0,0.0,0.0,0.0,0.0,0.0,0.0,0.0,0.0,0.0,0.0,0.0,0.0,0.0,0.0,0.0,0.0,0.0,0.0,0.0,0.0,0.0,0.0,0.0,0.0,0.0,0.0,0.0,0.0,0.0,0.0,0.0,0.0,0.0,0.0,0.0,0.0,0.0,0.0,0.0,0.0,0.0,0.0,0.0,0.0,0.0,0.0,0.0,0.0,0.0,0.0,0.0,0.0,0.0,0.0,0.0,0.0,0.0,0.0,0.0,0.0,0.0,0.0,0.0,0.0,0.0,0.0,0.0,0.0,0.0,0.0,0.0,0.026,0.0,0.0,0.00725,0.17689,0.0329,0.0,0.0,0.0,0.0,0.0,0.00849,0.05254,0.0,0.02417,0.21639,0.00495,0.0,0.0,0.0,0.0,0.0,0.0,0.0,0.0,0.03343,0.21751,0.00041,0.0,0.0,0.0,0.0,0.0,0.0,0.0,0.0,0.0,0.0,0.85379,4.3895,5.0,5.0,5.0,5.0,0,0.0,0.85379
742,0.0,0.0,0.0,0.0,0.0,0.0,0.0,0.0,0.0,0.0,0.0,0.0,0.0,0.0,0.0,0.0,0.0,0.0,0.0,0.0,0.0,0.0,0.0,0.0,0.0,0.0,0.0,0.0,0.0,0.0,0.0,0.0,0.0,0.0,0.0,0.0,0.0,0.0,0.0,0.0,0.0,0.0,0.0,0.0,0.0,0.0,0.0,0.0,0.0,0.0,0.0,0.0,0.0,0.0,0.0,0.0,0.0,0.0,0.0,0.0,0.0,0.0,0.0,0.0,0.0,0.0,0.0,0.0,0.0,0.0,0.0,0.0,0.0,0.0,0.0,0.0,0.0,0.0,0.0,0.13709,0.05395,0.0,0.0,0.0,0.0,0.0,0.0,0.03662,0.0,0.00436,0.20613,0.04263,0.0,0.0,0.0,0.0,0.0,0.0,0.0,0.0,0.00767,0.22382,0.01032,0.0,0.0,0.0,0.0,0.0,0.0,0.0,0.0,0.0,0.0,0.85379,4.3575,5.0,5.0,5.0,5.0,0,0.066876,0.85379
743,0.0,0.0,0.0,0.0,0.0,0.0,0.0,0.0,0.0,0.0,0.0,0.0,0.0,0.0,0.0,0.0,0.0,0.0,0.0,0.0,0.0,0.0,0.0,0.0,0.0,0.0,0.0,0.0,0.0,0.0,0.0,0.0,0.0,0.0,0.0,0.0,0.0,0.0,0.0,0.0,0.0,0.0,0.0,0.0,0.0,0.0,0.0,0.0,0.0,0.0,0.0,0.0,0.0,0.0,0.0,0.0,0.0,0.0,0.0,0.0,0.0,0.0,0.0,0.0,0.0,0.0,0.0,0.0,0.0,0.0,0.0,0.0,0.0,0.0,0.0,0.0,0.0,0.0,0.0,0.09558,0.10643,0.0,0.0,0.0,0.0,0.0,0.0,0.0,0.0,0.0,0.17193,0.09039,0.0,0.0,0.0,0.0,0.0,0.0,0.0,0.0,0.00024,0.2125,0.03809,0.0,0.0,0.0,0.0,0.0,0.0,0.0,0.0,0.0,0.0,0.85379,4.2815,5.0,5.0,5.0,5.0,0,0.066876,0.85379
744,0.0,0.0,0.0,0.0,0.0,0.0,0.0,0.0,0.0,0.0,0.0,0.0,0.0,0.0,0.0,0.0,0.0,0.0,0.0,0.0,0.0,0.0,0.0,0.0,0.0,0.0,0.0,0.0,0.0,0.0,0.0,0.0,0.0,0.0,0.0,0.0,0.0,0.0,0.0,0.0,0.0,0.0,0.0,0.0,0.0,0.0,0.0,0.0,0.0,0.0,0.0,0.0,0.0,0.0,0.0,0.0,0.0,0.0,0.0,0.0,0.0,0.0,0.0,0.0,0.0,0.0,0.0,0.0,0.0,0.0,0.0,0.0,0.0,0.0,0.0,0.0,0.0,0.0,0.0,0.04157,0.05112,0.0,0.0,0.0,0.0,0.0,0.0,0.0,0.0,0.0,0.11657,0.14682,0.0,0.0,0.0,0.0,0.0,0.0,0.0,0.0,0.0,0.16562,0.09051,0.0,0.0,0.0,0.0,0.0,0.0,0.0,0.0,0.0,0.0,0.85379,3.98,4.9615,5.0,5.0,5.0,0,0.066876,0.85379
745,0.0,0.0,0.0,0.0,0.0,0.0,0.0,0.0,0.0,0.0,0.0,0.0,0.0,0.0,0.0,0.0,0.0,0.0,0.0,0.0,0.0,0.0,0.0,0.0,0.0,0.0,0.0,0.0,0.0,0.0,0.0,0.0,0.0,0.0,0.0,0.0,0.0,0.0,0.0,0.0,0.0,0.0,0.0,0.0,0.0,0.0,0.0,0.0,0.0,0.0,0.0,0.0,0.0,0.0,0.0,0.0,0.0,0.0,0.0,0.0,0.0,0.0,0.0,0.0,0.0,0.0,0.0,0.0,0.0,0.0,0.0,0.0,0.0,0.0,0.0,0.0,0.0,0.0,0.0,0.0,0.02105,0.0,0.0,0.0,0.0,0.0,0.0,0.0,0.0,0.0,0.03396,0.19369,0.02176,0.0,0.0,0.0,0.0,0.0,0.0,0.0,0.0,0.07689,0.17854,0.0,0.0,0.0,0.0,0.0,0.0,0.0,0.0,0.0,0.33438,0.85379,3.445,4.0995,4.931,5.0,5.0,0,0.246876,0.8669550933333333
746,0.0,0.0,0.0,0.0,0.0,0.0,0.0,0.0,0.0,0.0,0.0,0.0,0.0,0.0,0.0,0.0,0.0,0.0,0.0,0.0,0.0,0.0,0.0,0.0,0.0,0.0,0.0,0.0,0.0,0.0,0.0,0.0,0.0,0.0,0.0,0.0,0.0,0.0,0.0,0.0,0.0,0.0,0.0,0.0,0.0,0.0,0.0,0.0,0.0,0.0,0.0,0.0,0.0,0.0,0.0,0.0,0.0,0.0,0.0,0.0,0.00018,0.0,0.0,0.0,0.0,0.0,0.0,0.0,0.0,0.0,0.02524,0.00183,0.0,0.0,0.0,0.0,0.0,0.0,0.0,0.0,0.0,0.00442,0.0,0.0,0.0,0.0,0.0,0.0,0.0,0.0,0.0,0.16633,0.00542,0.0,0.0,0.0,0.0,0.0,0.0,0.0,0.0,0.001,0.20772,0.04422,0.0,0.0,0.0,0.0,0.0,0.0,0.0,0.0,0.0,0.85379,3.5785,4.023,4.751,5.0,5.0,0,0.246876,0.8801201866666666
747,0.0,0.0,0.0,0.0,0.0,0.0,0.0,0.0,0.0,0.0,0.0,0.0,0.0,0.0,0.0,0.0,0.0,0.0,0.0,0.0,0.0,0.0,0.0,0.0,0.0,0.0,0.0,0.0,0.0,0.0,0.0,0.0,0.0,0.0,0.0,0.0,0.0,0.0,0.0,0.0,0.0,0.0,0.0,0.0,0.0,0.0,0.0,0.0,0.0,0.0,0.0,0.0,0.0,0.0,0.0,0.0,0.0,0.0,0.0,0.0,0.0,0.0,0.0,0.0,0.0,0.0,0.0,0.0,0.0,0.0,0.02241,0.12535,0.03231,0.0,0.0,0.0,0.0,0.0,0.0,0.0,0.0,0.02706,0.14982,0.0,0.0,0.0,0.0,0.0,0.0,0.0,0.0,0.02553,0.05224,0.06162,0.0,0.0,0.0,0.0,0.0,0.0,0.0,0.0,0.06881,0.18025,0.0,0.0,0.0,0.0,0.0,0.0,0.0,0.0,0.0,0.85379,4.087,4.4555,5.0,5.0,5.0,0,0.36,0.8932852800000001
748,0.0,0.0,0.0,0.0,0.0,0.0,0.0,0.0,0.0,0.0,0.0,0.0,0.0,0.0,0.0,0.0,0.0,0.0,0.0,0.0,0.0,0.0,0.0,0.0,0.0,0.0,0.0,0.0,0.0,0.0,0.0,0.0,0.0,0.0,0.0,0.0,0.0,0.0,0.0,0.0,0.0,0.0,0.0,0.0,0.0,0.0,0.0,0.0,0.0,0.0,0.0,0.0,0.0,0.0,0.0,0.0,0.0,0.0,0.0,0.0,0.0,0.0,0.0,0.0,0.0,0.0,0.0,0.0,0.0,0.0,0.0,0.05979,0.09251,0.00088,0.0,0.0,0.0,0.0,0.0,0.0,0.0,0.0,0.15507,0.1145,0.0,0.0,0.0,0.0,0.0,0.0,0.0,0.0,0.01032,0.19522,0.05271,0.0,0.0,0.0,0.0,0.0,0.0,0.0,0.0,0.05613,0.19947,0.00407,0.0,0.0,0.0,0.0,0.0,0.0,0.9,0.84588,3.1865,3.9255,5.0,5.0,5.0,0,0.54,0.9064503733333333
749,0.0,0.0,0.0,0.0,0.0,0.0,0.0,0.0,0.0,0.0,0.0,0.0,0.0,0.0,0.0,0.0,0.0,0.0,0.0,0.0,0.0,0.0,0.0,0.0,0.0,0.0,0.0,0.0,0.0,0.0,0.0,0.0,0.0,0.0,0.0,0.0,0.0,0.0,0.0,0.0,0.0,0.0,0.0,0.0,0.0,0.0,0.0,0.0,0.0,0.0,0.0,0.0,0.0,0.0,0.0,0.0,0.0,0.0,0.0,0.0,0.0,0.0,0.0,0.0,0.0,0.0,0.0,0.0,0.0,0.0,0.0,0.02895,0.16669,0.02583,0.0,0.0,0.0,0.0,0.0,0.0,0.0,0.0,0.09505,0.16427,0.0,0.0,0.0,0.0,0.0,0.0,0.0,0.0,0.0,0.11321,0.13496,0.0,0.0,0.0,0.0,0.0,0.0,0.0,0.0,0.0,0.09876,0.13915,0.0,0.0,0.0,0.0,0.0,0.0,0.0,0.84588,3.1955,3.8905,5.0,5.0,4.965,0,0.72,0.9196154666666667
750,0.0,0.0,0.0,0.0,0.0,0.0,0.0,0.0,0.0,0.0,0.0,0.0,0.0,0.0,0.0,0.0,0.0,0.0,0.0,0.0,0.0,0.0,0.0,0.0,0.0,0.0,0.0,0.0,0.0,0.0,0.0,0.0,0.0,0.0,0.0,0.0,0.0,0.0,0.0,0.0,0.0,0.0,0.0,0.0,0.0,0.0,0.0,0.0,0.0,0.0,0.0,0.0,0.0,0.0,0.0,0.0,0.0,0.0,0.0,0.0,0.00053,0.00318,0.0,0.0,0.0,0.0,0.0,0.0,0.0,0.0,0.0,0.06616,0.17583,0.00743,0.0,0.0,0.0,0.0,0.0,0.0,0.0,0.0,0.11728,0.13691,0.0,0.0,0.0,0.0,0.0,0.0,0.0,0.0,0.0,0.11515,0.12807,0.0,0.0,0.0,0.0,0.0,0.0,0.0,0.0,0.0,0.05743,0.16209,0.0,0.0,0.0,0.0,0.0,0.0,0.9,0.84588,2.9155,3.6355,5.0,4.889,4.877,0,0.72,0.9196154666666667
751,0.0,0.0,0.0,0.0,0.0,0.0,0.0,0.0,0.0,0.0,0.0,0.0,0.0,0.0,0.0,0.0,0.0,0.0,0.0,0.0,0.0,0.0,0.0,0.0,0.0,0.0,0.0,0.0,0.0,0.0,0.0,0.0,0.0,0.0,0.0,0.0,0.0,0.0,0.0,0.0,0.0,0.0,0.0,0.0,0.0,0.0,0.0,0.0,0.0,0.0,0.0,0.0,0.0,0.0,0.0,0.0,0.0,0.0,0.0,0.0,0.01344,0.0,0.0,0.0,0.0,0.0,0.0,0.0,0.0,0.0,0.0,0.07989,0.15448,0.0,0.0,0.0,0.0,0.0,0.0,0.0,0.0,0.0,0.11014,0.13998,0.0,0.0,0.0,0.0,0.0,0.0,0.0,0.0,0.0,0.08968,0.14947,0.0,0.0,0.0,0.0,0.0,0.0,0.0,0.0,0.0,0.01633,0.19346,0.0,0.0,0.0,0.0,0.0,0.0,0.9,0.84588,3.1615,4.0615,5.0,4.827,5.0,0,0.9,0.9196154666666667
752,0.0,0.0,0.0,0.0,0.0,0.0,0.0,0.0,0.0,0.0,0.0,0.0,0.0,0.0,0.0,0.0,0.0,0.0,0.0,0.0,0.0,0.0,0.0,0.0,0.0,0.0,0.0,0.0,0.0,0.0,0.0,0.0,0.0,0.0,0.0,0.0,0.0,0.0,0.0,0.0,0.0,0.0,0.0,0.0,0.0,0.0,0.0,0.0,0.0,0.0,0.0,0.0,0.0,0.0,0.0,0.0,0.0,0.0,0.0,0.0,0.00849,0.0,0.0,0.0,0.0,0.0,0.0,0.0,0.0,0.0,0.0,0.17936,0.04688,0.0,0.0,0.0,0.0,0.0,0.0,0.0,0.0,0.0,0.17659,0.0668,0.0,0.0,0.0,0.0,0.0,0.0,0.0,0.0,0.0,0.14982,0.08296,0.0,0.0,0.0,0.0,0.0,0.0,0.0,0.0,0.0,0.05949,0.13897,0.0,0.0,0.0,0.0,0.0,0.0,0.9,0.84588,3.1745,4.1605,5.0,4.81,5.0,0,0.9,0.9196154666666667
753,0.0,0.0,0.0,0.0,0.0,0.0,0.0,0.0,0.0,0.0,0.0,0.0,0.0,0.0,0.0,0.0,0.0,0.0,0.0,0.0,0.0,0.0,0.0,0.0,0.0,0.0,0.0,0.0,0.0,0.0,0.0,0.0,0.0,0.0,0.0,0.0,0.0,0.0,0.0,0.0,0.0,0.0,0.0,0.0,0.0,0.0,0.0,0.0,0.0,0.0,0.0,0.0,0.0,0.0,0.0,0.0,0.0,0.0,0.0,0.02052,0.0,0.0,0.0,0.0,0.0,0.0,0.0,0.0,0.0,0.0,0.09292,0.1319,0.0,0.0,0.0,0.00389,0.0,0.0,0.0,0.0,0.0,0.03025,0.20254,0.0,0.0,0.0,0.0,0.0,0.0,0.0,0.0,0.0,0.0,0.22465,0.0,0.0,0.0,0.0,0.0,0.0,0.0,0.0,0.0,0.0,0.14847,0.05336,0.0,0.0,0.0,0.0,0.0,0.0,0.9,0.84588,3.1555,4.7315,4.731,4.7045,5.0,0,0.9,0.9196154666666667
754,0.0,0.0,0.0,0.0,0.0,0.0,0.0,0.0,0.0,0.0,0.0,0.0,0.0,0.0,0.0,0.0,0.0,0.0,0.0,0.0,0.0,0.0,0.0,0.0,0.0,0.0,0.0,0.0,0.0,0.0,0.0,0.0,0.0,0.0,0.0,0.0,0.0,0.0,0.0,0.0,0.0,0.0,0.0,0.0,0.0,0.0,0.0,0.0,0.0,0.0,0.0,0.0,0.0,0.0,0.0,0.0,0.0,0.0,0.01769,0.0,0.0,0.0,0.01415,0.0,0.0,0.0,0.0,0.0,0.0,0.0,0.21616,0.0,0.0,0.0,0.05478,0.14634,0.0,0.0,0.0,0.0,0.0,0.17229,0.03697,0.0,0.0,0.0,0.0,0.07836,0.0,0.0,0.0,0.0,0.06303,0.15313,0.0,0.0,0.0,0.0,0.0,0.0,0.0,0.0,0.0,0.0,0.19104,0.0,0.0,0.0,0.0,0.0,0.0,0.0,0.9,0.84588,3.2205,5.0,4.643,5.0,5.0,0,0.9,0.9254203733333334
755,0.0,0.0,0.0,0.0,0.0,0.0,0.0,0.0,0.0,0.0,0.0,0.0,0.0,0.0,0.0,0.0,0.0,0.0,0.0,0.0,0.0,0.0,0.0,0.0,0.0,0.0,0.0,0.0,0.0,0.0,0.0,0.0,0.0,0.0,0.0,0.0,0.0,0.0,0.0,0.0,0.0,0.0,0.0,0.0,0.0,0.0,0.0,0.0,0.0,0.0,0.0,0.0,0.0,0.0,0.0,0.0,0.0,0.0,0.02211,0.0,0.0,0.0,0.03856,0.0,0.00195,0.0,0.0,0.0,0.0,0.06881,0.14434,0.0,0.0,0.0,0.1763,0.0533,0.0,0.0,0.0,0.0,0.0,0.19564,0.0,0.0,0.0,0.0,0.0,0.18679,0.0,0.0,0.0,0.0,0.15265,0.05855,0.0,0.0,0.0,0.0,0.0,0.0,0.0,0.0,0.0,0.00666,0.17535,0.0,0.0,0.0,0.0,0.0,0.0,0.0,0.9,0.84588,3.2915,4.94,4.633,5.0,5.0,0,0.9,0.9312252799999999
756,0.0,0.0,0.0,0.0,0.0,0.0,0.0,0.0,0.0,0.0,0.0,0.0,0.0,0.0,0.0,0.0,0.0,0.0,0.0,0.0,0.0,0.0,0.0,0.0,0.0,0.0,0.0,0.0,0.0,0.0,0.0,0.0,0.0,0.0,0.0,0.0,0.0,0.0,0.0,0.0,0.0,0.0,0.0,0.0,0.0,0.0,0.0,0.0,0.0,0.0,0.0,0.0,0.0,0.0,0.0,0.0,0.0,0.0,0.03042,0.0,0.0,0.04369,0.0,0.0,0.0,0.0,0.0,0.0,0.0,0.17512,0.0329,0.0,0.0,0.03597,0.19823,0.0,0.0,0.0,0.0,0.0,0.04269,0.13331,0.0,0.0,0.0,0.0,0.05607,0.18396,0.0,0.0,0.0,0.0,0.19298,0.0,0.0,0.0,0.0,0.0,0.0,0.05784,0.0,0.0,0.0,0.07358,0.09729,0.0,0.0,0.0,0.0,0.0,0.0,0.0,0.9,0.84588,3.2375,4.775,4.585,5.0,5.0,0,0.9,0.9370301866666667
757,0.0,0.0,0.0,0.0,0.0,0.0,0.0,0.0,0.0,0.0,0.0,0.0,0.0,0.0,0.0,0.0,0.0,0.0,0.0,0.0,0.0,0.0,0.0,0.0,0.0,0.0,0.0,0.0,0.0,0.0,0.0,0.0,0.0,0.0,0.0,0.0,0.0,0.0,0.0,0.0,0.0,0.0,0.0,0.0,0.0,0.0,0.0,0.0,0.0,0.0,0.0,0.0,0.0,0.0,0.0,0.0,0.0,0.00955,0.0,0.0,0.0,0.05483,0.0,0.0,0.0,0.0,0.0,0.0,0.02199,0.18143,0.0,0.0,0.0,0.16285,0.05825,0.0,0.0,0.0,0.0,0.0,0.18373,0.00165,0.0,0.0,0.0,0.0,0.18426,0.04817,0.0,0.0,0.0,0.04652,0.12665,0.0,0.0,0.0,0.0,0.0,0.0,0.19228,0.0,0.0,0.0,0.14682,0.0,0.0,0.0,0.0,0.0,0.0,0.0,0.0,0.9,0.94864,3.3335,4.614,4.578,5.0,5.0,0,0.72,0.9444150933333333
758,0.0,0.0,0.0,0.0,0.0,0.0,0.0,0.0,0.0,0.0,0.0,0.0,0.0,0.0,0.0,0.0,0.0,0.0,0.0,0.0,0.0,0.0,0.0,0.0,0.0,0.0,0.0,0.0,0.0,0.0,0.0,0.0,0.0,0.0,0.0,0.0,0.0,0.0,0.0,0.0,0.0,0.0,0.0,0.0,0.0,0.0,0.0,0.0,0.0,0.0,0.0,0.0,0.0,0.0,0.0,0.0,0.0,0.00336,0.0,0.0,0.05077,0.0,0.0,0.0,0.0,0.0,0.0,0.0,0.1309,0.06297,0.0,0.0,0.03308,0.18007,0.0,0.0,0.0,0.0,0.0,0.00324,0.15507,0.0,0.0,0.0,0.0,0.05083,0.1763,0.0,0.0,0.0,0.0,0.14788,0.01167,0.0,0.0,0.0,0.0,0.0,0.05979,0.17158,0.0,0.0,0.0,0.12983,0.0,0.0,0.0,0.0,0.0,0.0,0.0,0.05537,0.9,0.94864,3.4575,4.524,5.0,5.0,5.0,0,0.36,0.8759140000000001
759,0.0,0.0,0.0,0.0,0.0,0.0,0.0,0.0,0.0,0.0,0.0,0.0,0.0,0.0,0.0,0.0,0.0,0.0,0.0,0.0,0.0,0.0,0.0,0.0,0.0,0.0,0.0,0.0,0.0,0.0,0.0,0.0,0.0,0.0,0.0,0.0,0.0,0.0,0.0,0.0,0.0,0.0,0.0,0.0,0.0,0.0,0.0,0.0,0.0,0.0,0.0,0.0,0.0,0.0,0.0,0.0,0.0,0.0,0.0,0.0,0.03821,0.0,0.0,0.0,0.0,0.0,0.0,0.00607,0.13897,0.0,0.0,0.0,0.17972,0.04811,0.0,0.0,0.0,0.0,0.0,0.04051,0.00106,0.0,0.0,0.0,0.0,0.19292,0.03491,0.0,0.0,0.0,0.01167,0.00018,0.0,0.0,0.0,0.0,0.0,0.0,0.19693,0.03196,0.0,0.0,0.05537,0.0,0.0,0.0,0.0,0.0,0.0,0.0,0.0,0.16787,0.9,0.94864,3.3295,4.461,5.0,5.0,5.0,0,0.18,0.8622885066666667
760,0.0,0.0,0.0,0.0,0.0,0.0,0.0,0.0,0.0,0.0,0.0,0.0,0.0,0.0,0.0,0.0,0.0,0.0,0.0,0.0,0.0,0.0,0.0,0.0,0.0,0.0,0.0,0.0,0.0,0.0,0.0,0.0,0.0,0.0,0.0,0.0,0.0,0.0,0.0,0.0,0.0,0.0,0.0,0.0,0.0,0.0,0.0,0.0,0.0,0.0,0.0,0.0,0.0,0.0,0.0,0.0,0.0,0.0,0.0,0.0207,0.0,0.0,0.0,0.0,0.0,0.0,0.0023,0.12771,0.0,0.0,0.0,0.14192,0.08237,0.0,0.0,0.0,0.0,0.0,0.03909,0.00761,0.0,0.0,0.0,0.0,0.15849,0.07217,0.0,0.0,0.0,0.0023,0.00265,0.0,0.0,0.0,0.0,0.0,0.0,0.16851,0.06285,0.0,0.0,0.0,0.0,0.0,0.0,0.0,0.0,0.0,0.0,0.0,0.1691,0.04741,0.0,0.95654,3.6275,4.398,5.0,5.0,5.0,0,0.0,0.8533851200000001
761,0.0,0.0,0.0,0.0,0.0,0.0,0.0,0.0,0.0,0.0,0.0,0.0,0.0,0.0,0.0,0.0,0.0,0.0,0.0,0.0,0.0,0.0,0.0,0.0,0.0,0.0,0.0,0.0,0.0,0.0,0.0,0.0,0.0,0.0,0.0,0.0,0.0,0.0,0.0,0.0,0.0,0.0,0.0,0.0,0.0,0.0,0.0,0.0,0.0,0.0,0.0,0.0,0.0,0.0,0.0,0.00035,0.0,0.0,0.0,0.0,0.0,0.0,0.0,0.0,0.0,0.0,0.12966,0.01274,0.0,0.0,0.07081,0.13862,0.0,0.0,0.0,0.0,0.0,0.1536,0.04752,0.0,0.0,0.0,0.0,0.11504,0.11226,0.0,0.0,0.0,0.06816,0.11616,0.0,0.0,0.0,0.0,0.0,0.0,0.13178,0.09587,0.0,0.0,0.10737,0.0,0.0,0.0,0.0,0.0,0.0,0.0,0.0,0.13685,0.07294,0.0,-0.9,0.57711,4.463,4.319,5.0,5.0,4.9895,0,-0.18,0.8628691199999998
762,0.0,0.0,0.0,0.0,0.0,0.0,0.0,0.0,0.0,0.0,0.0,0.0,0.0,0.0,0.0,0.0,0.0,0.0,0.0,0.0,0.0,0.0,0.0,0.0,0.0,0.0,0.0,0.0,0.0,0.0,0.0,0.0,0.0,0.0,0.0,0.0,0.0,0.0,0.0,0.0,0.0,0.0,0.0,0.0,0.0,0.0,0.0,0.0,0.0,0.0,0.0,0.0,0.0,0.0,0.0,0.0,0.00053,0.0,0.0,0.0,0.0,0.0,0.0,0.0,0.0,0.0,0.00248,0.17447,0.00737,0.0,0.0,0.0,0.16291,0.0,0.0,0.0,0.0,0.0,0.20218,0.01327,0.0,0.0,0.0,0.0,0.17052,0.05625,0.0,0.0,0.0,0.1385,0.07907,0.0,0.0,0.0,0.0,0.0,0.0,0.19623,0.03107,0.0,0.03597,0.16091,0.0,0.0,0.0,0.0,0.0,0.0,0.0,0.0,0.21745,0.01162,0.0,0.42692,4.4205,4.286,5.0,5.0,5.0,0,-0.18,0.8549651199999999
763,0.0,0.0,0.0,0.0,0.0,0.0,0.0,0.0,0.0,0.0,0.0,0.0,0.0,0.0,0.0,0.0,0.0,0.0,0.0,0.0,0.0,0.0,0.0,0.0,0.0,0.0,0.0,0.0,0.0,0.0,0.0,0.0,0.0,0.0,0.0,0.0,0.0,0.0,0.0,0.0,0.0,0.0,0.0,0.0,0.0,0.0,0.0,0.0,0.0,0.0,0.0,0.0,0.0,0.0,0.0,0.0,0.00743,0.0,0.0,0.0,0.0,0.0,0.0,0.0,0.0,0.0,0.0,0.17064,0.02571,0.0,0.0,0.0,0.12152,0.0,0.0,0.0,0.0,0.0,0.18732,0.02742,0.0,0.0,0.0,0.0,0.1737,0.05625,0.0,0.0,0.0,0.11916,0.0885,0.0,0.0,0.0,0.0,0.0,0.0,0.20171,0.02877,0.0,0.01857,0.15354,0.0,0.0,0.0,0.0,0.0,0.0,0.0,0.00012,0.22022,0.00625,0.0,0.67989,4.518,4.298,5.0,5.0,5.0,0,0.0,0.86286912
764,0.0,0.0,0.0,0.0,0.0,0.0,0.0,0.0,0.0,0.0,0.0,0.0,0.0,0.0,0.0,0.0,0.0,0.0,0.0,0.0,0.0,0.0,0.0,0.0,0.0,0.0,0.0,0.0,0.0,0.0,0.0,0.0,0.0,0.0,0.0,0.0,0.0,0.0,0.0,0.0,0.0,0.0,0.0,0.0,0.0,0.0,0.0,0.0,0.0,0.0,0.0,0.0,0.0,0.0,0.0,0.0,0.00442,0.0,0.0,0.0,0.0,0.0,0.0,0.0,0.0,0.0,0.0,0.14912,0.04104,0.0,0.0,0.0,0.10772,0.0,0.0,0.0,0.0,0.0,0.16557,0.04475,0.0,0.0,0.0,0.0,0.17529,0.04776,0.0,0.0,0.0,0.10672,0.11067,0.0,0.0,0.0,0.0,0.0,0.0,0.20389,0.02288,0.0,0.00896,0.17571,0.0,0.0,0.0,0.0,0.0,0.0,0.0,0.00088,0.22075,0.00248,0.0,0.99606,4.549,4.238,4.943,5.0,5.0,0,0.0,0.7737326133333333
765,0.0,0.0,0.0,0.0,0.0,0.0,0.0,0.0,0.0,0.0,0.0,0.0,0.0,0.0,0.0,0.0,0.0,0.0,0.0,0.0,0.0,0.0,0.0,0.0,0.0,0.0,0.0,0.0,0.0,0.0,0.0,0.0,0.0,0.0,0.0,0.0,0.0,0.0,0.0,0.0,0.0,0.0,0.0,0.0,0.0,0.0,0.0,0.0,0.0,0.0,0.0,0.0,0.0,0.0,0.0,0.0,0.0,0.0,0.0,0.0,0.0,0.0,0.0,0.0,0.0,0.0,0.0,0.05867,0.12423,0.0,0.0,0.0,0.03237,0.00867,0.0,0.0,0.0,0.0,0.06333,0.15389,0.0,0.0,0.0,0.0,0.03821,0.17017,0.0,0.0,0.0,0.00436,0.21356,0.0,0.0,0.0,0.0,0.0,0.0,0.14021,0.08461,0.0,0.0,0.15831,0.01061,0.0,0.0,0.0,0.0,0.0,0.0,0.0,0.15,0.03113,0.0,0.91702,4.4755,4.153,5.0,4.9435,5.0,0,0.0,0.6553669999999999
766,0.0,0.0,0.0,0.0,0.0,0.0,0.0,0.0,0.0,0.0,0.0,0.0,0.0,0.0,0.0,0.0,0.0,0.0,0.0,0.0,0.0,0.0,0.0,0.0,0.0,0.0,0.0,0.0,0.0,0.0,0.0,0.0,0.0,0.0,0.0,0.0,0.0,0.0,0.0,0.0,0.0,0.0,0.0,0.0,0.0,0.0,0.0,0.0,0.0,0.0,0.0,0.0,0.0,0.0,0.0,0.0,0.0,0.0,0.0,0.0,0.0,0.0,0.0,0.0,0.0,0.0,0.0,0.00012,0.14275,0.0135,0.0,0.0,0.0,0.0,0.0,0.0,0.0,0.0,0.0,0.2056,0.01568,0.0,0.0,0.0,0.0,0.03679,0.0,0.0,0.0,0.0,0.1967,0.02724,0.0,0.0,0.0,0.0,0.0,0.06321,0.14835,0.0,0.0,0.10743,0.08325,0.0,0.0,0.0,0.0,0.0,0.0,0.0,0.12966,0.09481,0.0,0.61663,4.4555,4.115,4.7915,4.7895,5.0,0,0.0,0.49410699999999996
767,0.0,0.0,0.0,0.0,0.0,0.0,0.0,0.0,0.0,0.0,0.0,0.0,0.0,0.0,0.0,0.0,0.0,0.0,0.0,0.0,0.0,0.0,0.0,0.0,0.0,0.0,0.0,0.0,0.0,0.0,0.0,0.0,0.0,0.0,0.0,0.0,0.0,0.0,0.0,0.0,0.0,0.0,0.0,0.0,0.0,0.0,0.0,0.0,0.0,0.0,0.0,0.0,0.0,0.0,0.0,0.0,0.0,0.0,0.0,0.0,0.0,0.0,0.0,0.0,0.0,0.0,0.0,0.0,0.03603,0.15112,0.0046,0.0,0.0,0.0,0.0,0.0,0.0,0.0,0.0,0.06226,0.1714,0.0,0.0,0.0,0.0,0.0,0.0,0.0,0.0,0.0,0.04351,0.18785,0.0,0.0,0.0,0.0,0.0,0.0,0.0,0.0,0.0,0.0,0.21633,0.0,0.0,0.0,0.0,0.0,0.0,0.0,0.0,0.0,0.0,0.43483,4.547,4.0435,4.7895,4.7555,5.0,0,0.0,0.4055730000000001
768,0.0,0.0,0.0,0.0,0.0,0.0,0.0,0.0,0.0,0.0,0.0,0.0,0.0,0.0,0.0,0.0,0.0,0.0,0.0,0.0,0.0,0.0,0.0,0.0,0.0,0.0,0.0,0.0,0.0,0.0,0.0,0.0,0.0,0.0,0.0,0.0,0.0,0.0,0.0,0.0,0.0,0.0,0.0,0.0,0.0,0.0,0.0,0.0,0.0,0.0,0.0,0.0,0.0,0.0,0.0,0.0,0.0,0.0,0.0,0.0,0.0,0.0,0.0,0.0,0.0,0.0,0.0,0.0,0.02294,0.1582,0.00973,0.0,0.0,0.0,0.0,0.0,0.0,0.0,0.0,0.04233,0.19346,0.0,0.0,0.0,0.0,0.0,0.0,0.0,0.0,0.0,0.02406,0.21297,0.0,0.0,0.0,0.0,0.0,0.0,0.0,0.0,0.0,0.0,0.2089,0.00053,0.0,0.0,0.0,0.0,0.0,0.0,0.0,0.0,0.0,0.0,4.57,4.0355,4.7765,4.761,5.0,0,0.0,0.38344100000000003
769,0.0,0.0,0.0,0.0,0.0,0.0,0.0,0.0,0.0,0.0,0.0,0.0,0.0,0.0,0.0,0.0,0.0,0.0,0.0,0.0,0.0,0.0,0.0,0.0,0.0,0.0,0.0,0.0,0.0,0.0,0.0,0.0,0.0,0.0,0.0,0.0,0.0,0.0,0.0,0.0,0.0,0.0,0.0,0.0,0.0,0.0,0.0,0.0,0.0,0.0,0.0,0.0,0.0,0.0,0.0,0.0,0.0,0.0,0.0,0.0,0.0,0.0,0.0,0.0,0.0,0.0,0.0,0.0,0.01846,0.1579,0.02476,0.0,0.0,0.0,0.0,0.0,0.0,0.0,0.0,0.03838,0.20218,0.0,0.0,0.0,0.0,0.0,0.0,0.0,0.0,0.0,0.02123,0.21704,0.0,0.0,0.0,0.0,0.0,0.0,0.0,0.0,0.0,0.0,0.20678,0.00124,0.0,0.0,0.0,0.0,0.0,0.0,0.0,0.0,0.0,0.18976,4.522,4.0165,4.5585,4.7815,5.0,0,0.0,0.42612300000000003
770,0.0,0.0,0.0,0.0,0.0,0.0,0.0,0.0,0.0,0.0,0.0,0.0,0.0,0.0,0.0,0.0,0.0,0.0,0.0,0.0,0.0,0.0,0.0,0.0,0.0,0.0,0.0,0.0,0.0,0.0,0.0,0.0,0.0,0.0,0.0,0.0,0.0,0.0,0.0,0.0,0.0,0.0,0.0,0.0,0.0,0.0,0.0,0.0,0.0,0.0,0.0,0.0,0.0,0.0,0.0,0.0,0.0,0.0,0.0,0.0,0.0,0.0,0.0,0.0,0.0,0.0,0.0,0.0,0.02081,0.15713,0.01787,0.0,0.0,0.0,0.0,0.0,0.0,0.0,0.0,0.04116,0.19623,0.0,0.0,0.0,0.0,0.0,0.0,0.0,0.0,0.0,0.02176,0.21368,0.0,0.0,0.0,0.0,0.0,0.0,0.0,0.0,0.0,0.0,0.20625,0.00106,0.0,0.0,0.0,0.0,0.0,0.0,0.0,0.0,0.0,0.47435,4.569,4.0375,4.7965,4.756,5.0,0,0.0,0.501224
771,0.0,0.0,0.0,0.0,0.0,0.0,0.0,0.0,0.0,0.0,0.0,0.0,0.0,0.0,0.0,0.0,0.0,0.0,0.0,0.0,0.0,0.0,0.0,0.0,0.0,0.0,0.0,0.0,0.0,0.0,0.0,0.0,0.0,0.0,0.0,0.0,0.0,0.0,0.0,0.0,0.0,0.0,0.0,0.0,0.0,0.0,0.0,0.0,0.0,0.0,0.0,0.0,0.0,0.0,0.0,0.0,0.0,0.0,0.0,0.0,0.0,0.0,0.0,0.0,0.0,0.0,0.0,0.0,0.01739,0.15542,0.01769,0.0,0.0,0.0,0.0,0.0,0.0,0.0,0.0,0.04039,0.20106,0.0,0.0,0.0,0.0,0.0,0.0,0.0,0.0,0.0,0.0214,0.21403,0.0,0.0,0.0,0.0,0.0,0.0,0.0,0.0,0.0,0.0,0.20678,0.00106,0.0,0.0,0.0,0.0,0.0,0.0,0.0,0.0,0.0,0.50597,4.552,4.0385,4.8255,4.7445,5.0,0,0.0,0.59134
772,0.0,0.0,0.0,0.0,0.0,0.0,0.0,0.0,0.0,0.0,0.0,0.0,0.0,0.0,0.0,0.0,0.0,0.0,0.0,0.0,0.0,0.0,0.0,0.0,0.0,0.0,0.0,0.0,0.0,0.0,0.0,0.0,0.0,0.0,0.0,0.0,0.0,0.0,0.0,0.0,0.0,0.0,0.0,0.0,0.0,0.0,0.0,0.0,0.0,0.0,0.0,0.0,0.0,0.0,0.0,0.0,0.0,0.0,0.0,0.0,0.0,0.0,0.0,0.0,0.0,0.0,0.0,0.0,0.01922,0.15413,0.0168,0.0,0.0,0.0,0.0,0.0,0.0,0.0,0.0,0.04039,0.20088,0.0,0.0,0.0,0.0,0.0,0.0,0.0,0.0,0.0,0.02158,0.21368,0.0,0.0,0.0,0.0,0.0,0.0,0.0,0.0,0.0,0.0,0.20802,0.00124,0.0,0.0,0.0,0.0,0.0,0.0,0.0,0.0,0.0,0.64824,4.505,4.0315,4.7275,4.76,5.0,0,0.0,0.640352
773,0.0,0.0,0.0,0.0,0.0,0.0,0.0,0.0,0.0,0.0,0.0,0.0,0.0,0.0,0.0,0.0,0.0,0.0,0.0,0.0,0.0,0.0,0.0,0.0,0.0,0.0,0.0,0.0,0.0,0.0,0.0,0.0,0.0,0.0,0.0,0.0,0.0,0.0,0.0,0.0,0.0,0.0,0.0,0.0,0.0,0.0,0.0,0.0,0.0,0.0,0.0,0.0,0.0,0.0,0.0,0.0,0.0,0.0,0.0,0.0,0.0,0.0,0.0,0.0,0.0,0.0,0.0,0.0,0.01952,0.15419,0.02052,0.0,0.0,0.0,0.0,0.0,0.0,0.0,0.0,0.03903,0.20383,0.0,0.0,0.0,0.0,0.0,0.0,0.0,0.0,0.0,0.02105,0.21669,0.0,0.0,0.0,0.0,0.0,0.0,0.0,0.0,0.0,0.0,0.19741,0.00124,0.0,0.0,0.0,0.0,0.0,0.0,0.0,0.0,0.0,0.6878,4.515,4.02,4.5455,4.782,5.0,0,0.0,0.6846220000000001
774,0.0,0.0,0.0,0.0,0.0,0.0,0.0,0.0,0.0,0.0,0.0,0.0,0.0,0.0,0.0,0.0,0.0,0.0,0.0,0.0,0.0,0.0,0.0,0.0,0.0,0.0,0.0,0.0,0.0,0.0,0.0,0.0,0.0,0.0,0.0,0.0,0.0,0.0,0.0,0.0,0.0,0.0,0.0,0.0,0.0,0.0,0.0,0.0,0.0,0.0,0.0,0.0,0.0,0.0,0.0,0.0,0.0,0.0,0.0,0.0,0.0,0.0,0.0,0.0,0.0,0.0,0.0,0.0,0.01757,0.15047,0.01822,0.0,0.0,0.0,0.0,0.0,0.0,0.0,0.0,0.04004,0.20112,0.00029,0.0,0.0,0.0,0.0,0.0,0.0,0.0,0.0,0.01999,0.2158,0.0,0.0,0.0,0.0,0.0,0.0,0.0,0.0,0.0,0.0,0.21262,0.00159,0.0,0.0,0.0,0.0,0.0,0.0,0.0,0.0,0.0,0.64034,4.526,4.0105,4.5525,4.7525,5.0,0,0.0,0.7130839999999999
775,0.0,0.0,0.0,0.0,0.0,0.0,0.0,0.0,0.0,0.0,0.0,0.0,0.0,0.0,0.0,0.0,0.0,0.0,0.0,0.0,0.0,0.0,0.0,0.0,0.0,0.0,0.0,0.0,0.0,0.0,0.0,0.0,0.0,0.0,0.0,0.0,0.0,0.0,0.0,0.0,0.0,0.0,0.0,0.0,0.0,0.0,0.0,0.0,0.0,0.0,0.0,0.0,0.0,0.0,0.0,0.0,0.0,0.0,0.0,0.0,0.0,0.0,0.0,0.0,0.0,0.0,0.0,0.0,0.01881,0.15631,0.01963,0.0,0.0,0.0,0.0,0.0,0.0,0.0,0.0,0.03927,0.19988,0.0,0.0,0.0,0.0,0.0,0.0,0.0,0.0,0.0,0.02034,0.21934,0.0,0.0,0.0,0.0,0.0,0.0,0.0,0.0,0.0,0.0,0.20572,0.00177,0.0,0.0,0.0,0.0,0.0,0.0,0.0,0.0,0.0,0.71941,4.507,4.014,4.5615,4.7645,5.0,0,0.0,0.739958
776,0.0,0.0,0.0,0.0,0.0,0.0,0.0,0.0,0.0,0.0,0.0,0.0,0.0,0.0,0.0,0.0,0.0,0.0,0.0,0.0,0.0,0.0,0.0,0.0,0.0,0.0,0.0,0.0,0.0,0.0,0.0,0.0,0.0,0.0,0.0,0.0,0.0,0.0,0.0,0.0,0.0,0.0,0.0,0.0,0.0,0.0,0.0,0.0,0.0,0.0,0.0,0.0,0.0,0.0,0.0,0.0,0.0,0.0,0.0,0.0,0.0,0.0,0.0,0.0,0.0,0.0,0.0,0.0,0.0204,0.15189,0.0237,0.0,0.0,0.0,0.0,0.0,0.0,0.0,0.0,0.03809,0.20389,0.0,0.0,0.0,0.0,0.0,0.0,0.0,0.0,0.0,0.02123,0.21598,0.0,0.0,0.0,0.0,0.0,0.0,0.0,0.0,0.0,0.0,0.20713,0.00124,0.0,0.0,0.0,0.0,0.0,0.0,0.0,0.0,0.0,0.72732,4.52,4.026,4.5565,4.7525,5.0,0,0.0,0.776324
777,0.0,0.0,0.0,0.0,0.0,0.0,0.0,0.0,0.0,0.0,0.0,0.0,0.0,0.0,0.0,0.0,0.0,0.0,0.0,0.0,0.0,0.0,0.0,0.0,0.0,0.0,0.0,0.0,0.0,0.0,0.0,0.0,0.0,0.0,0.0,0.0,0.0,0.0,0.0,0.0,0.0,0.0,0.0,0.0,0.0,0.0,0.0,0.0,0.0,0.0,0.0,0.0,0.0,0.0,0.0,0.0,0.0,0.0,0.0,0.0,0.0,0.0,0.0,0.0,0.0,0.0,0.0,0.0,0.01899,0.15613,0.02158,0.0,0.0,0.0,0.0,0.0,0.0,0.0,0.0,0.0388,0.20177,0.0,0.0,0.0,0.0,0.0,0.0,0.0,0.0,0.0,0.0214,0.2158,0.0,0.0,0.0,0.0,0.0,0.0,0.0,0.0,0.0,0.0,0.20519,0.00124,0.0,0.0,0.0,0.0,0.0,0.0,0.0,0.0,0.0,0.79055,4.535,4.0125,4.5675,4.7505,5.0,0,0.0,0.832442
778,0.0,0.0,0.0,0.0,0.0,0.0,0.0,0.0,0.0,0.0,0.0,0.0,0.0,0.0,0.0,0.0,0.0,0.0,0.0,0.0,0.0,0.0,0.0,0.0,0.0,0.0,0.0,0.0,0.0,0.0,0.0,0.0,0.0,0.0,0.0,0.0,0.0,0.0,0.0,0.0,0.0,0.0,0.0,0.0,0.0,0.0,0.0,0.0,0.0,0.0,0.0,0.0,0.0,0.0,0.0,0.0,0.0,0.0,0.0,0.0,0.0,0.0,0.0,0.0,0.0,0.0,0.0,0.0,0.01952,0.1556,0.02406,0.0,0.0,0.0,0.0,0.0,0.0,0.0,0.0,0.03809,0.20124,0.0,0.0,0.0,0.0,0.0,0.0,0.0,0.0,0.0,0.0214,0.21704,0.0,0.0,0.0,0.0,0.0,0.0,0.0,0.0,0.0,0.0,0.20643,0.00124,0.0,0.0,0.0,0.0,0.0,0.0,0.0,0.0,0.0,0.82217,4.518,4.016,4.5585,4.7585,5.0,0,0.0,0.886978
779,0.0,0.0,0.0,0.0,0.0,0.0,0.0,0.0,0.0,0.0,0.0,0.0,0.0,0.0,0.0,0.0,0.0,0.0,0.0,0.0,0.0,0.0,0.0,0.0,0.0,0.0,0.0,0.0,0.0,0.0,0.0,0.0,0.0,0.0,0.0,0.0,0.0,0.0,0.0,0.0,0.0,0.0,0.0,0.0,0.0,0.0,0.0,0.0,0.0,0.0,0.0,0.0,0.0,0.0,0.0,0.0,0.0,0.0,0.0,0.0,0.0,0.0,0.0,0.0,0.0,0.0,0.0,0.0,0.01881,0.16002,0.02795,0.0,0.0,0.0,0.0,0.0,0.0,0.0,0.0,0.03756,0.20301,0.0,0.0,0.0,0.0,0.0,0.0,0.0,0.0,0.0,0.01999,0.21739,0.0,0.0,0.0,0.0,0.0,0.0,0.0,0.0,0.0,0.0,0.20607,0.00177,0.0,0.0,0.0,0.0,0.0,0.0,0.0,0.0,0.0,0.82217,4.544,4.098,4.7535,4.7455,5.0,0,0.0,0.869588
780,0.0,0.0,0.0,0.0,0.0,0.0,0.0,0.0,0.0,0.0,0.0,0.0,0.0,0.0,0.0,0.0,0.0,0.0,0.0,0.0,0.0,0.0,0.0,0.0,0.0,0.0,0.0,0.0,0.0,0.0,0.0,0.0,0.0,0.0,0.0,0.0,0.0,0.0,0.0,0.0,0.0,0.0,0.0,0.0,0.0,0.0,0.0,0.0,0.0,0.0,0.0,0.0,0.0,0.0,0.0,0.0,0.0,0.0,0.0,0.0,0.0,0.0,0.0,0.0,0.0,0.0,0.0,0.0,0.01686,0.15825,0.02423,0.0,0.0,0.0,0.0,0.0,0.0,0.0,0.0,0.03703,0.20601,0.0,0.0,0.0,0.0,0.0,0.0,0.0,0.0,0.0,0.02052,0.21669,0.0,0.0,0.0,0.0,0.0,0.0,0.0,0.0,0.0,0.0,0.2066,0.00124,0.0,0.0,0.0,0.0,0.0,0.0,0.0,0.0,0.0,1.0,4.515,4.0135,4.7985,4.7525,5.0,0,0.0,0.7937000000000001
781,0.0,0.0,0.0,0.0,0.0,0.0,0.0,0.0,0.0,0.0,0.0,0.0,0.0,0.0,0.0,0.0,0.0,0.0,0.0,0.0,0.0,0.0,0.0,0.0,0.0,0.0,0.0,0.0,0.0,0.0,0.0,0.0,0.0,0.0,0.0,0.0,0.0,0.0,0.0,0.0,0.0,0.0,0.0,0.0,0.0,0.0,0.0,0.0,0.0,0.0,0.0,0.0,0.0,0.0,0.0,0.0,0.0,0.0,0.0,0.0,0.0,0.0,0.0,0.0,0.0,0.0,0.0,0.0,0.0013,0.14481,0.03679,0.0,0.0,0.0,0.0,0.0,0.0,0.0,0.0,0.01297,0.21792,0.00985,0.0,0.0,0.0,0.0,0.0,0.0,0.0,0.0,0.00354,0.23408,0.00348,0.0,0.0,0.0,0.0,0.0,0.0,0.0,0.0,0.0,0.20041,0.01468,0.0,0.0,0.0,0.0,0.0,0.0,0.0,0.0,0.0,1.0,4.513,3.979,4.6075,4.7275,5.0,0,0.0,0.8046308
782,0.0,0.0,0.0,0.0,0.0,0.0,0.0,0.0,0.0,0.0,0.0,0.0,0.0,0.0,0.0,0.0,0.0,0.0,0.0,0.0,0.0,0.0,0.0,0.0,0.0,0.0,0.0,0.0,0.0,0.0,0.0,0.0,0.0,0.0,0.0,0.0,0.0,0.0,0.0,0.0,0.0,0.0,0.0,0.0,0.0,0.0,0.0,0.0,0.0,0.0,0.0,0.0,0.0,0.0,0.0,0.0,0.0,0.0,0.0,0.0,0.0,0.0,0.0,0.0,0.0,0.0,0.0,0.0,0.0,0.05377,0.06456,0.0,0.0,0.0,0.0,0.0,0.0,0.0,0.0,0.0,0.12311,0.11091,0.0,0.0,0.0,0.0,0.0,0.0,0.0,0.0,0.0,0.12235,0.10548,0.0,0.0,0.0,0.0,0.0,0.0,0.0,0.0,0.0,0.08827,0.13479,0.0,0.0,0.0,0.0,0.0,0.0,0.0,0.0,0.0,0.7036,4.551,3.917,3.908,1.7695,5.0,0,0.0,0.7799956
783,0.0,0.0,0.0,0.0,0.0,0.0,0.0,0.0,0.0,0.0,0.0,0.0,0.0,0.0,0.0,0.0,0.0,0.0,0.0,0.0,0.0,0.0,0.0,0.0,0.0,0.0,0.0,0.0,0.0,0.0,0.0,0.0,0.0,0.0,0.0,0.0,0.0,0.0,0.0,0.0,0.0,0.0,0.0,0.0,0.0,0.0,0.0,0.0,0.0,0.0,0.0,0.0,0.0,0.0,0.0,0.0,0.0,0.0,0.0,0.0,0.0,0.0,0.0,0.0,0.00425,0.0,0.0,0.0,0.0,0.0,0.10943,0.01262,0.01344,0.0,0.0,0.0,0.0,0.0,0.0,0.0,0.01333,0.18779,0.05006,0.0,0.0,0.0,0.0,0.0,0.0,0.0,0.0,0.00495,0.21751,0.00236,0.0,0.0,0.0,0.0,0.0,0.0,0.0,0.0,0.0,0.2161,0.01138,0.0,0.0,0.0,0.0,0.0,0.0,0.0,0.0,0.44273,4.574,3.914,3.889,4.6385,5.0,0,0.18,0.7589016533333334
784,0.0,0.0,0.0,0.0,0.0,0.0,0.0,0.0,0.0,0.0,0.0,0.0,0.0,0.0,0.0,0.0,0.0,0.0,0.0,0.0,0.0,0.0,0.0,0.0,0.0,0.0,0.0,0.0,0.0,0.0,0.0,0.0,0.0,0.0,0.0,0.0,0.0,0.0,0.0,0.0,0.0,0.0,0.0,0.0,0.0,0.0,0.0,0.0,0.0,0.0,0.0,0.0,0.0,0.0,0.0,0.0,0.0,0.0,0.0,0.0,0.0,0.02754,6e-05,0.0,0.0,0.0,0.0,0.0,0.0,0.0,0.05625,0.07818,0.00177,0.03449,0.0,0.0,0.0,0.0,0.0,0.0,0.0,0.14062,0.12046,0.0,0.0,0.0,0.0,0.0,0.0,0.0,0.0,0.0,0.16745,0.06462,0.0,0.0,0.0,0.0,0.0,0.0,0.0,0.0,0.0,0.11568,0.0911,0.0,0.0,0.0,0.0,0.0,0.0,0.0,0.0,0.3874,4.538,3.897,3.877,5.0,5.0,0,0.36,0.7970877066666667
785,0.0,0.0,0.0,0.0,0.0,0.0,0.0,0.0,0.0,0.0,0.0,0.0,0.0,0.0,0.0,0.0,0.0,0.0,0.0,0.0,0.0,0.0,0.0,0.0,0.0,0.0,0.0,0.0,0.0,0.0,0.0,0.0,0.0,0.0,0.0,0.0,0.0,0.0,0.0,0.0,0.0,0.0,0.0,0.0,0.0,0.0,0.0,0.0,0.0,0.0,0.0,0.0,0.0,0.0,0.0,0.0,0.0,0.0,0.0,0.0,0.0,0.02093,0.01144,0.0,0.0,0.0,0.0,0.0,0.0,0.0,0.04876,0.0793,0.02388,0.06085,0.0,0.0,0.0,0.0,0.0,0.0,0.0,0.1309,0.12453,0.0,0.0,0.0,0.0,0.0,0.0,0.0,0.0,0.0,0.16291,0.07164,0.0,0.0,0.0,0.0,0.0,0.0,0.0,0.0,0.0,0.10784,0.09399,0.0,0.0,0.0,0.0,0.0,0.0,0.0,0.0,0.3874,4.587,3.894,3.883,4.9075,5.0,0,0.54,0.88744776
786,0.0,0.0,0.0,0.0,0.0,0.0,0.0,0.0,0.0,0.0,0.0,0.0,0.0,0.0,0.0,0.0,0.0,0.0,0.0,0.0,0.0,0.0,0.0,0.0,0.0,0.0,0.0,0.0,0.0,0.0,0.0,0.0,0.0,0.0,0.0,0.0,0.0,0.0,0.0,0.0,0.0,0.0,0.0,0.0,0.0,0.0,0.0,0.0,0.0,0.0,0.0,0.0,0.0,0.0,0.0,0.0,0.0,0.0,0.0,0.0,0.0,0.00271,0.00578,0.0,0.00513,0.0,0.0,0.0,0.0,0.0,0.0477,0.07577,0.00177,0.01521,0.0,0.0,0.0,0.0,0.0,0.0,0.0,0.13231,0.12488,0.0,0.0,0.0,0.0,0.0,0.0,0.0,0.0,0.0,0.16633,0.06875,0.0,0.0,0.0,0.0,0.0,0.0,0.0,0.0,0.0,0.11981,0.09528,0.0,0.0,0.0,0.0,0.0,0.0,0.0,0.9,0.57711,4.2245,3.89,3.88,4.8285,5.0,0,0.72,0.8909890133333335
787,0.0,0.0,0.0,0.0,0.0,0.0,0.0,0.0,0.0,0.0,0.0,0.0,0.0,0.0,0.0,0.0,0.0,0.0,0.0,0.0,0.0,0.0,0.0,0.0,0.0,0.0,0.0,0.0,0.0,0.0,0.0,0.0,0.0,0.0,0.0,0.0,0.0,0.0,0.0,0.0,0.0,0.0,0.0,0.0,0.0,0.0,0.0,0.0,0.0,0.0,0.0,0.0,0.0,0.0,0.0,0.0,0.0,0.0,0.0,0.0,0.0,0.00159,0.0,0.0,0.0,0.0,0.0,0.0,0.0,0.0,0.04481,0.05371,0.0,0.0582,0.0,0.0,0.0,0.0,0.0,0.0,0.0,0.13355,0.12559,0.0,0.0,0.0,0.0,0.0,0.0,0.0,0.0,0.0,0.17182,0.06397,0.0,0.0,0.0,0.0,0.0,0.0,0.0,0.0,0.0,0.11822,0.08591,0.0,0.0,0.0,0.0,0.0,0.0,0.0,0.9,0.57711,3.9935,3.895,3.884,4.8585,5.0,0,0.9,0.8968914133333333
788,0.0,0.0,0.0,0.0,0.0,0.0,0.0,0.0,0.0,0.0,0.0,0.0,0.0,0.0,0.0,0.0,0.0,0.0,0.0,0.0,0.0,0.0,0.0,0.0,0.0,0.0,0.0,0.0,0.0,0.0,0.0,0.0,0.0,0.0,0.0,0.0,0.0,0.0,0.0,0.0,0.0,0.0,0.0,0.0,0.0,0.0,0.0,0.0,0.0,0.0,0.0,0.0,0.0,0.0,0.0,0.0,0.0,0.0,0.0,0.0,0.0,0.0,0.0,0.0,0.00035,0.0,0.0,0.0,0.0,0.0,0.03833,0.03048,0.0,0.01981,0.00619,0.0,0.0,0.0,0.0,0.0,0.0,0.1362,0.12665,0.0,0.0,0.0,0.0,0.0,0.0,0.0,0.0,0.0,0.17217,0.06521,0.0,0.0,0.0,0.0,0.0,0.0,0.0,0.0,0.0,0.1168,0.08591,0.0,0.0,0.0,0.0,0.0,0.0,0.0,0.9,0.57711,4.0615,3.898,3.883,5.0,5.0,0,0.9,0.9014658666666667
789,0.0,0.0,0.0,0.0,0.0,0.0,0.0,0.0,0.0,0.0,0.0,0.0,0.0,0.0,0.0,0.0,0.0,0.0,0.0,0.0,0.0,0.0,0.0,0.0,0.0,0.0,0.0,0.0,0.0,0.0,0.0,0.0,0.0,0.0,0.0,0.0,0.0,0.0,0.0,0.0,0.0,0.0,0.0,0.0,0.0,0.0,0.0,0.0,0.0,0.0,0.0,0.0,0.0,0.0,0.0,0.0,0.0,0.0,0.0,0.0,0.0,0.00047,0.00289,0.0,0.00018,0.0,0.0,0.0,0.0,0.0,0.03939,0.03048,0.0,0.04092,0.01091,0.0,0.0,0.0,0.0,0.0,0.0,0.13249,0.12754,0.0,0.0,0.0,0.0,0.0,0.0,0.0,0.0,0.0,0.17111,0.0668,0.0,0.0,0.0,0.0,0.0,0.0,0.0,0.0,0.0,0.12235,0.08532,0.0,0.0,0.0,0.0,0.0,0.0,0.0,0.9,0.57711,4.0615,3.895,3.883,4.9715,5.0,0,0.9,0.9186098133333334
790,0.0,0.0,0.0,0.0,0.0,0.0,0.0,0.0,0.0,0.0,0.0,0.0,0.0,0.0,0.0,0.0,0.0,0.0,0.0,0.0,0.0,0.0,0.0,0.0,0.0,0.0,0.0,0.0,0.0,0.0,0.0,0.0,0.0,0.0,0.0,0.0,0.0,0.0,0.0,0.0,0.0,0.0,0.0,0.0,0.0,0.0,0.0,0.0,0.0,0.0,0.0,0.0,0.0,0.0,0.0,0.0,0.0,0.0,0.0,0.0,0.0,0.0,0.0,0.0,0.0,0.0,0.0,0.0,0.0,0.0,0.03933,0.03496,0.0,0.0306,0.00371,0.0,0.0,0.0,0.0,0.0,0.0,0.13461,0.12913,0.0,0.0,0.0,0.0,0.0,0.0,0.0,0.0,0.0,0.16775,0.06698,0.0,0.0,0.0,0.0,0.0,0.0,0.0,0.0,0.0,0.11728,0.08862,0.0,0.0,0.0,0.0,0.0,0.0,0.0,0.9,0.7036,4.0695,3.89,3.881,4.9755,5.0,0,0.9,0.9397037600000001
791,0.0,0.0,0.0,0.0,0.0,0.0,0.0,0.0,0.0,0.0,0.0,0.0,0.0,0.0,0.0,0.0,0.0,0.0,0.0,0.0,0.0,0.0,0.0,0.0,0.0,0.0,0.0,0.0,0.0,0.0,0.0,0.0,0.0,0.0,0.0,0.0,0.0,0.0,0.0,0.0,0.0,0.0,0.0,0.0,0.0,0.0,0.0,0.0,0.0,0.0,0.0,0.0,0.0,0.0,0.0,0.0,0.0,0.0,0.0,0.0,0.0,0.0,0.0,0.0,0.0,0.0,0.0,0.0,0.0,0.0,0.03673,0.02518,0.0,0.02229,0.00301,0.0,0.0,0.0,0.0,0.0,0.0,0.13284,0.12789,0.0,0.0,0.0,0.0,0.0,0.0,0.0,0.0,0.0,0.16999,0.06651,0.0,0.0,0.0,0.0,0.0,0.0,0.0,0.0,0.0,0.11627,0.08821,0.0,0.0,0.0,0.0,0.0,0.0,0.0,0.9,0.82217,4.0795,3.9,3.88,4.981,5.0,0,0.9,0.9584297066666666
792,0.0,0.0,0.0,0.0,0.0,0.0,0.0,0.0,0.0,0.0,0.0,0.0,0.0,0.0,0.0,0.0,0.0,0.0,0.0,0.0,0.0,0.0,0.0,0.0,0.0,0.0,0.0,0.0,0.0,0.0,0.0,0.0,0.0,0.0,0.0,0.0,0.0,0.0,0.0,0.0,0.0,0.0,0.0,0.0,0.0,0.0,0.0,0.0,0.0,0.0,0.0,0.0,0.0,0.0,0.0,0.0,0.0,0.0,0.0,0.0,0.0,0.00083,0.002,0.0,0.0,0.0,0.0,0.0,0.0,0.0,0.03797,0.03225,0.0,0.03915,0.00985,0.0,0.0,0.0,0.0,0.0,0.0,0.13267,0.12807,0.0,0.0,0.0,0.0,0.0,0.0,0.0,0.0,0.0,0.16881,0.06645,0.0,0.0,0.0,0.0,0.0,0.0,0.0,0.0,0.0,0.12075,0.08656,0.0,0.0,0.0,0.0,0.0,0.0,0.0,0.9,0.98025,4.0815,3.887,3.883,4.9695,5.0,0,0.9,0.9600527733333333
793,0.0,0.0,0.0,0.0,0.0,0.0,0.0,0.0,0.0,0.0,0.0,0.0,0.0,0.0,0.0,0.0,0.0,0.0,0.0,0.0,0.0,0.0,0.0,0.0,0.0,0.0,0.0,0.0,0.0,0.0,0.0,0.0,0.0,0.0,0.0,0.0,0.0,0.0,0.0,0.0,0.0,0.0,0.0,0.0,0.0,0.0,0.0,0.0,0.0,0.0,0.0,0.0,0.0,0.0,0.0,0.0,0.0,0.0,0.0,0.0,0.0,0.0,0.0,0.0,0.0,0.0,0.0,0.0,0.0,0.0,0.03485,0.03096,0.0,0.05513,0.00855,0.0,0.0,0.0,0.0,0.0,0.0,0.13532,0.12842,0.0,0.0,0.0,0.0,0.0,0.0,0.0,0.0,0.0,0.16958,0.06604,0.0,0.0,0.0,0.0,0.0,0.0,0.0,0.0,0.0,0.13208,0.07966,0.0,0.0,0.0,0.0,0.0,0.0,0.0,0.9,1.0,3.9175,3.855,4.5735,4.6355,5.0,0,0.9,0.9557732533333334
794,0.0,0.0,0.0,0.0,0.0,0.0,0.0,0.0,0.0,0.0,0.0,0.0,0.0,0.0,0.0,0.0,0.0,0.0,0.0,0.0,0.0,0.0,0.0,0.0,0.0,0.0,0.0,0.0,0.0,0.0,0.0,0.0,0.0,0.0,0.0,0.0,0.0,0.0,0.0,0.0,0.0,0.0,0.0,0.0,0.0,0.0,0.0,0.0,0.0,0.0,0.0,0.0,0.0,0.0,0.0,0.0,0.0,0.0,0.0,0.0,0.0,0.0,0.0,0.0,0.0,0.0,0.0,0.0,0.0,0.0,0.05012,0.01268,0.00142,0.0,0.0,0.0,0.0,0.0,0.0,0.0,0.0,0.15478,0.10578,0.0,0.0,0.0,0.0,0.0,0.0,0.0,0.0,0.0,0.2043,0.04475,0.0,0.0,0.0,0.0,0.0,0.0,0.0,0.0,0.0,0.16468,0.04121,0.0,0.0,0.0,0.0,0.0,0.0,0.0,0.9,0.98816,4.0155,3.823,4.97,4.5885,5.0,0,0.9,0.9526132533333334
795,0.0,0.0,0.0,0.0,0.0,0.0,0.0,0.0,0.0,0.0,0.0,0.0,0.0,0.0,0.0,0.0,0.0,0.0,0.0,0.0,0.0,0.0,0.0,0.0,0.0,0.0,0.0,0.0,0.0,0.0,0.0,0.0,0.0,0.0,0.0,0.0,0.0,0.0,0.0,0.0,0.0,0.0,0.0,0.0,0.0,0.0,0.0,0.0,0.0,0.0,0.0,0.0,0.0,0.0,0.0,0.0,0.0,0.0,0.0,0.0,0.0,0.0,0.0,0.0,0.0,0.0,0.0,0.0,0.0,0.0,0.04581,0.0,0.0,0.0,0.0,0.0,0.0,0.0,0.0,0.0,0.00371,0.18803,0.06757,0.0,0.0,0.0,0.0,0.0,0.0,0.0,0.0,0.01067,0.21728,0.01209,0.0,0.0,0.0,0.0,0.0,0.0,0.0,0.0,0.0,0.21515,0.00525,0.0,0.0,0.0,0.0,0.0,0.0,0.0,0.9,0.79055,3.8155,3.755,4.487,4.884,5.0,0,0.9,0.9526132533333334
796,0.0,0.0,0.0,0.0,0.0,0.0,0.0,0.0,0.0,0.0,0.0,0.0,0.0,0.0,0.0,0.0,0.0,0.0,0.0,0.0,0.0,0.0,0.0,0.0,0.0,0.0,0.0,0.0,0.0,0.0,0.0,0.0,0.0,0.0,0.0,0.0,0.0,0.0,0.0,0.0,0.0,0.0,0.0,0.0,0.0,0.0,0.0,0.0,0.0,0.0,0.0,0.0,0.0,0.0,0.0,0.0,0.0,0.0,0.0,0.0,0.0,0.0,0.0,0.0,0.0,0.0,0.0,0.0,0.0,0.0,0.01221,0.0,0.0,0.0,0.0,0.0,0.0,0.0,0.0,0.0,0.0411,0.1862,0.01875,0.0,0.0,0.0,0.0,0.0,0.0,0.0,0.0,0.05937,0.1865,0.0,0.0,0.0,0.0,0.0,0.0,0.0,0.0,0.0,0.02512,0.18662,0.0,0.0,0.0,0.0,0.0,0.0,0.0,0.0,0.9,0.59291,3.718,3.8245,4.4585,5.0,5.0,0,0.9,0.9359535200000002
797,0.0,0.0,0.0,0.0,0.0,0.0,0.0,0.0,0.0,0.0,0.0,0.0,0.0,0.0,0.0,0.0,0.0,0.0,0.0,0.0,0.0,0.0,0.0,0.0,0.0,0.0,0.0,0.0,0.0,0.0,0.0,0.0,0.0,0.0,0.0,0.0,0.0,0.0,0.0,0.0,0.0,0.0,0.0,0.0,0.0,0.0,0.0,0.0,0.0,0.0,0.0,0.0,0.0,0.0,0.0,0.0,0.0,0.0,0.0,0.0,0.0,0.0,0.0,0.0,0.0,0.0,0.0,0.0,0.0,0.00513,0.05855,0.0,0.0,0.0,0.0,0.0,0.0,0.0,0.0,0.0,0.06551,0.18656,0.00318,0.0,0.0,0.0,0.0,0.0,0.0,0.0,0.0,0.08921,0.15649,0.0,0.0,0.0,0.0,0.0,0.0,0.0,0.0,0.0,0.05996,0.1707,0.0,0.0,0.0,0.0,0.0,0.0,0.0,0.0,0.9,0.96445,3.686,4.1995,4.455,5.0,5.0,0,0.9,0.9325593600000002
798,0.0,0.0,0.0,0.0,0.0,0.0,0.0,0.0,0.0,0.0,0.0,0.0,0.0,0.0,0.0,0.0,0.0,0.0,0.0,0.0,0.0,0.0,0.0,0.0,0.0,0.0,0.0,0.0,0.0,0.0,0.0,0.0,0.0,0.0,0.0,0.0,0.0,0.0,0.0,0.0,0.0,0.0,0.0,0.0,0.0,0.0,0.0,0.0,0.0,0.0,0.0,0.0,0.0,0.0,0.0,0.0,0.0,0.0,0.0,0.0,0.0,0.0,0.0,0.0,0.0,0.0,0.0,0.0,0.0,0.0,0.00142,0.0,0.0,0.0,0.0,0.0,0.0,0.0,0.0,0.0,0.05778,0.17624,0.00248,0.0,0.0,0.0,0.0,0.0,0.0,0.0,0.0,0.08709,0.16126,0.0,0.0,0.0,0.0,0.0,0.0,0.0,0.0,0.0,0.05855,0.1707,0.0,0.0,0.0,0.0,0.0,0.0,0.0,0.0,0.9,1.0,3.677,4.8225,4.3945,5.0,5.0,0,0.9,0.9347732266666668
799,0.0,0.0,0.0,0.0,0.0,0.0,0.0,0.0,0.0,0.0,0.0,0.0,0.0,0.0,0.0,0.0,0.0,0.0,0.0,0.0,0.0,0.0,0.0,0.0,0.0,0.0,0.0,0.0,0.0,0.0,0.0,0.0,0.0,0.0,0.0,0.0,0.0,0.0,0.0,0.0,0.0,0.0,0.0,0.0,0.0,0.0,0.0,0.0,0.0,0.0,0.0,0.0,0.0,0.0,0.0,0.0,0.0,0.0,0.0,0.0,0.0,0.0,0.0,0.0,0.0,0.0,0.0,0.0,0.0,0.00425,0.05271,0.0,0.0,0.0,0.0,0.0,0.0,0.0,0.0,0.0,0.08072,0.16568,0.00318,0.0,0.0,0.0,0.0,0.0,0.0,0.0,0.0,0.10932,0.13426,0.0,0.0,0.0,0.0,0.0,0.0,0.0,0.0,0.0,0.09233,0.13762,0.0,0.0,0.0,0.0,0.0,0.0,0.0,0.0,0.9,0.6878,3.647,4.3495,4.696,5.0,5.0,0,0.9,0.9418832266666668
800,0.0,0.0,0.0,0.0,0.0,0.0,0.0,0.0,0.0,0.0,0.0,0.0,0.0,0.0,0.0,0.0,0.0,0.0,0.0,0.0,0.0,0.0,0.0,0.0,0.0,0.0,0.0,0.0,0.0,0.0,0.0,0.0,0.0,0.0,0.0,0.0,0.0,0.0,0.0,0.0,0.0,0.0,0.0,0.0,0.0,0.0,0.0,0.0,0.0,0.0,0.0,0.0,0.0,0.0,0.0,0.0,0.0,0.0,0.0,0.0,0.0,0.0,0.0,0.0,0.0,0.0,0.0,0.0,0.0,0.03856,0.10955,0.00029,0.0,0.0,0.0,0.0,0.0,0.0,0.0,0.0,0.12789,0.13638,0.0,0.0,0.0,0.0,0.0,0.0,0.0,0.0,0.0,0.15873,0.07476,0.0,0.0,0.0,0.0,0.0,0.0,0.0,0.0,0.0,0.15195,0.07783,0.0,0.0,0.0,0.0,0.0,0.0,0.0,0.0,0.9,0.60872,3.643,5.0,5.0,5.0,5.0,0,0.9,0.9221252266666667
801,0.0,0.0,0.0,0.0,0.0,0.0,0.0,0.0,0.0,0.0,0.0,0.0,0.0,0.0,0.0,0.0,0.0,0.0,0.0,0.0,0.0,0.0,0.0,0.0,0.0,0.0,0.0,0.0,0.0,0.0,0.0,0.0,0.0,0.0,0.0,0.0,0.0,0.0,0.0,0.0,0.0,0.0,0.0,0.0,0.0,0.0,0.0,0.0,0.0,0.0,0.0,0.0,0.0,0.0,0.0,0.0,0.0,0.0,0.0,0.0,0.0,0.0,0.0,0.0,0.0,0.0,0.0,0.0,0.0,0.0398,0.09198,0.0,0.0,0.0,0.0,0.0,0.0,0.0,0.0,0.0,0.13284,0.12913,0.0,0.0,0.0,0.0,0.0,0.0,0.0,0.0,0.0,0.16822,0.07217,0.0,0.0,0.0,0.0,0.0,0.0,0.0,0.0,0.0,0.15513,0.06739,0.0,0.0,0.0,0.0,0.0,0.0,0.0,0.0,0.9,0.71151,3.641,4.3485,5.0,5.0,5.0,0,0.9,0.92079672
802,0.0,0.0,0.0,0.0,0.0,0.0,0.0,0.0,0.0,0.0,0.0,0.0,0.0,0.0,0.0,0.0,0.0,0.0,0.0,0.0,0.0,0.0,0.0,0.0,0.0,0.0,0.0,0.0,0.0,0.0,0.0,0.0,0.0,0.0,0.0,0.0,0.0,0.0,0.0,0.0,0.0,0.0,0.0,0.0,0.0,0.0,0.0,0.0,0.0,0.0,0.0,0.0,0.0,0.0,0.0,0.0,0.0,0.0,0.0,0.0,0.0,0.0,0.0,0.0,0.0,0.0,0.0,0.0,0.0,0.03662,0.0819,0.0,0.0,0.0,0.0,0.0,0.0,0.0,0.0,0.0,0.13037,0.12948,0.0,0.0,0.0,0.0,0.0,0.0,0.0,0.0,0.0,0.16521,0.07341,0.0,0.0,0.0,0.0,0.0,0.0,0.0,0.0,0.0,0.15371,0.07465,0.0,0.0,0.0,0.0,0.0,0.0,0.0,0.0,0.9,1.0,3.617,4.2635,4.6705,5.0,5.0,0,0.9,0.9209443733333333
803,0.0,0.0,0.0,0.0,0.0,0.0,0.0,0.0,0.0,0.0,0.0,0.0,0.0,0.0,0.0,0.0,0.0,0.0,0.0,0.0,0.0,0.0,0.0,0.0,0.0,0.0,0.0,0.0,0.0,0.0,0.0,0.0,0.0,0.0,0.0,0.0,0.0,0.0,0.0,0.0,0.0,0.0,0.0,0.0,0.0,0.0,0.0,0.0,0.0,0.0,0.0,0.0,0.0,0.0,0.0,0.0,0.0,0.0,0.0,0.0,0.0,0.0,0.0,0.0,0.0,0.0,0.0,0.0,0.0,0.04316,0.11704,0.00183,0.0,0.0,0.0,0.0,0.0,0.0,0.0,0.0,0.14057,0.1184,0.0,0.0,0.0,0.0,0.0,0.0,0.0,0.0,0.0,0.1885,0.05755,0.0,0.0,0.0,0.0,0.0,0.0,0.0,0.0,0.0,0.18697,0.04935,0.0,0.0,0.0,0.0,0.0,0.0,0.0,0.0,0.9,0.90121,3.603,4.2035,5.0,5.0,5.0,0,0.9,0.9194684000000001
804,0.0,0.0,0.0,0.0,0.0,0.0,0.0,0.0,0.0,0.0,0.0,0.0,0.0,0.0,0.0,0.0,0.0,0.0,0.0,0.0,0.0,0.0,0.0,0.0,0.0,0.0,0.0,0.0,0.0,0.0,0.0,0.0,0.0,0.0,0.0,0.0,0.0,0.0,0.0,0.0,0.0,0.0,0.0,0.0,0.0,0.0,0.0,0.0,0.0,0.0,0.0,0.0,0.0,0.0,0.0,0.0,0.0,0.0,0.0,0.0,0.0,0.0,0.0,0.0,0.0,0.0,0.0,0.0,0.0,0.11904,0.05165,0.0,0.0,0.0,0.0,0.0,0.0,0.0,0.0,0.00713,0.19133,0.05625,0.0,0.0,0.0,0.0,0.0,0.0,0.0,0.0,0.03308,0.21085,0.0069,0.0,0.0,0.0,0.0,0.0,0.0,0.0,0.0,0.02683,0.19057,0.0,0.0,0.0,0.0,0.0,0.0,0.0,0.0,0.0,0.9,0.61663,3.564,4.2455,5.0,5.0,5.0,0,0.9,0.8995547466666667
805,0.0,0.0,0.0,0.0,0.0,0.0,0.0,0.0,0.0,0.0,0.0,0.0,0.0,0.0,0.0,0.0,0.0,0.0,0.0,0.0,0.0,0.0,0.0,0.0,0.0,0.0,0.0,0.0,0.0,0.0,0.0,0.0,0.0,0.0,0.0,0.0,0.0,0.0,0.0,0.0,0.0,0.0,0.0,0.0,0.0,0.0,0.0,0.0,0.0,0.0,0.0,0.0,0.0,0.0,0.0,0.0,0.0,0.0,0.0,0.0,0.0,0.0,0.0,0.0,0.0,0.0,0.0,0.0,0.0,0.1332,0.00442,0.0,0.0,0.0,0.0,0.0,0.0,0.0,0.0,0.00814,0.19192,0.04917,0.0,0.0,0.0,0.0,0.0,0.0,0.0,0.0,0.03856,0.20472,0.00542,0.0,0.0,0.0,0.0,0.0,0.0,0.0,0.0,0.03779,0.18367,0.0,0.0,0.0,0.0,0.0,0.0,0.0,0.0,0.0,0.9,0.61663,3.572,4.2445,5.0,5.0,5.0,0,0.9,0.9193127466666666
806,0.0,0.0,0.0,0.0,0.0,0.0,0.0,0.0,0.0,0.0,0.0,0.0,0.0,0.0,0.0,0.0,0.0,0.0,0.0,0.0,0.0,0.0,0.0,0.0,0.0,0.0,0.0,0.0,0.0,0.0,0.0,0.0,0.0,0.0,0.0,0.0,0.0,0.0,0.0,0.0,0.0,0.0,0.0,0.0,0.0,0.0,0.0,0.0,0.0,0.0,0.0,0.0,0.0,0.0,0.0,0.0,0.0,0.0,0.0,0.0,0.0,0.0,0.0,0.0,0.0,0.0,0.0,0.0,0.0,0.12134,0.0,0.0,0.0,0.0,0.0,0.0,0.0,0.0,0.0,0.00967,0.19269,0.04599,0.0,0.0,0.0,0.0,0.0,0.0,0.0,0.0,0.04086,0.2,0.00395,0.0,0.0,0.0,0.0,0.0,0.0,0.0,0.0,0.03532,0.18066,0.0,0.0,0.0,0.0,0.0,0.0,0.0,0.0,0.0,0.9,0.63244,3.576,4.245,5.0,5.0,5.0,0,0.72,0.9396689866666668
807,0.0,0.0,0.0,0.0,0.0,0.0,0.0,0.0,0.0,0.0,0.0,0.0,0.0,0.0,0.0,0.0,0.0,0.0,0.0,0.0,0.0,0.0,0.0,0.0,0.0,0.0,0.0,0.0,0.0,0.0,0.0,0.0,0.0,0.0,0.0,0.0,0.0,0.0,0.0,0.0,0.0,0.0,0.0,0.0,0.0,0.0,0.0,0.0,0.0,0.0,0.0,0.0,0.0,0.0,0.0,0.0,0.0,0.0,0.0,0.0,0.0,0.0,0.0,0.0,0.0,0.0,0.0,0.0,0.0,0.12577,0.00071,0.0,0.0,0.0,0.0,0.0,0.0,0.0,0.0,0.00938,0.19269,0.04735,0.0,0.0,0.0,0.0,0.0,0.0,0.0,0.0,0.03962,0.20348,0.00489,0.0,0.0,0.0,0.0,0.0,0.0,0.0,0.0,0.03833,0.18438,0.0,0.0,0.0,0.0,0.0,0.0,0.0,0.0,0.0,0.9,0.64034,3.571,5.0,5.0,5.0,5.0,0,0.54,0.9600252266666667
808,0.0,0.0,0.0,0.0,0.0,0.0,0.0,0.0,0.0,0.0,0.0,0.0,0.0,0.0,0.0,0.0,0.0,0.0,0.0,0.0,0.0,0.0,0.0,0.0,0.0,0.0,0.0,0.0,0.0,0.0,0.0,0.0,0.0,0.0,0.0,0.0,0.0,0.0,0.0,0.0,0.0,0.0,0.0,0.0,0.0,0.0,0.0,0.0,0.0,0.0,0.0,0.0,0.0,0.0,0.0,0.0,0.0,0.0,0.0,0.0,0.0,0.0,0.0,0.0,0.0,0.0,0.0,0.0,0.0,0.11993,0.0,0.0,0.0,0.0,0.0,0.0,0.0,0.0,0.0,0.00938,0.19192,0.04528,0.0,0.0,0.0,0.0,0.0,0.0,0.0,0.0,0.04068,0.20177,0.00448,0.0,0.0,0.0,0.0,0.0,0.0,0.0,0.0,0.04104,0.1806,0.0,0.0,0.0,0.0,0.0,0.0,0.0,0.0,0.0,0.9,1.0,3.569,4.254,5.0,5.0,5.0,0,0.36000000000000004,0.9302923466666668
809,0.0,0.0,0.0,0.0,0.0,0.0,0.0,0.0,0.0,0.0,0.0,0.0,0.0,0.0,0.0,0.0,0.0,0.0,0.0,0.0,0.0,0.0,0.0,0.0,0.0,0.0,0.0,0.0,0.0,0.0,0.0,0.0,0.0,0.0,0.0,0.0,0.0,0.0,0.0,0.0,0.0,0.0,0.0,0.0,0.0,0.0,0.0,0.0,0.0,0.0,0.0,0.0,0.0,0.0,0.0,0.0,0.0,0.0,0.0,0.0,0.0,0.0,0.0,0.0,0.0,0.0,0.0,0.0,0.0,0.13603,0.0,0.0,0.0,0.0,0.0,0.0,0.0,0.0,0.0,0.0102,0.19463,0.0444,0.0,0.0,0.0,0.0,0.0,0.0,0.0,0.0,0.04316,0.20112,0.00354,0.0,0.0,0.0,0.0,0.0,0.0,0.0,0.0,0.03856,0.18803,0.0,0.0,0.0,0.0,0.0,0.0,0.0,0.0,0.0,0.0,1.0,4.1515,5.0,5.0,5.0,5.0,0,0.18,0.9246856266666666
810,0.0,0.0,0.0,0.0,0.0,0.0,0.0,0.0,0.0,0.0,0.0,0.0,0.0,0.0,0.0,0.0,0.0,0.0,0.0,0.0,0.0,0.0,0.0,0.0,0.0,0.0,0.0,0.0,0.0,0.0,0.0,0.0,0.0,0.0,0.0,0.0,0.0,0.0,0.0,0.0,0.0,0.0,0.0,0.0,0.0,0.0,0.0,0.0,0.0,0.0,0.0,0.0,0.0,0.0,0.0,0.0,0.0,0.0,0.0,0.0,0.0,0.0,0.0,0.0,0.0,0.0,0.0,0.0,0.0,0.08491,0.0,0.0,0.0,0.0,0.0,0.0,0.0,0.0,0.0,0.00254,0.20513,0.02706,0.0,0.0,0.0,0.0,0.0,0.0,0.0,0.0,0.01539,0.21792,0.01397,0.0,0.0,0.0,0.0,0.0,0.0,0.0,0.0,0.01627,0.21014,0.00177,0.0,0.0,0.0,0.0,0.0,0.0,0.0,0.0,0.0,1.0,4.0995,5.0,5.0,5.0,5.0,0,0.05691,0.8984268
811,0.0,0.0,0.0,0.0,0.0,0.0,0.0,0.0,0.0,0.0,0.0,0.0,0.0,0.0,0.0,0.0,0.0,0.0,0.0,0.0,0.0,0.0,0.0,0.0,0.0,0.0,0.0,0.0,0.0,0.0,0.0,0.0,0.0,0.0,0.0,0.0,0.0,0.0,0.0,0.0,0.0,0.0,0.0,0.0,0.0,0.0,0.0,0.0,0.0,0.0,0.0,0.0,0.0,0.0,0.0,0.0,0.0,0.0,0.0,0.0,0.0,0.0,0.0,0.0,0.0,0.0,0.0,0.0,0.0,0.0,0.0,0.0,0.0,0.0,0.0,0.0,0.0,0.0,0.0,0.0,0.12235,0.02075,0.0,0.0,0.0,0.0,0.0,0.0,0.0,0.0,0.0,0.11392,0.11834,0.0,0.0,0.0,0.0,0.0,0.0,0.0,0.0,0.0,0.10029,0.13302,0.0,0.0,0.0,0.0,0.0,0.0,0.0,0.0,0.0,0.75103,3.9845,5.0,5.0,5.0,5.0,0,0.23691,0.8720205066666666
812,0.0,0.0,0.0,0.0,0.0,0.0,0.0,0.0,0.0,0.0,0.0,0.0,0.0,0.0,0.0,0.0,0.0,0.0,0.0,0.0,0.0,0.0,0.0,0.0,0.0,0.0,0.0,0.0,0.0,0.0,0.0,0.0,0.0,0.0,0.0,0.0,0.0,0.0,0.0,0.0,0.0,0.0,0.0,0.0,0.0,0.0,0.0,0.0,0.0,0.0,0.0,0.0,0.0,0.0,0.0,0.0,0.0,0.0,0.0,0.0,0.0,0.0,0.0,0.0,0.0,0.0,0.0,0.00354,0.00159,0.0,0.0,0.0,0.0,0.0,0.0,0.0,0.0,0.0,0.0,0.0,0.0,0.0,0.0,0.0,0.0,0.0,0.0,0.0,0.0,0.0,0.0,0.00248,0.05112,0.0,0.0,0.0,0.0,0.0,0.0,0.0,0.0,0.0,0.0,0.15088,0.01061,0.0,0.0,0.0,0.0,0.0,0.0,0.0,0.0,0.33998,3.9675,5.0,4.6775,4.3655,5.0,0,0.41691,0.8490083733333333
813,0.0,0.0,0.0,0.0,0.0,0.0,0.0,0.0,0.0,0.0,0.0,0.0,0.0,0.0,0.0,0.0,0.0,0.0,0.0,0.0,0.0,0.0,0.0,0.0,0.0,0.0,0.0,0.0,0.0,0.0,0.0,0.0,0.0,0.0,0.0,0.0,0.0,0.0,0.0,0.0,0.0,0.0,0.0,0.0,0.0,0.0,0.0,0.0,0.0,0.0,0.0,0.0,0.0,0.0,0.0,0.0,0.0,0.0,0.0,0.0,0.0,0.0,0.0,0.0,0.0,0.0,0.0,0.03255,0.00389,0.0,0.0,0.0,0.0,0.0,0.0,0.0,0.0,0.0,0.0,0.0,0.0,0.0,0.0,0.0,0.0,0.0,0.0,0.0,0.0,0.0,0.0,0.0,0.0,0.0,0.0,0.0,0.0,0.0,0.0,0.0,0.0,0.0,0.0,0.05183,0.0,0.0,0.0,0.0,0.0,0.0,0.0,0.0,0.28455,0.30042,3.9705,5.0,4.6785,5.0,5.0,0,0.59691,0.8988023733333333
814,0.0,0.0,0.0,0.0,0.0,0.0,0.0,0.0,0.0,0.0,0.0,0.0,0.0,0.0,0.0,0.0,0.0,0.0,0.0,0.0,0.0,0.0,0.0,0.0,0.0,0.0,0.0,0.0,0.0,0.0,0.0,0.0,0.0,0.0,0.0,0.0,0.0,0.0,0.0,0.0,0.0,0.0,0.0,0.0,0.0,0.0,0.0,0.0,0.0,0.0,0.0,0.0,0.0,0.0,0.0,0.0,0.0,0.0,0.0,0.0,0.0,0.0,0.0,0.0,0.0,0.0,0.0,0.02376,0.00153,0.0,0.0,0.0,0.0,0.0,0.0,0.0,0.0,0.0,0.0,0.0,0.0,0.0,0.0,0.0,0.0,0.0,0.0,0.0,0.0,0.0,0.0,0.0,0.0,0.0,0.0,0.0,0.0,0.0,0.0,0.0,0.0,0.0,0.0,0.04228,0.0,0.0,0.0,0.0,0.0,0.0,0.0,0.0,0.9,0.29252,3.9675,5.0,4.6825,5.0,5.0,0,0.77691,0.9243227466666667
815,0.0,0.0,0.0,0.0,0.0,0.0,0.0,0.0,0.0,0.0,0.0,0.0,0.0,0.0,0.0,0.0,0.0,0.0,0.0,0.0,0.0,0.0,0.0,0.0,0.0,0.0,0.0,0.0,0.0,0.0,0.0,0.0,0.0,0.0,0.0,0.0,0.0,0.0,0.0,0.0,0.0,0.0,0.0,0.0,0.0,0.0,0.0,0.0,0.0,0.0,0.0,0.0,0.0,0.0,0.0,0.0,0.0,0.0,0.0,0.0,0.0,0.0,0.0,0.0,0.0,0.0,0.0,0.02848,0.00301,0.0,0.0,0.0,0.0,0.0,0.0,0.0,0.0,0.0,0.0,0.0,0.0,0.0,0.0,0.0,0.0,0.0,0.0,0.0,0.0,0.0,0.0,0.0,0.0,0.0,0.0,0.0,0.0,0.0,0.0,0.0,0.0,0.0,0.0,0.04051,0.0,0.0,0.0,0.0,0.0,0.0,0.0,0.0,0.9,0.47435,3.9625,5.0,4.6895,5.0,5.0,0,0.805372,0.9333243733333333
816,0.0,0.0,0.0,0.0,0.0,0.0,0.0,0.0,0.0,0.0,0.0,0.0,0.0,0.0,0.0,0.0,0.0,0.0,0.0,0.0,0.0,0.0,0.0,0.0,0.0,0.0,0.0,0.0,0.0,0.0,0.0,0.0,0.0,0.0,0.0,0.0,0.0,0.0,0.0,0.0,0.0,0.0,0.0,0.0,0.0,0.0,0.0,0.0,0.0,0.0,0.0,0.0,0.0,0.0,0.0,0.0,0.0,0.0,0.0,0.0,0.0,0.0,0.0,0.0,0.0,0.0,0.0,0.03373,0.00483,0.0,0.0,0.0,0.0,0.0,0.0,0.0,0.0,0.0,0.0,0.0,0.0,0.0,0.0,0.0,0.0,0.0,0.0,0.0,0.0,0.0,0.0,0.0,0.0,0.0,0.0,0.0,0.0,0.0,0.0,0.0,0.0,0.0,0.0,0.03502,0.0,0.0,0.0,0.0,0.0,0.0,0.0,0.0,0.9,1.0,3.9585,5.0,5.0,5.0,5.0,0,0.6253719999999999,0.9370136533333333
817,0.0,0.0,0.0,0.0,0.0,0.0,0.0,0.0,0.0,0.0,0.0,0.0,0.0,0.0,0.0,0.0,0.0,0.0,0.0,0.0,0.0,0.0,0.0,0.0,0.0,0.0,0.0,0.0,0.0,0.0,0.0,0.0,0.0,0.0,0.0,0.0,0.0,0.0,0.0,0.0,0.0,0.0,0.0,0.0,0.0,0.0,0.0,0.0,0.0,0.0,0.0,0.0,0.0,0.0,0.0,0.0,0.0,0.0,0.0,0.0,0.0,0.0,0.0,0.0,0.0,0.0,0.0,0.04086,0.0,0.0,0.0,0.0,0.0,0.0,0.0,0.0,0.0,0.0,0.0,0.0,0.0,0.0,0.0,0.0,0.0,0.0,0.0,0.0,0.0,0.0,0.0,0.0,0.0,0.0,0.0,0.0,0.0,0.0,0.0,0.0,0.0,0.0,0.0,0.00831,0.0,0.0,0.0,0.0,0.0,0.0,0.0,0.0,0.9,1.0,3.9445,5.0,4.6095,5.0,5.0,0,0.44537200000000005,0.8596377866666666
818,0.0,0.0,0.0,0.0,0.0,0.0,0.0,0.0,0.0,0.0,0.0,0.0,0.0,0.0,0.0,0.0,0.0,0.0,0.0,0.0,0.0,0.0,0.0,0.0,0.0,0.0,0.0,0.0,0.0,0.0,0.0,0.0,0.0,0.0,0.0,0.0,0.0,0.0,0.0,0.0,0.0,0.0,0.0,0.0,0.0,0.0,0.0,0.0,0.0,0.0,0.0,0.0,0.0,0.0,0.0,0.0,0.0,0.0,0.0,0.0,0.0,0.0,0.0,0.0,0.0,0.0,0.0,0.0,0.0,0.0,0.0,0.0,0.0,0.0,0.0,0.0,0.0,0.0,0.0,0.0,0.0,0.0,0.0,0.0,0.0,0.0,0.0,0.0,0.0,0.0,0.0,0.0,0.0,0.0,0.0,0.0,0.0,0.0,0.0,0.0,0.0,0.0,0.0,0.0,0.0,0.0,0.0,0.0,0.0,0.0,0.0,0.0,0.42686,0.78265,3.894,5.0,4.5645,5.0,5.0,0,0.26537200000000005,0.7592497866666668
819,0.0,0.0,0.0,0.0,0.0,0.0,0.0,0.0,0.0,0.0,0.0,0.0,0.0,0.0,0.0,0.0,0.0,0.0,0.0,0.0,0.0,0.0,0.0,0.0,0.0,0.0,0.0,0.0,0.0,0.0,0.0,0.0,0.0,0.0,0.0,0.0,0.0,0.0,0.0,0.0,0.0,0.0,0.0,0.0,0.0,0.0,0.0,0.0,0.0,0.0,0.0,0.0,0.0,0.0,0.0,0.0,0.0,0.0,0.0,0.0,0.0,0.0,0.0,0.0,0.0,0.0,0.0,0.0,0.0,0.0,0.0,0.0,0.0,0.0,0.0,0.01857,0.0,0.0,0.0,0.0,0.0,0.0,0.0,0.0,0.0,0.0,0.0,0.0,0.0,0.0,0.0,0.0,0.0,0.0,0.0,0.0,0.0,0.0,0.0,0.0,0.0,0.0,0.0,0.0,0.0,0.0,0.0,0.0,0.0,0.0,0.0,0.0,0.0,0.49016,3.8795,4.5075,4.78,4.1325,5.0,0,0.08537200000000003,0.7592497866666668
820,0.0,0.0,0.0,0.0,0.0,0.0,0.0,0.0,0.0,0.0,0.0,0.0,0.0,0.0,0.0,0.0,0.0,0.0,0.0,0.0,0.0,0.0,0.0,0.0,0.0,0.0,0.0,0.0,0.0,0.0,0.0,0.0,0.0,0.0,0.0,0.0,0.0,0.0,0.0,0.0,0.0,0.0,0.0,0.0,0.0,0.0,0.0,0.0,0.0,0.0,0.0,0.0,0.0,0.0,0.0,0.0,0.0,0.0,0.0,0.0,0.0,0.0,0.0,0.0,0.0,0.0,0.0,0.0,0.0,0.0,0.0,0.0,0.0,0.0,0.0,0.03945,0.0,0.0,0.0,0.0,0.0,0.0,0.0,0.0,0.0,0.0,0.0,0.0,0.0,0.0,0.0,0.0,0.0,0.0,0.0,0.0,0.0,0.0,0.0,0.0,0.0,0.0,0.0,0.0,0.0,0.0,0.0,0.0,0.0,0.0,0.0,0.0,0.0,0.49806,3.8735,4.5235,5.0,4.2085,5.0,0,0.0,0.7765069866666667
821,0.0,0.0,0.0,0.0,0.0,0.0,0.0,0.0,0.0,0.0,0.0,0.0,0.0,0.0,0.0,0.0,0.0,0.0,0.0,0.0,0.0,0.0,0.0,0.0,0.0,0.0,0.0,0.0,0.0,0.0,0.0,0.0,0.0,0.0,0.0,0.0,0.0,0.0,0.0,0.0,0.0,0.0,0.0,0.0,0.0,0.0,0.0,0.0,0.0,0.0,0.0,0.0,0.0,0.0,0.0,0.0,0.0,0.0,0.0,0.0,0.0,0.0,0.0,0.0,0.0,0.0,0.0,0.0,0.0,0.0,0.0,0.0,0.0,0.0,0.0,0.0,0.0,0.0,0.0,0.0,0.0,0.0,0.0,0.0,0.0,0.0,0.0,0.0,0.0,0.0,0.0,0.0,0.0,0.0,0.0,0.0,0.0,0.0,0.0,0.0,0.0,0.0,0.0,0.0,0.0,0.0,0.0,0.0,0.0,0.0,0.0,0.0,0.0,0.49806,3.8875,4.5265,4.771,4.2065,5.0,0,0.0,0.7747364533333334
822,0.0,0.0,0.0,0.0,0.0,0.0,0.0,0.0,0.0,0.0,0.0,0.0,0.0,0.0,0.0,0.0,0.0,0.0,0.0,0.0,0.0,0.0,0.0,0.0,0.0,0.0,0.0,0.0,0.0,0.0,0.0,0.0,0.0,0.0,0.0,0.0,0.0,0.0,0.0,0.0,0.0,0.0,0.0,0.0,0.0,0.0,0.0,0.0,0.0,0.0,0.0,0.0,0.0,0.0,0.0,0.0,0.0,0.0,0.0,0.0,0.0,0.0,0.0,0.0,0.0,0.0,0.0,0.0,0.0,0.0,0.0,0.0,0.0,0.0,0.0,0.0,0.0,0.0,0.0,0.0,0.0,0.0,0.0,0.0,0.0,0.0,0.0,0.0,0.0,0.0,0.0,0.0,0.0,0.0,0.0,0.0,0.0,0.0,0.0,0.0,0.0,0.0,0.0,0.0,0.0,0.0,0.0,0.0,0.0,0.0,0.0,0.0,0.0,1.0,4.1605,4.5165,4.752,5.0,5.0,0,-0.18,0.8521123200000001
823,0.0,0.0,0.0,0.0,0.0,0.0,0.0,0.0,0.0,0.0,0.0,0.0,0.0,0.0,0.0,0.0,0.0,0.0,0.0,0.0,0.0,0.0,0.0,0.0,0.0,0.0,0.0,0.0,0.0,0.0,0.0,0.0,0.0,0.0,0.0,0.0,0.0,0.0,0.0,0.0,0.0,0.0,0.0,0.0,0.0,0.0,0.0,0.0,0.0,0.0,0.0,0.0,0.0,0.0,0.0,0.0,0.0,0.0,0.0,0.0,0.0,0.0,0.0,0.0,0.0,0.0,0.0,0.0,0.0,0.0,0.0,0.0,0.0,0.0,0.0,0.00018,0.0,0.0,0.0,0.0,0.0,0.0,0.0,0.0,0.0,0.0,0.0,0.0,0.0,0.0,0.0,0.0,0.0,0.0,0.0,0.0,0.0,0.0,0.0,0.0,0.0,0.0,0.0,0.0,0.0,0.0,0.0,0.0,0.0,0.0,0.0,0.0,0.0,1.0,4.1015,5.0,4.129,5.0,5.0,0,-0.36,0.9469703200000001
824,0.0,0.0,0.0,0.0,0.0,0.0,0.0,0.0,0.0,0.0,0.0,0.0,0.0,0.0,0.0,0.0,0.0,0.0,0.0,0.0,0.0,0.0,0.0,0.0,0.0,0.0,0.0,0.0,0.0,0.0,0.0,0.0,0.0,0.0,0.0,0.0,0.0,0.0,0.0,0.0,0.0,0.0,0.0,0.0,0.0,0.0,0.0,0.0,0.0,0.0,0.0,0.0,0.0,0.0,0.0,0.0,0.0,0.0,0.0,0.0,0.0,0.0,0.0,0.0,0.0,0.0,0.0,0.0,0.0,0.0,0.0,0.0,0.0,0.0,0.0,0.0,0.0,0.0,0.0,0.0,0.0,0.0,0.0,0.0,0.0,0.0,0.0,0.0,0.0,0.0,0.0,0.0,0.0,0.0,0.0,0.0,0.0,0.0,0.0,0.0,0.0,0.0,0.0,0.0,0.0,0.0,0.0,0.0,0.0,0.0,0.0,0.0,0.0,0.39531,4.4685,4.3495,3.9465,3.9825,5.0,0,-0.54,0.9469703200000001
825,0.0,0.0,0.0,0.0,0.0,0.0,0.0,0.0,0.0,0.0,0.0,0.0,0.0,0.0,0.0,0.0,0.0,0.0,0.0,0.0,0.0,0.0,0.0,0.0,0.0,0.0,0.0,0.0,0.0,0.0,0.0,0.0,0.0,0.0,0.0,0.0,0.0,0.0,0.0,0.0,0.0,0.0,0.0,0.0,0.0,0.0,0.0,0.0,0.0,0.0,0.0,0.0,0.0,0.0,0.0,0.0,0.0,0.0,0.0,0.0,0.0,0.0,0.0,0.0,0.0,0.0,0.0,0.0,0.0,0.0,0.0,0.0,0.0,0.0,0.0,0.0,0.0,0.0,0.0,0.0,0.0,0.0,0.0,0.0,0.0,0.0,0.0,0.0,0.0,0.0,0.0,0.0,0.0,0.0,0.0,0.0,0.0,0.0,0.0,0.0,0.0,0.0,0.0,0.0,0.0,0.0,0.0,0.0,0.0,0.0,0.0,0.0,-0.9,0.47435,4.0555,4.3435,3.9335,3.9825,5.0,0,-0.72,0.9272123200000001
826,0.0,0.0,0.0,0.0,0.0,0.0,0.0,0.0,0.0,0.0,0.0,0.0,0.0,0.0,0.0,0.0,0.0,0.0,0.0,0.0,0.0,0.0,0.0,0.0,0.0,0.0,0.0,0.0,0.0,0.0,0.0,0.0,0.0,0.0,0.0,0.0,0.0,0.0,0.0,0.0,0.0,0.0,0.0,0.0,0.0,0.0,0.0,0.0,0.0,0.0,0.0,0.0,0.0,0.0,0.0,0.0,0.0,0.0,0.0,0.0,0.0,0.0,0.0,0.0,0.0,0.0,0.0,0.0,0.0,0.0,0.0,0.0,0.0,0.0,0.0,0.0,0.0,0.0,0.0,0.0,0.0,0.0,0.0,0.0,0.0,0.0,0.0,0.0,0.0,0.0,0.0,0.0,0.0,0.0,0.0,0.0,0.0,0.0,0.0,0.0,0.0,0.0,0.0,0.0,0.0,0.0,0.0,0.0,0.0,0.0,0.0,0.0,-0.9,0.97235,4.0485,5.0,3.9395,3.9715,5.0,0,-0.9,0.9289828533333333
827,0.0,0.0,0.0,0.0,0.0,0.0,0.0,0.0,0.0,0.0,0.0,0.0,0.0,0.0,0.0,0.0,0.0,0.0,0.0,0.0,0.0,0.0,0.0,0.0,0.0,0.0,0.0,0.0,0.0,0.0,0.0,0.0,0.0,0.0,0.0,0.0,0.0,0.0,0.0,0.0,0.0,0.0,0.0,0.0,0.0,0.0,0.0,0.0,0.0,0.0,0.0,0.0,0.0,0.0,0.0,0.0,0.0,0.0,0.0,0.0,0.0,0.0,0.0,0.0,0.0,0.0,0.0,0.0,0.0,0.0,0.0,0.0,0.0,0.0,0.0,0.0,0.0,0.0,0.0,0.0,0.0,0.0,0.0,0.0,0.0,0.0,0.0,0.0,0.0,0.0,0.0,0.0,0.0,0.0,0.0,0.0,0.0,0.0,0.0,0.0,0.0,0.0,0.0,0.0,0.0,0.0,0.0,0.0,0.0,0.0,0.0,0.0,-0.9,1.0,4.0115,4.2945,4.482,3.8915,5.0,0,-0.9,0.9266220799999999
828,0.0,0.0,0.0,0.0,0.0,0.0,0.0,0.0,0.0,0.0,0.0,0.0,0.0,0.0,0.0,0.0,0.0,0.0,0.0,0.0,0.0,0.0,0.0,0.0,0.0,0.0,0.0,0.0,0.0,0.0,0.0,0.0,0.0,0.0,0.0,0.0,0.0,0.0,0.0,0.0,0.0,0.0,0.0,0.0,0.0,0.0,0.0,0.0,0.0,0.0,0.0,0.0,0.0,0.0,0.0,0.0,0.0,0.0,0.0,0.0,0.0,0.0,0.0,0.0,0.0,0.0,0.0,0.00124,0.0,0.0,0.0,0.0,0.0,0.0,0.0,0.0,0.0,0.0,0.0,0.0,0.0,0.0,0.0,0.0,0.0,0.0,0.0,0.0,0.0,0.0,0.0,0.0,0.0,0.0,0.0,0.0,0.0,0.0,0.0,0.0,0.0,0.0,0.0,0.0,0.0,0.0,0.0,0.0,0.0,0.0,0.0,0.0,-0.9,0.90121,3.6475,5.0,4.8985,3.835,3.7985,0,-0.9,0.9066317066666667
829,0.0,0.0,0.0,0.0,0.0,0.0,0.0,0.0,0.0,0.0,0.0,0.0,0.0,0.0,0.0,0.0,0.0,0.0,0.0,0.0,0.0,0.0,0.0,0.0,0.0,0.0,0.0,0.0,0.0,0.0,0.0,0.0,0.0,0.0,0.0,0.0,0.0,0.0,0.0,0.0,0.0,0.0,0.0,0.0,0.0,0.0,0.0,0.0,0.0,0.0,0.0,0.0,0.0,0.0,0.0,0.0,0.0,0.0,0.0,0.0,0.0,0.0,0.0,0.0,0.0,0.0,0.0,0.052,0.09322,0.00407,0.0,0.0,0.0,0.0,0.0,0.0,0.0,0.0,0.0,0.0,0.0,0.01256,0.0,0.0,0.0,0.0,0.0,0.0,0.0,0.0,0.0,0.0,0.0,0.0,0.0,0.0,0.0,0.0,0.0,0.0,0.0,0.0,0.0,0.0,0.0,0.0,0.0,0.0,0.0,0.0,0.0,0.0,-0.9,0.49016,3.6075,5.0,4.1495,3.8345,3.735,0,-0.9,0.8814062666666669
830,0.0,0.0,0.0,0.0,0.0,0.0,0.0,0.0,0.0,0.0,0.0,0.0,0.0,0.0,0.0,0.0,0.0,0.0,0.0,0.0,0.0,0.0,0.0,0.0,0.0,0.0,0.0,0.0,0.0,0.0,0.0,0.0,0.0,0.0,0.0,0.0,0.0,0.0,0.0,0.0,0.0,0.0,0.0,0.0,0.0,0.0,0.0,0.0,0.0,0.0,0.0,0.0,0.0,0.0,0.0,0.0,0.0,0.0,0.0,0.0,0.0,0.0,0.0,0.0,0.0,0.0,0.0,0.0033,0.15153,0.03638,0.0,0.0,0.0,0.0,0.0,0.0,0.0,0.0,0.0,0.0,0.0,0.10507,0.08031,0.0,0.0,0.0,0.0,0.0,0.0,0.0,0.0,0.0,0.0,0.0,0.0,0.0,0.0,0.0,0.0,0.0,0.0,0.0,0.0,0.0,0.0,0.0,0.0,0.0,0.0,0.0,0.0,0.0,-0.9,0.34788,3.5545,5.0,4.8975,4.1225,3.7685,0,-0.9,0.8762339466666667
831,0.0,0.0,0.0,0.0,0.0,0.0,0.0,0.0,0.0,0.0,0.0,0.0,0.0,0.0,0.0,0.0,0.0,0.0,0.0,0.0,0.0,0.0,0.0,0.0,0.0,0.0,0.0,0.0,0.0,0.0,0.0,0.0,0.0,0.0,0.0,0.0,0.0,0.0,0.0,0.0,0.0,0.0,0.0,0.0,0.0,0.0,0.0,0.0,0.0,0.0,0.0,0.0,0.0,0.0,0.0,0.00124,0.0,0.0,0.0,0.0,0.0,0.0,0.0,0.0,0.0,0.0,0.0,0.02972,0.15242,0.0418,0.0,0.0,0.0,0.0,0.0,0.0,0.0,0.0,0.0,0.0,0.0,0.11887,0.12323,0.02199,0.0,0.0,0.0,0.0,0.0,0.0,0.0,0.0,0.0,0.0,0.0,0.0,0.0,0.0,0.0,0.0,0.0,0.0,0.0,0.0,0.0,0.0,0.0,0.0,0.0,0.0,0.0,0.0,-0.9,0.33998,3.5555,5.0,5.0,4.1135,3.8085,0,-0.9,0.8766765333333334
832,0.0,0.0,0.0,0.0,0.0,0.0,0.0,0.0,0.0,0.0,0.0,0.0,0.0,0.0,0.0,0.0,0.0,0.0,0.0,0.0,0.0,0.0,0.0,0.0,0.0,0.0,0.0,0.0,0.0,0.0,0.0,0.0,0.0,0.0,0.0,0.0,0.0,0.0,0.0,0.0,0.0,0.0,0.0,0.0,0.0,0.0,0.0,0.0,0.0,0.0,0.0,0.0,0.0,0.0,0.0,0.00159,0.0,0.0,0.0,0.0,0.0,0.0,0.0,0.0,0.0,0.0,0.0,0.03166,0.15118,0.04375,0.0,0.0,0.0,0.0,0.0,0.0,0.0,0.0,0.0,0.0,0.0,0.11922,0.12577,0.02105,0.0,0.0,0.0,0.0,0.0,0.0,0.0,0.0,0.0,0.0,0.0,0.0,0.0,0.0,0.0,0.0,0.0,0.0,0.0,0.0,0.0,0.0,0.0,0.0,0.0,0.0,0.0,0.0,-0.9,0.35578,3.5825,3.8675,5.0,4.1175,5.0,0,-0.9,0.8799224800000001
833,0.0,0.0,0.0,0.0,0.0,0.0,0.0,0.0,0.0,0.0,0.0,0.0,0.0,0.0,0.0,0.0,0.0,0.0,0.0,0.0,0.0,0.0,0.0,0.0,0.0,0.0,0.0,0.0,0.0,0.0,0.0,0.0,0.0,0.0,0.0,0.0,0.0,0.0,0.0,0.0,0.0,0.0,0.0,0.0,0.0,0.0,0.0,0.0,0.0,0.0,0.0,0.0,0.0,0.0,0.0,0.00177,0.0,0.0,0.0,0.0,0.0,0.0,0.0,0.0,0.0,0.0,0.0,0.02948,0.14664,0.04127,0.0,0.0,0.0,0.0,0.0,0.0,0.0,0.0,0.0,0.0,0.0,0.11728,0.12022,0.01616,0.0,0.0,0.0,0.0,0.0,0.0,0.0,0.0,0.0,0.0,0.0,0.0,0.0,0.0,0.0,0.0,0.0,0.0,0.0,0.0,0.0,0.0,0.0,0.0,0.0,0.0,0.0,0.0,-0.9,0.37159,3.5745,3.8725,5.0,4.1155,3.8045,0,-0.9,0.8833158933333334
834,0.0,0.0,0.0,0.0,0.0,0.0,0.0,0.0,0.0,0.0,0.0,0.0,0.0,0.0,0.0,0.0,0.0,0.0,0.0,0.0,0.0,0.0,0.0,0.0,0.0,0.0,0.0,0.0,0.0,0.0,0.0,0.0,0.0,0.0,0.0,0.0,0.0,0.0,0.0,0.0,0.0,0.0,0.0,0.0,0.0,0.0,0.0,0.0,0.0,0.0,0.0,0.0,0.0,0.0,0.0,0.00407,0.0,0.0,0.0,0.0,0.0,0.0,0.0,0.0,0.0,0.0,0.0,0.03343,0.14741,0.04045,0.0,0.0,0.0,0.0,0.0,0.0,0.0,0.0,0.0,0.0,0.0,0.11958,0.12341,0.01739,0.0,0.0,0.0,0.0,0.0,0.0,0.0,0.0,0.0,0.0,0.0,0.0,0.0,0.0,0.0,0.0,0.0,0.0,0.0,0.0,0.0,0.0,0.0,0.0,0.0,0.0,0.0,0.0,-0.9,0.51387,3.5585,5.0,4.8995,4.1205,3.8115,0,-0.9,0.9085413333333335
835,0.0,0.0,0.0,0.0,0.0,0.0,0.0,0.0,0.0,0.0,0.0,0.0,0.0,0.0,0.0,0.0,0.0,0.0,0.0,0.0,0.0,0.0,0.0,0.0,0.0,0.0,0.0,0.0,0.0,0.0,0.0,0.0,0.0,0.0,0.0,0.0,0.0,0.0,0.0,0.0,0.0,0.0,0.0,0.0,0.0,0.0,0.0,0.0,0.0,0.0,0.0,0.0,0.0,0.0,0.0,0.00159,0.0,0.0,0.0,0.0,0.0,0.0,0.0,0.0,0.0,0.0,0.0,0.02653,0.14941,0.04092,0.0,0.0,0.0,0.0,0.0,0.0,0.0,0.0,0.0,0.0,0.0,0.11851,0.12323,0.02358,0.0,0.0,0.0,0.0,0.0,0.0,0.0,0.0,0.0,0.0,0.0,0.0,0.0,0.0,0.0,0.0,0.0,0.0,0.0,0.0,0.0,0.0,0.0,0.0,0.0,0.0,0.0,0.0,-0.9,0.52177,3.5645,3.87,4.8915,4.1025,5.0,0,-0.9,0.9334716533333335
836,0.0,0.0,0.0,0.0,0.0,0.0,0.0,0.0,0.0,0.0,0.0,0.0,0.0,0.0,0.0,0.0,0.0,0.0,0.0,0.0,0.0,0.0,0.0,0.0,0.0,0.0,0.0,0.0,0.0,0.0,0.0,0.0,0.0,0.0,0.0,0.0,0.0,0.0,0.0,0.0,0.0,0.0,0.0,0.0,0.0,0.0,0.0,0.0,0.0,0.0,0.0,0.0,0.0,0.0,0.0,0.00371,0.0,0.0,0.0,0.0,0.0,0.0,0.0,0.0,0.0,0.0,0.0,0.03261,0.14688,0.04145,0.0,0.0,0.0,0.0,0.0,0.0,0.0,0.0,0.0,0.0,0.0,0.11763,0.12535,0.01792,0.0,0.0,0.0,0.0,0.0,0.0,0.0,0.0,0.0,0.0,0.0,0.0,0.0,0.0,0.0,0.0,0.0,0.0,0.0,0.0,0.0,0.0,0.0,0.0,0.0,0.0,0.0,0.0,-0.9,0.52177,3.5565,5.0,4.8915,4.1075,5.0,0,-0.9,0.9396691733333334
837,0.0,0.0,0.0,0.0,0.0,0.0,0.0,0.0,0.0,0.0,0.0,0.0,0.0,0.0,0.0,0.0,0.0,0.0,0.0,0.0,0.0,0.0,0.0,0.0,0.0,0.0,0.0,0.0,0.0,0.0,0.0,0.0,0.0,0.0,0.0,0.0,0.0,0.0,0.0,0.0,0.0,0.0,0.0,0.0,0.0,0.0,0.0,0.0,0.0,0.0,0.0,0.0,0.0,0.0,0.0,0.00124,0.0,0.0,0.0,0.0,0.0,0.0,0.0,0.0,0.0,0.0,0.0,0.02995,0.14912,0.0408,0.0,0.0,0.0,0.0,0.0,0.0,0.0,0.0,0.0,0.0,0.0,0.1148,0.12341,0.02571,0.0,0.0,0.0,0.0,0.0,0.0,0.0,0.0,0.0,0.0,0.0,0.0,0.0,0.0,0.0,0.0,0.0,0.0,0.0,0.0,0.0,0.0,0.0,0.0,0.0,0.0,0.0,0.0,-0.9,1.0,3.5475,5.0,5.0,4.1085,5.0,0,-0.72,0.9408496533333335
838,0.0,0.0,0.0,0.0,0.0,0.0,0.0,0.0,0.0,0.0,0.0,0.0,0.0,0.0,0.0,0.0,0.0,0.0,0.0,0.0,0.0,0.0,0.0,0.0,0.0,0.0,0.0,0.0,0.0,0.0,0.0,0.0,0.0,0.0,0.0,0.0,0.0,0.0,0.0,0.0,0.0,0.0,0.0,0.0,0.0,0.0,0.0,0.0,0.0,0.0,0.0,0.0,0.0,0.0,0.0,0.01132,0.0,0.0,0.0,0.0,0.0,0.0,0.0,0.0,0.0,0.0,0.0,0.03101,0.14876,0.04452,0.0,0.0,0.0,0.0,0.0,0.0,0.0,0.0,0.0,0.0,0.0,0.12364,0.14481,0.03349,0.0,0.0,0.0,0.0,0.0,0.0,0.0,0.0,0.0,0.0,0.0,0.01486,0.0,0.0,0.0,0.0,0.0,0.0,0.0,0.0,0.0,0.0,0.0,0.0,0.0,0.0,0.0,0.0,-0.9,1.0,4.401,3.522,5.0,5.0,5.0,0,-0.54,0.9424727199999999
839,0.0,0.0,0.0,0.0,0.0,0.0,0.0,0.0,0.0,0.0,0.0,0.0,0.0,0.0,0.0,0.0,0.0,0.0,0.0,0.0,0.0,0.0,0.0,0.0,0.0,0.0,0.0,0.0,0.0,0.0,0.0,0.0,0.0,0.0,0.0,0.0,0.0,0.0,0.0,0.0,0.0,0.0,0.0,0.0,0.0,0.0,0.0,0.0,0.0,0.0,0.0,0.0,0.0,0.0,0.0,0.0,0.02689,0.0,0.0,0.0,0.0,0.0,0.0,0.0,0.0,0.0,0.0,0.0,0.07052,0.16669,0.0,0.0,0.0,0.0,0.0,0.0,0.0,0.0,0.0,0.0,0.0,0.04511,0.19858,0.00572,0.0,0.0,0.0,0.0,0.0,0.0,0.0,0.0,0.0,0.0,0.00778,0.17647,0.09823,0.0,0.0,0.0,0.0,0.0,0.0,0.0,0.0,0.0,0.0,0.0,0.052,0.01716,0.0,0.0,-0.9,0.84588,3.6775,3.4425,5.0,3.986,5.0,0,-0.36,0.85789472
840,0.0,0.0,0.0,0.0,0.0,0.0,0.0,0.0,0.0,0.0,0.0,0.0,0.0,0.0,0.0,0.0,0.0,0.0,0.0,0.0,0.0,0.0,0.0,0.0,0.0,0.0,0.0,0.0,0.0,0.0,0.0,0.0,0.0,0.0,0.0,0.0,0.0,0.0,0.0,0.0,0.0,0.0,0.0,0.0,0.0,0.0,0.0,0.0,0.0,0.0,0.0,0.0,0.0,0.0,0.0,0.0,0.0,0.01893,0.0,0.0,0.0,0.0,0.0,0.0,0.0,0.0,0.0,0.0,0.0,0.15018,0.07518,0.0,0.0,0.0,0.0,0.0,0.0,0.0,0.0,0.0,0.0,0.0,0.16551,0.06745,0.0,0.0,0.0,0.0,0.0,0.0,0.0,0.0,0.0,0.0,0.0,0.16415,0.07659,0.0,0.0,0.0,0.0,0.0,0.0,0.0,0.0,0.0,0.0,0.0,0.13355,0.11144,0.0,0.0,0.0,0.58501,3.255,3.3865,3.6125,5.0,5.0,0,-0.18,0.85789472
841,0.0,0.0,0.0,0.0,0.0,0.0,0.0,0.0,0.0,0.0,0.0,0.0,0.0,0.0,0.0,0.0,0.0,0.0,0.0,0.0,0.0,0.0,0.0,0.0,0.0,0.0,0.0,0.0,0.0,0.0,0.0,0.0,0.0,0.0,0.0,0.0,0.0,0.0,0.0,0.0,0.0,0.0,0.0,0.0,0.0,0.0,0.0,0.0,0.0,0.0,0.0,0.0,0.0,0.0,0.0,0.0,0.0,0.00371,0.00035,0.0,0.0,0.0,0.0,0.0,0.0,0.0,0.0,0.0,0.0,0.00566,0.21226,0.00071,0.0,0.0,0.0,0.0,0.00035,0.0,0.0,0.0,0.0,0.0,0.02541,0.20808,0.0,0.0,0.0,0.0,0.03166,0.0,0.0,0.0,0.0,0.0,0.0,0.06851,0.15879,0.0,0.0,0.0,0.0,0.0,0.0,0.0,0.0,0.0,0.0,0.0,0.10189,0.12612,0.0,0.0,0.0,0.60872,3.209,3.3995,3.5735,5.0,5.0,0,0.0,0.8739716266666667
842,0.0,0.0,0.0,0.0,0.0,0.0,0.0,0.0,0.0,0.0,0.0,0.0,0.0,0.0,0.0,0.0,0.0,0.0,0.0,0.0,0.0,0.0,0.0,0.0,0.0,0.0,0.0,0.0,0.0,0.0,0.0,0.0,0.0,0.0,0.0,0.0,0.0,0.0,0.0,0.0,0.0,0.0,0.0,0.0,0.0,0.0,0.0,0.0,0.0,0.0,0.0,0.0,0.0,0.0,0.0,0.0,0.0,0.01822,0.00248,0.0,0.0,0.0,0.0,0.0,0.0,0.0,0.0,0.0,0.0,0.00548,0.21698,0.00678,0.0,0.0,0.0,0.0,0.05466,0.0,0.0,0.0,0.0,0.0,0.01044,0.22164,0.0,0.0,0.0,0.0,0.10118,0.0,0.0,0.0,0.0,0.0,0.0,0.05596,0.16851,0.0,0.0,0.0,0.0,0.0,0.0,0.0,0.0,0.0,0.0,0.0,0.10065,0.11869,0.0,0.0,0.0,0.57711,3.207,3.3535,3.5685,5.0,5.0,0,0.0,0.8949181066666668
843,0.0,0.0,0.0,0.0,0.0,0.0,0.0,0.0,0.0,0.0,0.0,0.0,0.0,0.0,0.0,0.0,0.0,0.0,0.0,0.0,0.0,0.0,0.0,0.0,0.0,0.0,0.0,0.0,0.0,0.0,0.0,0.0,0.0,0.0,0.0,0.0,0.0,0.0,0.0,0.0,0.0,0.0,0.0,0.0,0.0,0.0,0.0,0.0,0.0,0.0,0.0,0.0,0.0,0.0,0.0,0.0,0.0,0.00884,0.00035,0.0,0.0,0.0,0.0,0.0,0.0,0.0,0.0,0.0,0.0,0.00938,0.21162,0.00366,0.0,0.0,0.0,0.0,0.06704,0.0,0.0,0.0,0.0,0.0,0.01504,0.21899,0.0,0.0,0.0,0.0,0.10454,0.0,0.0,0.0,0.0,0.0,0.0,0.06368,0.16486,0.0,0.0,0.0,0.0,0.0,0.0,0.0,0.0,0.0,0.0,0.0,0.10542,0.11303,0.0,0.0,0.0,1.0,3.196,4.043,3.5525,5.0,5.0,0,0.0,0.89757456
844,0.0,0.0,0.0,0.0,0.0,0.0,0.0,0.0,0.0,0.0,0.0,0.0,0.0,0.0,0.0,0.0,0.0,0.0,0.0,0.0,0.0,0.0,0.0,0.0,0.0,0.0,0.0,0.0,0.0,0.0,0.0,0.0,0.0,0.0,0.0,0.0,0.0,0.0,0.0,0.0,0.0,0.0,0.0,0.0,0.0,0.0,0.0,0.0,0.0,0.0,0.0,0.0,0.0,0.0,0.0,0.0,0.0,0.01238,0.0,0.0,0.0,0.0,0.0,0.0,0.0,0.0,0.0,0.0,0.0,0.01663,0.20808,0.00295,0.0,0.0,0.0,0.0,0.05537,0.0,0.0,0.0,0.0,0.0,0.01639,0.21675,0.0,0.0,0.0,0.0,0.14151,0.0,0.0,0.0,0.0,0.0,0.0,0.06881,0.15761,0.0,0.0,0.0,0.0,0.0,0.0,0.0,0.0,0.0,0.0,0.0,0.11409,0.08791,0.0,0.0,0.0,1.0,3.164,3.2635,3.5225,5.0,5.0,0,-0.18,0.96091096
845,0.0,0.0,0.0,0.0,0.0,0.0,0.0,0.0,0.0,0.0,0.0,0.0,0.0,0.0,0.0,0.0,0.0,0.0,0.0,0.0,0.0,0.0,0.0,0.0,0.0,0.0,0.0,0.0,0.0,0.0,0.0,0.0,0.0,0.0,0.0,0.0,0.0,0.0,0.0,0.0,0.0,0.0,0.0,0.0,0.0,0.0,0.0,0.0,0.0,0.0,0.0,0.0,0.0,0.0,0.0,0.0,0.0,0.02459,0.0,0.0,0.0,0.0,0.0,0.0,0.0,0.0,0.0,0.0,0.0,0.03555,0.17358,0.02771,0.0,0.0,0.0,0.0,0.00708,0.00318,0.0,0.0,0.0,0.0,0.0,0.21775,0.0,0.0,0.0,0.0,0.15513,0.0,0.0,0.0,0.0,0.0,0.0,0.06739,0.16114,0.0,0.0,0.0,0.0,0.0,0.0,0.0,0.0,0.0,0.0,0.0,0.14222,0.06014,0.0,0.0,0.0,1.0,3.096,3.1435,3.1575,5.0,5.0,0,-0.18,0.9404070666666666
846,0.0,0.0,0.0,0.0,0.0,0.0,0.0,0.0,0.0,0.0,0.0,0.0,0.0,0.0,0.0,0.0,0.0,0.0,0.0,0.0,0.0,0.0,0.0,0.0,0.0,0.0,0.0,0.0,0.0,0.0,0.0,0.0,0.0,0.0,0.0,0.0,0.0,0.0,0.0,0.0,0.0,0.0,0.0,0.0,0.0,0.0,0.0,0.0,0.0,0.0,0.0,0.0,0.0,0.0,0.0,0.0,0.00071,0.0306,0.0,0.0,0.0,0.0,0.0,0.0,0.0,0.0,0.0,0.0,0.0,0.0727,0.15354,0.0,0.0,0.0,0.0,0.0,0.0,0.0,0.0,0.0,0.0,0.0,0.0339,0.19729,0.0,0.0,0.0,0.0,0.05183,0.0,0.0,0.0,0.0,0.0,0.0,0.0191,0.1125,0.0,0.0,0.0,0.0,0.0,0.0,0.0,0.0,0.0,0.0,0.0,0.12983,0.01804,0.0,0.0,0.0,0.75103,2.962,4.4835,2.9675,5.0,5.0,0,-0.18,0.9231498666666667
847,0.0,0.0,0.0,0.0,0.0,0.0,0.0,0.0,0.0,0.0,0.0,0.0,0.0,0.0,0.0,0.0,0.0,0.0,0.0,0.0,0.0,0.0,0.0,0.0,0.0,0.0,0.0,0.0,0.0,0.0,0.0,0.0,0.0,0.0,0.0,0.0,0.0,0.0,0.0,0.0,0.0,0.0,0.0,0.0,0.0,0.0,0.0,0.0,0.0,0.0,0.0,0.0,0.0,0.0,0.0,0.0,0.0,0.0,0.0,0.0,0.0,0.0,0.0,0.0,0.0,0.0,0.0,0.0,0.00088,0.11215,0.09782,0.0,0.0,0.0,0.0,0.0,0.0,0.0,0.0,0.0,0.0,0.0,0.14281,0.09811,0.0,0.0,0.0,0.0,0.0,0.0,0.0,0.0,0.0,0.0,0.0,0.14835,0.08903,0.0,0.0,0.0,0.0,0.0,0.0,0.0,0.0,0.0,0.0,0.0,0.14505,0.04688,0.0,0.0,-0.9,0.5692,2.921,4.7065,2.9075,5.0,5.0,0,-0.18,0.9231498666666667
848,0.0,0.0,0.0,0.0,0.0,0.0,0.0,0.0,0.0,0.0,0.0,0.0,0.0,0.0,0.0,0.0,0.0,0.0,0.0,0.0,0.0,0.0,0.0,0.0,0.0,0.0,0.0,0.0,0.0,0.0,0.0,0.0,0.0,0.0,0.0,0.0,0.0,0.0,0.0,0.0,0.0,0.0,0.0,0.0,0.0,0.0,0.0,0.0,0.0,0.0,0.0,0.0,0.0,0.0,0.0,0.0,0.0,0.0,0.0,0.0,0.0,0.0,0.0,0.0,0.0,0.0,0.0,0.0,0.0,0.10967,0.12223,0.0,0.0,0.0,0.0,0.0,0.0,0.0,0.0,0.0,0.0,0.0,0.10831,0.12642,0.0,0.0,0.0,0.0,0.0,0.0,0.0,0.0,0.0,0.0,0.0,0.12677,0.09664,0.0,0.0,0.0,0.0,0.0,0.0,0.0,0.0,0.0,0.0,0.0,0.07624,0.0,0.0,0.0,0.0,0.60872,2.914,4.1155,2.9045,3.1785,5.0,0,-0.18,0.9409973066666668
849,0.0,0.0,0.0,0.0,0.0,0.0,0.0,0.0,0.0,0.0,0.0,0.0,0.0,0.0,0.0,0.0,0.0,0.0,0.0,0.0,0.0,0.0,0.0,0.0,0.0,0.0,0.0,0.0,0.0,0.0,0.0,0.0,0.0,0.0,0.0,0.0,0.0,0.0,0.0,0.0,0.0,0.0,0.0,0.0,0.0,0.0,0.0,0.0,0.0,0.0,0.0,0.0,0.0,0.0,0.0,0.0,0.00024,0.001,0.0,0.0,0.0,0.0,0.0,0.0,0.0,0.0,0.0,0.0,0.00083,0.12317,0.12276,0.0,0.0,0.0,0.0,0.0,0.0,0.0,0.0,0.0,0.0,0.0,0.10407,0.13154,0.0,0.0,0.0,0.0,0.0,0.0,0.0,0.0,0.0,0.0,0.0,0.12842,0.09835,0.0,0.0,0.0,0.0,0.0,0.0,0.0,0.0,0.0,0.0,0.0,0.11285,0.00071,0.0,0.0,0.0,0.78265,2.915,4.1125,2.902,3.1745,5.0,0,0.0,0.9430635199999999
850,0.0,0.0,0.0,0.0,0.0,0.0,0.0,0.0,0.0,0.0,0.0,0.0,0.0,0.0,0.0,0.0,0.0,0.0,0.0,0.0,0.0,0.0,0.0,0.0,0.0,0.0,0.0,0.0,0.0,0.0,0.0,0.0,0.0,0.0,0.0,0.0,0.0,0.0,0.0,0.0,0.0,0.0,0.0,0.0,0.0,0.0,0.0,0.0,0.0,0.0,0.0,0.0,0.0,0.0,0.0,0.0,0.00094,0.00065,0.0,0.0,0.0,0.0,0.0,0.0,0.0,0.0,0.0,0.0,0.00212,0.12152,0.12152,0.0,0.0,0.0,0.0,0.0,0.0,0.0,0.0,0.0,0.0,0.0,0.10708,0.13013,0.0,0.0,0.0,0.0,0.0,0.0,0.0,0.0,0.0,0.0,0.0,0.12612,0.09446,0.0,0.0,0.0,0.0,0.0,0.0,0.0,0.0,0.0,0.0,0.0,0.10525,0.0,0.0,0.0,0.0,1.0,2.907,4.1055,2.8865,3.1695,5.0,0,0.0,0.9408504000000001
851,0.0,0.0,0.0,0.0,0.0,0.0,0.0,0.0,0.0,0.0,0.0,0.0,0.0,0.0,0.0,0.0,0.0,0.0,0.0,0.0,0.0,0.0,0.0,0.0,0.0,0.0,0.0,0.0,0.0,0.0,0.0,0.0,0.0,0.0,0.0,0.0,0.0,0.0,0.0,0.0,0.0,0.0,0.0,0.0,0.0,0.0,0.0,0.0,0.0,0.0,0.0,0.0,0.0,0.0,0.0,0.0,0.0,0.0,0.0,0.0,0.0,0.0,0.0,0.0,0.0,0.0,0.0,0.0,0.0,0.0918,0.11445,0.0,0.0,0.0,0.0,0.0,0.0,0.0,0.0,0.0,0.0,0.0,0.10837,0.12653,0.0,0.0,0.0,0.0,0.0,0.0,0.0,0.0,0.0,0.0,0.0,0.13797,0.09233,0.0,0.0,0.0,0.0,0.0,0.0,0.0,0.0,0.0,0.0,0.0,0.15354,0.0352,0.0,0.0,0.0,1.0,2.867,4.0185,2.8185,3.101,5.0,0,-0.15083599999999997,0.9395224533333334
852,0.0,0.0,0.0,0.0,0.0,0.0,0.0,0.0,0.0,0.0,0.0,0.0,0.0,0.0,0.0,0.0,0.0,0.0,0.0,0.0,0.0,0.0,0.0,0.0,0.0,0.0,0.0,0.0,0.0,0.0,0.0,0.0,0.0,0.0,0.0,0.0,0.0,0.0,0.0,0.0,0.0,0.0,0.0,0.0,0.0,0.0,0.0,0.0,0.0,0.0,0.0,0.0,0.0,0.0,0.0,0.0,0.0,0.0,0.0,0.0,0.0,0.0,0.0,0.0,0.0,0.0,0.0,0.0,0.00071,0.06651,0.09959,0.0,0.0,0.0,0.0,0.0,0.0,0.0,0.0,0.0,0.0,0.0,0.11327,0.12058,0.0,0.0,0.0,0.0,0.0,0.0,0.0,0.0,0.0,0.0,0.0,0.16079,0.06421,0.0,0.0,0.0,0.0,0.0,0.0,0.0,0.0,0.0,0.0,0.0,0.1691,0.00336,0.0,0.0,0.0,0.67989,2.792,3.9295,2.7475,2.9655,5.0,0,-0.307362,0.9395224533333334
853,0.0,0.0,0.0,0.0,0.0,0.0,0.0,0.0,0.0,0.0,0.0,0.0,0.0,0.0,0.0,0.0,0.0,0.0,0.0,0.0,0.0,0.0,0.0,0.0,0.0,0.0,0.0,0.0,0.0,0.0,0.0,0.0,0.0,0.0,0.0,0.0,0.0,0.0,0.0,0.0,0.0,0.0,0.0,0.0,0.0,0.0,0.0,0.0,0.0,0.0,0.0,0.0,0.0,0.0,0.0,0.0,0.0,0.0,0.0,0.0,0.0,0.0,0.0,0.0,0.0,0.0,0.0,0.0,0.00029,0.07347,0.06598,0.0,0.0,0.0,0.0,0.0,0.0,0.0,0.0,0.0,0.0,0.0,0.14263,0.0898,0.0,0.0,0.0,0.0,0.0,0.0,0.0,0.0,0.0,0.0,0.0,0.16739,0.03779,0.0,0.0,0.0,0.0,0.0,0.0,0.0,0.0,0.0,0.0,0.0,0.11356,0.0,0.0,0.0,0.0,0.49016,2.738,3.7595,2.733,2.8785,5.0,0,-0.307362,0.9395224533333334
854,0.0,0.0,0.0,0.0,0.0,0.0,0.0,0.0,0.0,0.0,0.0,0.0,0.0,0.0,0.0,0.0,0.0,0.0,0.0,0.0,0.0,0.0,0.0,0.0,0.0,0.0,0.0,0.0,0.0,0.0,0.0,0.0,0.0,0.0,0.0,0.0,0.0,0.0,0.0,0.0,0.0,0.0,0.0,0.0,0.0,0.0,0.0,0.0,0.0,0.0,0.0,0.0,0.0,0.0,0.0,0.0,0.0,0.0,0.0,0.0,0.0,0.0,0.0,0.0,0.0,0.0,0.0,0.0,0.01745,0.12034,0.04528,0.0,0.0,0.0,0.0,0.0,0.0,0.0,0.0,0.0,0.0,0.0,0.15112,0.07423,0.0,0.0,0.0,0.0,0.0,0.0,0.0,0.0,0.0,0.0,0.0,0.16934,0.02895,0.0,0.0,0.0,0.0,0.0,0.0,0.0,0.0,0.0,0.0,0.0,0.06704,0.0,0.0,0.0,-0.75418,0.71151,2.756,3.9125,2.709,2.847,5.0,0,-0.307362,0.9586978399999999
855,0.0,0.0,0.0,0.0,0.0,0.0,0.0,0.0,0.0,0.0,0.0,0.0,0.0,0.0,0.0,0.0,0.0,0.0,0.0,0.0,0.0,0.0,0.0,0.0,0.0,0.0,0.0,0.0,0.0,0.0,0.0,0.0,0.0,0.0,0.0,0.0,0.0,0.0,0.0,0.0,0.0,0.0,0.0,0.0,0.0,0.0,0.0,0.0,0.0,0.0,0.0,0.0,0.0,0.0,0.0,0.0,0.0,0.0,0.0,0.0,0.0,0.0,0.0,0.0,0.0,0.0,0.0,0.0,0.02665,0.09947,0.0352,0.0,0.0,0.0,0.0,0.0,0.0,0.0,0.0,0.0,0.0,0.0,0.16026,0.07199,0.0,0.0,0.0,0.0,0.0,0.0,0.0,0.0,0.0,0.0,0.0,0.17524,0.03013,0.0,0.0,0.0,0.0,0.0,0.0,0.0,0.0,0.0,0.0,0.0,0.052,0.0,0.0,0.0,-0.78263,1.0,2.717,3.6975,2.699,2.825,5.0,0,-0.307362,0.9644527733333333
856,0.0,0.0,0.0,0.0,0.0,0.0,0.0,0.0,0.0,0.0,0.0,0.0,0.0,0.0,0.0,0.0,0.0,0.0,0.0,0.0,0.0,0.0,0.0,0.0,0.0,0.0,0.0,0.0,0.0,0.0,0.0,0.0,0.0,0.0,0.0,0.0,0.0,0.0,0.0,0.0,0.0,0.0,0.0,0.0,0.0,0.0,0.0,0.0,0.0,0.0,0.0,0.0,0.0,0.0,0.0,0.00106,0.0,0.0,0.0,0.0,0.0,0.0,0.0,0.0,0.0,0.0,0.0,0.00749,0.07034,0.05943,0.05006,0.0,0.0,0.0,0.0,0.0,0.0,0.0,0.0,0.0,0.0,0.0,0.12665,0.11002,0.0,0.0,0.0,0.0,0.0,0.0,0.0,0.0,0.0,0.0,0.0,0.12335,0.07087,0.0,0.0,0.0,0.0,0.0,0.0,0.0,0.0,0.0,0.0,0.0,0.05077,0.0,0.0,0.0,0.0,1.0,2.689,3.022,2.6625,2.726,5.0,0,-0.336526,0.9775079200000001
857,0.0,0.0,0.0,0.0,0.0,0.0,0.0,0.0,0.0,0.0,0.0,0.0,0.0,0.0,0.0,0.0,0.0,0.0,0.0,0.0,0.0,0.0,0.0,0.0,0.0,0.0,0.0,0.0,0.0,0.0,0.0,0.0,0.0,0.0,0.0,0.0,0.0,0.0,0.0,0.0,0.0,0.0,0.0,0.0,0.0,0.0,0.0,0.0,0.0,0.0,0.0,0.0,0.0,0.0,0.0,0.0,0.0,0.0,0.0,0.0,0.0,0.0,0.0,0.0,0.0,0.0,0.0,0.0,0.00283,0.06527,0.07677,0.0,0.0,0.0,0.0,0.0,0.0,0.0,0.0,0.0,0.0,0.0,0.08768,0.15943,0.0,0.0,0.0,0.0,0.0,0.0,0.0,0.0,0.0,0.0,0.0,0.05985,0.16781,0.0,0.0,0.0,0.0,0.0,0.0,0.0,0.0,0.0,0.0,0.0,0.09658,0.07429,0.0,0.0,0.0,1.0,2.629,2.9305,4.1495,2.613,5.0,0,-0.36,0.9719779199999999
858,0.0,0.0,0.0,0.0,0.0,0.0,0.0,0.0,0.0,0.0,0.0,0.0,0.0,0.0,0.0,0.0,0.0,0.0,0.0,0.0,0.0,0.0,0.0,0.0,0.0,0.0,0.0,0.0,0.0,0.0,0.0,0.0,0.0,0.0,0.0,0.0,0.0,0.0,0.0,0.0,0.0,0.0,0.0,0.0,0.0,0.0,0.0,0.0,0.0,0.0,0.0,0.0,0.0,0.0,0.0,0.0,0.0,0.0,0.0,0.0,0.0,0.0,0.0,0.0,0.0,0.0,0.0,0.00218,0.0533,0.10018,0.00283,0.0,0.0,0.0,0.0,0.0,0.0,0.0,0.0,0.0,0.0,0.00301,0.14876,0.08544,0.0,0.0,0.0,0.0,0.0,0.0,0.0,0.0,0.0,0.0,0.0,0.12388,0.11297,0.0,0.0,0.0,0.0,0.0,0.0,0.0,0.0,0.0,0.0,0.0,0.13107,0.06492,0.0,0.0,0.0,0.79846,2.487,2.8125,4.0315,2.4695,2.697,0,-0.54,0.96644792
859,0.0,0.0,0.0,0.0,0.0,0.0,0.0,0.0,0.0,0.0,0.0,0.0,0.0,0.0,0.0,0.0,0.0,0.0,0.0,0.0,0.0,0.0,0.0,0.0,0.0,0.0,0.0,0.0,0.0,0.0,0.0,0.0,0.0,0.0,0.0,0.0,0.0,0.0,0.0,0.0,0.0,0.0,0.0,0.0,0.0,0.0,0.0,0.0,0.0,0.0,0.0,0.0,0.0,0.0,0.0,0.0,0.0,0.0,0.0,0.0,0.0,0.0,0.0,0.0,0.0,0.0,0.04617,0.11439,0.11645,0.05855,0.0,0.0,0.0,0.0,0.0,0.0,0.0,0.0,0.0,0.0,0.0,0.08791,0.15943,0.00029,0.0,0.0,0.0,0.0,0.0,0.0,0.0,0.0,0.0,0.0,0.02058,0.1852,0.01657,0.0,0.0,0.0,0.0,0.0,0.0,0.0,0.0,0.0,0.0,0.0,0.14823,0.00018,0.0,0.0,-0.9,0.97235,2.5425,2.447,3.5655,2.4135,2.557,0,-0.72,0.96091792
860,0.0,0.0,0.0,0.0,0.0,0.0,0.0,0.0,0.0,0.0,0.0,0.0,0.0,0.0,0.0,0.0,0.0,0.0,0.0,0.0,0.0,0.0,0.0,0.0,0.0,0.0,0.0,0.0,0.0,0.0,0.0,0.0,0.0,0.0,0.0,0.0,0.0,0.0,0.0,0.0,0.0,0.0,0.0,0.0,0.0,0.0,0.0,0.0,0.0,0.0,0.0,0.0,0.0,0.0,0.0,0.0,0.0,0.0,0.0,0.0,0.0,0.0,0.0,0.0,0.0,0.0309,0.09558,0.11804,0.13084,0.01008,0.0,0.0,0.0,0.0,0.0,0.0,0.0,0.0,0.0,0.0,0.002,0.12146,0.09729,0.0,0.0,0.0,0.0,0.0,0.0,0.0,0.0,0.0,0.0,0.0,0.07812,0.14121,0.0,0.0,0.0,0.0,0.0,0.0,0.0,0.0,0.0,0.0,0.0,0.06521,0.11504,0.0,0.0,0.0,-0.9,0.97235,2.9835,2.314,2.6345,2.3185,2.34,0,-0.9,0.97235
861,0.0,0.0,0.0,0.0,0.0,0.0,0.0,0.0,0.0,0.0,0.0,0.0,0.0,0.0,0.0,0.0,0.0,0.0,0.0,0.0,0.0,0.0,0.0,0.0,0.0,0.0,0.0,0.0,0.0,0.0,0.0,0.0,0.0,0.0,0.0,0.0,0.0,0.0,0.0,0.0,0.0,0.0,0.0,0.0,0.0,0.0,0.0,0.0,0.0,0.0,0.0,0.0,0.0,0.0,0.03502,0.0023,0.0,0.0,0.0,0.0,0.0,0.0,0.0,0.0,0.0,0.0,0.01114,0.12329,0.14735,0.07765,0.0,0.0,0.0,0.0,0.0,0.0,0.0,0.0,0.0,0.0,0.0,0.08756,0.17323,0.00029,0.0,0.0,0.0,0.0,0.0,0.0,0.0,0.0,0.0,0.0,0.02229,0.19794,0.00336,0.0,0.0,0.0,0.0,0.0,0.0,0.0,0.0,0.0,0.0,0.00932,0.14847,0.0,0.0,0.0,-0.9,0.97235,5.0,2.298,2.206,3.7785,2.2375,0,-0.72,0.96032768
862,0.0,0.0,0.0,0.0,0.0,0.0,0.0,0.0,0.0,0.0,0.0,0.0,0.0,0.0,0.0,0.0,0.0,0.0,0.0,0.0,0.0,0.0,0.0,0.0,0.0,0.0,0.0,0.0,0.0,0.0,0.0,0.0,0.0,0.0,0.0,0.0,0.0,0.0,0.0,0.0,0.0,0.0,0.0,0.0,0.0,0.0,0.0,0.0,0.0,0.0,0.0,0.0,0.0,0.0,0.0,0.03567,0.00713,0.0,0.0,0.0,0.0,0.0,0.0,0.0,0.0,0.0,0.0,0.00572,0.13903,0.16232,0.00566,0.0,0.0,0.0,0.0,0.0,0.0,0.0,0.0,0.0,0.0,0.00584,0.18078,0.06686,0.0,0.0,0.0,0.0,0.0,0.0,0.0,0.0,0.0,0.0,0.0,0.14499,0.09522,0.0,0.0,0.0,0.0,0.0,0.0,0.0,0.0,0.0,0.0,0.0,0.11498,0.03555,0.0,0.0,-0.9,0.97235,5.0,3.5485,2.089,2.4175,2.7185,0,-0.54,0.9393039200000001
863,0.0,0.0,0.0,0.0,0.0,0.0,0.0,0.0,0.0,0.0,0.0,0.0,0.0,0.0,0.0,0.0,0.0,0.0,0.0,0.0,0.0,0.0,0.0,0.0,0.0,0.0,0.0,0.0,0.0,0.0,0.0,0.0,0.0,0.0,0.0,0.0,0.0,0.0,0.0,0.0,0.0,0.0,0.0,0.0,0.0,0.0,0.0,0.0,0.0,0.0,0.0,0.0,0.0,0.0,0.0,0.0,0.09658,0.02813,0.0,0.0,0.0,0.0,0.0,0.0,0.0,0.0,0.0,0.0,0.0,0.14116,0.13921,0.0,0.0,0.0,0.0,0.0,0.0,0.0,0.0,0.0,0.0,0.0,0.04894,0.18225,0.00053,0.0,0.0,0.0,0.0,0.0,0.0,0.0,0.0,0.0,0.0,0.01675,0.21356,0.00354,0.0,0.0,0.0,0.0,0.0,0.0,0.0,0.0,0.0,0.0,0.01274,0.22482,0.0,0.0,-0.9,0.97235,5.0,5.0,2.3795,2.055,2.308,0,-0.36,0.8009209788235294
864,0.0,0.0,0.0,0.0,0.0,0.0,0.0,0.0,0.0,0.0,0.0,0.0,0.0,0.0,0.0,0.0,0.0,0.0,0.0,0.0,0.0,0.0,0.0,0.0,0.0,0.0,0.0,0.0,0.0,0.0,0.0,0.0,0.0,0.0,0.0,0.0,0.0,0.0,0.0,0.0,0.0,0.0,0.0,0.0,0.0,0.0,0.0,0.0,0.0,0.0,0.0,0.0,0.0,0.0,0.0,0.0,0.0,0.05537,0.06616,0.0,0.0,0.0,0.0,0.0,0.0,0.0,0.0,0.0,0.0,0.0,0.10808,0.12559,0.0,0.0,0.0,0.0,0.0,0.0,0.0,0.0,0.0,0.0,0.0,0.06533,0.14941,0.0,0.0,0.0,0.0,0.0,0.0,0.0,0.0,0.0,0.0,0.0,0.03396,0.16132,0.0,0.0,0.0,0.01327,0.0,0.0,0.0,0.0,0.0,0.0,0.0,0.0421,0.05961,0.0,0.0,0.76684,5.0,5.0,5.0,1.983,1.864,0,-0.18,0.6617010964705882
865,0.0,0.0,0.0,0.0,0.0,0.0,0.0,0.0,0.0,0.0,0.0,0.0,0.0,0.0,0.0,0.0,0.0,0.0,0.0,0.0,0.0,0.0,0.0,0.0,0.0,0.0,0.0,0.0,0.0,0.0,0.0,0.0,0.0,0.0,0.0,0.0,0.0,0.0,0.0,0.0,0.0,0.0,0.0,0.0,0.0,0.0,0.0,0.0,0.0,0.0,0.0,0.0,0.0,0.0,0.0,0.0,0.0,0.0,0.0,0.03113,0.0,0.0,0.0,0.0,0.0,0.0,0.0,0.0,0.0,0.0,0.0,0.06881,0.15548,0.0,0.0,0.0,0.0,0.0,0.0,0.0,0.0,0.0,0.0,0.0,0.0635,0.15973,0.0,0.0,0.0,0.0,0.0,0.0,0.0,0.0,0.0,0.0,0.0,0.05318,0.17323,0.0,0.0,0.0,0.0,0.0,0.0,0.0,0.0,0.0,0.0,0.0,0.04369,0.18485,0.0,0.28462,3.897,3.512,3.451,2.3555,1.772,0,0.0,0.5216442729411764
866,0.0,0.0,0.0,0.0,0.0,0.0,0.0,0.0,0.0,0.0,0.0,0.0,0.0,0.0,0.0,0.0,0.0,0.0,0.0,0.0,0.0,0.0,0.0,0.0,0.0,0.0,0.0,0.0,0.0,0.0,0.0,0.0,0.0,0.0,0.0,0.0,0.0,0.0,0.0,0.0,0.0,0.0,0.0,0.0,0.0,0.0,0.0,0.0,0.0,0.0,0.0,0.0,0.0,0.0,0.0,0.0,0.0,0.0,0.0,0.02871,0.04027,0.0,0.0,0.0,0.0,0.0,0.0,0.0,0.0,0.0,0.0,0.0,0.16574,0.06792,0.0,0.0,0.0,0.0,0.0,0.0,0.0,0.0,0.0,0.0,0.0,0.15654,0.07235,0.0,0.0,0.0,0.0,0.0,0.0,0.0,0.0,0.0,0.0,0.0,0.14617,0.08662,0.0,0.0,0.0,0.0,0.0,0.0,0.0,0.0,0.0,0.0,0.0,0.12541,0.0,0.0,3.175,3.0275,3.018,2.4745,1.752,0,0.0,0.39277282823529414
867,0.0,0.0,0.0,0.0,0.0,0.0,0.0,0.0,0.0,0.0,0.0,0.0,0.0,0.0,0.0,0.0,0.0,0.0,0.0,0.0,0.0,0.0,0.0,0.0,0.0,0.0,0.0,0.0,0.0,0.0,0.0,0.0,0.0,0.0,0.0,0.0,0.0,0.0,0.0,0.0,0.0,0.0,0.0,0.0,0.0,0.0,0.0,0.0,0.0,0.0,0.0,0.0,0.0,0.0,0.0,0.0,0.0,0.0,0.0,0.0,0.00937,0.0,0.0,0.0,0.0,0.0,0.0,0.0,0.0,0.0,0.0,0.0,0.12294,0.08597,0.0,0.0,0.0,0.0,0.0,0.0,0.0,0.0,0.0,0.0,0.0,0.13314,0.10265,0.0,0.0,0.0,0.0,0.00071,0.0,0.0,0.0,0.0,0.0,0.0,0.12883,0.11262,0.0,0.0,0.0237,0.0,0.0,0.0,0.0,0.0,0.0,0.0,0.0,0.10896,0.0,0.0,3.463,3.293,3.253,2.5265,1.7705,0,0.0,0.27206588235294116
868,0.0,0.0,0.0,0.0,0.0,0.0,0.0,0.0,0.0,0.0,0.0,0.0,0.0,0.0,0.0,0.0,0.0,0.0,0.0,0.0,0.0,0.0,0.0,0.0,0.0,0.0,0.0,0.0,0.0,0.0,0.0,0.0,0.0,0.0,0.0,0.0,0.0,0.0,0.0,0.0,0.0,0.0,0.0,0.0,0.0,0.0,0.0,0.0,0.0,0.0,0.0,0.0,0.0,0.0,0.0,0.0,0.0,0.0,0.0,0.00053,0.03007,0.0,0.0,0.0,0.0,0.0,0.0,0.0,0.0,0.0,0.0,0.0,0.14133,0.07765,0.0,0.0,0.0,0.0,0.0,0.0,0.0,0.0,0.0,0.0,0.0,0.13603,0.09322,0.0,0.0,0.0,0.0,0.0,0.0,0.0,0.0,0.0,0.0,0.0,0.13373,0.1056,0.0,0.0,0.01008,0.0,0.0,0.0,0.0,0.0,0.0,0.0,0.0,0.11445,0.0,0.0,3.506,3.329,3.255,2.5235,1.7485,0,0.0,0.26788117647058823
869,0.0,0.0,0.0,0.0,0.0,0.0,0.0,0.0,0.0,0.0,0.0,0.0,0.0,0.0,0.0,0.0,0.0,0.0,0.0,0.0,0.0,0.0,0.0,0.0,0.0,0.0,0.0,0.0,0.0,0.0,0.0,0.0,0.0,0.0,0.0,0.0,0.0,0.0,0.0,0.0,0.0,0.0,0.0,0.0,0.0,0.0,0.0,0.0,0.0,0.0,0.0,0.0,0.0,0.0,0.0,0.0,0.0,0.0,0.0,0.00035,0.02264,0.0,0.0,0.0,0.0,0.0,0.0,0.0,0.0,0.0,0.0,0.0,0.13956,0.08296,0.0,0.0,0.0,0.0,0.0,0.0,0.0,0.0,0.0,0.0,0.0,0.13844,0.09169,0.0,0.0,0.0,0.0,0.0,0.0,0.0,0.0,0.0,0.0,0.0,0.1385,0.10507,0.0,0.0,0.0,0.0,0.0,0.0,0.0,0.0,0.0,0.0,0.0,0.11657,0.0,0.0,3.559,3.32,3.259,2.507,1.743,0,0.0,0.2636964705882353
870,0.0,0.0,0.0,0.0,0.0,0.0,0.0,0.0,0.0,0.0,0.0,0.0,0.0,0.0,0.0,0.0,0.0,0.0,0.0,0.0,0.0,0.0,0.0,0.0,0.0,0.0,0.0,0.0,0.0,0.0,0.0,0.0,0.0,0.0,0.0,0.0,0.0,0.0,0.0,0.0,0.0,0.0,0.0,0.0,0.0,0.0,0.0,0.0,0.0,0.0,0.0,0.0,0.0,0.0,0.0,0.0,0.0,0.0,0.0,0.0,0.02158,0.0,0.0,0.0,0.0,0.0,0.0,0.0,0.0,0.0,0.0,0.0,0.14381,0.08208,0.0,0.0,0.0,0.0,0.0,0.0,0.0,0.0,0.0,0.0,0.0,0.1362,0.09145,0.0,0.0,0.0,0.0,0.00142,0.0,0.0,0.0,0.0,0.0,0.0,0.13673,0.10507,0.0,0.0,0.00177,0.0,0.0,0.0,0.0,0.0,0.0,0.0,0.0,0.11728,0.0,0.0,3.506,3.333,3.256,2.539,1.7505,0,0.0,0.25951176470588233
871,0.0,0.0,0.0,0.0,0.0,0.0,0.0,0.0,0.0,0.0,0.0,0.0,0.0,0.0,0.0,0.0,0.0,0.0,0.0,0.0,0.0,0.0,0.0,0.0,0.0,0.0,0.0,0.0,0.0,0.0,0.0,0.0,0.0,0.0,0.0,0.0,0.0,0.0,0.0,0.0,0.0,0.0,0.0,0.0,0.0,0.0,0.0,0.0,0.0,0.0,0.0,0.0,0.0,0.0,0.0,0.0,0.0,0.0,0.0,0.00024,0.027,0.0,0.0,0.0,0.0,0.0,0.0,0.0,0.0,0.0,0.0,0.0,0.14222,0.07942,0.0,0.0,0.0,0.0,0.0,0.0,0.0,0.0,0.0,0.0,0.0,0.13479,0.09216,0.0,0.0,0.0,0.0,0.0,0.0,0.0,0.0,0.0,0.0,0.0,0.13662,0.10678,0.0,0.0,0.00124,0.0,0.0,0.0,0.0,0.0,0.0,0.0,0.0,0.11798,0.0,0.0,3.524,3.328,3.257,2.527,1.7465,0,0.0,0.25532705882352935
872,0.0,0.0,0.0,0.0,0.0,0.0,0.0,0.0,0.0,0.0,0.0,0.0,0.0,0.0,0.0,0.0,0.0,0.0,0.0,0.0,0.0,0.0,0.0,0.0,0.0,0.0,0.0,0.0,0.0,0.0,0.0,0.0,0.0,0.0,0.0,0.0,0.0,0.0,0.0,0.0,0.0,0.0,0.0,0.0,0.0,0.0,0.0,0.0,0.0,0.0,0.0,0.0,0.0,0.0,0.0,0.0,0.0,0.0,0.0,0.0,0.01804,0.0,0.0,0.0,0.0,0.0,0.0,0.0,0.0,0.0,0.0,0.0,0.14116,0.08438,0.0,0.0,0.0,0.0,0.0,0.0,0.0,0.0,0.0,0.0,0.0,0.13815,0.09145,0.0,0.0,0.0,0.0,0.0,0.0,0.0,0.0,0.0,0.0,0.0,0.13673,0.10649,0.0,0.0,0.0,0.0,0.0,0.0,0.0,0.0,0.0,0.0,0.0,0.11816,0.0,0.0,3.506,3.323,3.26,2.523,1.7465,0,0.0,0.2511423529411765
873,0.0,0.0,0.0,0.0,0.0,0.0,0.0,0.0,0.0,0.0,0.0,0.0,0.0,0.0,0.0,0.0,0.0,0.0,0.0,0.0,0.0,0.0,0.0,0.0,0.0,0.0,0.0,0.0,0.0,0.0,0.0,0.0,0.0,0.0,0.0,0.0,0.0,0.0,0.0,0.0,0.0,0.0,0.0,0.0,0.0,0.0,0.0,0.0,0.0,0.0,0.0,0.0,0.0,0.0,0.0,0.0,0.0,0.0,0.0,0.0,0.02264,0.0,0.0,0.0,0.0,0.0,0.0,0.0,0.0,0.0,0.0,0.0,0.14169,0.08473,0.0,0.0,0.0,0.0,0.0,0.0,0.0,0.0,0.0,0.0,0.0,0.1355,0.09375,0.0,0.0,0.0,0.0,0.0,0.0,0.0,0.0,0.0,0.0,0.0,0.14133,0.10666,0.0,0.0,0.0,0.0,0.0,0.0,0.0,0.0,0.0,0.0,0.0,0.11515,0.0,0.0,3.551,3.32,3.263,2.487,1.7615,0,0.0,0.2469576470588235
874,0.0,0.0,0.0,0.0,0.0,0.0,0.0,0.0,0.0,0.0,0.0,0.0,0.0,0.0,0.0,0.0,0.0,0.0,0.0,0.0,0.0,0.0,0.0,0.0,0.0,0.0,0.0,0.0,0.0,0.0,0.0,0.0,0.0,0.0,0.0,0.0,0.0,0.0,0.0,0.0,0.0,0.0,0.0,0.0,0.0,0.0,0.0,0.0,0.0,0.0,0.0,0.0,0.0,0.0,0.0,0.0,0.0,0.0,0.0,0.0,0.01663,0.0,0.0,0.0,0.0,0.0,0.0,0.0,0.0,0.0,0.0,0.0,0.14027,0.08172,0.0,0.0,0.0,0.0,0.0,0.0,0.0,0.0,0.0,0.0,0.0,0.13774,0.09257,0.0,0.0,0.0,0.0,0.0,0.0,0.0,0.0,0.0,0.0,0.0,0.13768,0.10713,0.0,0.0,0.0,0.0,0.0,0.0,0.0,0.0,0.0,0.0,0.0,0.11427,0.0,0.0,3.565,3.331,3.255,2.505,1.7665,0,0.0,0.24277294117647058
875,0.0,0.0,0.0,0.0,0.0,0.0,0.0,0.0,0.0,0.0,0.0,0.0,0.0,0.0,0.0,0.0,0.0,0.0,0.0,0.0,0.0,0.0,0.0,0.0,0.0,0.0,0.0,0.0,0.0,0.0,0.0,0.0,0.0,0.0,0.0,0.0,0.0,0.0,0.0,0.0,0.0,0.0,0.0,0.0,0.0,0.0,0.0,0.0,0.0,0.0,0.0,0.0,0.0,0.0,0.0,0.0,0.0,0.0,0.0,0.0,0.01963,0.0,0.0,0.0,0.0,0.0,0.0,0.0,0.0,0.0,0.0,0.0,0.14116,0.08402,0.0,0.0,0.0,0.0,0.0,0.0,0.0,0.0,0.0,0.0,0.0,0.13844,0.09204,0.0,0.0,0.0,0.0,0.0,0.0,0.0,0.0,0.0,0.0,0.0,0.13803,0.10466,0.0,0.0,0.0,0.0,0.0,0.0,0.0,0.0,0.0,0.0,0.0,0.10843,0.0,0.0,3.501,3.319,3.256,2.5115,1.7425,0,0.0,0.23858823529411763
876,0.0,0.0,0.0,0.0,0.0,0.0,0.0,0.0,0.0,0.0,0.0,0.0,0.0,0.0,0.0,0.0,0.0,0.0,0.0,0.0,0.0,0.0,0.0,0.0,0.0,0.0,0.0,0.0,0.0,0.0,0.0,0.0,0.0,0.0,0.0,0.0,0.0,0.0,0.0,0.0,0.0,0.0,0.0,0.0,0.0,0.0,0.0,0.0,0.0,0.0,0.0,0.0,0.0,0.0,0.0,0.0,0.0,0.0,0.0,0.0,0.02176,0.0,0.0,0.0,0.0,0.0,0.0,0.0,0.0,0.0,0.0,0.0,0.14045,0.08296,0.0,0.0,0.0,0.0,0.0,0.0,0.0,0.0,0.0,0.0,0.0,0.13986,0.09204,0.0,0.0,0.0,0.0,0.0,0.0,0.0,0.0,0.0,0.0,0.0,0.13815,0.10525,0.0,0.0,0.0,0.0,0.0,0.0,0.0,0.0,0.0,0.0,0.0,0.11392,0.0,0.0,3.571,3.308,3.264,2.516,1.7425,0,0.0,0.23440352941176465
877,0.0,0.0,0.0,0.0,0.0,0.0,0.0,0.0,0.0,0.0,0.0,0.0,0.0,0.0,0.0,0.0,0.0,0.0,0.0,0.0,0.0,0.0,0.0,0.0,0.0,0.0,0.0,0.0,0.0,0.0,0.0,0.0,0.0,0.0,0.0,0.0,0.0,0.0,0.0,0.0,0.0,0.0,0.0,0.0,0.0,0.0,0.0,0.0,0.0,0.0,0.0,0.0,0.0,0.0,0.0,0.0,0.0,0.0,0.0,0.0,0.0207,0.0,0.0,0.0,0.0,0.0,0.0,0.0,0.0,0.0,0.0,0.0,0.1408,0.0842,0.0,0.0,0.0,0.0,0.0,0.0,0.0,0.0,0.0,0.0,0.0,0.13992,0.09233,0.0,0.0,0.0,0.0,0.0,0.0,0.0,0.0,0.0,0.0,0.0,0.13797,0.10542,0.0,0.0,0.0,0.0,0.0,0.0,0.0,0.0,0.0,0.0,0.0,0.11055,0.0,0.0,3.524,3.333,3.257,2.502,1.7605,0,0.0,0.23021882352941175
878,0.0,0.0,0.0,0.0,0.0,0.0,0.0,0.0,0.0,0.0,0.0,0.0,0.0,0.0,0.0,0.0,0.0,0.0,0.0,0.0,0.0,0.0,0.0,0.0,0.0,0.0,0.0,0.0,0.0,0.0,0.0,0.0,0.0,0.0,0.0,0.0,0.0,0.0,0.0,0.0,0.0,0.0,0.0,0.0,0.0,0.0,0.0,0.0,0.0,0.0,0.0,0.0,0.0,0.0,0.0,0.0,0.0,0.0,0.0,0.0,0.01521,0.0,0.0,0.0,0.0,0.0,0.0,0.0,0.0,0.0,0.0,0.0,0.14027,0.08296,0.0,0.0,0.0,0.0,0.0,0.0,0.0,0.0,0.0,0.0,0.0,0.13603,0.09198,0.0,0.0,0.0,0.0,0.0,0.0,0.0,0.0,0.0,0.0,0.0,0.13815,0.10702,0.0,0.0,0.0,0.0,0.0,0.0,0.0,0.0,0.0,0.0,0.0,0.11303,0.0,0.0,3.524,3.328,3.257,2.536,1.7465,0,0.0,0.22603411764705877
879,0.0,0.0,0.0,0.0,0.0,0.0,0.0,0.0,0.0,0.0,0.0,0.0,0.0,0.0,0.0,0.0,0.0,0.0,0.0,0.0,0.0,0.0,0.0,0.0,0.0,0.0,0.0,0.0,0.0,0.0,0.0,0.0,0.0,0.0,0.0,0.0,0.0,0.0,0.0,0.0,0.0,0.0,0.0,0.0,0.0,0.0,0.0,0.0,0.0,0.0,0.0,0.0,0.0,0.0,0.0,0.0,0.0,0.0,0.0,6e-05,0.02417,0.0,0.0,0.0,0.0,0.0,0.0,0.0,0.0,0.0,0.0,0.0,0.14133,0.08296,0.0,0.0,0.0,0.0,0.0,0.0,0.0,0.0,0.0,0.0,0.0,0.13779,0.0934,0.0,0.0,0.0,0.0,0.0,0.0,0.0,0.0,0.0,0.0,0.0,0.14098,0.10719,0.0,0.0,0.0,0.0,0.0,0.0,0.0,0.0,0.0,0.0,0.0,0.11745,0.0,0.0,3.496,3.329,3.257,2.496,1.7615,0,0.0,0.22184941176470585
880,0.0,0.0,0.0,0.0,0.0,0.0,0.0,0.0,0.0,0.0,0.0,0.0,0.0,0.0,0.0,0.0,0.0,0.0,0.0,0.0,0.0,0.0,0.0,0.0,0.0,0.0,0.0,0.0,0.0,0.0,0.0,0.0,0.0,0.0,0.0,0.0,0.0,0.0,0.0,0.0,0.0,0.0,0.0,0.0,0.0,0.0,0.0,0.0,0.0,0.0,0.0,0.0,0.0,0.0,0.0,0.0,0.0,0.0,0.0,0.0,0.01893,0.0,0.0,0.0,0.0,0.0,0.0,0.0,0.0,0.0,0.0,0.0,0.14275,0.08438,0.0,0.0,0.0,0.0,0.0,0.0,0.0,0.0,0.0,0.0,0.0,0.14057,0.09257,0.0,0.0,0.0,0.0,0.0,0.0,0.0,0.0,0.0,0.0,0.0,0.13838,0.10749,0.0,0.0,0.0,0.0,0.0,0.0,0.0,0.0,0.0,0.0,0.0,0.11551,0.0,0.0,3.524,3.313,3.262,2.4885,1.7605,0,0.0,0.21766470588235293
881,0.0,0.0,0.0,0.0,0.0,0.0,0.0,0.0,0.0,0.0,0.0,0.0,0.0,0.0,0.0,0.0,0.0,0.0,0.0,0.0,0.0,0.0,0.0,0.0,0.0,0.0,0.0,0.0,0.0,0.0,0.0,0.0,0.0,0.0,0.0,0.0,0.0,0.0,0.0,0.0,0.0,0.0,0.0,0.0,0.0,0.0,0.0,0.0,0.0,0.0,0.0,0.0,0.0,0.0,0.0,0.0,0.0,0.0,0.0,0.0,0.02087,0.0,0.0,0.0,0.0,0.0,0.0,0.0,0.0,0.0,0.0,0.0,0.14204,0.08331,0.0,0.0,0.0,0.0,0.0,0.0,0.0,0.0,0.0,0.0,0.0,0.14092,0.09133,0.0,0.0,0.0,0.0,0.0,0.0,0.0,0.0,0.0,0.0,0.0,0.13815,0.10631,0.0,0.0,0.0,0.0,0.0,0.0,0.0,0.0,0.0,0.0,0.0,0.11498,0.0,0.0,3.556,3.325,3.257,2.509,1.737,0,0.0,0.21347999999999998
882,0.0,0.0,0.0,0.0,0.0,0.0,0.0,0.0,0.0,0.0,0.0,0.0,0.0,0.0,0.0,0.0,0.0,0.0,0.0,0.0,0.0,0.0,0.0,0.0,0.0,0.0,0.0,0.0,0.0,0.0,0.0,0.0,0.0,0.0,0.0,0.0,0.0,0.0,0.0,0.0,0.0,0.0,0.0,0.0,0.0,0.0,0.0,0.0,0.0,0.0,0.0,0.0,0.0,0.0,0.0,0.0,0.0,0.0,0.0,0.0,0.01698,0.0,0.0,0.0,0.0,0.0,0.0,0.0,0.0,0.0,0.0,0.0,0.14151,0.08491,0.0,0.0,0.0,0.0,0.0,0.0,0.0,0.0,0.0,0.0,0.0,0.14127,0.09169,0.0,0.0,0.0,0.0,0.0,0.0,0.0,0.0,0.0,0.0,0.0,0.13892,0.10519,0.0,0.0,0.0,0.0,0.0,0.0,0.0,0.0,0.0,0.0,0.0,0.11728,0.0,0.0,3.524,3.329,3.258,2.541,1.7505,0,0.0,0.20929529411764705
883,0.0,0.0,0.0,0.0,0.0,0.0,0.0,0.0,0.0,0.0,0.0,0.0,0.0,0.0,0.0,0.0,0.0,0.0,0.0,0.0,0.0,0.0,0.0,0.0,0.0,0.0,0.0,0.0,0.0,0.0,0.0,0.0,0.0,0.0,0.0,0.0,0.0,0.0,0.0,0.0,0.0,0.0,0.0,0.0,0.0,0.0,0.0,0.0,0.0,0.0,0.0,0.0,0.0,0.0,0.0,0.0,0.0,0.0,0.0,0.0,0.0214,0.0,0.0,0.0,0.0,0.0,0.0,0.0,0.0,0.0,0.0,0.0,0.14222,0.08491,0.0,0.0,0.0,0.0,0.0,0.0,0.0,0.0,0.0,0.0,0.0,0.13921,0.09322,0.0,0.0,0.0,0.0,0.0,0.0,0.0,0.0,0.0,0.0,0.0,0.13638,0.10666,0.0,0.0,0.00124,0.0,0.0,0.0,0.0,0.0,0.0,0.0,0.0,0.11586,0.0,0.0,3.524,3.33,3.251,2.506,1.736,0,0.0,0.2051105882352941
884,0.0,0.0,0.0,0.0,0.0,0.0,0.0,0.0,0.0,0.0,0.0,0.0,0.0,0.0,0.0,0.0,0.0,0.0,0.0,0.0,0.0,0.0,0.0,0.0,0.0,0.0,0.0,0.0,0.0,0.0,0.0,0.0,0.0,0.0,0.0,0.0,0.0,0.0,0.0,0.0,0.0,0.0,0.0,0.0,0.0,0.0,0.0,0.0,0.0,0.0,0.0,0.0,0.0,0.0,0.0,0.0,0.0,0.0,0.0,0.0,0.01875,0.0,0.0,0.0,0.0,0.0,0.0,0.0,0.0,0.0,0.0,0.0,0.14027,0.08384,0.0,0.0,0.0,0.0,0.0,0.0,0.0,0.0,0.0,0.0,0.0,0.1395,0.09222,0.0,0.0,0.0,0.0,0.0,0.0,0.0,0.0,0.0,0.0,0.0,0.13726,0.10719,0.0,0.0,0.0,0.0,0.0,0.0,0.0,0.0,0.0,0.0,0.0,0.11621,0.0,0.0,3.546,3.314,3.26,2.4905,1.7595,0,0.0,0.20092588235294118
885,0.0,0.0,0.0,0.0,0.0,0.0,0.0,0.0,0.0,0.0,0.0,0.0,0.0,0.0,0.0,0.0,0.0,0.0,0.0,0.0,0.0,0.0,0.0,0.0,0.0,0.0,0.0,0.0,0.0,0.0,0.0,0.0,0.0,0.0,0.0,0.0,0.0,0.0,0.0,0.0,0.0,0.0,0.0,0.0,0.0,0.0,0.0,0.0,0.0,0.0,0.0,0.0,0.0,0.0,0.0,0.0,0.0,0.0,0.0,0.0,0.02158,0.0,0.0,0.0,0.0,0.0,0.0,0.0,0.0,0.0,0.0,0.0,0.14116,0.08296,0.0,0.0,0.0,0.0,0.0,0.0,0.0,0.0,0.0,0.0,0.0,0.1365,0.09469,0.0,0.0,0.0,0.0,0.0,0.0,0.0,0.0,0.0,0.0,0.0,0.13927,0.10713,0.0,0.0,0.0,0.0,0.0,0.0,0.0,0.0,0.0,0.0,0.0,0.11144,0.0,0.0,3.524,3.33,3.258,2.5145,1.742,0,0.0,0.19674117647058822
886,0.0,0.0,0.0,0.0,0.0,0.0,0.0,0.0,0.0,0.0,0.0,0.0,0.0,0.0,0.0,0.0,0.0,0.0,0.0,0.0,0.0,0.0,0.0,0.0,0.0,0.0,0.0,0.0,0.0,0.0,0.0,0.0,0.0,0.0,0.0,0.0,0.0,0.0,0.0,0.0,0.0,0.0,0.0,0.0,0.0,0.0,0.0,0.0,0.0,0.0,0.0,0.0,0.0,0.0,0.0,0.0,0.0,0.0,0.0,0.0,0.02176,0.0,0.0,0.0,0.0,0.0,0.0,0.0,0.0,0.0,0.0,0.0,0.14116,0.08438,0.0,0.0,0.0,0.0,0.0,0.0,0.0,0.0,0.0,0.0,0.0,0.13992,0.0918,0.0,0.0,0.0,0.0,0.0,0.0,0.0,0.0,0.0,0.0,0.0,0.14015,0.10873,0.0,0.0,0.0,0.0,0.0,0.0,0.0,0.0,0.0,0.0,0.0,0.11462,0.0,0.0,3.506,3.304,3.261,2.4865,1.7515,0,0.0,0.19255647058823527
887,0.0,0.0,0.0,0.0,0.0,0.0,0.0,0.0,0.0,0.0,0.0,0.0,0.0,0.0,0.0,0.0,0.0,0.0,0.0,0.0,0.0,0.0,0.0,0.0,0.0,0.0,0.0,0.0,0.0,0.0,0.0,0.0,0.0,0.0,0.0,0.0,0.0,0.0,0.0,0.0,0.0,0.0,0.0,0.0,0.0,0.0,0.0,0.0,0.0,0.0,0.0,0.0,0.0,0.0,0.0,0.0,0.0,0.0,0.0,0.0,0.01539,0.0,0.0,0.0,0.0,0.0,0.0,0.0,0.0,0.0,0.0,0.0,0.13974,0.08278,0.0,0.0,0.0,0.0,0.0,0.0,0.0,0.0,0.0,0.0,0.0,0.13685,0.09363,0.0,0.0,0.0,0.0,0.0,0.0,0.0,0.0,0.0,0.0,0.0,0.13903,0.10596,0.0,0.0,0.0,0.0,0.0,0.0,0.0,0.0,0.0,0.0,0.0,0.11392,0.0,0.0,3.501,3.323,3.263,2.528,1.7505,0,0.0,0.18837176470588235
888,0.0,0.0,0.0,0.0,0.0,0.0,0.0,0.0,0.0,0.0,0.0,0.0,0.0,0.0,0.0,0.0,0.0,0.0,0.0,0.0,0.0,0.0,0.0,0.0,0.0,0.0,0.0,0.0,0.0,0.0,0.0,0.0,0.0,0.0,0.0,0.0,0.0,0.0,0.0,0.0,0.0,0.0,0.0,0.0,0.0,0.0,0.0,0.0,0.0,0.0,0.0,0.0,0.0,0.0,0.0,0.0,0.0,0.0,0.0,0.0,0.0207,0.0,0.0,0.0,0.0,0.0,0.0,0.0,0.0,0.0,0.0,0.0,0.14045,0.08491,0.0,0.0,0.0,0.0,0.0,0.0,0.0,0.0,0.0,0.0,0.0,0.13738,0.09239,0.0,0.0,0.0,0.0,0.0,0.0,0.0,0.0,0.0,0.0,0.0,0.13744,0.10507,0.0,0.0,0.0,0.0,0.0,0.0,0.0,0.0,0.0,0.0,0.0,0.11374,0.0,0.0,3.567,3.323,3.26,2.536,1.7485,0,0.0,0.1841870588235294
889,0.0,0.0,0.0,0.0,0.0,0.0,0.0,0.0,0.0,0.0,0.0,0.0,0.0,0.0,0.0,0.0,0.0,0.0,0.0,0.0,0.0,0.0,0.0,0.0,0.0,0.0,0.0,0.0,0.0,0.0,0.0,0.0,0.0,0.0,0.0,0.0,0.0,0.0,0.0,0.0,0.0,0.0,0.0,0.0,0.0,0.0,0.0,0.0,0.0,0.0,0.0,0.0,0.0,0.0,0.0,0.0,0.0,0.0,0.0,6e-05,0.02771,0.0,0.0,0.0,0.0,0.0,0.0,0.0,0.0,0.0,0.0,0.0,0.14346,0.08579,0.0,0.0,0.0,0.0,0.0,0.0,0.0,0.0,0.0,0.0,0.0,0.13897,0.09381,0.0,0.0,0.0,0.0,0.0,0.0,0.0,0.0,0.0,0.0,0.0,0.13956,0.10649,0.0,0.0,0.0,0.0,0.0,0.0,0.0,0.0,0.0,0.0,0.0,0.11586,0.0,0.0,3.511,3.33,3.256,2.507,1.733,0,0.0,0.18000235294117645
890,0.0,0.0,0.0,0.0,0.0,0.0,0.0,0.0,0.0,0.0,0.0,0.0,0.0,0.0,0.0,0.0,0.0,0.0,0.0,0.0,0.0,0.0,0.0,0.0,0.0,0.0,0.0,0.0,0.0,0.0,0.0,0.0,0.0,0.0,0.0,0.0,0.0,0.0,0.0,0.0,0.0,0.0,0.0,0.0,0.0,0.0,0.0,0.0,0.0,0.0,0.0,0.0,0.0,0.0,0.0,0.0,0.0,0.0,0.0,0.0,0.01946,0.0,0.0,0.0,0.0,0.0,0.0,0.0,0.0,0.0,0.0,0.0,0.14098,0.08331,0.0,0.0,0.0,0.0,0.0,0.0,0.0,0.0,0.0,0.0,0.0,0.14074,0.09239,0.0,0.0,0.0,0.0,0.0,0.0,0.0,0.0,0.0,0.0,0.0,0.13992,0.10507,0.0,0.0,0.00159,0.0,0.0,0.0,0.0,0.0,0.0,0.0,0.0,0.11621,0.0,0.0,3.546,3.315,3.263,2.5165,1.7445,0,0.0,0.17581764705882352
891,0.0,0.0,0.0,0.0,0.0,0.0,0.0,0.0,0.0,0.0,0.0,0.0,0.0,0.0,0.0,0.0,0.0,0.0,0.0,0.0,0.0,0.0,0.0,0.0,0.0,0.0,0.0,0.0,0.0,0.0,0.0,0.0,0.0,0.0,0.0,0.0,0.0,0.0,0.0,0.0,0.0,0.0,0.0,0.0,0.0,0.0,0.0,0.0,0.0,0.0,0.0,0.0,0.0,0.0,0.0,0.0,0.0,0.0,0.0,0.0,0.01893,0.0,0.0,0.0,0.0,0.0,0.0,0.0,0.0,0.0,0.0,0.0,0.14062,0.08384,0.0,0.0,0.0,0.0,0.0,0.0,0.0,0.0,0.0,0.0,0.0,0.14045,0.0941,0.0,0.0,0.0,0.0,0.0,0.0,0.0,0.0,0.0,0.0,0.0,0.1385,0.1056,0.0,0.0,0.0,0.0,0.0,0.0,0.0,0.0,0.0,0.0,0.0,0.11162,0.0,0.0,3.546,3.314,3.263,2.51,1.743,0,0.0,0.1716329411764706
892,0.0,0.0,0.0,0.0,0.0,0.0,0.0,0.0,0.0,0.0,0.0,0.0,0.0,0.0,0.0,0.0,0.0,0.0,0.0,0.0,0.0,0.0,0.0,0.0,0.0,0.0,0.0,0.0,0.0,0.0,0.0,0.0,0.0,0.0,0.0,0.0,0.0,0.0,0.0,0.0,0.0,0.0,0.0,0.0,0.0,0.0,0.0,0.0,0.0,0.0,0.0,0.0,0.0,0.0,0.0,0.0,0.0,0.0,0.0,0.0,0.0,0.0,0.0,0.0,0.0,0.0,0.0,0.0,0.10312,0.00283,0.0,0.0,0.0,0.0,0.05961,0.0,0.0,0.0,0.0,0.15371,0.08048,0.0,0.0,0.0,0.0,0.0,0.02476,0.0,0.0,0.0,0.12647,0.11126,0.0,0.0,0.0,0.0,0.0,0.0,0.09357,0.0,0.0,0.05985,0.15649,0.0,0.0,0.0,0.0,0.0,0.0,0.0,0.07205,0.04186,0.0,0.0,4.0695,5.0,5.0,5.0,5.0,0,0.0,0.16744823529411762
893,0.0,0.0,0.0,0.0,0.0,0.0,0.0,0.0,0.0,0.0,0.0,0.0,0.0,0.0,0.0,0.0,0.0,0.0,0.0,0.0,0.0,0.0,0.0,0.0,0.0,0.0,0.0,0.0,0.0,0.0,0.0,0.0,0.0,0.0,0.0,0.0,0.0,0.0,0.0,0.0,0.0,0.0,0.0,0.0,0.0,0.0,0.0,0.0,0.0,0.0,0.0,0.0,0.0,0.0,0.0,0.0,0.0,0.0,0.0,0.0,0.0,0.0,0.0,0.0,0.0,0.0,0.0,0.0,0.10053,0.00171,0.0,0.0,0.0,0.0,0.0589,0.0,0.0,0.0,0.0,0.15489,0.08037,0.0,0.0,0.0,0.0,0.0,0.02052,0.0,0.0,0.0,0.1263,0.11055,0.0,0.0,0.0,0.0,0.0,0.0,0.09853,0.0,0.0,0.05861,0.15596,0.0,0.0,0.0,0.0,0.0,0.0,0.0,0.07494,0.04764,0.0,0.0,4.0875,5.0,5.0,5.0,5.0,0,0.0,0.3033093960784313
894,0.0,0.0,0.0,0.0,0.0,0.0,0.0,0.0,0.0,0.0,0.0,0.0,0.0,0.0,0.0,0.0,0.0,0.0,0.0,0.0,0.0,0.0,0.0,0.0,0.0,0.0,0.0,0.0,0.0,0.0,0.0,0.0,0.0,0.0,0.0,0.0,0.0,0.0,0.0,0.0,0.0,0.0,0.0,0.0,0.0,0.0,0.0,0.0,0.0,0.0,0.0,0.0,0.0,0.0,0.0,0.0,0.0,0.0,0.0,0.0,0.0,0.0,0.0,0.0,0.0,0.0,0.0,0.0,0.10147,0.00236,0.0,0.0,0.0,0.0,0.06262,0.0,0.0,0.0,0.0,0.15383,0.08125,0.0,0.0,0.0,0.0,0.0,0.01981,0.0,0.0,0.0,0.12541,0.11126,0.0,0.0,0.0,0.0,0.0,0.0,0.10666,0.0,0.0,0.05666,0.1579,0.0,0.0,0.0,0.0,0.0,0.0,0.0,0.07978,0.05802,0.0,0.0,4.0775,5.0,5.0,5.0,5.0,0,0.10529000000000002,0.43992938352941174
895,0.0,0.0,0.0,0.0,0.0,0.0,0.0,0.0,0.0,0.0,0.0,0.0,0.0,0.0,0.0,0.0,0.0,0.0,0.0,0.0,0.0,0.0,0.0,0.0,0.0,0.0,0.0,0.0,0.0,0.0,0.0,0.0,0.0,0.0,0.0,0.0,0.0,0.0,0.0,0.0,0.0,0.0,0.0,0.0,0.0,0.0,0.0,0.0,0.0,0.0,0.0,0.0,0.0,0.0,0.0,0.0,0.0,0.0,0.0,0.0,0.0,0.0,0.0,0.0,0.0,0.0,0.0,0.0,0.10277,0.00265,0.0,0.0,0.0,0.0,0.06315,0.0,0.0,0.0,0.0,0.15419,0.08037,0.0,0.0,0.0,0.0,0.0,0.02282,0.0,0.0,0.0,0.12665,0.11002,0.0,0.0,0.0,0.0,0.0,0.0,0.09552,0.0,0.0,0.05407,0.15572,0.0,0.0,0.0,0.0,0.0,0.0,0.0,0.07199,0.05413,0.0,0.0,4.114,5.0,5.0,5.0,5.0,0,0.28529,0.5773081976470588
896,0.0,0.0,0.0,0.0,0.0,0.0,0.0,0.0,0.0,0.0,0.0,0.0,0.0,0.0,0.0,0.0,0.0,0.0,0.0,0.0,0.0,0.0,0.0,0.0,0.0,0.0,0.0,0.0,0.0,0.0,0.0,0.0,0.0,0.0,0.0,0.0,0.0,0.0,0.0,0.0,0.0,0.0,0.0,0.0,0.0,0.0,0.0,0.0,0.0,0.0,0.0,0.0,0.0,0.0,0.0,0.0,0.0,0.0,0.0,0.0,0.0,0.0,0.0,0.0,0.0,0.0,0.0,0.0,0.09959,0.00106,0.0,0.0,0.0,0.0,0.05943,0.0,0.0,0.0,0.0,0.15483,0.08078,0.0,0.0,0.0,0.0,0.0,0.02529,0.0,0.0,0.0,0.12647,0.11108,0.0,0.0,0.0,0.0,0.0,0.0,0.09817,0.0,0.0,0.05778,0.15554,0.0,0.0,0.0,0.0,0.0,0.0,0.0,0.07907,0.06439,0.0,0.0,4.0775,5.0,5.0,5.0,5.0,0,0.4652900000000001,0.7154458384313725
897,0.0,0.0,0.0,0.0,0.0,0.0,0.0,0.0,0.0,0.0,0.0,0.0,0.0,0.0,0.0,0.0,0.0,0.0,0.0,0.0,0.0,0.0,0.0,0.0,0.0,0.0,0.0,0.0,0.0,0.0,0.0,0.0,0.0,0.0,0.0,0.0,0.0,0.0,0.0,0.0,0.0,0.0,0.0,0.0,0.0,0.0,0.0,0.0,0.0,0.0,0.0,0.0,0.0,0.0,0.0,0.0,0.0,0.0,0.0,0.0,0.0,0.0,0.0,0.0,0.0,0.0,0.0,0.0,0.09581,0.00094,0.0,0.0,0.0,0.0,0.06103,0.0,0.0,0.0,0.0,0.15454,0.08107,0.0,0.0,0.0,0.0,0.0,0.02264,0.0,0.0,0.0,0.12594,0.11002,0.0,0.0,0.0,0.0,0.0,0.0,0.06881,0.0,0.0,0.0569,0.15519,0.0,0.0,0.0,0.0,0.0,0.0,0.0,0.06745,0.03886,0.52645,0.0,3.2665,5.0,5.0,5.0,5.0,0,0.64529,0.8569286603921569
898,0.0,0.0,0.0,0.0,0.0,0.0,0.0,0.0,0.0,0.0,0.0,0.0,0.0,0.0,0.0,0.0,0.0,0.0,0.0,0.0,0.0,0.0,0.0,0.0,0.0,0.0,0.0,0.0,0.0,0.0,0.0,0.0,0.0,0.0,0.0,0.0,0.0,0.0,0.0,0.0,0.0,0.0,0.0,0.0,0.0,0.0,0.0,0.0,0.0,0.0,0.0,0.0,0.0,0.0,0.0,0.0,0.0,0.0,0.0,0.0,0.0,0.0,0.0,0.0,0.0,0.0,0.0,0.0,0.08685,0.0,0.0,0.0,0.0,0.0,0.03732,0.0,0.0,0.0,0.0,0.15867,0.07677,0.0,0.0,0.0,0.0,0.0,0.03096,0.0,0.0,0.0,0.13603,0.10136,0.0,0.0,0.0,0.0,0.0,0.0,0.12435,0.0,0.0,0.07412,0.14151,0.0,0.0,0.0,0.0,0.0,0.0,0.0,0.08426,0.01993,0.9,0.0,3.2805,4.9975,5.0,5.0,5.0,0,0.730662,0.859202556862745
899,0.0,0.0,0.0,0.0,0.0,0.0,0.0,0.0,0.0,0.0,0.0,0.0,0.0,0.0,0.0,0.0,0.0,0.0,0.0,0.0,0.0,0.0,0.0,0.0,0.0,0.0,0.0,0.0,0.0,0.0,0.0,0.0,0.0,0.0,0.0,0.0,0.0,0.0,0.0,0.0,0.0,0.0,0.0,0.0,0.0,0.0,0.0,0.0,0.0,0.0,0.0,0.0,0.0,0.0,0.0,0.0,0.0,0.0,0.0,0.0,0.0,0.0,0.0,0.0,0.0,0.0,0.0,0.0,0.0911,0.00106,0.0,0.0,0.0,0.0,0.04387,0.0,0.0,0.0,0.0,0.15796,0.07889,0.0,0.0,0.0,0.0,0.0,0.05607,0.0,0.0,0.0,0.1355,0.10118,0.0,0.0,0.0,0.0,0.0,0.0,0.09499,0.0,0.0,0.07435,0.14039,0.0,0.0,0.0,0.0,0.0,0.0,0.0,0.06562,0.00071,0.9,0.14234,3.3255,5.0,5.0,5.0,5.0,0,0.625372,0.8681948611764707
900,0.0,0.0,0.0,0.0,0.0,0.0,0.0,0.0,0.0,0.0,0.0,0.0,0.0,0.0,0.0,0.0,0.0,0.0,0.0,0.0,0.0,0.0,0.0,0.0,0.0,0.0,0.0,0.0,0.0,0.0,0.0,0.0,0.0,0.0,0.0,0.0,0.0,0.0,0.0,0.0,0.0,0.0,0.0,0.0,0.0,0.0,0.0,0.0,0.0,0.0,0.0,0.0,0.0,0.0,0.0,0.0,0.0,0.0,0.0,0.0,0.0,0.0,0.0,0.0,0.0,0.0,0.0,0.0,0.08438,0.0,0.0,0.0,0.0,0.0,0.04634,0.0,0.0,0.0,0.0,0.15796,0.07712,0.0,0.0,0.0,0.0,0.0,0.05678,0.0,0.0,0.0,0.1362,0.101,0.0,0.0,0.0,0.0,0.0,0.0,0.08862,0.0,0.0,0.07842,0.1418,0.0,0.0,0.0,0.0,0.0,0.0,0.0,0.06262,0.00761,0.9,0.27671,3.2735,5.0,5.0,5.0,5.0,0,0.44537200000000005,0.7400224
901,0.0,0.0,0.0,0.0,0.0,0.0,0.0,0.0,0.0,0.0,0.0,0.0,0.0,0.0,0.0,0.0,0.0,0.0,0.0,0.0,0.0,0.0,0.0,0.0,0.0,0.0,0.0,0.0,0.0,0.0,0.0,0.0,0.0,0.0,0.0,0.0,0.0,0.0,0.0,0.0,0.0,0.0,0.0,0.0,0.0,0.0,0.0,0.0,0.0,0.0,0.0,0.0,0.0,0.0,0.0,0.0,0.0,0.0,0.0,0.0,0.0,0.0,0.0,0.0,0.0,0.0,0.0,0.0,0.09729,0.00106,0.0,0.0,0.0,0.0,0.04564,0.0,0.0,0.0,0.0,0.15778,0.07748,0.0,0.0,0.0,0.0,0.0,0.0589,0.0,0.0,0.0,0.13567,0.10189,0.0,0.0,0.0,0.0,0.0,0.0,0.08119,0.0,0.0,0.07789,0.14145,0.0,0.0,0.0,0.0,0.0,0.0,0.0,0.06156,0.00654,0.42686,0.27671,3.3495,4.9575,5.0,5.0,5.0,0,0.26537200000000005,0.7052100533333333
902,0.0,0.0,0.0,0.0,0.0,0.0,0.0,0.0,0.0,0.0,0.0,0.0,0.0,0.0,0.0,0.0,0.0,0.0,0.0,0.0,0.0,0.0,0.0,0.0,0.0,0.0,0.0,0.0,0.0,0.0,0.0,0.0,0.0,0.0,0.0,0.0,0.0,0.0,0.0,0.0,0.0,0.0,0.0,0.0,0.0,0.0,0.0,0.0,0.0,0.0,0.0,0.0,0.0,0.0,0.0,0.0,0.0,0.0,0.0,0.0,0.0,0.0,0.0,0.0,0.0,0.0,0.0,0.0,0.08939,0.00029,0.0,0.0,0.0,0.0,0.04051,0.0,0.0,0.0,0.0,0.15879,0.07559,0.0,0.0,0.0,0.0,0.0,0.03184,0.0,0.0,0.0,0.13833,0.09976,0.0,0.0,0.0,0.0,0.0,0.0,0.06545,0.0,0.0,0.07824,0.14057,0.0,0.0,0.0,0.0,0.0,0.0,0.0,0.06456,0.00371,0.0,0.63244,3.6105,5.0,5.0,5.0,5.0,0,0.08537200000000003,0.6647214666666666
903,0.0,0.0,0.0,0.0,0.0,0.0,0.0,0.0,0.0,0.0,0.0,0.0,0.0,0.0,0.0,0.0,0.0,0.0,0.0,0.0,0.0,0.0,0.0,0.0,0.0,0.0,0.0,0.0,0.0,0.0,0.0,0.0,0.0,0.0,0.0,0.0,0.0,0.0,0.0,0.0,0.0,0.0,0.0,0.0,0.0,0.0,0.0,0.0,0.0,0.0,0.0,0.0,0.0,0.0,0.0,0.0,0.0,0.0,0.0,0.0,0.0,0.0,0.0,0.0,0.0,0.0,0.0,0.0,0.09275,0.00012,0.0,0.0,0.0,0.0,0.0536,0.0,0.0,0.0,0.0,0.15949,0.07612,0.0,0.0,0.0,0.0,0.0,0.02459,0.0,0.0,0.0,0.13532,0.10136,0.0,0.0,0.0,0.0,0.0,0.0,0.11763,0.0,0.0,0.08143,0.1441,0.0,0.0,0.0,0.0,0.0,0.0,0.0,0.09664,0.03815,0.0,0.21348,3.6745,5.0,5.0,5.0,5.0,0,0.0,0.64637088
904,0.0,0.0,0.0,0.0,0.0,0.0,0.0,0.0,0.0,0.0,0.0,0.0,0.0,0.0,0.0,0.0,0.0,0.0,0.0,0.0,0.0,0.0,0.0,0.0,0.0,0.0,0.0,0.0,0.0,0.0,0.0,0.0,0.0,0.0,0.0,0.0,0.0,0.0,0.0,0.0,0.0,0.0,0.0,0.0,0.0,0.0,0.0,0.0,0.0,0.0,0.0,0.0,0.0,0.0,0.0,0.0,0.0,0.0,0.0,0.0,0.0,0.0,0.0,0.0,0.0,0.0,0.0,0.0,0.09092,0.0,0.0,0.0,0.0,0.0,0.05289,0.0,0.0,0.0,0.0,0.16002,0.07524,0.0,0.0,0.0,0.0,0.0,0.02742,0.0,0.0,0.0,0.13567,0.10083,0.0,0.0,0.0,0.0,0.0,0.0,0.11621,0.0,0.0,0.07966,0.1441,0.0,0.0,0.0,0.0,0.0,0.0,0.0,0.09381,0.0454,0.0,0.67989,3.8035,5.0,5.0,5.0,5.0,0,0.0,0.6198
905,0.0,0.0,0.0,0.0,0.0,0.0,0.0,0.0,0.0,0.0,0.0,0.0,0.0,0.0,0.0,0.0,0.0,0.0,0.0,0.0,0.0,0.0,0.0,0.0,0.0,0.0,0.0,0.0,0.0,0.0,0.0,0.0,0.0,0.0,0.0,0.0,0.0,0.0,0.0,0.0,0.0,0.0,0.0,0.0,0.0,0.0,0.0,0.0,0.0,0.0,0.0,0.0,0.0,0.0,0.0,0.0,0.0,0.0,0.0,0.0,0.0,0.0,0.0,0.0,0.0,0.0,0.0,0.0,0.10071,0.00153,0.0,0.0,0.0,0.0,0.0543,0.0,0.0,0.0,0.0,0.15949,0.07488,0.0,0.0,0.0,0.0,0.0,0.03768,0.0,0.0,0.0,0.13744,0.09923,0.0,0.0,0.0,0.0,0.0,0.0,0.08933,0.0,0.0,0.07966,0.14233,0.0,0.0,0.0,0.0,0.0,0.0,0.0,0.08325,0.03225,0.0,0.66405,3.7885,5.0,5.0,5.0,5.0,0,0.0,0.7771039999999999
906,0.0,0.0,0.0,0.0,0.0,0.0,0.0,0.0,0.0,0.0,0.0,0.0,0.0,0.0,0.0,0.0,0.0,0.0,0.0,0.0,0.0,0.0,0.0,0.0,0.0,0.0,0.0,0.0,0.0,0.0,0.0,0.0,0.0,0.0,0.0,0.0,0.0,0.0,0.0,0.0,0.0,0.0,0.0,0.0,0.0,0.0,0.0,0.0,0.0,0.0,0.0,0.0,0.0,0.0,0.0,0.0,0.0,0.0,0.0,0.0,0.0,0.0,0.0,0.0,0.0,0.0,0.0,0.0,0.08897,0.0,0.0,0.0,0.0,0.0,0.05749,0.0,0.0,0.0,0.0,0.16073,0.07488,0.0,0.0,0.0,0.0,0.0,0.03679,0.0,0.0,0.0,0.13744,0.09923,0.0,0.0,0.0,0.0,0.0,0.0,0.05713,0.0,0.0,0.0786,0.14357,0.0,0.0,0.0,0.0,0.0,0.0,0.0,0.07871,0.02989,0.0,0.77474,3.8305,5.0,5.0,5.0,5.0,0,0.0,0.821368
907,0.0,0.0,0.0,0.0,0.0,0.0,0.0,0.0,0.0,0.0,0.0,0.0,0.0,0.0,0.0,0.0,0.0,0.0,0.0,0.0,0.0,0.0,0.0,0.0,0.0,0.0,0.0,0.0,0.0,0.0,0.0,0.0,0.0,0.0,0.0,0.0,0.0,0.0,0.0,0.0,0.0,0.0,0.0,0.0,0.0,0.0,0.0,0.0,0.0,0.0,0.0,0.0,0.0,0.0,0.0,0.0,0.0,0.0,0.0,0.0,0.0,0.0,0.0,0.0,0.0,0.0,0.0,0.0,0.09965,0.00012,0.0,0.0,0.0,0.0,0.04988,0.0,0.0,0.0,0.0,0.15932,0.07559,0.0,0.0,0.0,0.0,0.0,0.0214,0.0,0.0,0.0,0.13532,0.10029,0.0,0.0,0.0,0.0,0.0,0.0,0.12754,0.0,0.0,0.07771,0.14375,0.0,0.0,0.0,0.0,0.0,0.0,0.0,0.09446,0.03272,0.0,0.76684,3.8255,5.0,5.0,5.0,5.0,0,0.0,0.8324400000000001
908,0.0,0.0,0.0,0.0,0.0,0.0,0.0,0.0,0.0,0.0,0.0,0.0,0.0,0.0,0.0,0.0,0.0,0.0,0.0,0.0,0.0,0.0,0.0,0.0,0.0,0.0,0.0,0.0,0.0,0.0,0.0,0.0,0.0,0.0,0.0,0.0,0.0,0.0,0.0,0.0,0.0,0.0,0.0,0.0,0.0,0.0,0.0,0.0,0.0,0.0,0.0,0.0,0.0,0.0,0.0,0.0,0.0,0.0,0.0,0.0,0.0,0.0,0.0,0.0,0.0,0.0,0.0,0.0,0.0918,0.0,0.0,0.0,0.0,0.0,0.04882,0.0,0.0,0.0,0.0,0.15932,0.07453,0.0,0.0,0.0,0.0,0.0,0.02176,0.0,0.0,0.0,0.13709,0.09888,0.0,0.0,0.0,0.0,0.0,0.0,0.12842,0.0,0.0,0.07695,0.14328,0.0,0.0,0.0,0.0,0.0,0.0,0.0,0.10012,0.03149,0.0,1.0,3.9585,5.0,5.0,5.0,5.0,0,0.0,0.8166319999999999
909,0.0,0.0,0.0,0.0,0.0,0.0,0.0,0.0,0.0,0.0,0.0,0.0,0.0,0.0,0.0,0.0,0.0,0.0,0.0,0.0,0.0,0.0,0.0,0.0,0.0,0.0,0.0,0.0,0.0,0.0,0.0,0.0,0.0,0.0,0.0,0.0,0.0,0.0,0.0,0.0,0.0,0.0,0.0,0.0,0.0,0.0,0.0,0.0,0.0,0.0,0.0,0.0,0.0,0.0,0.0,0.0,0.0,0.0,0.0,0.0,0.0,0.0,0.0,0.0,0.0,0.0,0.0,0.0,0.09446,0.0,0.0,0.0,0.0,0.0,0.03821,0.0,0.0,0.0,0.0,0.1546,0.08172,0.0,0.0,0.0,0.0,0.0,0.04104,0.0,0.0,0.0,0.13143,0.10383,0.0,0.0,0.0,0.0,0.0,0.0,0.06952,0.0,0.0,0.07105,0.14988,0.0,0.0,0.0,0.0,0.0,0.0,0.0,0.06963,0.00713,0.0,0.90121,3.9045,5.0,5.0,5.0,5.0,0,0.0,0.827698
910,0.0,0.0,0.0,0.0,0.0,0.0,0.0,0.0,0.0,0.0,0.0,0.0,0.0,0.0,0.0,0.0,0.0,0.0,0.0,0.0,0.0,0.0,0.0,0.0,0.0,0.0,0.0,0.0,0.0,0.0,0.0,0.0,0.0,0.0,0.0,0.0,0.0,0.0,0.0,0.0,0.0,0.0,0.0,0.0,0.0,0.0,0.0,0.0,0.0,0.0,0.0,0.0,0.0,0.0,0.0,0.0,0.0,0.0,0.0,0.0,0.0,0.0,0.0,0.0,0.0,0.0,0.0,0.0,0.03272,0.0,0.0,0.0,0.0,0.0,0.00071,0.0,0.0,0.0,0.0,0.1362,0.09587,0.0,0.0,0.0,0.0,0.0,0.06474,0.0,0.0,0.0,0.12647,0.10578,0.0,0.0,0.0,0.0,0.0,0.0,0.0,0.0,0.0,0.0707,0.15678,0.0,0.0,0.0,0.0,0.0,0.0,0.0,0.0184,0.0,0.0,0.71941,3.9245,5.0,5.0,5.0,5.0,0,0.0,0.8116210933333333
911,0.0,0.0,0.0,0.0,0.0,0.0,0.0,0.0,0.0,0.0,0.0,0.0,0.0,0.0,0.0,0.0,0.0,0.0,0.0,0.0,0.0,0.0,0.0,0.0,0.0,0.0,0.0,0.0,0.0,0.0,0.0,0.0,0.0,0.0,0.0,0.0,0.0,0.0,0.0,0.0,0.0,0.0,0.0,0.0,0.0,0.0,0.0,0.0,0.0,0.0,0.0,0.0,0.0,0.0,0.0,0.0,0.0,0.0,0.0,0.0,0.0,0.0,0.0,0.0,0.0,0.0,0.0,0.0,0.0,0.0,0.0,0.0,0.0,0.0,0.0,0.0,0.0,0.0,0.0,0.12241,0.10171,0.0,0.0,0.0,0.0,0.0,0.0,0.0,0.0,0.0,0.12294,0.12064,0.0,0.0,0.0,0.0,0.0,0.0,0.0,0.0,0.0,0.06462,0.15808,0.0,0.0,0.0,0.0,0.0,0.0,0.0,0.0,0.0,0.0,0.6957,4.2375,5.0,5.0,5.0,5.0,0,0.11667200000000003,0.8153021866666667
912,0.0,0.0,0.0,0.0,0.0,0.0,0.0,0.0,0.0,0.0,0.0,0.0,0.0,0.0,0.0,0.0,0.0,0.0,0.0,0.0,0.0,0.0,0.0,0.0,0.0,0.0,0.0,0.0,0.0,0.0,0.0,0.0,0.0,0.0,0.0,0.0,0.0,0.0,0.0,0.0,0.0,0.0,0.0,0.0,0.0,0.0,0.0,0.0,0.0,0.0,0.0,0.0,0.0,0.0,0.0,0.0,0.0,0.0,0.0,0.0,0.0,0.0,0.0,0.0,0.0,0.0,0.0,0.0,0.01415,0.0,0.0,0.0,0.0,0.0,0.0,0.00654,0.0,0.0,0.0,0.11356,0.11215,0.0,0.0,0.0,0.0,0.0,0.0,0.00071,0.0,0.0,0.11604,0.12877,0.0,0.0,0.0,0.0,0.0,0.0,0.0,0.0,0.0,0.05755,0.16285,0.0,0.0,0.0,0.0,0.0,0.0,0.0,0.0,0.0,0.0,0.82217,4.2895,5.0,5.0,5.0,5.0,0,0.25042400000000004,0.8437581866666667
913,0.0,0.0,0.0,0.0,0.0,0.0,0.0,0.0,0.0,0.0,0.0,0.0,0.0,0.0,0.0,0.0,0.0,0.0,0.0,0.0,0.0,0.0,0.0,0.0,0.0,0.0,0.0,0.0,0.0,0.0,0.0,0.0,0.0,0.0,0.0,0.0,0.0,0.0,0.0,0.0,0.0,0.0,0.0,0.0,0.0,0.0,0.0,0.0,0.0,0.0,0.0,0.0,0.0,0.0,0.0,0.0,0.0,0.0,0.0,0.0,0.0,0.0,0.0,0.0,0.0,0.0,0.0,0.0,0.02565,0.0,0.0,0.0,0.0,0.0,0.0,0.00725,0.0,0.0,0.0,0.11362,0.11456,0.0,0.0,0.0,0.0,0.0,0.0,0.00071,0.0,0.0,0.11621,0.12524,0.0,0.0,0.0,0.0,0.0,0.0,0.0,0.0,0.0,0.06156,0.16203,0.0,0.0,0.0,0.0,0.0,0.0,0.0,0.0,0.0,0.0,0.84588,4.3075,5.0,5.0,5.0,5.0,0,0.25042400000000004,0.8896021866666667
914,0.0,0.0,0.0,0.0,0.0,0.0,0.0,0.0,0.0,0.0,0.0,0.0,0.0,0.0,0.0,0.0,0.0,0.0,0.0,0.0,0.0,0.0,0.0,0.0,0.0,0.0,0.0,0.0,0.0,0.0,0.0,0.0,0.0,0.0,0.0,0.0,0.0,0.0,0.0,0.0,0.0,0.0,0.0,0.0,0.0,0.0,0.0,0.0,0.0,0.0,0.0,0.0,0.0,0.0,0.0,0.0,0.0,0.0,0.0,0.0,0.0,0.0,0.0,0.0,0.0,0.0,0.0,0.0,0.00814,0.0,0.0,0.0,0.0,0.0,0.0,0.00743,0.0,0.0,0.0,0.1148,0.11197,0.0,0.0,0.0,0.0,0.0,0.0,0.00035,0.0,0.0,0.11763,0.12771,0.0,0.0,0.0,0.0,0.0,0.0,0.0,0.0,0.0,0.06338,0.1625,0.0,0.0,0.0,0.0,0.0,0.0,0.0,0.0,0.0,0.58336,0.84588,3.9325,5.0,5.0,5.0,5.0,0,0.25042400000000004,0.9251681866666667
915,0.0,0.0,0.0,0.0,0.0,0.0,0.0,0.0,0.0,0.0,0.0,0.0,0.0,0.0,0.0,0.0,0.0,0.0,0.0,0.0,0.0,0.0,0.0,0.0,0.0,0.0,0.0,0.0,0.0,0.0,0.0,0.0,0.0,0.0,0.0,0.0,0.0,0.0,0.0,0.0,0.0,0.0,0.0,0.0,0.0,0.0,0.0,0.0,0.0,0.0,0.0,0.0,0.0,0.0,0.0,0.0,0.0,0.0,0.0,0.0,0.0,0.0,0.0,0.0,0.0,0.0,0.0,0.0,0.00301,0.0,0.0,0.0,0.0,0.0,0.0,0.00955,0.0,0.0,0.0,0.127,0.10065,0.0,0.0,0.0,0.0,0.0,0.0,0.0,0.0,0.0,0.13532,0.10896,0.0,0.0,0.0,0.0,0.0,0.0,0.0,0.0,0.0,0.0885,0.14216,0.0,0.0,0.0,0.0,0.0,0.0,0.0,0.0,0.0,0.66876,0.86169,3.8745,5.0,5.0,5.0,5.0,0,0.31872200000000006,0.9135830933333333
916,0.0,0.0,0.0,0.0,0.0,0.0,0.0,0.0,0.0,0.0,0.0,0.0,0.0,0.0,0.0,0.0,0.0,0.0,0.0,0.0,0.0,0.0,0.0,0.0,0.0,0.0,0.0,0.0,0.0,0.0,0.0,0.0,0.0,0.0,0.0,0.0,0.0,0.0,0.0,0.0,0.0,0.0,0.0,0.0,0.0,0.0,0.0,0.0,0.0,0.0,0.0,0.0,0.0,0.0,0.0,0.0,0.0,0.0,0.0,0.0,0.0,0.0,0.0,0.0,0.0,0.0,0.0,0.0,0.0,0.0,0.0,0.0,0.0,0.0,0.0,0.00018,0.0,0.0,0.0,0.12989,0.08662,0.0,0.0,0.0,0.0,0.0,0.0,0.00407,0.0,0.0,0.14717,0.09499,0.0,0.0,0.0,0.0,0.0,0.0,0.0,0.0,0.0,0.10419,0.12117,0.0,0.0,0.0,0.0,0.0,0.0,0.0,0.0,0.0,0.0,0.92492,4.0465,5.0,5.0,5.0,5.0,0,0.38205,0.9079758133333333
917,0.0,0.0,0.0,0.0,0.0,0.0,0.0,0.0,0.0,0.0,0.0,0.0,0.0,0.0,0.0,0.0,0.0,0.0,0.0,0.0,0.0,0.0,0.0,0.0,0.0,0.0,0.0,0.0,0.0,0.0,0.0,0.0,0.0,0.0,0.0,0.0,0.0,0.0,0.0,0.0,0.0,0.0,0.0,0.0,0.0,0.0,0.0,0.0,0.0,0.0,0.0,0.0,0.0,0.0,0.0,0.0,0.0,0.0,0.0,0.0,0.0,0.0,0.0,0.0,0.0,0.0,0.0,0.0,0.0,0.0,0.0,0.0,0.0,0.0,0.0,0.01963,0.0,0.0,0.0,0.12465,0.08196,0.0,0.0,0.0,0.0,0.0,0.0,0.01079,0.0,0.0,0.13709,0.10684,0.0,0.0,0.0,0.0,0.0,0.0,0.0,0.0,0.0,0.10301,0.13154,0.0,0.0,0.0,0.0,0.0,0.0,0.0,0.0,0.0,0.0,1.0,4.5225,5.0,5.0,5.0,5.0,0,0.24829800000000005,0.9158716266666665
918,0.0,0.0,0.0,0.0,0.0,0.0,0.0,0.0,0.0,0.0,0.0,0.0,0.0,0.0,0.0,0.0,0.0,0.0,0.0,0.0,0.0,0.0,0.0,0.0,0.0,0.0,0.0,0.0,0.0,0.0,0.0,0.0,0.0,0.0,0.0,0.0,0.0,0.0,0.0,0.0,0.0,0.0,0.0,0.0,0.0,0.0,0.0,0.0,0.0,0.0,0.0,0.0,0.0,0.0,0.0,0.0,0.0,0.0,0.0,0.0,0.0,0.0,0.0,0.0,0.0,0.0,0.0,0.0,0.0,0.0,0.0,0.0,0.0,0.0,0.0,0.0,0.0,0.0,0.0,0.09575,0.07848,0.0,0.0,0.0,0.0,0.0,0.0,0.00425,0.0,0.0,0.12524,0.12117,0.0,0.0,0.0,0.0,0.0,0.0,0.0,0.0,0.0,0.10767,0.13644,0.0,0.0,0.0,0.0,0.0,0.0,0.0,0.0,0.0,0.34149,0.86169,3.8855,4.9695,5.0,5.0,5.0,0,0.24829800000000005,0.9121548266666666
919,0.0,0.0,0.0,0.0,0.0,0.0,0.0,0.0,0.0,0.0,0.0,0.0,0.0,0.0,0.0,0.0,0.0,0.0,0.0,0.0,0.0,0.0,0.0,0.0,0.0,0.0,0.0,0.0,0.0,0.0,0.0,0.0,0.0,0.0,0.0,0.0,0.0,0.0,0.0,0.0,0.0,0.0,0.0,0.0,0.0,0.0,0.0,0.0,0.0,0.0,0.0,0.0,0.0,0.0,0.0,0.0,0.0,0.0,0.0,0.0,0.0,0.0,0.0,0.0,0.0,0.0,0.0,0.0,0.0,0.0,0.0,0.0,0.0,0.0,0.0,0.0,0.0,0.0,0.0,0.07612,0.04204,0.0,0.0,0.0,0.0,0.0,0.0,0.0,0.0,0.0,0.13267,0.11745,0.0,0.0,0.0,0.0,0.0,0.0,0.0,0.00035,0.0,0.13196,0.10719,0.0,0.0,0.0,0.0,0.0,0.0,0.0,0.0,0.0,0.9,0.54549,3.2275,4.2245,5.0,5.0,5.0,0,0.24829800000000005,0.8560368266666666
920,0.0,0.0,0.0,0.0,0.0,0.0,0.0,0.0,0.0,0.0,0.0,0.0,0.0,0.0,0.0,0.0,0.0,0.0,0.0,0.0,0.0,0.0,0.0,0.0,0.0,0.0,0.0,0.0,0.0,0.0,0.0,0.0,0.0,0.0,0.0,0.0,0.0,0.0,0.0,0.0,0.0,0.0,0.0,0.0,0.0,0.0,0.0,0.0,0.0,0.0,0.0,0.0,0.0,0.0,0.0,0.0,0.0,0.0,0.0,0.0,0.0,0.0,0.0,0.0,0.0,0.0,0.0,0.0,0.0,0.0,0.0,0.0,0.0,0.0,0.0,0.0,0.0,0.0,0.0,0.10318,0.00702,0.0,0.0,0.0,0.0,0.0,0.0,0.0,0.0,0.0,0.17282,0.08154,0.0,0.0,0.0,0.0,0.0,0.0,0.0,0.0,0.0,0.20301,0.03986,0.0,0.0,0.0,0.0,0.0,0.0,0.0,0.0,0.0,0.0,0.64824,3.2215,4.2705,5.0,5.0,5.0,0,0.18000000000000002,0.7959588266666667
921,0.0,0.0,0.0,0.0,0.0,0.0,0.0,0.0,0.0,0.0,0.0,0.0,0.0,0.0,0.0,0.0,0.0,0.0,0.0,0.0,0.0,0.0,0.0,0.0,0.0,0.0,0.0,0.0,0.0,0.0,0.0,0.0,0.0,0.0,0.0,0.0,0.0,0.0,0.0,0.0,0.0,0.0,0.0,0.0,0.0,0.0,0.0,0.0,0.0,0.0,0.0,0.0,0.0,0.0,0.0,0.0,0.0,0.0,0.0,0.0,0.0,0.0,0.0,0.0,0.0,0.0,0.0,0.0,0.0,0.0,0.0,0.0,0.0,0.0,0.0,0.0,0.0,0.0,0.0,0.09847,0.00448,0.0,0.0,0.0,0.0,0.0,0.0,0.0,0.0,0.0,0.17017,0.08296,0.0,0.0,0.0,0.0,0.0,0.0,0.0,0.0,0.0,0.20371,0.04198,0.0,0.0,0.0,0.0,0.0,0.0,0.0,0.0,0.0,0.0,0.7036,3.7385,4.6275,5.0,5.0,5.0,0,0.0,0.6761470133333333
922,0.0,0.0,0.0,0.0,0.0,0.0,0.0,0.0,0.0,0.0,0.0,0.0,0.0,0.0,0.0,0.0,0.0,0.0,0.0,0.0,0.0,0.0,0.0,0.0,0.0,0.0,0.0,0.0,0.0,0.0,0.0,0.0,0.0,0.0,0.0,0.0,0.0,0.0,0.0,0.0,0.0,0.0,0.0,0.0,0.0,0.0,0.0,0.0,0.0,0.0,0.0,0.0,0.0,0.0,0.0,0.0,0.0,0.0,0.0,0.0,0.0,0.0,0.0,0.0,0.0,0.0,0.0,0.0,0.0,0.0,0.0,0.0,0.0,0.0,0.0,0.0,0.0,0.0,0.0,0.09511,0.00961,0.0,0.0,0.0,0.0,0.0,0.0,0.00071,0.0,0.0,0.16097,0.09534,0.0,0.0,0.0,0.0,0.0,0.0,0.0,0.0,0.0,0.19175,0.052,0.0,0.0,0.0,0.0,0.0,0.0,0.0,0.0,0.0,0.0,0.71941,3.7335,4.574,5.0,5.0,5.0,0,0.0,0.6689167133333334
923,0.0,0.0,0.0,0.0,0.0,0.0,0.0,0.0,0.0,0.0,0.0,0.0,0.0,0.0,0.0,0.0,0.0,0.0,0.0,0.0,0.0,0.0,0.0,0.0,0.0,0.0,0.0,0.0,0.0,0.0,0.0,0.0,0.0,0.0,0.0,0.0,0.0,0.0,0.0,0.0,0.0,0.0,0.0,0.0,0.0,0.0,0.0,0.0,0.0,0.0,0.0,0.0,0.0,0.0,0.0,0.0,0.0,0.0,0.0,0.0,0.0,0.0,0.0,0.0,0.0,0.0,0.0,0.0,0.0,0.0,0.0,0.0,0.0,0.0,0.0,0.0,0.0,0.0,0.0,0.09287,0.00584,0.0,0.0,0.0,0.0,0.0,0.0,0.0,0.0,0.0,0.16167,0.09357,0.0,0.0,0.0,0.0,0.0,0.0,0.0,0.0,0.0,0.19175,0.05183,0.0,0.0,0.0,0.0,0.0,0.0,0.0,0.0,0.0,0.0,0.5613,3.7265,4.574,5.0,5.0,5.0,0,0.0,0.6600628333333334
924,0.0,0.0,0.0,0.0,0.0,0.0,0.0,0.0,0.0,0.0,0.0,0.0,0.0,0.0,0.0,0.0,0.0,0.0,0.0,0.0,0.0,0.0,0.0,0.0,0.0,0.0,0.0,0.0,0.0,0.0,0.0,0.0,0.0,0.0,0.0,0.0,0.0,0.0,0.0,0.0,0.0,0.0,0.0,0.0,0.0,0.0,0.0,0.0,0.0,0.0,0.0,0.0,0.0,0.0,0.0,0.0,0.0,0.0,0.0,0.0,0.0,0.0,0.0,0.0,0.0,0.0,0.0,0.0,0.0,0.0,0.0,0.0,0.0,0.0,0.0,0.0,0.0,0.0,0.0,0.09434,0.00843,0.0,0.0,0.0,0.0,0.0,0.0,0.0,0.0,0.0,0.16221,0.09357,0.0,0.0,0.0,0.0,0.0,0.0,0.0,0.0,0.0,0.19145,0.05053,0.0,0.0,0.0,0.0,0.0,0.0,0.0,0.0,0.0,0.0,0.29252,3.7055,4.637,5.0,5.0,5.0,0,0.18,0.68800396
925,0.0,0.0,0.0,0.0,0.0,0.0,0.0,0.0,0.0,0.0,0.0,0.0,0.0,0.0,0.0,0.0,0.0,0.0,0.0,0.0,0.0,0.0,0.0,0.0,0.0,0.0,0.0,0.0,0.0,0.0,0.0,0.0,0.0,0.0,0.0,0.0,0.0,0.0,0.0,0.0,0.0,0.0,0.0,0.0,0.0,0.0,0.0,0.0,0.0,0.0,0.0,0.0,0.0,0.0,0.0,0.0,0.0,0.0,0.0,0.0,0.0,0.0,0.0,0.0,0.0,0.0,0.0,0.0,0.0,0.0,0.0,0.0,0.0,0.0,0.0,0.0,0.0,0.0,0.0,0.09599,0.00696,0.0,0.0,0.0,0.0,0.0,0.0,0.0,0.0,0.0,0.16221,0.09393,0.0,0.0,0.0,0.0,0.0,0.0,0.0,0.0,0.0,0.19145,0.05035,0.0,0.0,0.0,0.0,0.0,0.0,0.0,0.0,0.0,0.0,0.0,3.7645,4.7045,5.0,5.0,5.0,0,0.36,0.7469768933333333
926,0.0,0.0,0.0,0.0,0.0,0.0,0.0,0.0,0.0,0.0,0.0,0.0,0.0,0.0,0.0,0.0,0.0,0.0,0.0,0.0,0.0,0.0,0.0,0.0,0.0,0.0,0.0,0.0,0.0,0.0,0.0,0.0,0.0,0.0,0.0,0.0,0.0,0.0,0.0,0.0,0.0,0.0,0.0,0.0,0.0,0.0,0.0,0.0,0.0,0.0,0.0,0.0,0.0,0.0,0.0,0.0,0.0,0.0,0.0,0.0,0.0,0.0,0.0,0.0,0.0,0.0,0.0,0.0,0.0,0.0,0.0,0.0,0.0,0.0,0.0,0.0,0.0,0.0,0.0,0.09446,0.00513,0.0,0.0,0.0,0.0,0.0,0.0,0.0,0.0,0.0,0.16327,0.09322,0.0,0.0,0.0,0.0,0.0,0.0,0.0,0.0,0.0,0.19245,0.04971,0.0,0.0,0.0,0.0,0.0,0.0,0.0,0.0,0.0,0.0,0.0,3.7455,4.612,5.0,5.0,5.0,0,0.54,0.8670838266666667
927,0.0,0.0,0.0,0.0,0.0,0.0,0.0,0.0,0.0,0.0,0.0,0.0,0.0,0.0,0.0,0.0,0.0,0.0,0.0,0.0,0.0,0.0,0.0,0.0,0.0,0.0,0.0,0.0,0.0,0.0,0.0,0.0,0.0,0.0,0.0,0.0,0.0,0.0,0.0,0.0,0.0,0.0,0.0,0.0,0.0,0.0,0.0,0.0,0.0,0.0,0.0,0.0,0.0,0.0,0.0,0.0,0.0,0.0,0.0,0.0,0.0,0.0,0.0,0.0,0.0,0.0,0.0,0.0,0.0,0.0,0.0,0.0,0.0,0.0,0.0,0.0,0.0,0.0,0.0,0.09564,0.00696,0.0,0.0,0.0,0.0,0.0,0.0,0.0,0.0,0.0,0.16256,0.09322,0.0,0.0,0.0,0.0,0.0,0.0,0.0,0.0,0.0,0.19121,0.04953,0.0,0.0,0.0,0.0,0.0,0.0,0.0,0.0,0.0,0.9,0.0,3.4105,4.5245,5.0,5.0,5.0,0,0.72,0.8719533533333333
928,0.0,0.0,0.0,0.0,0.0,0.0,0.0,0.0,0.0,0.0,0.0,0.0,0.0,0.0,0.0,0.0,0.0,0.0,0.0,0.0,0.0,0.0,0.0,0.0,0.0,0.0,0.0,0.0,0.0,0.0,0.0,0.0,0.0,0.0,0.0,0.0,0.0,0.0,0.0,0.0,0.0,0.0,0.0,0.0,0.0,0.0,0.0,0.0,0.0,0.0,0.0,0.0,0.0,0.0,0.0,0.0,0.0,0.0,0.0,0.0,0.0,0.0,0.0,0.0,0.0,0.0,0.0,0.0,0.0,0.0,0.0,0.0,0.0,0.0,0.0,0.0,0.0,0.0,0.0,0.0964,0.00531,0.0,0.0,0.0,0.0,0.0,0.0,0.00283,0.0,0.0,0.1661,0.09074,0.0,0.0,0.0,0.0,0.0,0.0,0.0,0.0,0.0,0.20142,0.04446,0.0,0.0,0.0,0.0,0.0,0.0,0.0,0.0,0.0,0.9,0.16605,3.4225,4.518,5.0,5.0,5.0,0,0.9,0.8805123
929,0.0,0.0,0.0,0.0,0.0,0.0,0.0,0.0,0.0,0.0,0.0,0.0,0.0,0.0,0.0,0.0,0.0,0.0,0.0,0.0,0.0,0.0,0.0,0.0,0.0,0.0,0.0,0.0,0.0,0.0,0.0,0.0,0.0,0.0,0.0,0.0,0.0,0.0,0.0,0.0,0.0,0.0,0.0,0.0,0.0,0.0,0.0,0.0,0.0,0.0,0.0,0.0,0.0,0.0,0.0,0.0,0.0,0.0,0.0,0.0,0.0,0.0,0.0,0.0,0.0,0.0,0.0,0.0,0.0,0.0,0.0,0.0,0.0,0.0,0.0,0.0,0.0,0.0,0.0,0.09009,0.00083,0.0,0.0,0.0,0.0,0.0,0.0,0.00035,0.0,0.0,0.16627,0.09004,0.0,0.0,0.0,0.0,0.0,0.0,0.0,0.0,0.0,0.19982,0.0441,0.0,0.0,0.0,0.0,0.0,0.0,0.0,0.0,0.0,0.9,0.5613,3.439,4.4735,5.0,5.0,5.0,0,0.9,0.8881852800000001
930,0.0,0.0,0.0,0.0,0.0,0.0,0.0,0.0,0.0,0.0,0.0,0.0,0.0,0.0,0.0,0.0,0.0,0.0,0.0,0.0,0.0,0.0,0.0,0.0,0.0,0.0,0.0,0.0,0.0,0.0,0.0,0.0,0.0,0.0,0.0,0.0,0.0,0.0,0.0,0.0,0.0,0.0,0.0,0.0,0.0,0.0,0.0,0.0,0.0,0.0,0.0,0.0,0.0,0.0,0.0,0.0,0.0,0.0,0.0,0.0,0.0,0.0,0.0,0.0,0.0,0.0,0.0,0.0,0.0,0.0,0.0,0.0,0.0,0.0,0.0,0.0,0.0,0.0,0.0,0.09357,0.00584,0.0,0.0,0.0,0.0,0.0,0.0,0.00035,0.0,0.0,0.16468,0.09074,0.0,0.0,0.0,0.0,0.0,0.0,0.0,0.0,0.0,0.1967,0.04634,0.0,0.0,0.0,0.0,0.0,0.0,0.0,0.0,0.0,0.9,0.52177,3.43,4.4555,5.0,5.0,5.0,0,0.9,0.9169523466666668
931,0.0,0.0,0.0,0.0,0.0,0.0,0.0,0.0,0.0,0.0,0.0,0.0,0.0,0.0,0.0,0.0,0.0,0.0,0.0,0.0,0.0,0.0,0.0,0.0,0.0,0.0,0.0,0.0,0.0,0.0,0.0,0.0,0.0,0.0,0.0,0.0,0.0,0.0,0.0,0.0,0.0,0.0,0.0,0.0,0.0,0.0,0.0,0.0,0.0,0.0,0.0,0.0,0.0,0.0,0.0,0.0,0.0,0.0,0.0,0.0,0.0,0.0,0.0,0.0,0.0,0.0,0.0,0.0,0.0,0.0,0.0,0.0,0.0,0.0,0.0,0.0,0.0,0.0,0.0,0.09346,0.00472,0.0,0.0,0.0,0.0,0.0,0.0,0.0,0.0,0.0,0.16592,0.09057,0.0,0.0,0.0,0.0,0.0,0.0,0.0,0.0,0.0,0.20094,0.04493,0.0,0.0,0.0,0.0,0.0,0.0,0.0,0.0,0.0,0.9,0.6878,3.4235,4.4635,5.0,5.0,5.0,0,0.9,0.9194611466666667
932,0.0,0.0,0.0,0.0,0.0,0.0,0.0,0.0,0.0,0.0,0.0,0.0,0.0,0.0,0.0,0.0,0.0,0.0,0.0,0.0,0.0,0.0,0.0,0.0,0.0,0.0,0.0,0.0,0.0,0.0,0.0,0.0,0.0,0.0,0.0,0.0,0.0,0.0,0.0,0.0,0.0,0.0,0.0,0.0,0.0,0.0,0.0,0.0,0.0,0.0,0.0,0.0,0.0,0.0,0.0,0.0,0.0,0.0,0.0,0.0,0.0,0.0,0.0,0.0,0.0,0.0,0.0,0.0,0.0,0.0,0.0,0.0,0.0,0.0,0.0,0.0,0.0,0.0,0.0,0.09517,0.00796,0.0,0.0,0.0,0.0,0.0,0.0,0.0,0.0,0.0,0.16592,0.09039,0.0,0.0,0.0,0.0,0.0,0.0,0.0,0.0,0.0,0.19988,0.04493,0.0,0.0,0.0,0.0,0.0,0.0,0.0,0.0,0.0,0.9,0.60872,3.4565,4.5145,5.0,5.0,5.0,0,0.8082180000000001,0.9221807999999999
933,0.0,0.0,0.0,0.0,0.0,0.0,0.0,0.0,0.0,0.0,0.0,0.0,0.0,0.0,0.0,0.0,0.0,0.0,0.0,0.0,0.0,0.0,0.0,0.0,0.0,0.0,0.0,0.0,0.0,0.0,0.0,0.0,0.0,0.0,0.0,0.0,0.0,0.0,0.0,0.0,0.0,0.0,0.0,0.0,0.0,0.0,0.0,0.0,0.0,0.0,0.0,0.0,0.0,0.0,0.0,0.0,0.0,0.0,0.0,0.0,0.0,0.0,0.0,0.0,0.0,0.0,0.0,0.0,0.0,0.0,0.0,0.0,0.0,0.0,0.0,0.0,0.0,0.0,0.0,0.09351,0.00625,0.0,0.0,0.0,0.0,0.0,0.0,0.0,0.0,0.0,0.1645,0.09057,0.0,0.0,0.0,0.0,0.0,0.0,0.0,0.0,0.0,0.19882,0.04652,0.0,0.0,0.0,0.0,0.0,0.0,0.0,0.0,0.0,0.9,1.0,3.3335,4.9575,5.0,5.0,5.0,0,0.8082180000000001,0.9212741866666667
934,0.0,0.0,0.0,0.0,0.0,0.0,0.0,0.0,0.0,0.0,0.0,0.0,0.0,0.0,0.0,0.0,0.0,0.0,0.0,0.0,0.0,0.0,0.0,0.0,0.0,0.0,0.0,0.0,0.0,0.0,0.0,0.0,0.0,0.0,0.0,0.0,0.0,0.0,0.0,0.0,0.0,0.0,0.0,0.0,0.0,0.0,0.0,0.0,0.0,0.0,0.0,0.0,0.0,0.0,0.0,0.0,0.0,0.0,0.0,0.0,0.0,0.0,0.0,0.0,0.0,0.0,0.0,0.0,0.0,0.0,0.0,0.0,0.0,0.0,0.0,0.0,0.0,0.0,0.0,0.06792,0.0,0.0,0.0,0.0,0.0,0.0,0.0,0.0023,0.0,0.0,0.1668,0.09039,0.0,0.0,0.0,0.0,0.0,0.0,0.0,0.0,0.00088,0.20637,0.04481,0.0,0.0,0.0,0.0,0.0,0.0,0.0,0.0,0.0,0.9,0.6957,3.3435,4.2565,5.0,5.0,5.0,0,0.8082179999999999,0.9213166933333333
935,0.0,0.0,0.0,0.0,0.0,0.0,0.0,0.0,0.0,0.0,0.0,0.0,0.0,0.0,0.0,0.0,0.0,0.0,0.0,0.0,0.0,0.0,0.0,0.0,0.0,0.0,0.0,0.0,0.0,0.0,0.0,0.0,0.0,0.0,0.0,0.0,0.0,0.0,0.0,0.0,0.0,0.0,0.0,0.0,0.0,0.0,0.0,0.0,0.0,0.0,0.0,0.0,0.0,0.0,0.0,0.0,0.0,0.0,0.0,0.0,0.0,0.0,0.0,0.0,0.0,0.0,0.0,0.0,0.0,0.0,0.0,0.0,0.0,0.0,0.0,0.0,0.0,0.0,0.0,0.04811,0.0,0.0,0.0,0.0,0.0,0.0,0.0,0.0,0.0,0.00708,0.20165,0.03874,0.0,0.0,0.0,0.0,0.0,0.0,0.0,0.0,0.03426,0.21108,0.00796,0.0,0.0,0.0,0.0,0.0,0.0,0.0,0.0,0.0,0.44109,0.0,3.3955,4.2495,5.0,5.0,5.0,0,0.8082179999999999,0.9003282666666668
936,0.0,0.0,0.0,0.0,0.0,0.0,0.0,0.0,0.0,0.0,0.0,0.0,0.0,0.0,0.0,0.0,0.0,0.0,0.0,0.0,0.0,0.0,0.0,0.0,0.0,0.0,0.0,0.0,0.0,0.0,0.0,0.0,0.0,0.0,0.0,0.0,0.0,0.0,0.0,0.0,0.0,0.0,0.0,0.0,0.0,0.0,0.0,0.0,0.0,0.0,0.0,0.0,0.0,0.0,0.0,0.0,0.0,0.0,0.0,0.0,0.0,0.0,0.0,0.0,0.0,0.0,0.0,0.0,0.0,0.0,0.0,0.0,0.0,0.0,0.0,0.01061,0.0,0.0,0.0,0.04776,0.0,0.0,0.0,0.0,0.0,0.0,0.0,0.00212,0.0,0.00708,0.20236,0.03874,0.0,0.0,0.0,0.0,0.0,0.0,0.0,0.0,0.03508,0.2102,0.00696,0.0,0.0,0.0,0.0,0.0,0.0,0.0,0.0,0.0,0.9,0.0,3.3945,4.2655,5.0,5.0,5.0,0,0.8082180000000001,0.8976930666666666
937,0.0,0.0,0.0,0.0,0.0,0.0,0.0,0.0,0.0,0.0,0.0,0.0,0.0,0.0,0.0,0.0,0.0,0.0,0.0,0.0,0.0,0.0,0.0,0.0,0.0,0.0,0.0,0.0,0.0,0.0,0.0,0.0,0.0,0.0,0.0,0.0,0.0,0.0,0.0,0.0,0.0,0.0,0.0,0.0,0.0,0.0,0.0,0.0,0.0,0.0,0.0,0.0,0.0,0.0,0.0,0.0,0.0,0.0,0.0,0.0,0.0,0.0,0.0,0.0,0.0,0.0,0.0,0.0,0.0,0.0,0.0,0.0,0.0,0.0,0.0,0.00902,0.0,0.0,0.0,0.0635,0.0,0.0,0.0,0.0,0.0,0.0,0.0,0.0,0.0,0.00926,0.20407,0.03573,0.0,0.0,0.0,0.0,0.0,0.0,0.0,0.0,0.03897,0.20996,0.00542,0.0,0.0,0.0,0.0,0.0,0.0,0.0,0.0,0.0,0.9,0.0,3.4555,4.357,5.0,5.0,5.0,0,0.9,0.8950578666666666
938,0.0,0.0,0.0,0.0,0.0,0.0,0.0,0.0,0.0,0.0,0.0,0.0,0.0,0.0,0.0,0.0,0.0,0.0,0.0,0.0,0.0,0.0,0.0,0.0,0.0,0.0,0.0,0.0,0.0,0.0,0.0,0.0,0.0,0.0,0.0,0.0,0.0,0.0,0.0,0.0,0.0,0.0,0.0,0.0,0.0,0.0,0.0,0.0,0.0,0.0,0.0,0.0,0.0,0.0,0.0,0.0,0.0,0.0,0.0,0.0,0.0,0.0,0.0,0.0,0.0,0.0,0.0,0.0,0.0,0.0,0.0,0.0,0.0,0.0,0.0,0.00548,0.0,0.0,0.0,0.04988,0.0,0.0,0.0,0.0,0.0,0.0,0.0,0.0,0.0,0.00873,0.20389,0.03715,0.0,0.0,0.0,0.0,0.0,0.0,0.0,0.0,0.0388,0.20961,0.00542,0.0,0.0,0.0,0.0,0.0,0.0,0.0,0.0,0.0,0.9,0.0,3.4485,4.2895,5.0,5.0,5.0,0,0.9,0.8924226666666666
939,0.0,0.0,0.0,0.0,0.0,0.0,0.0,0.0,0.0,0.0,0.0,0.0,0.0,0.0,0.0,0.0,0.0,0.0,0.0,0.0,0.0,0.0,0.0,0.0,0.0,0.0,0.0,0.0,0.0,0.0,0.0,0.0,0.0,0.0,0.0,0.0,0.0,0.0,0.0,0.0,0.0,0.0,0.0,0.0,0.0,0.0,0.0,0.0,0.0,0.0,0.0,0.0,0.0,0.0,0.0,0.0,0.0,0.0,0.0,0.0,0.0,0.0,0.0,0.0,0.0,0.0,0.0,0.0,0.0,0.0,0.0,0.0,0.0,0.0,0.0,0.00849,0.0,0.0,0.0,0.05448,0.0,0.0,0.0,0.0,0.0,0.0,0.0,0.0,0.0,0.00873,0.20301,0.0375,0.0,0.0,0.0,0.0,0.0,0.0,0.0,0.0,0.03774,0.20979,0.00578,0.0,0.0,0.0,0.0,0.0,0.0,0.0,0.0,0.0,0.9,0.0,3.4465,4.3075,5.0,5.0,5.0,0,0.9,0.8948891466666666
940,0.0,0.0,0.0,0.0,0.0,0.0,0.0,0.0,0.0,0.0,0.0,0.0,0.0,0.0,0.0,0.0,0.0,0.0,0.0,0.0,0.0,0.0,0.0,0.0,0.0,0.0,0.0,0.0,0.0,0.0,0.0,0.0,0.0,0.0,0.0,0.0,0.0,0.0,0.0,0.0,0.0,0.0,0.0,0.0,0.0,0.0,0.0,0.0,0.0,0.0,0.0,0.0,0.0,0.0,0.0,0.0,0.0,0.0,0.0,0.0,0.0,0.0,0.0,0.0,0.0,0.0,0.0,0.0,0.0,0.0,0.0,0.0,0.0,0.0,0.0,0.00725,0.0,0.0,0.0,0.05731,0.0,0.0,0.0,0.0,0.0,0.0,0.0,0.0,0.0,0.00908,0.20389,0.03644,0.0,0.0,0.0,0.0,0.0,0.0,0.0,0.0,0.03915,0.21032,0.00542,0.0,0.0,0.0,0.0,0.0,0.0,0.0,0.0,0.0,0.9,0.0,3.4795,4.357,5.0,5.0,5.0,0,0.9,0.8989154933333333
941,0.0,0.0,0.0,0.0,0.0,0.0,0.0,0.0,0.0,0.0,0.0,0.0,0.0,0.0,0.0,0.0,0.0,0.0,0.0,0.0,0.0,0.0,0.0,0.0,0.0,0.0,0.0,0.0,0.0,0.0,0.0,0.0,0.0,0.0,0.0,0.0,0.0,0.0,0.0,0.0,0.0,0.0,0.0,0.0,0.0,0.0,0.0,0.0,0.0,0.0,0.0,0.0,0.0,0.0,0.0,0.0,0.0,0.0,0.0,0.0,0.0,0.0,0.0,0.0,0.0,0.0,0.0,0.0,0.0,0.0,0.0,0.0,0.0,0.0,0.0,0.00159,0.0,0.0,0.0,0.05289,0.0,0.0,0.0,0.0,0.0,0.0,0.0,0.0,0.0,0.00873,0.20407,0.03608,0.0,0.0,0.0,0.0,0.0,0.0,0.0,0.0,0.0388,0.2089,0.0056,0.0,0.0,0.0,0.0,0.0,0.0,0.0,0.0,0.0,0.9,0.49806,3.4255,4.357,5.0,5.0,5.0,0,0.9,0.9054149600000001
942,0.0,0.0,0.0,0.0,0.0,0.0,0.0,0.0,0.0,0.0,0.0,0.0,0.0,0.0,0.0,0.0,0.0,0.0,0.0,0.0,0.0,0.0,0.0,0.0,0.0,0.0,0.0,0.0,0.0,0.0,0.0,0.0,0.0,0.0,0.0,0.0,0.0,0.0,0.0,0.0,0.0,0.0,0.0,0.0,0.0,0.0,0.0,0.0,0.0,0.0,0.0,0.0,0.0,0.0,0.0,0.0,0.0,0.0,0.0,0.0,0.0,0.0,0.0,0.0,0.0,0.0,0.0,0.0,0.0,0.0,0.0,0.0,0.0,0.0,0.0,0.00637,0.0,0.0,0.0,0.0589,0.0,0.0,0.0,0.0,0.0,0.0,0.0,0.0,0.0,0.00943,0.20318,0.03626,0.0,0.0,0.0,0.0,0.0,0.0,0.0,0.0,0.03897,0.21032,0.00542,0.0,0.0,0.0,0.0,0.0,0.0,0.0,0.0,0.0,0.9,0.74313,3.4125,4.2655,5.0,5.0,5.0,0,0.9,0.9274574666666668
943,0.0,0.0,0.0,0.0,0.0,0.0,0.0,0.0,0.0,0.0,0.0,0.0,0.0,0.0,0.0,0.0,0.0,0.0,0.0,0.0,0.0,0.0,0.0,0.0,0.0,0.0,0.0,0.0,0.0,0.0,0.0,0.0,0.0,0.0,0.0,0.0,0.0,0.0,0.0,0.0,0.0,0.0,0.0,0.0,0.0,0.0,0.0,0.0,0.0,0.0,0.0,0.0,0.0,0.0,0.0,0.0,0.0,0.0,0.0,0.0,0.0,0.0,0.0,0.0,0.0,0.0,0.0,0.0,0.0,0.0,0.0,0.0,0.0,0.0,0.0,0.00495,0.0,0.0,0.0,0.05749,0.0,0.0,0.0,0.0,0.0,0.0,0.0,0.00177,0.0,0.00873,0.20495,0.03662,0.0,0.0,0.0,0.0,0.0,0.0,0.0,0.0,0.0388,0.20926,0.00542,0.0,0.0,0.0,0.0,0.0,0.0,0.0,0.0,0.0,0.9,0.79846,3.4625,4.357,5.0,5.0,5.0,0,0.9,0.9355354577777778
944,0.0,0.0,0.0,0.0,0.0,0.0,0.0,0.0,0.0,0.0,0.0,0.0,0.0,0.0,0.0,0.0,0.0,0.0,0.0,0.0,0.0,0.0,0.0,0.0,0.0,0.0,0.0,0.0,0.0,0.0,0.0,0.0,0.0,0.0,0.0,0.0,0.0,0.0,0.0,0.0,0.0,0.0,0.0,0.0,0.0,0.0,0.0,0.0,0.0,0.0,0.0,0.0,0.0,0.0,0.0,0.0,0.0,0.0,0.0,0.0,0.0,0.0,0.0,0.0,0.0,0.0,0.0,0.0,0.0,0.0,0.0,0.0,0.0,0.0,0.0,0.00371,0.0,0.0,0.0,0.04811,0.0,0.0,0.0,0.0,0.0,0.0,0.0,0.00018,0.0,0.00908,0.20531,0.03626,0.0,0.0,0.0,0.0,0.0,0.0,0.0,0.0,0.03915,0.20926,0.00542,0.0,0.0,0.0,0.0,0.0,0.0,0.0,0.0,0.0,0.9,0.92492,3.3235,4.3995,5.0,5.0,5.0,0,0.72,0.9245472533333334
945,0.0,0.0,0.0,0.0,0.0,0.0,0.0,0.0,0.0,0.0,0.0,0.0,0.0,0.0,0.0,0.0,0.0,0.0,0.0,0.0,0.0,0.0,0.0,0.0,0.0,0.0,0.0,0.0,0.0,0.0,0.0,0.0,0.0,0.0,0.0,0.0,0.0,0.0,0.0,0.0,0.0,0.0,0.0,0.0,0.0,0.0,0.0,0.0,0.0,0.0,0.0,0.0,0.0,0.0,0.0,0.0,0.0,0.0,0.0,0.0,0.0,0.0,0.0,0.0,0.0,0.0,0.0,0.0,0.0,0.0,0.0,0.0,0.0,0.0,0.0,0.02529,0.0,0.0,0.0,0.03485,0.0,0.0,0.0,0.0,0.0,0.0,0.0,0.00531,0.0,0.01073,0.20613,0.03361,0.0,0.0,0.0,0.0,0.0,0.0,0.0,0.0,0.04092,0.20884,0.00442,0.0,0.0,0.0,0.0,0.0,0.0,0.0,0.0,0.0,0.9,1.0,3.3385,4.2045,5.0,5.0,5.0,0,0.54,0.9242516977777777
946,0.0,0.0,0.0,0.0,0.0,0.0,0.0,0.0,0.0,0.0,0.0,0.0,0.0,0.0,0.0,0.0,0.0,0.0,0.0,0.0,0.0,0.0,0.0,0.0,0.0,0.0,0.0,0.0,0.0,0.0,0.0,0.0,0.0,0.0,0.0,0.0,0.0,0.0,0.0,0.0,0.0,0.0,0.0,0.0,0.0,0.0,0.0,0.0,0.0,0.0,0.0,0.0,0.0,0.0,0.0,0.0,0.0,0.0,0.0,0.0,0.0,0.0,0.0,0.0,0.0,0.0,0.0,0.0,0.0,0.0,0.0,0.0,0.0,0.0,0.00448,0.14127,0.0,0.0,0.0,0.0,0.0,0.0,0.0,0.0,0.0,0.0,0.00035,0.0,0.0,0.05566,0.14475,0.0,0.0,0.0,0.0,0.0,0.0,0.0,0.0,0.0,0.08603,0.16445,0.0,0.0,0.0,0.0,0.0,0.0,0.0,0.0,0.0,0.0,0.9,0.0,2.7435,3.4735,4.183,5.0,5.0,0,0.36000000000000004,0.8813014755555557
947,0.0,0.0,0.0,0.0,0.0,0.0,0.0,0.0,0.0,0.0,0.0,0.0,0.0,0.0,0.0,0.0,0.0,0.0,0.0,0.0,0.0,0.0,0.0,0.0,0.0,0.0,0.0,0.0,0.0,0.0,0.0,0.0,0.0,0.0,0.0,0.0,0.0,0.0,0.0,0.0,0.0,0.0,0.0,0.0,0.0,0.0,0.0,0.0,0.0,0.0,0.0,0.0,0.0,0.0,0.0,0.0,0.0,0.0,0.0,0.0,0.0,0.0,0.0,0.0,0.0,0.0,0.0,0.0,0.0,0.0,0.0,0.0,0.0,0.0,0.06026,0.11362,0.0,0.0,0.0,0.0,0.0,0.0,0.0,0.0,0.0,0.0,0.00902,0.0,0.0,0.10177,0.09741,0.0,0.0,0.0,0.0,0.0,0.0,0.0,0.0,0.0,0.13644,0.11509,0.0,0.0,0.0,0.0,0.0,0.0,0.0,0.0,0.0,0.0,0.0,0.0,2.9245,3.6955,4.721,5.0,5.0,0,0.18,0.8088436977777779
948,0.0,0.0,0.0,0.0,0.0,0.0,0.0,0.0,0.0,0.0,0.0,0.0,0.0,0.0,0.0,0.0,0.0,0.0,0.0,0.0,0.0,0.0,0.0,0.0,0.0,0.0,0.0,0.0,0.0,0.0,0.0,0.0,0.0,0.0,0.0,0.0,0.0,0.0,0.0,0.0,0.0,0.0,0.0,0.0,0.0,0.0,0.0,0.0,0.0,0.0,0.0,0.0,0.0,0.0,0.0,0.0,0.0,0.0,0.0,0.0,0.0,0.0,0.0,0.0,0.0,0.0,0.0,0.0,0.0,0.0,0.0,0.0,0.0,0.0,0.06368,0.10985,0.0,0.0,0.00053,0.0,0.0,0.0,0.0,0.0,0.0,0.0,0.0,0.0,0.0,0.09499,0.11338,0.0,0.0,0.0,0.0,0.0,0.0,0.0,0.0,0.0,0.12394,0.12618,0.0,0.0,0.0,0.0,0.0,0.0,0.0,0.0,0.0,0.0,0.0,0.0,3.3765,3.7895,4.899,5.0,5.0,0,0.0,0.73638592
949,0.0,0.0,0.0,0.0,0.0,0.0,0.0,0.0,0.0,0.0,0.0,0.0,0.0,0.0,0.0,0.0,0.0,0.0,0.0,0.0,0.0,0.0,0.0,0.0,0.0,0.0,0.0,0.0,0.0,0.0,0.0,0.0,0.0,0.0,0.0,0.0,0.0,0.0,0.0,0.0,0.0,0.0,0.0,0.0,0.0,0.0,0.0,0.0,0.0,0.0,0.0,0.0,0.0,0.0,0.0,0.0,0.0,0.0,0.0,0.0,0.0,0.0,0.0,0.0,0.0,0.0,0.0,0.0,0.0,0.0,0.0,0.0,0.0,0.0,0.06309,0.10601,0.0,0.0,0.0,0.0,0.0,0.0,0.0,0.0,0.0,0.0,0.0,0.0,0.0,0.09658,0.10772,0.0,0.0,0.0,0.0,0.0,0.0,0.0,0.0,0.0,0.12665,0.12435,0.0,0.0,0.0,0.0,0.0,0.0,0.0,0.0,0.0,0.0,0.0,0.0,3.492,3.906,4.9315,5.0,5.0,0,0.0,0.6639281422222222
950,0.0,0.0,0.0,0.0,0.0,0.0,0.0,0.0,0.0,0.0,0.0,0.0,0.0,0.0,0.0,0.0,0.0,0.0,0.0,0.0,0.0,0.0,0.0,0.0,0.0,0.0,0.0,0.0,0.0,0.0,0.0,0.0,0.0,0.0,0.0,0.0,0.0,0.0,0.0,0.0,0.0,0.0,0.0,0.0,0.0,0.0,0.0,0.0,0.0,0.0,0.0,0.0,0.0,0.0,0.0,0.0,0.0,0.0,0.0,0.0,0.0,0.0,0.0,0.0,0.0,0.0,0.0,0.0,0.0,0.0,0.0,0.0,0.0,0.0,0.06669,0.09623,0.0,0.0,0.0,0.0,0.0,0.0,0.0,0.0,0.0,0.0,0.00071,0.0,0.0,0.09711,0.10825,0.0,0.0,0.0,0.0,0.0,0.0,0.0,0.0,0.0,0.12647,0.12506,0.0,0.0,0.0,0.0,0.0,0.0,0.0,0.0,0.0,0.0,0.0,0.0,3.453,3.8495,4.943,5.0,5.0,0,0.0,0.5652533333333334
951,0.0,0.0,0.0,0.0,0.0,0.0,0.0,0.0,0.0,0.0,0.0,0.0,0.0,0.0,0.0,0.0,0.0,0.0,0.0,0.0,0.0,0.0,0.0,0.0,0.0,0.0,0.0,0.0,0.0,0.0,0.0,0.0,0.0,0.0,0.0,0.0,0.0,0.0,0.0,0.0,0.0,0.0,0.0,0.0,0.0,0.0,0.0,0.0,0.0,0.0,0.0,0.0,0.0,0.0,0.0,0.0,0.0,0.0,0.0,0.0,0.0,0.0,0.0,0.0,0.0,0.0,0.0,0.0,0.0,0.0,0.0,0.0,0.0,0.0,0.06191,0.09446,0.0,0.0,0.00018,0.0,0.0,0.0,0.0,0.0,0.0,0.0,0.0,0.0,0.0,0.09688,0.11344,0.0,0.0,0.0,0.0,0.0,0.0,0.0,0.0,0.0,0.12594,0.12471,0.0,0.0,0.0,0.0,0.0,0.0,0.0,0.0,0.0,0.0,0.0,0.0,3.452,3.862,4.864,5.0,5.0,0,0.0,0.49279555555555554
952,0.0,0.0,0.0,0.0,0.0,0.0,0.0,0.0,0.0,0.0,0.0,0.0,0.0,0.0,0.0,0.0,0.0,0.0,0.0,0.0,0.0,0.0,0.0,0.0,0.0,0.0,0.0,0.0,0.0,0.0,0.0,0.0,0.0,0.0,0.0,0.0,0.0,0.0,0.0,0.0,0.0,0.0,0.0,0.0,0.0,0.0,0.0,0.0,0.0,0.0,0.0,0.0,0.0,0.0,0.0,0.0,0.0,0.0,0.0,0.0,0.0,0.0,0.0,0.0,0.0,0.0,0.0,0.0,0.0,0.0,0.0,0.0,0.0,0.0,0.06439,0.09959,0.0,0.0,0.0,0.0,0.0,0.0,0.0,0.0,0.0,0.0,0.0,0.0,0.0,0.09658,0.10808,0.0,0.0,0.0,0.0,0.0,0.0,0.0,0.0,0.0,0.12647,0.12506,0.0,0.0,0.0,0.0,0.0,0.0,0.0,0.0,0.0,0.0,0.0,0.0,3.457,3.8895,4.916,5.0,5.0,0,0.0,0.5502373333333332
953,0.0,0.0,0.0,0.0,0.0,0.0,0.0,0.0,0.0,0.0,0.0,0.0,0.0,0.0,0.0,0.0,0.0,0.0,0.0,0.0,0.0,0.0,0.0,0.0,0.0,0.0,0.0,0.0,0.0,0.0,0.0,0.0,0.0,0.0,0.0,0.0,0.0,0.0,0.0,0.0,0.0,0.0,0.0,0.0,0.0,0.0,0.0,0.0,0.0,0.0,0.0,0.0,0.0,0.0,0.0,0.0,0.0,0.0,0.0,0.0,0.0,0.0,0.0,0.0,0.0,0.0,0.0,0.0,0.0,0.0,0.0,0.0,0.0,0.0,0.06616,0.10259,0.0,0.0,0.0,0.0,0.0,0.0,0.0,0.0,0.0,0.0,0.00018,0.0,0.0,0.09711,0.11002,0.0,0.0,0.0,0.0,0.0,0.0,0.0,0.0,0.0,0.12612,0.12577,0.0,0.0,0.0,0.0,0.0,0.0,0.0,0.0,0.0,0.0,0.0,0.0,3.459,3.8735,4.9435,5.0,5.0,0,0.0,0.6284946666666666
954,0.0,0.0,0.0,0.0,0.0,0.0,0.0,0.0,0.0,0.0,0.0,0.0,0.0,0.0,0.0,0.0,0.0,0.0,0.0,0.0,0.0,0.0,0.0,0.0,0.0,0.0,0.0,0.0,0.0,0.0,0.0,0.0,0.0,0.0,0.0,0.0,0.0,0.0,0.0,0.0,0.0,0.0,0.0,0.0,0.0,0.0,0.0,0.0,0.0,0.0,0.0,0.0,0.0,0.0,0.0,0.0,0.0,0.0,0.0,0.0,0.0,0.0,0.0,0.0,0.0,0.0,0.0,0.0,0.0,0.0,0.0,0.0,0.0,0.0,0.0635,0.10136,0.0,0.0,0.01167,0.0,0.0,0.0,0.0,0.0,0.0,0.0,0.0,0.0,0.0,0.09658,0.11091,0.0,0.0,0.0,0.0,0.0,0.0,0.0,0.0,0.0,0.12665,0.12594,0.0,0.0,0.0,0.0,0.0,0.0,0.0,0.0,0.0,0.0,0.0,0.34788,3.475,3.8765,4.9435,5.0,5.0,0,0.0,0.5710495555555555
955,0.0,0.0,0.0,0.0,0.0,0.0,0.0,0.0,0.0,0.0,0.0,0.0,0.0,0.0,0.0,0.0,0.0,0.0,0.0,0.0,0.0,0.0,0.0,0.0,0.0,0.0,0.0,0.0,0.0,0.0,0.0,0.0,0.0,0.0,0.0,0.0,0.0,0.0,0.0,0.0,0.0,0.0,0.0,0.0,0.0,0.0,0.0,0.0,0.0,0.0,0.0,0.0,0.0,0.0,0.0,0.0,0.0,0.0,0.0,0.0,0.0,0.0,0.0,0.0,0.0,0.0,0.0,0.0,0.0,0.0,0.0,0.0,0.0,0.0,0.06456,0.10472,0.0,0.0,0.00088,0.0,0.0,0.0,0.0,0.0,0.0,0.0,0.0,0.0,0.0,0.09652,0.11663,0.0,0.0,0.0,0.0,0.0,0.0,0.0,0.0,0.0,0.12577,0.12506,0.0,0.0,0.0,0.0,0.0,0.0,0.0,0.0,0.0,0.0,0.0,0.92492,3.516,4.2765,5.0,5.0,5.0,0,0.0,0.5261992000000001
956,0.0,0.0,0.0,0.0,0.0,0.0,0.0,0.0,0.0,0.0,0.0,0.0,0.0,0.0,0.0,0.0,0.0,0.0,0.0,0.0,0.0,0.0,0.0,0.0,0.0,0.0,0.0,0.0,0.0,0.0,0.0,0.0,0.0,0.0,0.0,0.0,0.0,0.0,0.0,0.0,0.0,0.0,0.0,0.0,0.0,0.0,0.0,0.0,0.0,0.0,0.0,0.0,0.0,0.0,0.0,0.0,0.0,0.0,0.0,0.0,0.0,0.0,0.0,0.0,0.0,0.0,0.0,0.0,0.0,0.0,0.0,0.0,0.0,0.0,0.05136,0.09493,0.0,0.0,0.0,0.0,0.0,0.0,0.0,0.0,0.0,0.0,0.00301,0.0,0.0,0.08449,0.0862,0.0,0.0,0.0,0.0,0.0,0.0,0.0,0.0,0.0,0.11421,0.13538,0.0,0.0,0.0,0.0,0.0,0.0,0.0,0.0,0.0,0.0,0.0,0.95654,3.5755,4.2565,5.0,5.0,5.0,0,0.0,0.4939436
957,0.0,0.0,0.0,0.0,0.0,0.0,0.0,0.0,0.0,0.0,0.0,0.0,0.0,0.0,0.0,0.0,0.0,0.0,0.0,0.0,0.0,0.0,0.0,0.0,0.0,0.0,0.0,0.0,0.0,0.0,0.0,0.0,0.0,0.0,0.0,0.0,0.0,0.0,0.0,0.0,0.0,0.0,0.0,0.0,0.0,0.0,0.0,0.0,0.0,0.0,0.0,0.0,0.0,0.0,0.0,0.0,0.0,0.0,0.0,0.0,0.0,0.0,0.0,0.0,0.0,0.0,0.0,0.0,0.00035,0.02158,0.0,0.0,0.0,0.0,0.0,0.00566,0.0,0.0,0.0,0.0,0.0,0.0,0.0,0.0,0.0,0.0,0.0,0.0,0.0,0.07105,0.04623,0.0,0.0,0.0,0.0,0.0,0.0,0.0,0.0,0.0,0.09676,0.14735,0.0,0.0,0.0,0.0,0.0,0.0,0.0,0.0,0.0,0.0,0.0,0.20557,2.974,3.139,3.529,5.0,2.0745,0,0.0,0.48039913600000006
958,0.0,0.0,0.0,0.0,0.0,0.0,0.0,0.0,0.0,0.0,0.0,0.0,0.0,0.0,0.0,0.0,0.0,0.0,0.0,0.0,0.0,0.0,0.0,0.0,0.0,0.0,0.0,0.0,0.0,0.0,0.0,0.0,0.0,0.0,0.0,0.0,0.0,0.0,0.0,0.0,0.0,0.0,0.0,0.0,0.0,0.0,0.0,0.0,0.0,0.0,0.0,0.0,0.0,0.0,0.0,0.0,0.0,0.0,0.0,0.0,0.0,0.0,0.0,0.0,0.0,0.0,0.0,0.0,0.01356,0.03349,0.0,0.0,0.0,0.0,0.0,0.0,0.0,0.0,0.0,0.00371,0.0,0.0,0.0,0.0,0.0,0.0,0.0,0.0,0.0,0.06863,0.03803,0.0,0.0,0.0,0.0,0.0,0.0,0.0,0.0,0.0,0.11132,0.13261,0.0,0.0,0.0,0.0,0.0,0.0,0.0,0.0,0.0,0.0,0.0,0.0,3.225,3.521,4.256,5.0,5.0,0,0.0,0.4603536373333334
959,0.0,0.0,0.0,0.0,0.0,0.0,0.0,0.0,0.0,0.0,0.0,0.0,0.0,0.0,0.0,0.0,0.0,0.0,0.0,0.0,0.0,0.0,0.0,0.0,0.0,0.0,0.0,0.0,0.0,0.0,0.0,0.0,0.0,0.0,0.0,0.0,0.0,0.0,0.0,0.0,0.0,0.0,0.0,0.0,0.0,0.0,0.0,0.0,0.0,0.0,0.0,0.0,0.0,0.0,0.0,0.0,0.0,0.0,0.0,0.0,0.0,0.0,0.0,0.0,0.0,0.0,0.0,0.0,0.01521,0.03732,0.0,0.0,0.0,0.0,0.0,0.0,0.0,0.0,0.0,0.0,0.0,0.0,0.0,0.0,0.0,0.0,0.0,0.0,0.0,0.05613,0.0332,0.0,0.0,0.0,0.0,0.0,0.0,0.0,0.0,0.0,0.10118,0.13974,0.0,0.0,0.0,0.0,0.0,0.0,0.0,0.0,0.0,0.0,0.0,0.0,3.2705,3.506,4.256,5.0,5.0,0,0.18,0.590325104
960,0.0,0.0,0.0,0.0,0.0,0.0,0.0,0.0,0.0,0.0,0.0,0.0,0.0,0.0,0.0,0.0,0.0,0.0,0.0,0.0,0.0,0.0,0.0,0.0,0.0,0.0,0.0,0.0,0.0,0.0,0.0,0.0,0.0,0.0,0.0,0.0,0.0,0.0,0.0,0.0,0.0,0.0,0.0,0.0,0.0,0.0,0.0,0.0,0.0,0.0,0.0,0.0,0.0,0.0,0.0,0.0,0.0,0.0,0.0,0.0,0.0,0.0,0.0,0.0,0.0,0.0,0.0,0.0,0.01645,0.04422,0.0,0.0,0.0,0.0,0.0,0.0,0.0,0.0,0.0,0.0,0.0,0.0,0.0,0.0,0.0,0.0,0.0,0.0,0.0,0.05442,0.04163,0.00619,0.0,0.0,0.0,0.0,0.0,0.0,0.0,0.0,0.09947,0.14074,0.0,0.0,0.0,0.0,0.0,0.0,0.0,0.0,0.0,0.0,0.0,0.0,3.278,3.534,4.249,5.0,5.0,0,0.36,0.7221933706666668
961,0.0,0.0,0.0,0.0,0.0,0.0,0.0,0.0,0.0,0.0,0.0,0.0,0.0,0.0,0.0,0.0,0.0,0.0,0.0,0.0,0.0,0.0,0.0,0.0,0.0,0.0,0.0,0.0,0.0,0.0,0.0,0.0,0.0,0.0,0.0,0.0,0.0,0.0,0.0,0.0,0.0,0.0,0.0,0.0,0.0,0.0,0.0,0.0,0.0,0.0,0.0,0.0,0.0,0.0,0.0,0.0,0.0,0.0,0.0,0.0,0.0,0.0,0.0,0.0,0.0,0.0,0.0,0.0,0.01291,0.03237,0.0,0.0,0.0,0.0,0.0,0.0,0.0,0.0,0.0,0.0,0.0,0.0,0.0,0.0,0.0,0.0,0.0,0.0,0.0,0.05548,0.03632,0.0,0.0,0.0,0.0,0.0,0.0,0.0,0.0,0.0,0.09947,0.14145,0.0,0.0,0.0,0.0,0.0,0.0,0.0,0.0,0.0,0.0,0.0,0.0,3.29,3.534,4.256,5.0,5.0,0,0.54,0.856105904
962,0.0,0.0,0.0,0.0,0.0,0.0,0.0,0.0,0.0,0.0,0.0,0.0,0.0,0.0,0.0,0.0,0.0,0.0,0.0,0.0,0.0,0.0,0.0,0.0,0.0,0.0,0.0,0.0,0.0,0.0,0.0,0.0,0.0,0.0,0.0,0.0,0.0,0.0,0.0,0.0,0.0,0.0,0.0,0.0,0.0,0.0,0.0,0.0,0.0,0.0,0.0,0.0,0.0,0.0,0.0,0.0,0.0,0.0,0.0,0.0,0.0,0.0,0.0,0.0,0.0,0.0,0.0,0.0,0.01344,0.02706,0.0,0.0,0.0,0.0,0.0,0.0,0.0,0.0,0.0,0.0,0.0,0.0,0.0,0.0,0.0,0.0,0.0,0.0,0.0,0.05419,0.03833,0.00212,0.0,0.0,0.0,0.0,0.0,0.0,0.0,0.0,0.10012,0.14169,0.0,0.0,0.0,0.0,0.0,0.0,0.0,0.0,0.0,0.0,0.9,0.15815,3.2255,3.518,4.357,5.0,5.0,0,0.72,0.8846663680000001
963,0.0,0.0,0.0,0.0,0.0,0.0,0.0,0.0,0.0,0.0,0.0,0.0,0.0,0.0,0.0,0.0,0.0,0.0,0.0,0.0,0.0,0.0,0.0,0.0,0.0,0.0,0.0,0.0,0.0,0.0,0.0,0.0,0.0,0.0,0.0,0.0,0.0,0.0,0.0,0.0,0.0,0.0,0.0,0.0,0.0,0.0,0.0,0.0,0.0,0.0,0.0,0.0,0.0,0.0,0.0,0.0,0.0,0.0,0.0,0.0,0.0,0.0,0.0,0.0,0.0,0.0,0.0,0.0,0.01415,0.02883,0.0,0.0,0.0,0.0,0.0,0.0,0.0,0.0,0.0,0.0,0.0,0.0,0.0,0.0,0.0,0.0,0.0,0.0,0.0,0.06002,0.03337,0.00053,0.0,0.0,0.0,0.0,0.0,0.0,0.0,0.0,0.11014,0.13166,0.0,0.0,0.0,0.0,0.0,0.0,0.0,0.0,0.0,0.0,0.9,0.15815,2.7245,3.4705,4.437,5.0,5.0,0,0.9,0.9134038666666667
964,0.0,0.0,0.0,0.0,0.0,0.0,0.0,0.0,0.0,0.0,0.0,0.0,0.0,0.0,0.0,0.0,0.0,0.0,0.0,0.0,0.0,0.0,0.0,0.0,0.0,0.0,0.0,0.0,0.0,0.0,0.0,0.0,0.0,0.0,0.0,0.0,0.0,0.0,0.0,0.0,0.0,0.0,0.0,0.0,0.0,0.0,0.0,0.0,0.0,0.0,0.0,0.0,0.0,0.0,0.0,0.0,0.0,0.0,0.0,0.0,0.0,0.0,0.0,0.0,0.0,0.0,0.0,0.0,0.01291,0.02158,0.0,0.0,0.0,0.0,0.0,0.0,0.0,0.0,0.0,0.0,0.0,0.0,0.0,0.0,0.0,0.0,0.0,0.0,0.0,0.05914,0.03373,0.00566,0.0,0.0,0.0,0.0,0.0,0.0,0.0,0.0,0.10908,0.13396,0.0,0.0,0.0,0.0,0.0,0.0,0.0,0.0,0.0,0.0,0.9,0.16605,2.7925,3.4995,4.5745,5.0,5.0,0,0.72,1.0
965,0.0,0.0,0.0,0.0,0.0,0.0,0.0,0.0,0.0,0.0,0.0,0.0,0.0,0.0,0.0,0.0,0.0,0.0,0.0,0.0,0.0,0.0,0.0,0.0,0.0,0.0,0.0,0.0,0.0,0.0,0.0,0.0,0.0,0.0,0.0,0.0,0.0,0.0,0.0,0.0,0.0,0.0,0.0,0.0,0.0,0.0,0.0,0.0,0.0,0.0,0.0,0.0,0.0,0.0,0.0,0.0,0.0,0.0,0.0,0.0,0.0,0.0,0.0,0.0,0.0,0.0,0.0,0.0,0.01468,0.04263,0.0,0.0,0.0,0.0,0.0,0.0,0.0,0.0,0.0,0.0,0.0,0.0,0.0,0.0,0.0,0.0,0.0,0.0,0.0,0.05985,0.0385,0.00035,0.0,0.0,0.0,0.0,0.0,0.0,0.0,0.0,0.10855,0.13467,0.0,0.0,0.0,0.0,0.0,0.0,0.0,0.0,0.0,0.0,0.9,1.0,2.7445,3.524,4.6805,5.0,5.0,0,0.54,1.0
966,0.0,0.0,0.0,0.0,0.0,0.0,0.0,0.0,0.0,0.0,0.0,0.0,0.0,0.0,0.0,0.0,0.0,0.0,0.0,0.0,0.0,0.0,0.0,0.0,0.0,0.0,0.0,0.0,0.0,0.0,0.0,0.0,0.0,0.0,0.0,0.0,0.0,0.0,0.0,0.0,0.0,0.0,0.0,0.0,0.0,0.0,0.0,0.0,0.0,0.0,0.0,0.0,0.0,0.0,0.0,0.0,0.0,0.0,0.0,0.0,0.0,0.0,0.0,0.0,0.0,0.0,0.0,0.0,0.02217,0.01427,0.0,0.0,0.0,0.0,0.0,0.0,0.0,0.0,0.0,0.01008,0.0,0.0,0.0,0.0,0.0,0.0,0.0,0.0,0.0,0.05755,0.01834,0.00425,0.0,0.0,0.0,0.0,0.0,0.0,0.0,0.0,0.11545,0.13149,0.0,0.0,0.0,0.0,0.0,0.0,0.0,0.0,0.0,0.0,0.9,1.0,2.7655,3.6825,5.0,5.0,5.0,0,0.36,0.0
967,0.0,0.0,0.0,0.0,0.0,0.0,0.0,0.0,0.0,0.0,0.0,0.0,0.0,0.0,0.0,0.0,0.0,0.0,0.0,0.0,0.0,0.0,0.0,0.0,0.0,0.0,0.0,0.0,0.0,0.0,0.0,0.0,0.0,0.0,0.0,0.0,0.0,0.0,0.0,0.0,0.0,0.0,0.0,0.0,0.0,0.0,0.0,0.0,0.0,0.0,0.0,0.0,0.0,0.0,0.0,0.0,0.0,0.0,0.0,0.0,0.0,0.0,0.0,0.0,0.0,0.0,0.0,0.0,0.07252,0.04988,0.0,0.0,0.0,0.0,0.0,0.0,0.0,0.0,0.00018,0.01226,0.03496,0.0,0.0,0.0,0.0,0.0,0.0,0.0,0.0,0.0,0.0,0.0,0.0,0.0,0.0,0.0,0.0,0.0,0.0,0.0,0.11044,0.07919,0.0,0.0,0.0,0.0,0.0,0.0,0.0,0.0,0.0,0.0,0.0,0.0,2.9145,3.3775,4.263,5.0,5.0,0,0.18,0.0
968,0.0,0.0,0.0,0.0,0.0,0.0,0.0,0.0,0.0,0.0,0.0,0.0,0.0,0.0,0.0,0.0,0.0,0.0,0.0,0.0,0.0,0.0,0.0,0.0,0.0,0.0,0.0,0.0,0.0,0.0,0.0,0.0,0.0,0.0,0.0,0.0,0.0,0.0,0.0,0.0,0.0,0.0,0.0,0.0,0.0,0.0,0.0,0.0,0.0,0.0,0.0,0.0,0.0,0.0,0.0,0.0,0.0,0.0,0.0,0.0,0.0,0.0,0.0,0.0,0.0,0.0,0.0,0.01055,0.12954,0.00973,0.0,0.0,0.0,0.0,0.0,0.0,0.0,0.0,0.00053,0.07441,6e-05,0.0,0.0,0.0,0.0,0.0,0.0,0.0,0.0,0.0,0.0,0.0,0.0,0.0,0.0,0.0,0.0,0.0,0.0,0.0,0.0,0.0,0.0,0.0,0.0,0.0,0.0,0.0,0.0,0.0,0.0,0.0,0.0,0.0,3.1695,3.7375,4.928,5.0,5.0,0,0.0,0.0
969,0.0,0.0,0.0,0.0,0.0,0.0,0.0,0.0,0.0,0.0,0.0,0.0,0.0,0.0,0.0,0.0,0.0,0.0,0.0,0.0,0.0,0.0,0.0,0.0,0.0,0.0,0.0,0.0,0.0,0.0,0.0,0.0,0.0,0.0,0.0,0.0,0.0,0.0,0.0,0.0,0.0,0.0,0.0,0.0,0.0,0.0,0.0,0.0,0.0,0.0,0.0,0.0,0.0,0.0,0.0,0.0,0.0,0.0,0.0,0.0,0.0,0.0,0.0,0.0,0.0,0.0,0.0,0.00814,0.11433,0.01268,0.0,0.0,0.0,0.0,0.0,0.0,0.0,0.0,0.0,0.06798,0.00029,0.0,0.0,0.0,0.0,0.0,0.0,0.0,0.0,0.0,0.0,0.0,0.0,0.0,0.0,0.0,0.0,0.0,0.0,0.0,0.0,0.0,0.0,0.0,0.0,0.0,0.0,0.0,0.0,0.0,0.0,0.0,0.0,0.0,3.0445,3.7385,4.9905,5.0,5.0,0,0.0,0.0
970,0.0,0.0,0.0,0.0,0.0,0.0,0.0,0.0,0.0,0.0,0.0,0.0,0.0,0.0,0.0,0.0,0.0,0.0,0.0,0.0,0.0,0.0,0.0,0.0,0.0,0.0,0.0,0.0,0.0,0.0,0.0,0.0,0.0,0.0,0.0,0.0,0.0,0.0,0.0,0.0,0.0,0.0,0.0,0.0,0.0,0.0,0.0,0.0,0.0,0.0,0.0,0.0,0.0,0.0,0.0,0.0,0.0,0.0,0.0,0.0,0.0,0.0,0.0,0.0,0.0,0.0,0.0,0.00784,0.11975,0.00755,0.0,0.0,0.0,0.0,0.0,0.0,0.0,0.0,0.0,0.06415,6e-05,0.0,0.0,0.0,0.0,0.0,0.0,0.0,0.0,0.0,0.0,0.0,0.0,0.0,0.0,0.0,0.0,0.0,0.0,0.0,0.0,0.0,0.0,0.0,0.0,0.0,0.0,0.0,0.0,0.0,0.0,0.0,0.0,0.0,3.224,3.7495,4.996,5.0,5.0,0,0.0,0.0
971,0.0,0.0,0.0,0.0,0.0,0.0,0.0,0.0,0.0,0.0,0.0,0.0,0.0,0.0,0.0,0.0,0.0,0.0,0.0,0.0,0.0,0.0,0.0,0.0,0.0,0.0,0.0,0.0,0.0,0.0,0.0,0.0,0.0,0.0,0.0,0.0,0.0,0.0,0.0,0.0,0.0,0.0,0.0,0.0,0.0,0.0,0.0,0.0,0.0,0.0,0.0,0.0,0.0,0.0,0.0,0.0,0.0,0.0,0.0,0.0,0.0,0.0,0.0,0.0,0.0,0.0,0.0,0.00678,0.12081,0.00879,0.0,0.0,0.0,0.0,0.0,0.0,0.0,0.0,0.0,0.06397,6e-05,0.0,0.0,0.0,0.0,0.0,0.0,0.0,0.0,0.0,0.0,0.0,0.0,0.0,0.0,0.0,0.0,0.0,0.0,0.0,0.0,0.0,0.0,0.0,0.0,0.0,0.0,0.0,0.0,0.0,0.0,0.0,0.0,0.0,3.216,3.7265,4.961,5.0,5.0,0,0.0,0.0
972,0.0,0.0,0.0,0.0,0.0,0.0,0.0,0.0,0.0,0.0,0.0,0.0,0.0,0.0,0.0,0.0,0.0,0.0,0.0,0.0,0.0,0.0,0.0,0.0,0.0,0.0,0.0,0.0,0.0,0.0,0.0,0.0,0.0,0.0,0.0,0.0,0.0,0.0,0.0,0.0,0.0,0.0,0.0,0.0,0.0,0.0,0.0,0.0,0.0,0.0,0.0,0.0,0.0,0.0,0.0,0.0,0.0,0.0,0.0,0.0,0.0,0.0,0.0,0.0,0.0,0.0,0.0,0.00696,0.1171,0.0079,0.0,0.0,0.0,0.0,0.0,0.0,0.0,0.0,0.0,0.06704,0.00071,0.0,0.0,0.0,0.0,0.0,0.0,0.0,0.0,0.0,0.0,0.0,0.0,0.0,0.0,0.0,0.0,0.0,0.0,0.0,0.0,0.0,0.0,0.0,0.0,0.0,0.0,0.0,0.0,0.0,0.0,0.0,0.0,0.0,3.203,3.7475,4.9985,5.0,5.0,0,0.0,0.0
973,0.0,0.0,0.0,0.0,0.0,0.0,0.0,0.0,0.0,0.0,0.0,0.0,0.0,0.0,0.0,0.0,0.0,0.0,0.0,0.0,0.0,0.0,0.0,0.0,0.0,0.0,0.0,0.0,0.0,0.0,0.0,0.0,0.0,0.0,0.0,0.0,0.0,0.0,0.0,0.0,0.0,0.0,0.0,0.0,0.0,0.0,0.0,0.0,0.0,0.0,0.0,0.0,0.0,0.0,0.0,0.0,0.0,0.0,0.0,0.0,0.0,0.0,0.0,0.0,0.0,0.0,0.0,0.00767,0.12565,0.01368,0.0,0.0,0.0,0.0,0.0,0.0,0.0,0.0,0.0,0.08968,0.00035,0.0,0.0,0.0,0.0,0.0,0.0,0.0,0.0,0.0,0.0,0.0,0.0,0.0,0.0,0.0,0.0,0.0,0.0,0.0,0.0,0.0,0.0,0.0,0.0,0.0,0.0,0.0,0.0,0.0,0.0,0.0,0.0,0.0,3.235,3.7595,5.0,5.0,5.0,0,0.0,0.0
974,0.0,0.0,0.0,0.0,0.0,0.0,0.0,0.0,0.0,0.0,0.0,0.0,0.0,0.0,0.0,0.0,0.0,0.0,0.0,0.0,0.0,0.0,0.0,0.0,0.0,0.0,0.0,0.0,0.0,0.0,0.0,0.0,0.0,0.0,0.0,0.0,0.0,0.0,0.0,0.0,0.0,0.0,0.0,0.0,0.0,0.0,0.0,0.0,0.0,0.0,0.0,0.0,0.0,0.0,0.0,0.0,0.0,0.0,0.0,0.0,0.0,0.0,0.0,0.0,0.0,0.0,0.0,0.00678,0.11904,0.00932,0.0,0.0,0.0,0.0,0.0,0.0,0.0,0.0,0.0,0.07258,0.00029,0.0,0.0,0.0,0.0,0.0,0.0,0.0,0.0,0.0,0.0,0.0,0.0,0.0,0.0,0.0,0.0,0.0,0.0,0.0,0.0,0.0,0.0,0.0,0.0,0.0,0.0,0.0,0.0,0.0,0.0,0.0,0.0,0.0,3.227,3.7385,5.0,5.0,5.0,0,0.0,0.0
975,0.0,0.0,0.0,0.0,0.0,0.0,0.0,0.0,0.0,0.0,0.0,0.0,0.0,0.0,0.0,0.0,0.0,0.0,0.0,0.0,0.0,0.0,0.0,0.0,0.0,0.0,0.0,0.0,0.0,0.0,0.0,0.0,0.0,0.0,0.0,0.0,0.0,0.0,0.0,0.0,0.0,0.0,0.0,0.0,0.0,0.0,0.0,0.0,0.0,0.0,0.0,0.0,0.0,0.0,0.0,0.0,0.0,0.0,0.0,0.0,0.0,0.0,0.0,0.0,0.0,0.0,0.0,0.0066,0.11386,0.00991,0.0,0.0,0.0,0.0,0.0,0.0,0.0,0.0,0.0,0.07883,0.00077,0.0,0.0,0.0,0.0,0.0,0.0,0.0,0.0,0.0,0.0,0.0,0.0,0.0,0.0,0.0,0.0,0.0,0.0,0.0,0.0,0.0,0.0,0.0,0.0,0.0,0.0,0.0,0.0,0.0,0.0,0.0,0.0,0.0,3.2605,3.7455,4.991,5.0,5.0,0,0.0,0.0
976,0.0,0.0,0.0,0.0,0.0,0.0,0.0,0.0,0.0,0.0,0.0,0.0,0.0,0.0,0.0,0.0,0.0,0.0,0.0,0.0,0.0,0.0,0.0,0.0,0.0,0.0,0.0,0.0,0.0,0.0,0.0,0.0,0.0,0.0,0.0,0.0,0.0,0.0,0.0,0.0,0.0,0.0,0.0,0.0,0.0,0.0,0.0,0.0,0.0,0.0,0.0,0.0,0.0,0.0,0.0,0.0,0.0,0.0,0.0,0.0,0.0,0.0,0.0,0.0,0.0,0.0,0.0,0.00725,0.12176,0.00932,0.0,0.0,0.0,0.0,0.0,0.0,0.0,0.0,0.0,0.06126,0.00029,0.0,0.0,0.0,0.0,0.0,0.0,0.0,0.0,0.0,0.0,0.0,0.0,0.0,0.0,0.0,0.0,0.0,0.0,0.0,0.0,0.0,0.0,0.0,0.0,0.0,0.0,0.0,0.0,0.0,0.0,0.0,0.0,0.0,3.1465,3.7455,4.984,5.0,2.8685,0,0.0,0.0
977,0.0,0.0,0.0,0.0,0.0,0.0,0.0,0.0,0.0,0.0,0.0,0.0,0.0,0.0,0.0,0.0,0.0,0.0,0.0,0.0,0.0,0.0,0.0,0.0,0.0,0.0,0.0,0.0,0.0,0.0,0.0,0.0,0.0,0.0,0.0,0.0,0.0,0.0,0.0,0.0,0.0,0.0,0.0,0.0,0.0,0.0,0.0,0.0,0.0,0.0,0.0,0.0,0.0,0.0,0.0,0.0,0.0,0.0,0.0,0.0,0.0,0.0,0.0,0.0,0.0,0.0,0.0,0.00814,0.12075,0.01156,0.0,0.0,0.0,0.0,0.0,0.0,0.0,0.0,0.0,0.07305,0.00071,0.0,0.0,0.0,0.0,0.0,0.0,0.0,0.0,0.0,0.0,0.0,0.0,0.0,0.0,0.0,0.0,0.0,0.0,0.0,0.0,0.0,0.0,0.0,0.0,0.0,0.0,0.0,0.0,0.0,0.0,0.0,0.0,0.0,3.1445,3.7475,4.997,5.0,2.7395,0,0.0,0.0
978,0.0,0.0,0.0,0.0,0.0,0.0,0.0,0.0,0.0,0.0,0.0,0.0,0.0,0.0,0.0,0.0,0.0,0.0,0.0,0.0,0.0,0.0,0.0,0.0,0.0,0.0,0.0,0.0,0.0,0.0,0.0,0.0,0.0,0.0,0.0,0.0,0.0,0.0,0.0,0.0,0.0,0.0,0.0,0.0,0.0,0.0,0.0,0.0,0.0,0.0,0.0,0.0,0.0,0.0,0.0,0.0,0.0,0.0,0.0,0.0,0.0,0.0,0.0,0.0,0.0,0.0,0.0,0.00749,0.12028,0.00861,0.0,0.0,0.0,0.0,0.0,0.0,0.0,0.0,0.0,0.06987,0.00071,0.0,0.0,0.0,0.0,0.0,0.0,0.0,0.0,0.0,0.0,0.0,0.0,0.0,0.0,0.0,0.0,0.0,0.0,0.0,0.00071,0.0,0.0,0.0,0.0,0.0,0.0,0.0,0.0,0.0,0.0,0.0,0.0,0.0,3.179,3.786,5.0,5.0,5.0,0,0.0,0.61663
979,0.0,0.0,0.0,0.0,0.0,0.0,0.0,0.0,0.0,0.0,0.0,0.0,0.0,0.0,0.0,0.0,0.0,0.0,0.0,0.0,0.0,0.0,0.0,0.0,0.0,0.0,0.0,0.0,0.0,0.0,0.0,0.0,0.0,0.0,0.0,0.0,0.0,0.0,0.0,0.0,0.0,0.0,0.0,0.0,0.0,0.0,0.0,0.0,0.0,0.0,0.0,0.0,0.0,0.0,0.0,0.0,0.0,0.0,0.0,0.0,0.0,0.0,0.0,0.0,0.0,0.0,0.0,0.00784,0.11639,0.00719,0.0,0.0,0.0,0.0,0.0,0.0,0.0,0.0,0.0,0.06309,0.00094,0.0,0.0,0.0,0.0,0.0,0.0,0.0,0.0,0.0,0.0,0.0,0.0,0.0,0.0,0.0,0.0,0.0,0.0,0.0,0.0,0.0,0.0,0.0,0.0,0.0,0.0,0.0,0.0,0.0,0.0,0.0,0.0,0.61663,3.0895,3.7495,5.0,5.0,5.0,0,0.0,0.89331
980,0.0,0.0,0.0,0.0,0.0,0.0,0.0,0.0,0.0,0.0,0.0,0.0,0.0,0.0,0.0,0.0,0.0,0.0,0.0,0.0,0.0,0.0,0.0,0.0,0.0,0.0,0.0,0.0,0.0,0.0,0.0,0.0,0.0,0.0,0.0,0.0,0.0,0.0,0.0,0.0,0.0,0.0,0.0,0.0,0.0,0.0,0.0,0.0,0.0,0.0,0.0,0.0,0.0,0.0,0.0,0.0,0.0,0.0,0.0,0.0,0.0,0.0,0.0,0.0,0.0,0.0,0.0,0.00831,0.13042,0.0125,0.0,0.0,0.0,0.0,0.0,0.0,0.0,0.0,0.0,0.06627,6e-05,0.0,0.0,0.0,0.0,0.0,0.0,0.0,0.0,0.0,0.0,0.0,0.0,0.0,0.0,0.0,0.0,0.0,0.0,0.0,0.0,0.0,0.0,0.0,0.0,0.0,0.0,0.0,0.0,0.0,0.0,0.0,0.0,0.89331,3.3825,3.8975,5.0,5.0,5.0,0,0.0,0.8537081752380953
981,0.0,0.0,0.0,0.0,0.0,0.0,0.0,0.0,0.0,0.0,0.0,0.0,0.0,0.0,0.0,0.0,0.0,0.0,0.0,0.0,0.0,0.0,0.0,0.0,0.0,0.0,0.0,0.0,0.0,0.0,0.0,0.0,0.0,0.0,0.0,0.0,0.0,0.0,0.0,0.0,0.0,0.0,0.0,0.0,0.0,0.0,0.0,0.0,0.0,0.0,0.0,0.0,0.0,0.0,0.0,0.0,0.0,0.0,0.0,0.0,0.0,0.0,0.0,0.0,0.0,0.0,0.0,0.00012,0.12494,0.00938,0.0,0.0,0.0,0.0,0.0,0.0,0.0,0.0,0.00407,0.09817,0.0069,0.0,0.0,0.0,0.0,0.0,0.0,0.0,0.0,0.0,0.00053,0.0,0.0,0.0,0.0,0.0,0.0,0.0,0.0,0.0,0.03945,0.0,0.0,0.0,0.0,0.0,0.0,0.0,0.0,0.0,0.0,0.0,0.0,0.95654,3.7235,4.9105,5.0,4.943,5.0,0,0.0,0.912386921904762
982,0.0,0.0,0.0,0.0,0.0,0.0,0.0,0.0,0.0,0.0,0.0,0.0,0.0,0.0,0.0,0.0,0.0,0.0,0.0,0.0,0.0,0.0,0.0,0.0,0.0,0.0,0.0,0.0,0.0,0.0,0.0,0.0,0.0,0.0,0.0,0.0,0.0,0.0,0.0,0.0,0.0,0.0,0.0,0.0,0.0,0.0,0.0,0.0,0.0,0.0,0.0,0.0,0.0,0.0,0.0,0.0,0.0,0.00018,0.0,0.0,0.0,0.0,0.0,0.0,0.0,0.0,0.0,0.0,0.09587,0.09676,0.0,0.0,0.0,0.0,0.0,0.0,0.0,0.0,0.00018,0.1227,0.07205,0.0,0.0,0.0,0.0,0.0,0.0,0.0,0.0,0.0,0.00761,0.00389,0.0,0.0,0.0,0.0,0.0,0.0,0.0,0.0,0.0,0.0,0.0,0.0,0.0,0.0,0.0,0.0,0.0,0.0,0.0,0.0,0.0,0.0,3.2305,3.5525,4.581,4.843,5.0,0,0.170744,0.9144016685714286
983,0.0,0.0,0.0,0.0,0.0,0.0,0.0,0.0,0.0,0.0,0.0,0.0,0.0,0.0,0.0,0.0,0.0,0.0,0.0,0.0,0.0,0.0,0.0,0.0,0.0,0.0,0.0,0.0,0.0,0.0,0.0,0.0,0.0,0.0,0.0,0.0,0.0,0.0,0.0,0.0,0.0,0.0,0.0,0.0,0.0,0.0,0.0,0.0,0.0,0.0,0.0,0.0,0.0,0.0,0.0,0.0,0.0,0.0138,0.0,0.0,0.0,0.0,0.0,0.0,0.0,0.0,0.0,0.0,0.09564,0.12193,0.0,0.0,0.0,0.0,0.0,0.0,0.0,0.0,0.0,0.15831,0.08827,0.0,0.0,0.0,0.0,0.0,0.0,0.0,0.0,0.0,0.0092,0.01716,0.0,0.0,0.0,0.0,0.0,0.0,0.0,0.0,0.0,0.0,0.0,0.0,0.0,0.0,0.0,0.0,0.0,0.0,0.0,0.0,0.0,0.0,3.3295,4.0385,4.934,4.827,5.0,0,0.350744,0.9024424152380954
984,0.0,0.0,0.0,0.0,0.0,0.0,0.0,0.0,0.0,0.0,0.0,0.0,0.0,0.0,0.0,0.0,0.0,0.0,0.0,0.0,0.0,0.0,0.0,0.0,0.0,0.0,0.0,0.0,0.0,0.0,0.0,0.0,0.0,0.0,0.0,0.0,0.0,0.0,0.0,0.0,0.0,0.0,0.0,0.0,0.0,0.0,0.0,0.0,0.0,0.0,0.0,0.0,0.0,0.0,0.0,0.0,0.0,0.01256,0.00018,0.0,0.0,0.0,0.0,0.0,0.0,0.0,0.0,0.0,0.09116,0.125,0.0,0.0,0.0,0.0,0.0,0.0,0.0,0.0,0.0,0.15761,0.09004,0.0,0.0,0.0,0.0,0.0,0.0,0.0,0.0,0.0,0.00088,0.01274,0.0,0.0,0.0,0.0,0.0,0.0,0.0,0.0,0.0,0.0,0.0,0.0,0.0,0.0,0.0,0.0,0.0,0.0,0.0,0.0,0.0,0.0,3.3405,4.1195,4.935,4.837,5.0,0,0.530744,0.9033837333333334
985,0.0,0.0,0.0,0.0,0.0,0.0,0.0,0.0,0.0,0.0,0.0,0.0,0.0,0.0,0.0,0.0,0.0,0.0,0.0,0.0,0.0,0.0,0.0,0.0,0.0,0.0,0.0,0.0,0.0,0.0,0.0,0.0,0.0,0.0,0.0,0.0,0.0,0.0,0.0,0.0,0.0,0.0,0.0,0.0,0.0,0.0,0.0,0.0,0.0,0.0,0.0,0.0,0.0,0.0,0.0,0.0,0.0,0.00672,0.0,0.0,0.0,0.0,0.0,0.0,0.0,0.0,0.0,0.0,0.09169,0.12624,0.0,0.0,0.0,0.0,0.0,0.0,0.0,0.0,0.0,0.15654,0.09127,0.0,0.0,0.0,0.0,0.0,0.0,0.0,0.0,0.0,0.00159,0.0138,0.0,0.0,0.0,0.0,0.0,0.0,0.0,0.0,0.0,0.0,0.0,0.0,0.0,0.0,0.0,0.0,0.0,0.0,0.0,0.0,0.85372,0.0,3.3045,4.0995,4.96,4.836,5.0,0,0.710744,0.8967437333333332
986,0.0,0.0,0.0,0.0,0.0,0.0,0.0,0.0,0.0,0.0,0.0,0.0,0.0,0.0,0.0,0.0,0.0,0.0,0.0,0.0,0.0,0.0,0.0,0.0,0.0,0.0,0.0,0.0,0.0,0.0,0.0,0.0,0.0,0.0,0.0,0.0,0.0,0.0,0.0,0.0,0.0,0.0,0.0,0.0,0.0,0.0,0.0,0.0,0.0,0.0,0.0,0.0,0.0,0.0,0.0,0.0,0.0,0.0069,0.0,0.0,0.0,0.0,0.0,0.0,0.0,0.0,0.0,0.0,0.08626,0.12795,0.0,0.0,0.0,0.0,0.0,0.0,0.0,0.0,0.0,0.15778,0.09499,0.0,0.0,0.0,0.0,0.0,0.0,0.0,0.0,0.0,0.00106,0.01486,0.0,0.0,0.0,0.0,0.0,0.0,0.0,0.0,0.0,0.0,0.0,0.0,0.0,0.0,0.0,0.0,0.0,0.0,0.0,0.0,0.9,0.0,3.1015,3.9995,4.893,4.804,5.0,0,0.8907440000000001,0.8976292533333334
987,0.0,0.0,0.0,0.0,0.0,0.0,0.0,0.0,0.0,0.0,0.0,0.0,0.0,0.0,0.0,0.0,0.0,0.0,0.0,0.0,0.0,0.0,0.0,0.0,0.0,0.0,0.0,0.0,0.0,0.0,0.0,0.0,0.0,0.0,0.0,0.0,0.0,0.0,0.0,0.0,0.0,0.0,0.0,0.0,0.0,0.0,0.0,0.0,0.0,0.0,0.0,0.0,0.0,0.0,0.0,0.0,0.0,0.00973,0.0,0.0,0.0,0.0,0.0,0.0,0.0,0.0,0.0,0.0,0.08732,0.12919,0.0,0.0,0.0,0.0,0.0,0.0,0.0,0.0,0.0,0.15767,0.09351,0.0,0.0,0.0,0.0,0.0,0.0,0.0,0.0,0.0,0.00088,0.01504,0.0,0.0,0.0,0.0,0.0,0.0,0.0,0.0,0.0,0.0,0.0,0.0,0.0,0.0,0.0,0.0,0.0,0.0,0.0,0.0,0.9,0.0,3.1165,4.0625,4.912,4.811,5.0,0,0.9,0.9007281333333335
988,0.0,0.0,0.0,0.0,0.0,0.0,0.0,0.0,0.0,0.0,0.0,0.0,0.0,0.0,0.0,0.0,0.0,0.0,0.0,0.0,0.0,0.0,0.0,0.0,0.0,0.0,0.0,0.0,0.0,0.0,0.0,0.0,0.0,0.0,0.0,0.0,0.0,0.0,0.0,0.0,0.0,0.0,0.0,0.0,0.0,0.0,0.0,0.0,0.0,0.0,0.0,0.0,0.0,0.0,0.0,0.0,0.0,0.00106,0.0,0.0,0.0,0.0,0.0,0.0,0.0,0.0,0.0,0.0,0.08514,0.12235,0.0,0.0,0.0,0.0,0.0,0.0,0.0,0.0,0.0,0.15767,0.09599,0.0,0.0,0.0,0.0,0.0,0.0,0.0,0.0,0.0,0.00195,0.0184,0.0,0.0,0.0,0.0,0.0,0.0,0.0,0.0,0.0,0.0,0.0,0.0,0.0,0.0,0.0,0.0,0.0,0.0,0.0,0.0,0.9,0.45854,3.0985,4.0615,4.912,4.811,5.0,0,0.9,0.9050073600000001
989,0.0,0.0,0.0,0.0,0.0,0.0,0.0,0.0,0.0,0.0,0.0,0.0,0.0,0.0,0.0,0.0,0.0,0.0,0.0,0.0,0.0,0.0,0.0,0.0,0.0,0.0,0.0,0.0,0.0,0.0,0.0,0.0,0.0,0.0,0.0,0.0,0.0,0.0,0.0,0.0,0.0,0.0,0.0,0.0,0.0,0.0,0.0,0.0,0.0,0.0,0.0,0.0,0.0,0.0,0.0,0.0,0.0,0.00407,0.0,0.0,0.0,0.0,0.0,0.0,0.0,0.0,0.0,0.0,0.08538,0.12777,0.0,0.0,0.0,0.0,0.0,0.0,0.0,0.0,0.0,0.15867,0.09428,0.0,0.0,0.0,0.0,0.0,0.0,0.0,0.0,0.0,0.00336,0.02423,0.0,0.0,0.0,0.0,0.0,0.0,0.0,0.0,0.0,0.0,0.0,0.0,0.0,0.0,0.0,0.0,0.0,0.0,0.0,0.0,0.9,0.79055,3.1605,3.9805,4.939,4.804,5.0,0,0.72,0.9069254933333333
990,0.0,0.0,0.0,0.0,0.0,0.0,0.0,0.0,0.0,0.0,0.0,0.0,0.0,0.0,0.0,0.0,0.0,0.0,0.0,0.0,0.0,0.0,0.0,0.0,0.0,0.0,0.0,0.0,0.0,0.0,0.0,0.0,0.0,0.0,0.0,0.0,0.0,0.0,0.0,0.0,0.0,0.0,0.0,0.0,0.0,0.0,0.0,0.0,0.0,0.0,0.0,0.0,0.0,0.0,0.0,0.0,0.0,0.00248,0.0,0.0,0.0,0.0,0.0,0.0,0.0,0.0,0.0,0.0,0.08514,0.12624,0.0,0.0,0.0,0.0,0.0,0.0,0.0,0.0,0.0,0.15554,0.09917,0.0,0.0,0.0,0.0,0.0,0.0,0.0,0.0,0.0,0.00442,0.01415,0.0,0.0,0.0,0.0,0.0,0.0,0.0,0.0,0.0,0.0,0.0,0.0,0.0,0.0,0.0,0.0,0.0,0.0,0.0,0.0,0.9,0.83798,3.1155,4.0395,4.871,4.812,5.0,0,0.54,0.9302327466666667
991,0.0,0.0,0.0,0.0,0.0,0.0,0.0,0.0,0.0,0.0,0.0,0.0,0.0,0.0,0.0,0.0,0.0,0.0,0.0,0.0,0.0,0.0,0.0,0.0,0.0,0.0,0.0,0.0,0.0,0.0,0.0,0.0,0.0,0.0,0.0,0.0,0.0,0.0,0.0,0.0,0.0,0.0,0.0,0.0,0.0,0.0,0.0,0.0,0.0,0.0,0.0,0.0,0.0,0.0,0.0,0.0,0.0,0.00053,0.0,0.0,0.0,0.0,0.0,0.0,0.0,0.0,0.0,0.0,0.08585,0.11739,0.0,0.0,0.0,0.0,0.0,0.0,0.0,0.0,0.0,0.15955,0.09463,0.0,0.0,0.0,0.0,0.0,0.0,0.0,0.0,0.0,0.00265,0.02158,0.0,0.0,0.0,0.0,0.0,0.0,0.0,0.0,0.0,0.0,0.0,0.0,0.0,0.0,0.0,0.0,0.0,0.0,0.0,0.0,0.9,0.83007,3.1085,4.0695,4.917,4.799,5.0,0,0.36,0.9231498666666667
992,0.0,0.0,0.0,0.0,0.0,0.0,0.0,0.0,0.0,0.0,0.0,0.0,0.0,0.0,0.0,0.0,0.0,0.0,0.0,0.0,0.0,0.0,0.0,0.0,0.0,0.0,0.0,0.0,0.0,0.0,0.0,0.0,0.0,0.0,0.0,0.0,0.0,0.0,0.0,0.0,0.0,0.0,0.0,0.0,0.0,0.0,0.0,0.0,0.0,0.0,0.0,0.0,0.0,0.0,0.0,0.0,0.0,0.00318,0.0,0.0,0.0,0.0,0.0,0.0,0.0,0.0,0.0,0.0,0.08408,0.10165,0.0,0.0,0.0,0.0,0.0,0.0,0.0,0.0,0.0,0.15908,0.09351,0.0,0.0,0.0,0.0,0.0,0.0,0.0,0.0,0.0,0.00088,0.01928,0.0,0.0,0.0,0.0,0.0,0.0,0.0,0.0,0.0,0.0,0.0,0.0,0.0,0.0,0.0,0.0,0.0,0.0,0.0,0.0,0.0,0.63244,3.2115,4.1325,4.9,4.811,5.0,0,0.18,0.9150996592592593
993,0.0,0.0,0.0,0.0,0.0,0.0,0.0,0.0,0.0,0.0,0.0,0.0,0.0,0.0,0.0,0.0,0.0,0.0,0.0,0.0,0.0,0.0,0.0,0.0,0.0,0.0,0.0,0.0,0.0,0.0,0.0,0.0,0.0,0.0,0.0,0.0,0.0,0.0,0.0,0.0,0.0,0.0,0.0,0.0,0.0,0.0,0.0,0.0,0.0,0.0,0.0,0.0,0.0,0.0,0.0,0.0,0.0,0.00442,0.0,0.0,0.0,0.0,0.0,0.0,0.0,0.0,0.0,0.0,0.09245,0.12353,0.0,0.0,0.0,0.0,0.0,0.0,0.0,0.0,0.0,0.16291,0.08844,0.0,0.0,0.0,0.0,0.0,0.0,0.0,0.0,0.0,0.00142,0.00814,0.0,0.0,0.0,0.0,0.0,0.0,0.0,0.0,0.0,0.0,0.0,0.0,0.0,0.0,0.0,0.0,0.0,0.0,0.0,0.0,0.0,1.0,3.3605,4.7085,4.895,4.798,5.0,0,0.18,0.9071151377777777
994,0.0,0.0,0.0,0.0,0.0,0.0,0.0,0.0,0.0,0.0,0.0,0.0,0.0,0.0,0.0,0.0,0.0,0.0,0.0,0.0,0.0,0.0,0.0,0.0,0.0,0.0,0.0,0.0,0.0,0.0,0.0,0.0,0.0,0.0,0.0,0.0,0.0,0.0,0.0,0.0,0.0,0.0,0.0,0.0,0.0,0.0,0.0,0.0,0.0,0.0,0.0,0.0,0.0,0.0,0.0,0.0,0.0,0.0069,0.0,0.0,0.0,0.0,0.0,0.0,0.0,0.0,0.0,0.0,0.06781,0.15313,0.0,0.0,0.0,0.0,0.00212,0.0,0.0,0.0,0.0,0.12712,0.12795,0.0,0.0,0.0,0.0,0.0,0.0,0.0,0.0,0.0,0.11144,0.0704,0.0,0.0,0.0,0.0,0.0,0.0,0.0,0.0,0.0,0.0,0.0,0.0,0.0,0.0,0.0,0.0,0.0,0.0,0.0,0.0,0.0,0.41111,2.6345,3.2165,4.463,5.0,5.0,0,0.18,0.9027377422222223
995,0.0,0.0,0.0,0.0,0.0,0.0,0.0,0.0,0.0,0.0,0.0,0.0,0.0,0.0,0.0,0.0,0.0,0.0,0.0,0.0,0.0,0.0,0.0,0.0,0.0,0.0,0.0,0.0,0.0,0.0,0.0,0.0,0.0,0.0,0.0,0.0,0.0,0.0,0.0,0.0,0.0,0.0,0.0,0.0,0.0,0.0,0.0,0.0,0.0,0.0,0.0,0.0,0.0,0.0,0.0,0.0,0.0,0.02848,0.0,0.0,0.0,0.0,0.0,0.0,0.0,0.0,0.0,0.0,0.1181,0.11167,0.0,0.0,0.0,0.0,0.03485,0.0,0.0,0.0,0.0,0.16067,0.08697,0.0,0.0,0.0,0.0,0.0,0.0,0.0,0.0,0.0,0.14009,0.0444,0.0,0.0,0.0,0.0,0.0,0.0,0.0,0.0,0.0,0.0,0.0,0.0,0.0,0.0,0.0,0.0,0.0,0.0,0.0,0.0,0.0,0.0,3.0295,4.0625,4.709,5.0,5.0,0,0.18,0.8782172592592593
996,0.0,0.0,0.0,0.0,0.0,0.0,0.0,0.0,0.0,0.0,0.0,0.0,0.0,0.0,0.0,0.0,0.0,0.0,0.0,0.0,0.0,0.0,0.0,0.0,0.0,0.0,0.0,0.0,0.0,0.0,0.0,0.0,0.0,0.0,0.0,0.0,0.0,0.0,0.0,0.0,0.0,0.0,0.0,0.0,0.0,0.0,0.0,0.0,0.0,0.0,0.0,0.0,0.0,0.0,0.0,0.0,0.0,0.01327,0.0,0.0,0.0,0.0,0.0,0.0,0.0,0.0,0.0,0.0,0.09475,0.10442,0.0,0.0,0.0,0.0,0.00053,0.0,0.0,0.0,0.0,0.14121,0.11014,0.0,0.0,0.0,0.0,0.0,0.0,0.0,0.0,0.0,0.15601,0.0658,0.0,0.0,0.0,0.0,0.0,0.0,0.0,0.0,0.0,0.0,0.0,0.0,0.0,0.0,0.0,0.0,0.0,0.0,0.0,0.0,0.9,0.0,2.5745,3.8915,4.669,5.0,5.0,0,0.18,0.7802407614814815
997,0.0,0.0,0.0,0.0,0.0,0.0,0.0,0.0,0.0,0.0,0.0,0.0,0.0,0.0,0.0,0.0,0.0,0.0,0.0,0.0,0.0,0.0,0.0,0.0,0.0,0.0,0.0,0.0,0.0,0.0,0.0,0.0,0.0,0.0,0.0,0.0,0.0,0.0,0.0,0.0,0.0,0.0,0.0,0.0,0.0,0.0,0.0,0.0,0.0,0.0,0.0,0.0,0.0,0.0,0.0,0.0,0.0,0.02034,0.0,0.0,0.0,0.0,0.0,0.0,0.0,0.0,0.0,0.0,0.09517,0.11604,0.0,0.0,0.0,0.01445,0.09593,0.0,0.0,0.0,0.0,0.14393,0.10884,0.0,0.0,0.0,0.0,0.0,0.06279,0.0,0.0,0.0,0.17759,0.06279,0.0,0.0,0.0,0.0,0.0,0.0,0.0,0.0,0.0,0.00077,0.00896,0.0,0.0,0.0,0.0,0.0,0.0,0.0,0.0,0.0,0.0,0.0,3.035,4.1605,4.71,5.0,5.0,0,0.18,0.6814680088888889
998,0.0,0.0,0.0,0.0,0.0,0.0,0.0,0.0,0.0,0.0,0.0,0.0,0.0,0.0,0.0,0.0,0.0,0.0,0.0,0.0,0.0,0.0,0.0,0.0,0.0,0.0,0.0,0.0,0.0,0.0,0.0,0.0,0.0,0.0,0.0,0.0,0.0,0.0,0.0,0.0,0.0,0.0,0.0,0.0,0.0,0.0,0.0,0.0,0.0,0.0,0.0,0.0,0.0,0.0,0.0,0.0,0.0,0.00937,0.0,0.0,0.0,0.0,0.0,0.0,0.0,0.0,0.0,0.0,0.09693,0.10666,0.0,0.0,0.0,0.0,0.03662,0.0,0.0,0.0,0.0,0.14269,0.10938,0.0,0.0,0.0,0.0,0.0,0.0,0.0,0.0,0.0,0.16327,0.06527,0.0,0.0,0.0,0.0,0.0,0.0,0.0,0.0,0.0,0.0,0.00796,0.0,0.0,0.0,0.0,0.0,0.0,0.0,0.0,0.0,0.0,0.0,2.9825,4.0695,4.691,5.0,5.0,0,0.0,0.5818990014814815
999,0.0,0.0,0.0,0.0,0.0,0.0,0.0,0.0,0.0,0.0,0.0,0.0,0.0,0.0,0.0,0.0,0.0,0.0,0.0,0.0,0.0,0.0,0.0,0.0,0.0,0.0,0.0,0.0,0.0,0.0,0.0,0.0,0.0,0.0,0.0,0.0,0.0,0.0,0.0,0.0,0.0,0.0,0.0,0.0,0.0,0.0,0.0,0.0,0.0,0.0,0.0,0.0,0.0,0.0,0.0,0.0,0.0,0.01521,0.0,0.0,0.0,0.0,0.0,0.0,0.0,0.0,0.0,0.0,0.09534,0.11834,0.0,0.0,0.0,0.0,0.0842,0.0,0.0,0.0,0.0,0.14216,0.11132,0.0,0.0,0.0,0.0,0.0,0.05572,0.0,0.0,0.0,0.17229,0.0658,0.0,0.0,0.0,0.0,0.0,0.0,0.0,0.0,0.0,0.0,0.00619,0.0,0.0,0.0,0.0,0.0,0.0,0.0,0.0,0.0,0.0,0.0,2.9585,4.147,4.722,5.0,5.0,0,0.0,0.48153373925925924
1000,0.0,0.0,0.0,0.0,0.0,0.0,0.0,0.0,0.0,0.0,0.0,0.0,0.0,0.0,0.0,0.0,0.0,0.0,0.0,0.0,0.0,0.0,0.0,0.0,0.0,0.0,0.0,0.0,0.0,0.0,0.0,0.0,0.0,0.0,0.0,0.0,0.0,0.0,0.0,0.0,0.0,0.0,0.0,0.0,0.0,0.0,0.0,0.0,0.0,0.0,0.0,0.0,0.0,0.0,0.0,0.0,0.0,0.01787,0.0,0.0,0.0,0.0,0.0,0.0,0.0,0.0,0.0,0.0,0.09693,0.11728,0.0,0.0,0.0,0.0,0.05731,0.0,0.0,0.0,0.0,0.14245,0.11085,0.0,0.0,0.0,0.0,0.0,0.01663,0.0,0.0,0.0,0.16733,0.06545,0.0,0.0,0.0,0.0,0.0,0.0,0.0,0.0,0.0,0.0,0.00495,0.0,0.0,0.0,0.0,0.0,0.0,0.0,0.0,0.0,0.0,0.0,2.9925,4.0945,4.683,5.0,5.0,0,0.0,0.3803722222222222
1001,0.0,0.0,0.0,0.0,0.0,0.0,0.0,0.0,0.0,0.0,0.0,0.0,0.0,0.0,0.0,0.0,0.0,0.0,0.0,0.0,0.0,0.0,0.0,0.0,0.0,0.0,0.0,0.0,0.0,0.0,0.0,0.0,0.0,0.0,0.0,0.0,0.0,0.0,0.0,0.0,0.0,0.0,0.0,0.0,0.0,0.0,0.0,0.0,0.0,0.0,0.0,0.0,0.0,0.0,0.0,0.0,0.0,0.01698,0.0,0.0,0.0,0.0,0.0,0.0,0.0,0.0,0.0,0.0,0.09746,0.11675,0.0,0.0,0.0,0.0,0.06722,0.0,0.0,0.0,0.0,0.14216,0.1092,0.0,0.0,0.0,0.0,0.0,0.03361,0.0,0.0,0.0,0.16804,0.06562,0.0,0.0,0.0,0.0,0.0,0.0,0.0,0.0,0.0,0.0,0.00035,0.0,0.0,0.0,0.0,0.0,0.0,0.0,0.0,0.0,0.0,0.0,2.9975,4.1605,4.725,5.0,5.0,0,0.0,0.4622333333333334
1002,0.0,0.0,0.0,0.0,0.0,0.0,0.0,0.0,0.0,0.0,0.0,0.0,0.0,0.0,0.0,0.0,0.0,0.0,0.0,0.0,0.0,0.0,0.0,0.0,0.0,0.0,0.0,0.0,0.0,0.0,0.0,0.0,0.0,0.0,0.0,0.0,0.0,0.0,0.0,0.0,0.0,0.0,0.0,0.0,0.0,0.0,0.0,0.0,0.0,0.0,0.0,0.0,0.0,0.0,0.0,0.0,0.0,0.01698,0.0,0.0,0.0,0.0,0.0,0.0,0.0,0.0,0.0,0.0,0.09764,0.11551,0.0,0.0,0.0,0.0,0.01061,0.0,0.0,0.0,0.0,0.14233,0.10867,0.0,0.0,0.0,0.0,0.0,0.0,0.0,0.0,0.0,0.16397,0.06527,0.0,0.0,0.0,0.0,0.0,0.0,0.0,0.0,0.0,0.0,0.00601,0.0,0.0,0.0,0.0,0.0,0.0,0.0,0.0,0.0,0.0,0.0,3.0025,4.0695,4.705,5.0,5.0,0,0.0,0.5813306666666667
1003,0.0,0.0,0.0,0.0,0.0,0.0,0.0,0.0,0.0,0.0,0.0,0.0,0.0,0.0,0.0,0.0,0.0,0.0,0.0,0.0,0.0,0.0,0.0,0.0,0.0,0.0,0.0,0.0,0.0,0.0,0.0,0.0,0.0,0.0,0.0,0.0,0.0,0.0,0.0,0.0,0.0,0.0,0.0,0.0,0.0,0.0,0.0,0.0,0.0,0.0,0.0,0.0,0.0,0.0,0.0,0.0,0.0,0.01256,0.0,0.0,0.0,0.0,0.0,0.0,0.0,0.0,0.0,0.0,0.09729,0.11126,0.0,0.0,0.0,0.0,0.04917,0.0,0.0,0.0,0.0,0.14163,0.10955,0.0,0.0,0.0,0.0,0.0,0.00265,0.0,0.0,0.0,0.17176,0.06562,0.0,0.0,0.0,0.0,0.0,0.0,0.0,0.0,0.0,0.00018,0.01044,0.0,0.0,0.0,0.0,0.0,0.0,0.0,0.0,0.0,0.0,0.37159,2.9855,4.0495,4.686,5.0,5.0,0,0.0,0.7052562222222223
1004,0.0,0.0,0.0,0.0,0.0,0.0,0.0,0.0,0.0,0.0,0.0,0.0,0.0,0.0,0.0,0.0,0.0,0.0,0.0,0.0,0.0,0.0,0.0,0.0,0.0,0.0,0.0,0.0,0.0,0.0,0.0,0.0,0.0,0.0,0.0,0.0,0.0,0.0,0.0,0.0,0.0,0.0,0.0,0.0,0.0,0.0,0.0,0.0,0.0,0.0,0.0,0.0,0.0,0.0,0.0,0.0,0.0,0.01397,0.0,0.0,0.0,0.0,0.0,0.0,0.0,0.0,0.0,0.0,0.09587,0.11126,0.0,0.0,0.0,0.0,0.05607,0.0,0.0,0.0,0.0,0.14281,0.10996,0.0,0.0,0.0,0.0,0.0,0.00973,0.0,0.0,0.0,0.173,0.06545,0.0,0.0,0.0,0.0,0.0,0.0,0.0,0.0,0.0,0.0,0.00142,0.0,0.0,0.0,0.0,0.0,0.0,0.0,0.0,0.0,0.0,0.79846,3.0685,4.2495,4.701,5.0,5.0,0,0.0,0.8096400000000001
1005,0.0,0.0,0.0,0.0,0.0,0.0,0.0,0.0,0.0,0.0,0.0,0.0,0.0,0.0,0.0,0.0,0.0,0.0,0.0,0.0,0.0,0.0,0.0,0.0,0.0,0.0,0.0,0.0,0.0,0.0,0.0,0.0,0.0,0.0,0.0,0.0,0.0,0.0,0.0,0.0,0.0,0.0,0.0,0.0,0.0,0.0,0.0,0.0,0.0,0.0,0.0,0.0,0.0,0.0,0.0,0.0,0.0,0.01238,0.0,0.0,0.0,0.0,0.0,0.0,0.0,0.0,0.0,0.0,0.09092,0.11551,0.0,0.0,0.0,0.0,0.09375,0.0,0.0,0.0,0.0,0.13679,0.11403,0.0,0.0,0.0,0.0,0.0,0.10436,0.0,0.0,0.0,0.16804,0.06987,0.0,0.0,0.0,0.0,0.0,0.0,0.0,0.0,0.0,0.0,0.00831,0.0,0.0,0.0,0.0,0.0,0.0,0.0,0.0,0.0,0.0,0.98025,3.1495,4.4755,4.686,5.0,5.0,0,0.18,0.9183102666666667
1006,0.0,0.0,0.0,0.0,0.0,0.0,0.0,0.0,0.0,0.0,0.0,0.0,0.0,0.0,0.0,0.0,0.0,0.0,0.0,0.0,0.0,0.0,0.0,0.0,0.0,0.0,0.0,0.0,0.0,0.0,0.0,0.0,0.0,0.0,0.0,0.0,0.0,0.0,0.0,0.0,0.0,0.0,0.0,0.0,0.0,0.0,0.0,0.0,0.0,0.0,0.0,0.0,0.0,0.0,0.0,0.0,0.0,0.02087,0.0,0.0,0.0,0.0,0.0,0.0,0.0,0.0,0.0,0.0,0.07276,0.14994,0.0,0.0,0.0,0.02211,0.11657,0.0,0.0,0.0,0.0,0.11344,0.13897,0.0,0.0,0.0,0.0,0.0,0.14062,0.0,0.0,0.0,0.14257,0.09941,0.0,0.0,0.0,0.0,0.0,0.0,0.0,0.0,0.0,0.00088,0.02246,0.0,0.0,0.0,0.0,0.0,0.0,0.0,0.0,0.0,0.0,1.0,3.6635,5.0,4.651,5.0,5.0,0,0.36,0.9397006666666667
1007,0.0,0.0,0.0,0.0,0.0,0.0,0.0,0.0,0.0,0.0,0.0,0.0,0.0,0.0,0.0,0.0,0.0,0.0,0.0,0.0,0.0,0.0,0.0,0.0,0.0,0.0,0.0,0.0,0.0,0.0,0.0,0.0,0.0,0.0,0.0,0.0,0.0,0.0,0.0,0.0,0.0,0.0,0.0,0.0,0.0,0.0,0.0,0.0,0.0,0.0,0.0,0.0,0.0,0.0,0.0,0.0,0.0,0.01698,0.00195,0.0,0.0,0.0,0.0,0.0,0.0,0.0,0.0,0.0,0.05318,0.17765,0.0,0.0,0.0,0.04835,0.14693,0.0,0.0,0.0,0.0,0.06716,0.17518,0.0,0.0,0.0,0.0,0.0,0.21032,0.0,0.0,0.0,0.08438,0.16504,0.0,0.0,0.0,0.0,0.0,0.0,0.04334,0.1546,0.0,0.00802,0.1388,0.0,0.0,0.0,0.0,0.0,0.0,0.0,0.0,0.08066,0.0,0.0,3.2275,3.9065,4.579,5.0,5.0,0,0.54,0.9228272000000001
1008,0.0,0.0,0.0,0.0,0.0,0.0,0.0,0.0,0.0,0.0,0.0,0.0,0.0,0.0,0.0,0.0,0.0,0.0,0.0,0.0,0.0,0.0,0.0,0.0,0.0,0.0,0.0,0.0,0.0,0.0,0.0,0.0,0.0,0.0,0.0,0.0,0.0,0.0,0.0,0.0,0.0,0.0,0.0,0.0,0.0,0.0,0.0,0.0,0.0,0.0,0.0,0.0,0.0,0.0,0.0,0.0,0.0,0.03343,0.0,0.0,0.0,0.0,0.0,0.0,0.0,0.0,0.0,0.0,0.0681,0.14965,0.0,0.0,0.0,0.01963,0.16716,0.0,0.0,0.0,0.0,0.06568,0.18373,0.0,0.0,0.0,0.0,0.0,0.19363,0.01722,0.0,0.0,0.05713,0.1852,0.0,0.0,0.0,0.0,0.0,0.0,0.0036,0.21185,0.0,0.0,0.15371,0.0,0.0,0.0,0.0,0.0,0.0,0.0,0.0,0.05147,0.9,0.0,3.161,4.4175,4.568,5.0,5.0,0,0.72,0.9000978666666668
1009,0.0,0.0,0.0,0.0,0.0,0.0,0.0,0.0,0.0,0.0,0.0,0.0,0.0,0.0,0.0,0.0,0.0,0.0,0.0,0.0,0.0,0.0,0.0,0.0,0.0,0.0,0.0,0.0,0.0,0.0,0.0,0.0,0.0,0.0,0.0,0.0,0.0,0.0,0.0,0.0,0.0,0.0,0.0,0.0,0.0,0.0,0.0,0.0,0.0,0.0,0.0,0.0,0.0,0.0,0.0,0.0,0.0,0.0352,0.00637,0.0,0.0,0.00106,0.0,0.0,0.0,0.0,0.0,0.0,0.06427,0.1671,0.0,0.0,0.0,0.06904,0.13721,0.0,0.0,0.0,0.0,0.06362,0.18438,0.0,0.0,0.0,0.0,0.0,0.20271,0.00071,0.0,0.0,0.05855,0.18272,0.0,0.0,0.0,0.0,0.0,0.0,0.02689,0.18361,0.0,6e-05,0.151,0.0,0.0,0.0,0.0,0.0,0.0,0.0,0.0,0.05731,0.9,0.0,3.1515,4.3995,4.589,5.0,5.0,0,0.9,0.8958826666666667
1010,0.0,0.0,0.0,0.0,0.0,0.0,0.0,0.0,0.0,0.0,0.0,0.0,0.0,0.0,0.0,0.0,0.0,0.0,0.0,0.0,0.0,0.0,0.0,0.0,0.0,0.0,0.0,0.0,0.0,0.0,0.0,0.0,0.0,0.0,0.0,0.0,0.0,0.0,0.0,0.0,0.0,0.0,0.0,0.0,0.0,0.0,0.0,0.0,0.0,0.0,0.0,0.0,0.0,0.0,0.0,0.0,0.0,0.03679,0.00708,0.0,0.0,0.00625,0.0033,0.0,0.0,0.0,0.0,0.0,0.06557,0.16792,0.0,0.0,0.0,0.06698,0.14033,0.0,0.0,0.0,0.0,0.06374,0.18426,0.0,0.0,0.0,0.0,0.0,0.20613,0.00118,0.0,0.0,0.05837,0.18272,0.0,0.0,0.0,0.0,0.0,0.0,0.02529,0.18485,0.0,0.002,0.15702,0.0,0.0,0.0,0.0,0.0,0.0,0.0,0.0,0.05873,0.9,0.0,3.1445,4.3575,4.586,5.0,5.0,0,0.9,0.8962272533333333
1011,0.0,0.0,0.0,0.0,0.0,0.0,0.0,0.0,0.0,0.0,0.0,0.0,0.0,0.0,0.0,0.0,0.0,0.0,0.0,0.0,0.0,0.0,0.0,0.0,0.0,0.0,0.0,0.0,0.0,0.0,0.0,0.0,0.0,0.0,0.0,0.0,0.0,0.0,0.0,0.0,0.0,0.0,0.0,0.0,0.0,0.0,0.0,0.0,0.0,0.0,0.0,0.0,0.0,0.0,0.0,0.0,0.0,0.0375,0.00884,0.0,0.0,0.00849,0.00371,0.0,0.0,0.0,0.0,0.0,0.06462,0.16568,0.0,0.0,0.0,0.06663,0.14051,0.0,0.0,0.0,0.0,0.06344,0.18349,0.0,0.0,0.0,0.0,0.0,0.20419,0.00118,0.0,0.0,0.05696,0.18184,0.0,0.0,0.0,0.0,0.0,0.0,0.02512,0.18379,0.0,0.0,0.15035,0.0,0.0,0.0,0.0,0.0,0.0,0.0,0.0,0.05943,0.9,0.0,3.161,4.3705,4.587,5.0,5.0,0,0.9,0.8943458400000001
1012,0.0,0.0,0.0,0.0,0.0,0.0,0.0,0.0,0.0,0.0,0.0,0.0,0.0,0.0,0.0,0.0,0.0,0.0,0.0,0.0,0.0,0.0,0.0,0.0,0.0,0.0,0.0,0.0,0.0,0.0,0.0,0.0,0.0,0.0,0.0,0.0,0.0,0.0,0.0,0.0,0.0,0.0,0.0,0.0,0.0,0.0,0.0,0.0,0.0,0.0,0.0,0.0,0.0,0.0,0.0,0.0,0.0,0.03591,0.00142,0.0,0.0,0.00914,0.0043,0.0,0.0,0.0,0.0,0.0,0.06338,0.16621,0.0,0.0,0.0,0.06663,0.14192,0.0,0.0,0.0,0.0,0.06303,0.18231,0.0,0.0,0.0,0.0,0.0,0.20649,0.00118,0.0,0.0,0.05519,0.18202,0.0,0.0,0.0,0.0,0.0,0.0,0.02529,0.18538,0.0,0.00147,0.16621,0.0,0.0,0.0,0.0,0.0,0.0,0.0,0.0,0.05784,0.9,0.3874,3.1545,4.4425,4.586,5.0,5.0,0,0.9,0.8893532533333334
1013,0.0,0.0,0.0,0.0,0.0,0.0,0.0,0.0,0.0,0.0,0.0,0.0,0.0,0.0,0.0,0.0,0.0,0.0,0.0,0.0,0.0,0.0,0.0,0.0,0.0,0.0,0.0,0.0,0.0,0.0,0.0,0.0,0.0,0.0,0.0,0.0,0.0,0.0,0.0,0.0,0.0,0.0,0.0,0.0,0.0,0.0,0.0,0.0,0.0,0.0,0.0,0.0,0.0,0.0,0.0,0.0,0.0,0.03803,0.01132,0.0,0.0,0.00849,0.00407,0.0,0.0,0.0,0.0,0.0,0.06427,0.17011,0.0,0.0,0.0,0.06645,0.14263,0.0,0.0,0.0,0.0,0.0625,0.18302,0.0,0.0,0.0,0.0,0.0,0.20755,0.00118,0.0,0.0,0.05713,0.1806,0.0,0.0,0.0,0.0,0.0,0.0,0.02512,0.1852,0.0,0.0,0.14912,0.0,0.0,0.0,0.0,0.0,0.0,0.0,0.0,0.06969,0.9,0.81426,3.1345,4.4905,4.596,5.0,5.0,0,0.9,0.9120825866666668
1014,0.0,0.0,0.0,0.0,0.0,0.0,0.0,0.0,0.0,0.0,0.0,0.0,0.0,0.0,0.0,0.0,0.0,0.0,0.0,0.0,0.0,0.0,0.0,0.0,0.0,0.0,0.0,0.0,0.0,0.0,0.0,0.0,0.0,0.0,0.0,0.0,0.0,0.0,0.0,0.0,0.0,0.0,0.0,0.0,0.0,0.0,0.0,0.0,0.0,0.0,0.0,0.0,0.0,0.0,0.0,0.0,0.0,0.03785,0.0,0.0,0.0,0.00142,0.0,0.0,0.00018,0.0,0.0,0.0,0.07807,0.14552,0.0,0.0,0.0,0.09033,0.10743,0.0,0.0,0.0,0.0,0.07087,0.16934,0.0,0.0,0.0,0.0,0.0,0.2112,0.0,0.0,0.0,0.07217,0.16981,0.0,0.0,0.0,0.0,0.0,0.0,0.04322,0.16869,0.0,0.01061,0.16309,0.0,0.0,0.0,0.0,0.0,0.0,0.0,0.0,0.09251,0.9,0.59291,3.0615,4.5745,4.585,1.8955,5.0,0,0.9,0.9367177866666667
1015,0.0,0.0,0.0,0.0,0.0,0.0,0.0,0.0,0.0,0.0,0.0,0.0,0.0,0.0,0.0,0.0,0.0,0.0,0.0,0.0,0.0,0.0,0.0,0.0,0.0,0.0,0.0,0.0,0.0,0.0,0.0,0.0,0.0,0.0,0.0,0.0,0.0,0.0,0.0,0.0,0.0,0.0,0.0,0.0,0.0,0.0,0.0,0.0,0.0,0.0,0.0,0.0,0.0,0.0,0.0,0.0,0.0,0.02565,0.0,0.0,0.0,0.00531,0.0,0.0,0.0,0.0,0.0,0.0,0.07347,0.14888,0.0,0.0,0.0,0.10318,0.09705,0.0,0.0,0.0,0.0,0.06816,0.17382,0.0,0.0,0.0,0.0,0.0,0.21474,0.0,0.0,0.0,0.06651,0.17388,0.0,0.0,0.0,0.0,0.0,0.0,0.05572,0.16008,0.0,0.01132,0.15248,0.0,0.0,0.0,0.0,0.0,0.0,0.0,0.0,0.10649,0.9,0.32414,3.1125,4.5745,4.568,5.0,5.0,0,0.9,0.9442389333333334
1016,0.0,0.0,0.0,0.0,0.0,0.0,0.0,0.0,0.0,0.0,0.0,0.0,0.0,0.0,0.0,0.0,0.0,0.0,0.0,0.0,0.0,0.0,0.0,0.0,0.0,0.0,0.0,0.0,0.0,0.0,0.0,0.0,0.0,0.0,0.0,0.0,0.0,0.0,0.0,0.0,0.0,0.0,0.0,0.0,0.0,0.0,0.0,0.0,0.0,0.0,0.0,0.0,0.00035,0.0,0.0,0.0,0.0,0.03166,0.0,0.0,0.0,0.00584,0.0,0.0,0.00106,0.0,0.0,0.0,0.07471,0.14835,0.0,0.0,0.0,0.10112,0.09558,0.0,0.0,0.0,0.0,0.06875,0.1727,0.0,0.0,0.0,0.0,0.0,0.21226,0.0,0.0,0.0,0.06686,0.17105,0.0,0.0,0.0,0.0,0.0,0.0,0.05442,0.15802,0.0,0.0329,0.16203,0.0,0.0,0.0,0.0,0.0,0.0,0.0,0.0,0.10489,0.9,1.0,3.0705,4.6915,4.565,5.0,5.0,0,0.72,0.9467459466666668
1017,0.0,0.0,0.0,0.0,0.0,0.0,0.0,0.0,0.0,0.0,0.0,0.0,0.0,0.0,0.0,0.0,0.0,0.0,0.0,0.0,0.0,0.0,0.0,0.0,0.0,0.0,0.0,0.0,0.0,0.0,0.0,0.0,0.0,0.0,0.0,0.0,0.0,0.0,0.0,0.0,0.0,0.0,0.0,0.0,0.0,0.0,0.0,0.0,0.0,0.0,0.0,0.0,0.0,0.0,0.0,0.0,0.0,0.01946,0.0,0.0,0.0,0.0,0.0,0.0,0.0,0.0,0.0,0.0,0.08632,0.13302,0.0,0.0,0.0,0.14581,0.04257,0.0,0.0,0.0,0.0,0.08426,0.16073,0.0,0.0,0.0,0.0,0.0,0.21315,0.0,0.0,0.0,0.07925,0.16291,0.0,0.0,0.0,0.0,0.0,0.0,0.09776,0.11415,0.0,0.02529,0.16574,0.0,0.0,0.0,0.0,0.0,0.0,0.0,0.0,0.13408,0.9,1.0,3.2445,4.74,4.529,5.0,5.0,0,0.54,0.9451240000000001
1018,0.0,0.0,0.0,0.0,0.0,0.0,0.0,0.0,0.0,0.0,0.0,0.0,0.0,0.0,0.0,0.0,0.0,0.0,0.0,0.0,0.0,0.0,0.0,0.0,0.0,0.0,0.0,0.0,0.0,0.0,0.0,0.0,0.0,0.0,0.0,0.0,0.0,0.0,0.0,0.0,0.0,0.0,0.0,0.0,0.0,0.0,0.0,0.0,0.0,0.0,0.0,0.0,0.0,0.0,0.0,0.0,0.0,0.00053,0.0,0.0,0.0,0.0,0.0,0.0,0.0,0.0,0.0,0.0,0.17571,0.01728,0.0,0.0,0.0,0.18432,0.0,0.0,0.0,0.0,0.0,0.20153,0.02948,0.0,0.0,0.0,0.0,0.17323,0.04045,0.0,0.0,0.0,0.17866,0.06421,0.0,0.0,0.0,0.0,0.0,0.0,0.21633,0.0,0.0,0.12524,0.08367,0.0,0.0,0.0,0.0,0.0,0.0,0.0,0.07594,0.06857,0.9,0.0,2.9445,3.8155,4.476,5.0,5.0,0,0.36000000000000004,0.90854
1019,0.0,0.0,0.0,0.0,0.0,0.0,0.0,0.0,0.0,0.0,0.0,0.0,0.0,0.0,0.0,0.0,0.0,0.0,0.0,0.0,0.0,0.0,0.0,0.0,0.0,0.0,0.0,0.0,0.0,0.0,0.0,0.0,0.0,0.0,0.0,0.0,0.0,0.0,0.0,0.0,0.0,0.0,0.0,0.0,0.0,0.0,0.0,0.0,0.0,0.0,0.0,0.0,0.0,0.0,0.0,0.0,0.0214,0.0,0.0,0.0,0.00513,0.0,0.0,0.0,0.0,0.0,0.0,0.0635,0.15902,0.0,0.0,0.0,0.13974,0.07111,0.0,0.0,0.0,0.0,0.03768,0.19493,0.0,0.0,0.0,0.0,0.0,0.21792,0.0,0.0,0.0,0.00737,0.22842,0.0,0.0,0.0,0.0,0.0,0.0,0.05165,0.16645,0.0,0.0,0.20077,0.00955,0.0,0.0,0.0,0.0,0.0,0.0,0.0,0.15195,0.01963,0.0,0.0,3.0685,4.1995,4.485,5.0,5.0,0,0.18,0.86281
1020,0.0,0.0,0.0,0.0,0.0,0.0,0.0,0.0,0.0,0.0,0.0,0.0,0.0,0.0,0.0,0.0,0.0,0.0,0.0,0.0,0.0,0.0,0.0,0.0,0.0,0.0,0.0,0.0,0.0,0.0,0.0,0.0,0.0,0.0,0.0,0.0,0.0,0.0,0.0,0.0,0.0,0.0,0.0,0.0,0.0,0.0,0.0,0.0,0.0,0.0,0.0,0.0,0.0,0.0,0.0,0.0,0.02441,0.0,0.0,0.0,0.00301,0.0,0.0,0.0,0.0,0.0,0.0,0.06439,0.15619,0.0,0.0,0.0,0.13974,0.06952,0.0,0.0,0.0,0.0,0.0375,0.19139,0.0,0.0,0.0,0.0,0.0,0.21686,0.0,0.0,0.0,0.00737,0.22329,0.0,0.0,0.0,0.0,0.0,0.0,0.04988,0.16787,0.0,0.0,0.18184,0.00973,0.0,0.0,0.0,0.0,0.0,0.0,0.0,0.14705,0.02948,0.0,0.0,3.6025,4.5545,4.479,5.0,5.0,0,0.0,0.81708
1021,0.0,0.0,0.0,0.0,0.0,0.0,0.0,0.0,0.0,0.0,0.0,0.0,0.0,0.0,0.0,0.0,0.0,0.0,0.0,0.0,0.0,0.0,0.0,0.0,0.0,0.0,0.0,0.0,0.0,0.0,0.0,0.0,0.0,0.0,0.0,0.0,0.0,0.0,0.0,0.0,0.0,0.0,0.0,0.0,0.0,0.0,0.0,0.0,0.0,0.0,0.0,0.0,0.0,0.0,0.0,0.0,0.0168,0.0,0.0,0.0,0.00265,0.0,0.0,0.0,0.0,0.0,0.0,0.05448,0.16008,0.0,0.0,0.0,0.13337,0.07712,0.0,0.0,0.0,0.0,0.02901,0.19988,0.0,0.0,0.0,0.0,0.0,0.21492,0.0,0.0,0.0,0.00425,0.23031,0.0,0.0,0.0,0.0,0.0,0.0,0.04251,0.17506,0.0,0.0,0.18019,0.01244,0.0,0.0,0.0,0.0,0.0,0.0,0.0,0.12677,0.02288,0.0,0.0,3.5855,4.549,4.482,5.0,5.0,0,0.0,0.77135
1022,0.0,0.0,0.0,0.0,0.0,0.0,0.0,0.0,0.0,0.0,0.0,0.0,0.0,0.0,0.0,0.0,0.0,0.0,0.0,0.0,0.0,0.0,0.0,0.0,0.0,0.0,0.0,0.0,0.0,0.0,0.0,0.0,0.0,0.0,0.0,0.0,0.0,0.0,0.0,0.0,0.0,0.0,0.0,0.0,0.0,0.0,0.0,0.0,0.0,0.0,0.0,0.0,0.0,0.0,0.0,0.0,0.01928,0.0,0.0,0.0,0.00973,0.0,0.0,0.0,0.0,0.0,0.0,0.05613,0.15153,0.0,0.0,0.0,0.13779,0.07535,0.0,0.0,0.0,0.0,0.02936,0.19953,0.0,0.0,0.0,0.0,0.0,0.2158,0.0,0.0,0.0,0.00366,0.22771,0.0,0.0,0.0,0.0,0.0,0.0,0.0434,0.17488,0.0,0.0,0.17058,0.01515,0.0,0.0,0.0,0.0,0.0,0.0,0.0,0.12653,0.02294,0.0,0.0,3.5245,4.543,4.475,5.0,5.0,0,0.0,0.798788
1023,0.0,0.0,0.0,0.0,0.0,0.0,0.0,0.0,0.0,0.0,0.0,0.0,0.0,0.0,0.0,0.0,0.0,0.0,0.0,0.0,0.0,0.0,0.0,0.0,0.0,0.0,0.0,0.0,0.0,0.0,0.0,0.0,0.0,0.0,0.0,0.0,0.0,0.0,0.0,0.0,0.0,0.0,0.0,0.0,0.0,0.0,0.0,0.0,0.0,0.0,0.0,0.0,0.0,0.0,0.0,0.0,0.023,0.0,0.0,0.0,0.01999,0.0,0.0,0.0,0.0,0.0,0.0,0.05366,0.15242,0.0,0.0,0.0,0.13443,0.07712,0.0,0.0,0.0,0.0,0.02777,0.20218,0.0,0.0,0.0,0.0,0.0,0.21386,0.0,0.0,0.0,0.00177,0.22712,0.00018,0.0,0.0,0.0,0.0,0.0,0.04304,0.17471,0.0,0.0,0.17465,0.01798,0.0,0.0,0.0,0.0,0.0,0.0,0.0,0.13296,0.03986,0.0,0.0,3.5245,4.54,4.478,5.0,5.0,0,0.0,0.8353719999999999
1024,0.0,0.0,0.0,0.0,0.0,0.0,0.0,0.0,0.0,0.0,0.0,0.0,0.0,0.0,0.0,0.0,0.0,0.0,0.0,0.0,0.0,0.0,0.0,0.0,0.0,0.0,0.0,0.0,0.0,0.0,0.0,0.0,0.0,0.0,0.0,0.0,0.0,0.0,0.0,0.0,0.0,0.0,0.0,0.0,0.0,0.0,0.0,0.0,0.0,0.0,0.0,0.0,0.0,0.0,0.0,0.0,0.02176,0.0,0.0,0.0,0.00495,0.0,0.0,0.0,0.0,0.0,0.0,0.05501,0.15442,0.0,0.0,0.0,0.13479,0.07677,0.0,0.0,0.0,0.0,0.02848,0.20342,0.0,0.0,0.0,0.0,0.0,0.21492,0.0,0.0,0.0,0.00277,0.22612,0.0,0.0,0.0,0.0,0.0,0.0,0.04233,0.174,0.0,0.0,0.16899,0.01392,0.0,0.0,0.0,0.0,0.0,0.0,0.0,0.12647,0.02441,0.0,0.67989,3.6165,4.543,4.479,5.0,5.0,0,0.0,0.848698
1025,0.0,0.0,0.0,0.0,0.0,0.0,0.0,0.0,0.0,0.0,0.0,0.0,0.0,0.0,0.0,0.0,0.0,0.0,0.0,0.0,0.0,0.0,0.0,0.0,0.0,0.0,0.0,0.0,0.0,0.0,0.0,0.0,0.0,0.0,0.0,0.0,0.0,0.0,0.0,0.0,0.0,0.0,0.0,0.0,0.0,0.0,0.0,0.0,0.0,0.0,0.0,0.0,0.0,0.0,0.0,0.0,0.02989,0.0,0.0,0.0,0.02388,0.00018,0.0,0.0,0.0,0.0,0.0,0.05094,0.16733,0.0,0.0,0.0,0.13744,0.07465,0.0,0.0,0.0,0.0,0.0237,0.21014,0.0,0.0,0.0,0.0,0.0,0.21633,0.0,0.0,0.0,6e-05,0.23113,0.00053,0.0,0.0,0.0,0.0,0.0,0.0418,0.17612,0.0,0.0,0.18019,0.02854,0.0,0.0,0.0,0.0,0.0,0.0,0.0,0.12358,0.02022,0.0,1.0,3.7105,4.536,4.453,5.0,5.0,0,0.0,0.8571671428571428
1026,0.0,0.0,0.0,0.0,0.0,0.0,0.0,0.0,0.0,0.0,0.0,0.0,0.0,0.0,0.0,0.0,0.0,0.0,0.0,0.0,0.0,0.0,0.0,0.0,0.0,0.0,0.0,0.0,0.0,0.0,0.0,0.0,0.0,0.0,0.0,0.0,0.0,0.0,0.0,0.0,0.0,0.0,0.0,0.0,0.0,0.0,0.0,0.0,0.0,0.0,0.0,0.0,0.0,0.0,0.0,0.0,0.01397,0.0,0.0,0.0,0.02158,0.0,0.0,0.0,0.0,0.0,0.0,0.052,0.16274,0.0,0.0,0.0,0.16274,0.04688,0.0,0.0,0.0,0.0,0.02919,0.19121,0.0,0.0,0.0,0.0,0.0,0.21775,0.0,0.0,0.0,0.00136,0.2293,0.0,0.0,0.0,0.0,0.0,0.0,0.05996,0.15601,0.0,0.0,0.16969,0.0217,0.0,0.0,0.0,0.0,0.0,0.0,0.0,0.15254,0.04222,0.0,1.0,3.6635,4.442,4.396,5.0,5.0,0,0.0,0.8607794285714286
1027,0.0,0.0,0.0,0.0,0.0,0.0,0.0,0.0,0.0,0.0,0.0,0.0,0.0,0.0,0.0,0.0,0.0,0.0,0.0,0.0,0.0,0.0,0.0,0.0,0.0,0.0,0.0,0.0,0.0,0.0,0.0,0.0,0.0,0.0,0.0,0.0,0.0,0.0,0.0,0.0,0.0,0.0,0.0,0.0,0.0,0.0,0.0,0.0,0.0,0.0,0.0,0.0,0.0,0.0,0.0,0.0,0.0,0.0,0.0,0.0,0.0,0.0,0.0,0.0,0.0,0.0,0.0,0.07382,0.11297,0.0,0.0,0.0,0.11215,0.00955,0.0,0.0,0.0,0.0,0.05554,0.16044,0.0,0.0,0.0,0.0,0.01026,0.2043,0.0,0.0,0.0,0.02524,0.20755,0.0,0.0,0.0,0.0,0.0,0.0,0.09599,0.11963,0.0,0.0,0.21616,0.00088,0.0,0.0,0.0,0.0,0.0,0.0,0.0,0.17488,0.01686,0.0,0.83798,3.6535,4.29,5.0,5.0,5.0,0,0.0,0.786366857142857
1028,0.0,0.0,0.0,0.0,0.0,0.0,0.0,0.0,0.0,0.0,0.0,0.0,0.0,0.0,0.0,0.0,0.0,0.0,0.0,0.0,0.0,0.0,0.0,0.0,0.0,0.0,0.0,0.0,0.0,0.0,0.0,0.0,0.0,0.0,0.0,0.0,0.0,0.0,0.0,0.0,0.0,0.0,0.0,0.0,0.0,0.0,0.0,0.0,0.0,0.0,0.0,0.0,0.0,0.0,0.0,0.0,0.0,0.0,0.0,0.0,0.0,0.0,0.0,0.0,0.0,0.0,0.0,0.08732,0.07471,0.0,0.0,0.0,0.04033,0.0,0.0,0.0,0.0,0.0,0.11498,0.11374,0.0,0.0,0.0,0.0,0.08738,0.12241,0.0,0.0,0.0,0.08561,0.14452,0.0,0.0,0.0,0.0,0.0,0.0,0.18838,0.0237,0.0,0.04499,0.17718,0.0,0.0,0.0,0.0,0.0,0.0,0.0,0.00024,0.21256,0.0,0.0,0.0,3.336,3.7645,4.437,4.9695,5.0,0,0.0,0.6979514285714286
1029,0.0,0.0,0.0,0.0,0.0,0.0,0.0,0.0,0.0,0.0,0.0,0.0,0.0,0.0,0.0,0.0,0.0,0.0,0.0,0.0,0.0,0.0,0.0,0.0,0.0,0.0,0.0,0.0,0.0,0.0,0.0,0.0,0.0,0.0,0.0,0.0,0.0,0.0,0.0,0.0,0.0,0.0,0.0,0.0,0.0,0.0,0.0,0.0,0.0,0.0,0.0,0.0,0.0,0.0,0.0,0.0,0.0,0.0,0.0,0.0,0.0,0.0,0.0,0.0,0.0,0.0,0.0,0.1217,0.05413,0.0,0.0,0.0,0.0,0.00071,0.0,0.0,0.0,0.0,0.15937,0.05873,0.0,0.0,0.0,0.0,0.08897,0.09216,0.0,0.0,0.0,0.14127,0.08726,0.0,0.0,0.0,0.0,0.0,0.0,0.2092,0.00483,0.0,0.07459,0.11557,0.0,0.0,0.0,0.0,0.0,0.0,0.0,0.01344,0.11551,0.0,0.0,0.0,3.6225,4.271,4.83,5.0,5.0,0,0.0,0.6279371428571429
1030,0.0,0.0,0.0,0.0,0.0,0.0,0.0,0.0,0.0,0.0,0.0,0.0,0.0,0.0,0.0,0.0,0.0,0.0,0.0,0.0,0.0,0.0,0.0,0.0,0.0,0.0,0.0,0.0,0.0,0.0,0.0,0.0,0.0,0.0,0.0,0.0,0.0,0.0,0.0,0.0,0.0,0.0,0.0,0.0,0.0,0.0,0.0,0.0,0.0,0.0,0.0,0.0,0.0,0.0,0.0,0.0,0.0,0.0,0.0,0.0,0.0,0.0,0.0,0.0,0.0,0.0,0.0,0.11014,0.06445,0.0,0.0,0.0,0.0,0.0,0.0,0.0,0.0,0.0,0.14646,0.07588,0.0,0.0,0.0,0.0,0.08261,0.07465,0.0,0.0,0.0,0.12759,0.10519,0.0,0.0,0.0,0.0,0.0,0.0,0.21639,0.00136,0.0,0.05324,0.12895,0.0,0.0,0.0,0.0,0.0,0.0,0.0,0.02535,0.1418,0.0,0.0,0.0,3.6755,4.292,4.83,4.965,5.0,0,0.0,0.557922857142857
1031,0.0,0.0,0.0,0.0,0.0,0.0,0.0,0.0,0.0,0.0,0.0,0.0,0.0,0.0,0.0,0.0,0.0,0.0,0.0,0.0,0.0,0.0,0.0,0.0,0.0,0.0,0.0,0.0,0.0,0.0,0.0,0.0,0.0,0.0,0.0,0.0,0.0,0.0,0.0,0.0,0.0,0.0,0.0,0.0,0.0,0.0,0.0,0.0,0.0,0.0,0.0,0.0,0.0,0.0,0.0,0.0,0.0,0.0,0.0,0.0,0.0,0.0,0.0,0.0,0.0,0.0,0.0,0.11822,0.06804,0.0,0.0,0.0,0.0,0.0,0.0,0.0,0.0,0.0,0.15088,0.07447,0.0,0.0,0.0,0.0,0.08438,0.07465,0.0,0.0,0.0,0.12842,0.10472,0.0,0.0,0.0,0.0,0.0,0.0,0.21733,0.00077,0.0,0.05236,0.12754,0.0,0.0,0.0,0.0,0.0,0.0,0.0,0.02883,0.14487,0.0,0.0,0.0,3.5885,4.272,5.0,4.9615,5.0,0,0.0,0.4879085714285714
1032,0.0,0.0,0.0,0.0,0.0,0.0,0.0,0.0,0.0,0.0,0.0,0.0,0.0,0.0,0.0,0.0,0.0,0.0,0.0,0.0,0.0,0.0,0.0,0.0,0.0,0.0,0.0,0.0,0.0,0.0,0.0,0.0,0.0,0.0,0.0,0.0,0.0,0.0,0.0,0.0,0.0,0.0,0.0,0.0,0.0,0.0,0.0,0.0,0.0,0.0,0.0,0.0,0.0,0.0,0.0,0.0,0.0,0.0,0.0,0.0,0.0,0.0,0.0,0.0,0.0,0.0,0.0,0.11952,0.07364,0.0,0.0,0.0,0.0,0.0,0.0,0.0,0.0,0.0,0.14399,0.07783,0.0,0.0,0.0,0.0,0.08349,0.075,0.0,0.0,0.0,0.12848,0.10873,0.0,0.0,0.0,0.0,0.0,0.0,0.21657,0.00118,0.0,0.07771,0.13278,0.0,0.0,0.0,0.0,0.0,0.0,0.0,0.02642,0.14357,0.0,0.0,0.0,3.5515,4.283,5.0,4.958,5.0,0,0.0,0.5267551428571429
1033,0.0,0.0,0.0,0.0,0.0,0.0,0.0,0.0,0.0,0.0,0.0,0.0,0.0,0.0,0.0,0.0,0.0,0.0,0.0,0.0,0.0,0.0,0.0,0.0,0.0,0.0,0.0,0.0,0.0,0.0,0.0,0.0,0.0,0.0,0.0,0.0,0.0,0.0,0.0,0.0,0.0,0.0,0.0,0.0,0.0,0.0,0.0,0.0,0.0,0.0,0.0,0.0,0.0,0.0,0.0,0.0,0.0,0.0,0.0,0.0,0.0,0.0,0.0,0.0,0.0,0.0,0.0,0.11669,0.0694,0.0,0.0,0.0,0.0,0.0,0.0,0.0,0.0,0.0,0.13956,0.07748,0.0,0.0,0.0,0.0,0.08066,0.07447,0.0,0.0,0.0,0.12683,0.10542,0.0,0.0,0.0,0.0,0.0,0.0,0.21869,0.00118,0.0,0.0582,0.13072,0.0,0.0,0.0,0.0,0.0,0.0,0.0,0.02624,0.14623,0.0,0.0,0.0,3.6445,4.297,5.0,4.961,5.0,0,0.0,0.6151705714285715
1034,0.0,0.0,0.0,0.0,0.0,0.0,0.0,0.0,0.0,0.0,0.0,0.0,0.0,0.0,0.0,0.0,0.0,0.0,0.0,0.0,0.0,0.0,0.0,0.0,0.0,0.0,0.0,0.0,0.0,0.0,0.0,0.0,0.0,0.0,0.0,0.0,0.0,0.0,0.0,0.0,0.0,0.0,0.0,0.0,0.0,0.0,0.0,0.0,0.0,0.0,0.0,0.0,0.0,0.0,0.0,0.0,0.0,0.0,0.0,0.0,0.0,0.0,0.0,0.0,0.0,0.0,0.0,0.11757,0.0694,0.0,0.0,0.0,0.0,0.0,0.0,0.0,0.0,0.0,0.13921,0.07712,0.0,0.0,0.0,0.0,0.08261,0.07447,0.0,0.0,0.0,0.13001,0.10383,0.0,0.0,0.0,0.0,0.0,0.0,0.2194,0.00118,0.0,0.07529,0.13202,0.0,0.0,0.0,0.0,0.0,0.0,0.0,0.02642,0.14269,0.0,0.0,0.34788,3.6015,4.295,5.0,4.9695,5.0,0,0.0,0.716800857142857
1035,0.0,0.0,0.0,0.0,0.0,0.0,0.0,0.0,0.0,0.0,0.0,0.0,0.0,0.0,0.0,0.0,0.0,0.0,0.0,0.0,0.0,0.0,0.0,0.0,0.0,0.0,0.0,0.0,0.0,0.0,0.0,0.0,0.0,0.0,0.0,0.0,0.0,0.0,0.0,0.0,0.0,0.0,0.0,0.0,0.0,0.0,0.0,0.0,0.0,0.0,0.0,0.0,0.0,0.0,0.0,0.0,0.0,0.0,0.0,0.0,0.0,0.0,0.0,0.0,0.0,0.0,0.0,0.11828,0.07647,0.0,0.0,0.0,0.0,0.0,0.0,0.0,0.0,0.0,0.14611,0.07659,0.0,0.0,0.0,0.0,0.08296,0.07288,0.0,0.0,0.0,0.12954,0.10519,0.0,0.0,0.0,0.0,0.0,0.0,0.21256,0.00077,0.0,0.07588,0.12877,0.0,0.0,0.0,0.0,0.0,0.0,0.0,0.02777,0.11621,0.0,0.0,0.82217,3.7105,4.287,5.0,4.971,5.0,0,0.0,0.754966
1036,0.0,0.0,0.0,0.0,0.0,0.0,0.0,0.0,0.0,0.0,0.0,0.0,0.0,0.0,0.0,0.0,0.0,0.0,0.0,0.0,0.0,0.0,0.0,0.0,0.0,0.0,0.0,0.0,0.0,0.0,0.0,0.0,0.0,0.0,0.0,0.0,0.0,0.0,0.0,0.0,0.0,0.0,0.0,0.0,0.0,0.0,0.0,0.0,0.0,0.0,0.0,0.0,0.0,0.0,0.0,0.0,0.0,0.0,0.0,0.0,0.0,0.0,0.0,0.0,0.0,0.0,0.0,0.10542,0.07093,0.0,0.0,0.0,0.0,0.0,0.0,0.0,0.0,0.0,0.14699,0.07571,0.0,0.0,0.0,0.0,0.06067,0.06421,0.0,0.0,0.0,0.13119,0.10018,0.0,0.0,0.0,0.0,0.0,0.0,0.21846,0.0,0.0,0.06097,0.12759,0.0,0.0,0.0,0.0,0.0,0.0,0.0,0.03768,0.1332,0.0,0.0,1.0,3.867,4.242,5.0,4.9465,5.0,0,0.0,0.79417
1037,0.0,0.0,0.0,0.0,0.0,0.0,0.0,0.0,0.0,0.0,0.0,0.0,0.0,0.0,0.0,0.0,0.0,0.0,0.0,0.0,0.0,0.0,0.0,0.0,0.0,0.0,0.0,0.0,0.0,0.0,0.0,0.0,0.0,0.0,0.0,0.0,0.0,0.0,0.0,0.0,0.0,0.0,0.0,0.0,0.0,0.0,0.0,0.0,0.0,0.0,0.0,0.0,0.0,0.0,0.0,0.0,0.0,0.0,0.0,0.0,0.0,0.0,0.0,0.0,0.0,0.0,0.0,0.09776,0.07276,0.0,0.0,0.0,0.0,0.00035,0.0,0.0,0.0,0.0,0.13496,0.08384,0.0,0.0,0.0,0.0,0.0957,0.03715,0.0,0.0,0.0,0.12736,0.10083,0.0,0.0,0.0,0.0,0.0,0.0,0.2082,0.0,0.0,0.07972,0.13184,0.0,0.0,0.0,0.0,0.0,0.0,0.0,0.06179,0.10112,0.0,0.0,0.99606,4.1435,4.122,5.0,4.9435,5.0,0,0.0,0.7255520000000001
1038,0.0,0.0,0.0,0.0,0.0,0.0,0.0,0.0,0.0,0.0,0.0,0.0,0.0,0.0,0.0,0.0,0.0,0.0,0.0,0.0,0.0,0.0,0.0,0.0,0.0,0.0,0.0,0.0,0.0,0.0,0.0,0.0,0.0,0.0,0.0,0.0,0.0,0.0,0.0,0.0,0.0,0.0,0.0,0.0,0.0,0.0,0.0,0.0,0.0,0.0,0.0,0.0,0.0,0.0,0.0,0.0,0.0,0.0,0.0,0.0,0.0,0.0,0.0,0.0,0.0,0.0,0.0,0.06757,0.05961,0.0,0.0,0.0,0.0,0.0,0.0,0.0,0.0,0.0,0.12594,0.09853,0.0,0.0,0.0,0.0,0.0,0.0,0.0,0.0,0.0,0.1513,0.08768,0.0,0.0,0.0,0.0,0.0,0.0,0.05961,0.0,0.0,0.1316,0.09888,0.0,0.0,0.0,0.0,0.0,0.0,0.0,0.10649,0.00973,0.0,0.0,0.60872,4.275,4.036,4.7505,5.0,5.0,0,0.0,0.6084040000000001
1039,0.0,0.0,0.0,0.0,0.0,0.0,0.0,0.0,0.0,0.0,0.0,0.0,0.0,0.0,0.0,0.0,0.0,0.0,0.0,0.0,0.0,0.0,0.0,0.0,0.0,0.0,0.0,0.0,0.0,0.0,0.0,0.0,0.0,0.0,0.0,0.0,0.0,0.0,0.0,0.0,0.0,0.0,0.0,0.0,0.0,0.0,0.0,0.0,0.0,0.0,0.0,0.0,0.0,0.0,0.0,0.0,0.0,0.0,0.0,0.0,0.0,0.0,0.0,0.0,0.0,0.0,0.0,0.04068,0.12524,0.0,0.0,0.0,0.0,0.0,0.0,0.05572,0.0,0.0,0.11126,0.11055,0.0,0.0,0.0,0.0,0.0,0.00018,0.0,0.0,0.0,0.14746,0.09735,0.0,0.0,0.0,0.0,0.0,0.0,0.0,0.0,0.0,0.15466,0.08396,0.0,0.0,0.0,0.0,0.0,0.0,0.0,0.0,0.0,0.0,0.0,0.0,4.16,4.028,4.708,4.9505,5.0,0,0.0,0.47908000000000006
1040,0.0,0.0,0.0,0.0,0.0,0.0,0.0,0.0,0.0,0.0,0.0,0.0,0.0,0.0,0.0,0.0,0.0,0.0,0.0,0.0,0.0,0.0,0.0,0.0,0.0,0.0,0.0,0.0,0.0,0.0,0.0,0.0,0.0,0.0,0.0,0.0,0.0,0.0,0.0,0.0,0.0,0.0,0.0,0.0,0.0,0.0,0.0,0.0,0.0,0.0,0.0,0.0,0.0,0.0,0.0,0.0,0.0,0.0,0.0,0.0,0.0,0.0,0.0,0.0,0.0,0.0,0.0,0.02877,0.12406,0.00265,0.0,0.0,0.0,0.0,0.0,0.04581,0.0,0.0,0.10879,0.12807,0.0,0.0,0.0,0.0,0.0,0.03726,0.00183,0.0,0.0,0.14375,0.09292,0.0,0.0,0.0,0.0,0.0,0.0,0.0,0.0,0.0,0.1546,0.08473,0.0,0.0,0.0,0.0,0.0,0.0,0.0,0.0,0.0,0.0,0.0,0.0,4.169,4.005,4.717,5.0,5.0,0,0.0,0.4142600000000001
1041,0.0,0.0,0.0,0.0,0.0,0.0,0.0,0.0,0.0,0.0,0.0,0.0,0.0,0.0,0.0,0.0,0.0,0.0,0.0,0.0,0.0,0.0,0.0,0.0,0.0,0.0,0.0,0.0,0.0,0.0,0.0,0.0,0.0,0.0,0.0,0.0,0.0,0.0,0.0,0.0,0.0,0.0,0.0,0.0,0.0,0.0,0.0,0.0,0.0,0.0,0.0,0.0,0.0,0.0,0.0,0.0,0.0,0.0,0.0,0.0,0.0,0.0,0.0,0.0,0.0,0.0,0.0,0.02506,0.1309,0.00218,0.0,0.0,0.0,0.0,0.0,0.00955,0.0,0.0,0.09888,0.12754,0.0,0.0,0.0,0.0,0.0,0.00684,0.00024,0.0,0.0,0.14428,0.09346,0.0,0.0,0.0,0.0,0.0,0.0,0.0,0.0,0.0,0.15212,0.08632,0.0,0.0,0.0,0.0,0.0,0.0,0.0,0.0,0.0,0.0,0.0,0.0,4.222,4.002,4.7095,5.0,5.0,0,0.0,0.348176
1042,0.0,0.0,0.0,0.0,0.0,0.0,0.0,0.0,0.0,0.0,0.0,0.0,0.0,0.0,0.0,0.0,0.0,0.0,0.0,0.0,0.0,0.0,0.0,0.0,0.0,0.0,0.0,0.0,0.0,0.0,0.0,0.0,0.0,0.0,0.0,0.0,0.0,0.0,0.0,0.0,0.0,0.0,0.0,0.0,0.0,0.0,0.0,0.0,0.0,0.0,0.0,0.0,0.0,0.0,0.0,0.0,0.0,0.0,0.0,0.0,0.0,0.0,0.0,0.0,0.0,0.0,0.0,0.02647,0.13791,0.01321,0.0,0.0,0.0,0.0,0.0,0.00195,0.0,0.0,0.10702,0.12311,0.0,0.0,0.0,0.0,0.0,0.01338,0.00041,0.0,0.0,0.1441,0.09876,0.0,0.0,0.0,0.0,0.0,0.0,0.0,0.0,0.0,0.15283,0.08526,0.0,0.0,0.0,0.0,0.0,0.0,0.0,0.0,0.0,0.0,0.0,0.0,4.231,4.01,4.7035,5.0,5.0,0,0.0,0.309284
1043,0.0,0.0,0.0,0.0,0.0,0.0,0.0,0.0,0.0,0.0,0.0,0.0,0.0,0.0,0.0,0.0,0.0,0.0,0.0,0.0,0.0,0.0,0.0,0.0,0.0,0.0,0.0,0.0,0.0,0.0,0.0,0.0,0.0,0.0,0.0,0.0,0.0,0.0,0.0,0.0,0.0,0.0,0.0,0.0,0.0,0.0,0.0,0.0,0.0,0.0,0.0,0.0,0.0,0.0,0.0,0.0,0.0,0.0,0.0,0.0,0.0,0.0,0.0,0.0,0.0,0.0,0.0,0.02665,0.13449,0.00654,0.0,0.0,0.0,0.0,0.0,0.02388,0.0,0.0,0.10719,0.1332,0.0,0.0,0.0,0.0,0.0,0.02223,0.0013,0.0,0.0,0.1441,0.0954,0.0,0.0,0.0,0.0,0.0,0.0,0.0,0.0,0.0,0.15336,0.08455,0.0,0.0,0.0,0.0,0.0,0.0,0.0,0.0,0.0,0.0,0.0,0.28462,4.16,4.007,4.6935,5.0,5.0,0,0.0,0.32446400000000003
1044,0.0,0.0,0.0,0.0,0.0,0.0,0.0,0.0,0.0,0.0,0.0,0.0,0.0,0.0,0.0,0.0,0.0,0.0,0.0,0.0,0.0,0.0,0.0,0.0,0.0,0.0,0.0,0.0,0.0,0.0,0.0,0.0,0.0,0.0,0.0,0.0,0.0,0.0,0.0,0.0,0.0,0.0,0.0,0.0,0.0,0.0,0.0,0.0,0.0,0.0,0.0,0.0,0.0,0.0,0.0,0.0,0.0,0.0,0.0,0.0,0.0,0.0,0.0,0.0,0.0,0.0,0.0,0.02913,0.13467,0.00654,0.0,0.0,0.0,0.0,0.00425,0.01061,0.0,0.0,0.11073,0.13019,0.0,0.0,0.0,0.0,0.0,0.01675,0.0013,0.0,0.0,0.14322,0.0977,0.0,0.0,0.0,0.0,0.0,0.0,0.0,0.0,0.0,0.15342,0.08361,0.0,0.0,0.0,0.0,0.0,0.0,0.0,0.0,0.0,0.0,0.0,0.21348,4.198,4.016,4.713,5.0,5.0,0,0.0,0.39529600000000004
1045,0.0,0.0,0.0,0.0,0.0,0.0,0.0,0.0,0.0,0.0,0.0,0.0,0.0,0.0,0.0,0.0,0.0,0.0,0.0,0.0,0.0,0.0,0.0,0.0,0.0,0.0,0.0,0.0,0.0,0.0,0.0,0.0,0.0,0.0,0.0,0.0,0.0,0.0,0.0,0.0,0.0,0.0,0.0,0.0,0.0,0.0,0.0,0.0,0.0,0.0,0.0,0.0,0.0,0.0,0.0,0.0,0.0,0.0,0.0,0.0,0.0,0.0,0.0,0.0,0.0,0.0,0.0,0.0286,0.13644,0.00548,0.0,0.0,0.0,0.0,0.00159,0.00425,0.0,0.0,0.10949,0.12966,0.0,0.0,0.0,0.0,0.0,0.0138,0.0,0.0,0.0,0.14387,0.09705,0.0,0.0,0.0,0.0,0.0,0.0,0.0,0.0,0.0,0.1536,0.08308,0.0,0.0,0.0,0.0,0.0,0.0,0.0,0.0,0.0,0.0,0.0,0.28462,4.22,4.007,4.724,5.0,5.0,0,0.0,0.521776
1046,0.0,0.0,0.0,0.0,0.0,0.0,0.0,0.0,0.0,0.0,0.0,0.0,0.0,0.0,0.0,0.0,0.0,0.0,0.0,0.0,0.0,0.0,0.0,0.0,0.0,0.0,0.0,0.0,0.0,0.0,0.0,0.0,0.0,0.0,0.0,0.0,0.0,0.0,0.0,0.0,0.0,0.0,0.0,0.0,0.0,0.0,0.0,0.0,0.0,0.0,0.0,0.0,0.0,0.0,0.0,0.0,0.0,0.0,0.0,0.0,0.0,0.0,0.0,0.0,0.0,0.0,0.0,0.02754,0.14068,0.00601,0.0,0.0,0.0,0.0,0.00313,0.03827,0.0,0.0,0.10684,0.12241,0.0,0.0,0.0,0.0,0.0,0.00725,0.00106,0.0,0.0,0.14357,0.09611,0.0,0.0,0.0,0.0,0.0,0.0,0.0,0.0,0.0,0.15212,0.0865,0.0,0.0,0.0,0.0,0.0,0.0,0.0,0.0,0.0,0.0,0.0,0.49016,4.194,3.997,4.725,5.0,5.0,0,0.0,0.6545799999999999
1047,0.0,0.0,0.0,0.0,0.0,0.0,0.0,0.0,0.0,0.0,0.0,0.0,0.0,0.0,0.0,0.0,0.0,0.0,0.0,0.0,0.0,0.0,0.0,0.0,0.0,0.0,0.0,0.0,0.0,0.0,0.0,0.0,0.0,0.0,0.0,0.0,0.0,0.0,0.0,0.0,0.0,0.0,0.0,0.0,0.0,0.0,0.0,0.0,0.0,0.0,0.0,0.0,0.0,0.0,0.0,0.0,0.0,0.0,0.0,0.0,0.0,0.0,0.0,0.0,0.0,0.0,0.0,0.02842,0.14145,0.00967,0.0,0.0,0.0,0.0,0.0,0.0,0.0,0.0,0.10737,0.1332,0.0,0.0,0.0,0.0,0.0,0.01344,0.0,0.0,0.0,0.14428,0.09682,0.0,0.0,0.0,0.0,0.0,0.0,0.0,0.0,0.0,0.1543,0.08414,0.0,0.0,0.0,0.0,0.0,0.0,0.0,0.0,0.0,0.0,0.0,0.7036,4.172,4.022,4.721,5.0,5.0,0,0.0,0.773156
1048,0.0,0.0,0.0,0.0,0.0,0.0,0.0,0.0,0.0,0.0,0.0,0.0,0.0,0.0,0.0,0.0,0.0,0.0,0.0,0.0,0.0,0.0,0.0,0.0,0.0,0.0,0.0,0.0,0.0,0.0,0.0,0.0,0.0,0.0,0.0,0.0,0.0,0.0,0.0,0.0,0.0,0.0,0.0,0.0,0.0,0.0,0.0,0.0,0.0,0.0,0.0,0.0,0.0,0.0,0.0,0.0,0.0,0.0,0.0,0.0,0.0,0.0,0.0,0.0,0.0,0.0,0.0,0.02818,0.14098,0.01179,0.0,0.0,0.0,0.0,0.0,0.00761,0.0,0.0,0.11038,0.12807,0.0,0.0,0.0,0.0,0.0,0.02087,0.00088,0.0,0.0,0.14605,0.09664,0.0,0.0,0.0,0.0,0.0,0.0,0.0,0.0,0.0,0.15371,0.08402,0.0,0.0,0.0,0.0,0.0,0.0,0.0,0.0,0.0,0.0,0.0,0.91702,4.185,4.007,4.7135,5.0,5.0,0,0.0,0.754186
1049,0.0,0.0,0.0,0.0,0.0,0.0,0.0,0.0,0.0,0.0,0.0,0.0,0.0,0.0,0.0,0.0,0.0,0.0,0.0,0.0,0.0,0.0,0.0,0.0,0.0,0.0,0.0,0.0,0.0,0.0,0.0,0.0,0.0,0.0,0.0,0.0,0.0,0.0,0.0,0.0,0.0,0.0,0.0,0.0,0.0,0.0,0.0,0.0,0.0,0.0,0.0,0.0,0.0,0.0,0.0,0.0,0.0,0.0,0.0,0.0,0.0,0.0,0.0,0.0,0.0,0.0,0.0,0.02011,0.14198,0.00896,0.0,0.0,0.0,0.0,0.0,0.00265,0.0,0.0,0.09888,0.1339,0.0,0.0,0.0,0.0,0.0,0.00124,0.0,0.0,0.0,0.13933,0.10265,0.0,0.0,0.0,0.0,0.0,0.0,0.0,0.0,0.0,0.15354,0.09127,0.0,0.0,0.0,0.0,0.0,0.0,0.0,0.0,0.0,0.0,0.0,0.8775,4.129,3.975,4.6955,5.0,5.0,0,0.0,0.78602688
1050,0.0,0.0,0.0,0.0,0.0,0.0,0.0,0.0,0.0,0.0,0.0,0.0,0.0,0.0,0.0,0.0,0.0,0.0,0.0,0.0,0.0,0.0,0.0,0.0,0.0,0.0,0.0,0.0,0.0,0.0,0.0,0.0,0.0,0.0,0.0,0.0,0.0,0.0,0.0,0.0,0.0,0.0,0.0,0.0,0.0,0.0,0.0,0.0,0.0,0.0,0.0,0.0,0.0,0.0,0.0,0.0,0.0,0.0,0.0,0.0,0.0,0.0,0.0,0.0,0.0,0.0,0.0,0.00837,0.1332,0.01551,0.0,0.0,0.0,0.0,0.0,0.0,0.0,0.0,0.04564,0.14935,0.0033,0.0,0.0,0.0,0.0,0.0,0.00106,0.0,0.0,0.12866,0.10218,0.0,0.0,0.0,0.0,0.0,0.0,0.0,0.0,0.0,0.14994,0.09452,0.0,0.0,0.0,0.0,0.0,0.0,0.0,0.0,0.0,0.0,0.0,0.8775,4.055,3.949,4.6415,5.0,5.0,0,0.0,0.7760691200000001
1051,0.0,0.0,0.0,0.0,0.0,0.0,0.0,0.0,0.0,0.0,0.0,0.0,0.0,0.0,0.0,0.0,0.0,0.0,0.0,0.0,0.0,0.0,0.0,0.0,0.0,0.0,0.0,0.0,0.0,0.0,0.0,0.0,0.0,0.0,0.0,0.0,0.0,0.0,0.0,0.0,0.0,0.0,0.0,0.0,0.0,0.0,0.0,0.0,0.0,0.0,0.0,0.0,0.0,0.0,0.0,0.0,0.0,0.0,0.0,0.0,0.0,0.0,0.0,0.0,0.0,0.0,0.0,0.0,0.08779,0.00153,0.0,0.0,0.0,0.0,0.0,0.0,0.0,0.0,0.04298,0.16669,0.03496,0.0,0.0,0.0,0.0,0.0,0.0,0.0,0.0,0.10601,0.12995,0.0,0.0,0.0,0.0,0.0,0.0,0.0,0.0,0.0,0.12765,0.11539,0.0,0.0,0.0,0.0,0.0,0.0,0.0,0.0,0.0,0.0,0.0,0.39531,3.993,3.884,4.583,5.0,5.0,0,0.18,0.7751962133333332
1052,0.0,0.0,0.0,0.0,0.0,0.0,0.0,0.0,0.0,0.0,0.0,0.0,0.0,0.0,0.0,0.0,0.0,0.0,0.0,0.0,0.0,0.0,0.0,0.0,0.0,0.0,0.0,0.0,0.0,0.0,0.0,0.0,0.0,0.0,0.0,0.0,0.0,0.0,0.0,0.0,0.0,0.0,0.0,0.0,0.0,0.0,0.0,0.0,0.0,0.0,0.0,0.0,0.0,0.0,0.0,0.0,0.0,0.0,0.0,0.0,0.0,0.0,0.0,0.0,0.0,0.0,0.0,0.0,0.08373,0.0033,0.0,0.0,0.0,0.0,0.0,0.0,0.0,0.0,0.03555,0.17518,0.04416,0.0,0.0,0.0,0.0,0.0,0.0,0.0,0.0,0.09923,0.14646,0.0,0.0,0.0,0.0,0.0,0.0,0.0,0.0,0.0,0.12223,0.10949,0.0,0.0,0.0,0.0,0.0,0.0,0.0,0.0,0.0,0.0,0.0,0.23719,3.988,3.884,4.5795,5.0,5.0,0,0.36,0.7743233066666667
1053,0.0,0.0,0.0,0.0,0.0,0.0,0.0,0.0,0.0,0.0,0.0,0.0,0.0,0.0,0.0,0.0,0.0,0.0,0.0,0.0,0.0,0.0,0.0,0.0,0.0,0.0,0.0,0.0,0.0,0.0,0.0,0.0,0.0,0.0,0.0,0.0,0.0,0.0,0.0,0.0,0.0,0.0,0.0,0.0,0.0,0.0,0.0,0.0,0.0,0.0,0.0,0.0,0.0,0.0,0.0,0.0,0.0,0.0,0.0,0.0,0.0,0.0,0.0,0.0,0.0,0.0,0.0,0.0,0.07712,0.0,0.0,0.0,0.0,0.0,0.0,0.0,0.0,0.0,0.04175,0.17836,0.03868,0.0,0.0,0.0,0.0,0.0,0.0,0.0,0.0,0.10312,0.13532,0.0,0.0,0.0,0.0,0.0,0.0,0.0,0.0,0.0,0.12565,0.10218,0.0,0.0,0.0,0.0,0.0,0.0,0.0,0.0,0.0,0.0,0.0,0.28462,3.963,3.895,4.5865,5.0,5.0,0,0.54,0.8743148266666667
1054,0.0,0.0,0.0,0.0,0.0,0.0,0.0,0.0,0.0,0.0,0.0,0.0,0.0,0.0,0.0,0.0,0.0,0.0,0.0,0.0,0.0,0.0,0.0,0.0,0.0,0.0,0.0,0.0,0.0,0.0,0.0,0.0,0.0,0.0,0.0,0.0,0.0,0.0,0.0,0.0,0.0,0.0,0.0,0.0,0.0,0.0,0.0,0.0,0.0,0.0,0.0,0.0,0.0,0.0,0.0,0.0,0.0,0.0,0.0,0.0,0.0,0.0,0.0,0.0,0.0,0.0,0.0,0.0,0.08296,0.00212,0.0,0.0,0.0,0.0,0.0,0.0,0.0,0.0,0.03874,0.17311,0.0395,0.0,0.0,0.0,0.0,0.0,0.0,0.0,0.0,0.098,0.14469,0.0,0.0,0.0,0.0,0.0,0.0,0.0,0.0,0.0,0.12099,0.10613,0.0,0.0,0.0,0.0,0.0,0.0,0.0,0.0,0.0,0.0,0.9,0.34788,3.935,3.88,4.5775,5.0,5.0,0,0.72,0.8993859466666667
1055,0.0,0.0,0.0,0.0,0.0,0.0,0.0,0.0,0.0,0.0,0.0,0.0,0.0,0.0,0.0,0.0,0.0,0.0,0.0,0.0,0.0,0.0,0.0,0.0,0.0,0.0,0.0,0.0,0.0,0.0,0.0,0.0,0.0,0.0,0.0,0.0,0.0,0.0,0.0,0.0,0.0,0.0,0.0,0.0,0.0,0.0,0.0,0.0,0.0,0.0,0.0,0.0,0.0,0.0,0.0,0.0,0.0,0.0,0.0,0.0,0.0,0.0,0.0,0.0,0.0,0.0,0.0,0.0,0.07129,0.0,0.0,0.0,0.0,0.0,0.0,0.0,0.0,0.0,0.04599,0.17606,0.0385,0.0,0.0,0.0,0.0,0.0,0.0,0.0,0.0,0.10873,0.13909,0.0,0.0,0.0,0.0,0.0,0.0,0.0,0.0,0.0,0.13762,0.09658,0.0,0.0,0.0,0.0,0.0,0.0,0.0,0.0,0.0,0.0,0.9,0.34788,3.961,3.889,4.5745,5.0,5.0,0,0.9,0.9259397066666667
1056,0.0,0.0,0.0,0.0,0.0,0.0,0.0,0.0,0.0,0.0,0.0,0.0,0.0,0.0,0.0,0.0,0.0,0.0,0.0,0.0,0.0,0.0,0.0,0.0,0.0,0.0,0.0,0.0,0.0,0.0,0.0,0.0,0.0,0.0,0.0,0.0,0.0,0.0,0.0,0.0,0.0,0.0,0.0,0.0,0.0,0.0,0.0,0.0,0.0,0.0,0.0,0.0,0.0,0.0,0.0,0.0,0.0,0.0,0.0,0.0,0.0,0.0,0.0,0.0,0.0,0.0,0.0,0.0,0.06757,0.00248,0.0,0.0,0.0,0.0,0.0,0.0,0.0,0.0,0.04387,0.17665,0.03915,0.0,0.0,0.0,0.0,0.0,0.0,0.0,0.0,0.10843,0.1316,0.0,0.0,0.0,0.0,0.0,0.0,0.0,0.0,0.0,0.13538,0.09705,0.0,0.0,0.0,0.0,0.0,0.0,0.0,0.0,0.0,0.0,0.9,0.58501,3.98,3.885,4.5905,5.0,5.0,0,0.72,0.9287430666666667
1057,0.0,0.0,0.0,0.0,0.0,0.0,0.0,0.0,0.0,0.0,0.0,0.0,0.0,0.0,0.0,0.0,0.0,0.0,0.0,0.0,0.0,0.0,0.0,0.0,0.0,0.0,0.0,0.0,0.0,0.0,0.0,0.0,0.0,0.0,0.0,0.0,0.0,0.0,0.0,0.0,0.0,0.0,0.0,0.0,0.0,0.0,0.0,0.0,0.0,0.0,0.0,0.0,0.0,0.0,0.0,0.0,0.0,0.0,0.0,0.0,0.0,0.0,0.0,0.0,0.0,0.0,0.0,0.0,0.08608,0.01191,0.0,0.0,0.0,0.0,0.0,0.0,0.0,0.0,0.04192,0.17653,0.04316,0.0,0.0,0.0,0.0,0.0,0.0,0.0,0.0,0.10814,0.13667,0.0,0.0,0.0,0.0,0.0,0.0,0.0,0.0,0.0,0.1408,0.09676,0.0,0.0,0.0,0.0,0.0,0.0,0.0,0.0,0.0,0.0,0.9,0.98816,3.8665,3.884,4.5695,5.0,5.0,0,0.54,0.9314972711111112
1058,0.0,0.0,0.0,0.0,0.0,0.0,0.0,0.0,0.0,0.0,0.0,0.0,0.0,0.0,0.0,0.0,0.0,0.0,0.0,0.0,0.0,0.0,0.0,0.0,0.0,0.0,0.0,0.0,0.0,0.0,0.0,0.0,0.0,0.0,0.0,0.0,0.0,0.0,0.0,0.0,0.0,0.0,0.0,0.0,0.0,0.0,0.0,0.0,0.0,0.0,0.0,0.0,0.0,0.0,0.0,0.0,0.0,0.0,0.0,0.0,0.0,0.0,0.0,0.0,0.0,0.0,0.0,0.0,0.04564,0.0,0.0,0.0,0.0,0.0,0.0,0.0,0.0,0.0,0.052,0.17706,0.03538,0.0,0.0,0.0,0.0,0.0,0.0,0.0,0.0,0.11521,0.12412,0.0,0.0,0.0,0.0,0.0,0.0,0.0,0.0,0.0,0.15366,0.08302,0.0,0.0,0.0,0.0,0.0,0.0,0.0,0.0,0.0,0.0,0.9,1.0,3.84,4.7835,4.5495,5.0,5.0,0,0.36,0.8510024177777777
1059,0.0,0.0,0.0,0.0,0.0,0.0,0.0,0.0,0.0,0.0,0.0,0.0,0.0,0.0,0.0,0.0,0.0,0.0,0.0,0.0,0.0,0.0,0.0,0.0,0.0,0.0,0.0,0.0,0.0,0.0,0.0,0.0,0.0,0.0,0.0,0.0,0.0,0.0,0.0,0.0,0.0,0.0,0.0,0.0,0.0,0.0,0.0,0.0,0.0,0.0,0.0,0.0,0.0,0.0,0.0,0.0,0.0,0.0,0.0,0.0,0.0,0.0,0.0,0.0,0.0,0.0,0.0,0.0,0.02777,0.0,0.0,0.0,0.0,0.0,0.0,0.0,0.0,0.0,0.08384,0.1566,0.01462,0.0,0.0,0.0,0.0,0.0,0.0,0.0,0.0,0.1582,0.10448,0.0,0.0,0.0,0.0,0.0,0.0,0.0,0.0,0.0,0.19629,0.0418,0.0,0.0,0.0,0.0,0.0,0.0,0.0,0.0,0.0,0.0,0.0,0.49806,3.799,5.0,4.4515,5.0,5.0,0,0.18,0.7514024177777778
1060,0.0,0.0,0.0,0.0,0.0,0.0,0.0,0.0,0.0,0.0,0.0,0.0,0.0,0.0,0.0,0.0,0.0,0.0,0.0,0.0,0.0,0.0,0.0,0.0,0.0,0.0,0.0,0.0,0.0,0.0,0.0,0.0,0.0,0.0,0.0,0.0,0.0,0.0,0.0,0.0,0.0,0.0,0.0,0.0,0.0,0.0,0.0,0.0,0.0,0.0,0.0,0.0,0.0,0.0,0.0,0.0,0.0,0.0,0.0,0.0,0.0,0.0,0.0,0.0,0.0,0.0,0.0,0.0,0.01079,0.0,0.0,0.0,0.0,0.0,0.0,0.0,0.0,0.0,0.11409,0.11445,0.0,0.0,0.0,0.0,0.0,0.0,0.02494,0.0,0.00525,0.19092,0.06545,0.0,0.0,0.0,0.0,0.0,0.0,0.0,0.00336,0.0,0.19935,0.00902,0.0,0.0,0.0,0.0,0.0,0.0,0.0,0.0,0.0,0.0,0.0,0.0,3.803,4.4425,4.475,5.0,5.0,0,0.0,0.7316444177777778
1061,0.0,0.0,0.0,0.0,0.0,0.0,0.0,0.0,0.0,0.0,0.0,0.0,0.0,0.0,0.0,0.0,0.0,0.0,0.0,0.0,0.0,0.0,0.0,0.0,0.0,0.0,0.0,0.0,0.0,0.0,0.0,0.0,0.0,0.0,0.0,0.0,0.0,0.0,0.0,0.0,0.0,0.0,0.0,0.0,0.0,0.0,0.0,0.0,0.0,0.0,0.0,0.0,0.0,0.0,0.0,0.0,0.0,0.0,0.0,0.0,0.0,0.0,0.0,0.0,0.0,0.0,0.0,0.00967,0.05012,0.0,0.0,0.0,0.0,0.0,0.0,0.0,0.0,0.0,0.11321,0.14876,0.0,0.0,0.0,0.0,0.0,0.0,0.03379,0.0,0.00354,0.19051,0.07111,0.0,0.0,0.0,0.0,0.0,0.0,0.00035,0.00566,0.0,0.20053,0.0105,0.0,0.0,0.0,0.0,0.0,0.0,0.0,0.0,0.0,0.0,0.0,0.0,3.802,5.0,4.4755,5.0,5.0,0,0.0,0.7391979644444445
1062,0.0,0.0,0.0,0.0,0.0,0.0,0.0,0.0,0.0,0.0,0.0,0.0,0.0,0.0,0.0,0.0,0.0,0.0,0.0,0.0,0.0,0.0,0.0,0.0,0.0,0.0,0.0,0.0,0.0,0.0,0.0,0.0,0.0,0.0,0.0,0.0,0.0,0.0,0.0,0.0,0.0,0.0,0.0,0.0,0.0,0.0,0.0,0.0,0.0,0.0,0.0,0.0,0.0,0.0,0.0,0.0,0.0,0.0,0.0,0.0,0.0,0.0,0.0,0.0,0.0,0.0,0.0,0.01014,0.03992,0.0,0.0,0.0,0.0,0.0,0.0,0.0,0.0,0.0,0.11568,0.14346,0.0,0.0,0.0,0.0,0.0,0.0,0.02653,0.0,0.00336,0.18909,0.07005,0.0,0.0,0.0,0.0,0.0,0.0,0.00012,0.0036,0.0,0.20106,0.00943,0.0,0.0,0.0,0.0,0.0,0.0,0.0,0.0,0.0,0.0,0.0,0.49016,3.8,5.0,4.4775,5.0,5.0,0,0.0,0.7468006666666667
1063,0.0,0.0,0.0,0.0,0.0,0.0,0.0,0.0,0.0,0.0,0.0,0.0,0.0,0.0,0.0,0.0,0.0,0.0,0.0,0.0,0.0,0.0,0.0,0.0,0.0,0.0,0.0,0.0,0.0,0.0,0.0,0.0,0.0,0.0,0.0,0.0,0.0,0.0,0.0,0.0,0.0,0.0,0.0,0.0,0.0,0.0,0.0,0.0,0.0,0.0,0.0,0.0,0.0,0.0,0.0,0.0,0.0,0.0,0.0,0.0,0.0,0.0,0.0,0.0,0.0,0.0,0.0,0.0105,0.03974,0.0,0.0,0.0,0.0,0.0,0.0,0.0,0.0,0.0,0.1148,0.14929,0.0,0.0,0.0,0.0,0.0,0.0,0.0138,0.0,0.00354,0.18962,0.07146,0.0,0.0,0.0,0.0,0.0,0.0,0.00012,0.00307,0.0,0.19982,0.00979,0.0,0.0,0.0,0.0,0.0,0.0,0.0,0.0,0.0,0.0,0.0,0.90121,3.789,4.4255,4.4715,5.0,5.0,0,0.0,0.8352025000000001
1064,0.0,0.0,0.0,0.0,0.0,0.0,0.0,0.0,0.0,0.0,0.0,0.0,0.0,0.0,0.0,0.0,0.0,0.0,0.0,0.0,0.0,0.0,0.0,0.0,0.0,0.0,0.0,0.0,0.0,0.0,0.0,0.0,0.0,0.0,0.0,0.0,0.0,0.0,0.0,0.0,0.0,0.0,0.0,0.0,0.0,0.0,0.0,0.0,0.0,0.0,0.0,0.0,0.0,0.0,0.0,0.0,0.0,0.0,0.0,0.0,0.0,0.0,0.0,0.0,0.0,0.0,0.0,0.00495,0.09463,0.0,0.0,0.0,0.0,0.0,0.0,0.0,0.0,0.0,0.1033,0.15236,0.00189,0.0,0.0,0.0,0.0,0.0,0.00619,0.0,0.00153,0.18526,0.07606,0.0,0.0,0.0,0.0,0.0,0.0,0.0,0.00035,0.0,0.20218,0.01504,0.0,0.0,0.0,0.0,0.0,0.0,0.0,0.0,0.0,0.0,0.0,0.92492,3.758,4.4445,4.448,5.0,5.0,0,0.0,0.9261075
1065,0.0,0.0,0.0,0.0,0.0,0.0,0.0,0.0,0.0,0.0,0.0,0.0,0.0,0.0,0.0,0.0,0.0,0.0,0.0,0.0,0.0,0.0,0.0,0.0,0.0,0.0,0.0,0.0,0.0,0.0,0.0,0.0,0.0,0.0,0.0,0.0,0.0,0.0,0.0,0.0,0.0,0.0,0.0,0.0,0.0,0.0,0.0,0.0,0.0,0.0,0.0,0.0,0.0,0.0,0.0,0.0,0.0,0.0,0.0,0.0,0.0,0.0,0.0,0.0,0.0,0.0,0.0,0.0,0.0444,0.0,0.0,0.0,0.0,0.0,0.0,0.0,0.0,0.0,0.06262,0.12606,0.01916,0.0,0.0,0.0,0.0,0.0,0.0,0.0,0.0,0.14564,0.12075,0.0,0.0,0.0,0.0,0.0,0.0,0.0,0.00708,0.0,0.19092,0.05637,0.0,0.0,0.0,0.0,0.0,0.0,0.0,0.0,0.0,0.0,0.0,0.92492,3.728,4.383,4.7055,5.0,5.0,0,0.0,0.9367790000000001
1066,0.0,0.0,0.0,0.0,0.0,0.0,0.0,0.0,0.0,0.0,0.0,0.0,0.0,0.0,0.0,0.0,0.0,0.0,0.0,0.0,0.0,0.0,0.0,0.0,0.0,0.0,0.0,0.0,0.0,0.0,0.0,0.0,0.0,0.0,0.0,0.0,0.0,0.0,0.0,0.0,0.0,0.0,0.0,0.0,0.0,0.0,0.0,0.0,0.0,0.0,0.0,0.0,0.0,0.0,0.0,0.0,0.0,0.0,0.0,0.0,0.0,0.0,0.0,0.0,0.0,0.0,0.0,0.0,0.01645,0.00584,0.0,0.0,0.0,0.0,0.0,0.0,0.0,0.0,0.02017,0.12559,0.04263,0.0,0.0,0.0,0.0,0.0,0.0,0.0,0.0,0.09764,0.16344,0.0,0.0,0.0,0.0,0.0,0.0,0.0,0.0,0.0,0.1579,0.10283,0.0,0.0,0.0,0.0,0.0,0.0,0.0,0.0,0.0,0.0,0.0,0.0,3.679,4.7315,4.6695,5.0,5.0,0,0.0,0.9446850000000001
1067,0.0,0.0,0.0,0.0,0.0,0.0,0.0,0.0,0.0,0.0,0.0,0.0,0.0,0.0,0.0,0.0,0.0,0.0,0.0,0.0,0.0,0.0,0.0,0.0,0.0,0.0,0.0,0.0,0.0,0.0,0.0,0.0,0.0,0.0,0.0,0.0,0.0,0.0,0.0,0.0,0.0,0.0,0.0,0.0,0.0,0.0,0.0,0.0,0.0,0.0,0.0,0.0,0.0,0.0,0.0,0.0,0.0,0.0,0.0,0.0,0.0,0.0,0.0,0.0,0.0,0.0,0.0,0.0,0.02223,0.07983,0.00071,0.0,0.0,0.0,0.0,0.0,0.0,0.0,0.00195,0.14953,0.11103,0.0,0.0,0.0,0.0,0.0,0.0,0.0,0.0,0.07081,0.18726,0.01274,0.0,0.0,0.0,0.0,0.0,0.0,0.0,0.0,0.12512,0.13349,0.0,0.0,0.0,0.0,0.0,0.0,0.0,0.0,0.0,0.0,0.0,0.0,3.676,4.9695,5.0,5.0,5.0,0,0.0,0.9597010000000001
1068,0.0,0.0,0.0,0.0,0.0,0.0,0.0,0.0,0.0,0.0,0.0,0.0,0.0,0.0,0.0,0.0,0.0,0.0,0.0,0.0,0.0,0.0,0.0,0.0,0.0,0.0,0.0,0.0,0.0,0.0,0.0,0.0,0.0,0.0,0.0,0.0,0.0,0.0,0.0,0.0,0.0,0.0,0.0,0.0,0.0,0.0,0.0,0.0,0.0,0.0,0.0,0.0,0.0,0.0,0.0,0.0,0.0,0.0,0.0,0.0,0.0,0.0,0.0,0.0,0.0,0.0,0.0,0.0,0.01032,0.09281,0.00142,0.0,0.0,0.0,0.0,0.0,0.0,0.0,0.0,0.13001,0.11621,0.0,0.0,0.0,0.0,0.0,0.0,0.0,0.0,0.05749,0.18078,0.02123,0.0,0.0,0.0,0.0,0.0,0.0,0.0,0.0,0.11545,0.14475,0.0,0.0,0.0,0.0,0.0,0.0,0.0,0.0,0.0,0.0,0.0,0.0,3.675,5.0,4.6525,5.0,5.0,0,0.18,0.9727405000000001
1069,0.0,0.0,0.0,0.0,0.0,0.0,0.0,0.0,0.0,0.0,0.0,0.0,0.0,0.0,0.0,0.0,0.0,0.0,0.0,0.0,0.0,0.0,0.0,0.0,0.0,0.0,0.0,0.0,0.0,0.0,0.0,0.0,0.0,0.0,0.0,0.0,0.0,0.0,0.0,0.0,0.0,0.0,0.0,0.0,0.0,0.0,0.0,0.0,0.0,0.0,0.0,0.0,0.0,0.0,0.0,0.0,0.0,0.0,0.0,0.0,0.0,0.0,0.0,0.0,0.0,0.0,0.0,0.0,0.01126,0.08691,0.00035,0.0,0.0,0.0,0.0,0.0,0.0,0.0,0.0,0.13443,0.12105,0.00012,0.0,0.0,0.0,0.0,0.0,0.0,0.0,0.05749,0.18237,0.02406,0.0,0.0,0.0,0.0,0.0,0.0,0.0,0.0,0.11315,0.14281,0.0,0.0,0.0,0.0,0.0,0.0,0.0,0.0,0.0,0.0,0.0,0.96445,3.679,5.0,5.0,5.0,5.0,0,0.36,0.9838035000000002
1070,0.0,0.0,0.0,0.0,0.0,0.0,0.0,0.0,0.0,0.0,0.0,0.0,0.0,0.0,0.0,0.0,0.0,0.0,0.0,0.0,0.0,0.0,0.0,0.0,0.0,0.0,0.0,0.0,0.0,0.0,0.0,0.0,0.0,0.0,0.0,0.0,0.0,0.0,0.0,0.0,0.0,0.0,0.0,0.0,0.0,0.0,0.0,0.0,0.0,0.0,0.0,0.0,0.0,0.0,0.0,0.0,0.0,0.0,0.0,0.0,0.0,0.0,0.0,0.0,0.0,0.0,0.0,0.0,0.0,0.01716,0.01026,0.0,0.0,0.0,0.0,0.0,0.0,0.0,0.0,0.10425,0.12223,0.00896,0.0,0.0,0.0,0.0,0.0,0.0,0.0,0.0214,0.18432,0.06244,0.0,0.0,0.0,0.0,0.0,0.0,0.0,0.0,0.0786,0.18243,0.00059,0.0,0.0,0.0,0.0,0.0,0.0,0.0,0.0,0.0,0.0,1.0,3.612,5.0,5.0,5.0,5.0,0,0.54,0.99289
1071,0.0,0.0,0.0,0.0,0.0,0.0,0.0,0.0,0.0,0.0,0.0,0.0,0.0,0.0,0.0,0.0,0.0,0.0,0.0,0.0,0.0,0.0,0.0,0.0,0.0,0.0,0.0,0.0,0.0,0.0,0.0,0.0,0.0,0.0,0.0,0.0,0.0,0.0,0.0,0.0,0.0,0.0,0.0,0.0,0.0,0.0,0.0,0.0,0.0,0.0,0.0,0.0,0.0,0.0,0.0,0.0,0.0,0.0,0.0,0.0,0.0,0.0,0.0,0.0,0.0,0.0,0.0,0.0,0.0,0.04351,0.10596,0.0,0.0,0.0,0.0,0.0,0.0,0.0,0.0,0.00142,0.15643,0.11669,0.0,0.0,0.0,0.0,0.0,0.0,0.0,0.0,0.08261,0.16798,0.01226,0.0,0.0,0.0,0.0,0.0,0.0,0.0,0.0,0.12588,0.10142,0.0,0.0,0.0,0.0,0.0,0.0,0.0,0.0,0.0,0.9,0.0,3.246,3.54,4.175,4.8965,5.0,0,0.72,1.0
1072,0.0,0.0,0.0,0.0,0.0,0.0,0.0,0.0,0.0,0.0,0.0,0.0,0.0,0.0,0.0,0.0,0.0,0.0,0.0,0.0,0.0,0.0,0.0,0.0,0.0,0.0,0.0,0.0,0.0,0.0,0.0,0.0,0.0,0.0,0.0,0.0,0.0,0.0,0.0,0.0,0.0,0.0,0.0,0.0,0.0,0.0,0.0,0.0,0.0,0.0,0.0,0.0,0.0,0.0,0.0,0.0,0.0,0.0,0.0,0.0,0.0,0.0,0.0,0.0,0.0,0.0,0.0,0.0,0.0,0.0467,0.08048,0.0,0.0,0.0,0.0,0.0,0.0,0.0,0.0,0.0,0.12795,0.14057,0.0,0.0,0.0,0.0,0.0,0.0,0.0,0.0,0.02282,0.16244,0.06061,0.0,0.0,0.0,0.0,0.0,0.0,0.0,0.0,0.07123,0.13838,0.0,0.0,0.0,0.0,0.0,0.0,0.0,0.0,0.0,0.9,0.0,3.528,4.1715,4.507,4.8865,5.0,0,0.9,1.0
1073,0.0,0.0,0.0,0.0,0.0,0.0,0.0,0.0,0.0,0.0,0.0,0.0,0.0,0.0,0.0,0.0,0.0,0.0,0.0,0.0,0.0,0.0,0.0,0.0,0.0,0.0,0.0,0.0,0.0,0.0,0.0,0.0,0.0,0.0,0.0,0.0,0.0,0.0,0.0,0.0,0.0,0.0,0.0,0.0,0.0,0.0,0.0,0.0,0.0,0.0,0.0,0.0,0.0,0.0,0.0,0.0,0.0,0.0,0.0,0.0,0.0,0.0,0.0,0.0,0.0,0.0,0.0,0.0,0.0,0.02989,0.08508,0.0,0.0,0.0,0.0,0.0,0.0,0.0,0.0,0.0,0.10772,0.15654,0.0,0.0,0.0,0.0,0.0,0.0,0.0,0.0,0.0138,0.17441,0.07748,0.0,0.0,0.0,0.0,0.0,0.0,0.0,0.0,0.06533,0.16639,0.00106,0.0,0.0,0.0,0.0,0.0,0.0,0.0,0.0,0.9,0.0,3.557,4.1655,5.0,5.0,5.0,0,0.9,0.97506968
1074,0.0,0.0,0.0,0.0,0.0,0.0,0.0,0.0,0.0,0.0,0.0,0.0,0.0,0.0,0.0,0.0,0.0,0.0,0.0,0.0,0.0,0.0,0.0,0.0,0.0,0.0,0.0,0.0,0.0,0.0,0.0,0.0,0.0,0.0,0.0,0.0,0.0,0.0,0.0,0.0,0.0,0.0,0.0,0.0,0.0,0.0,0.0,0.0,0.0,0.0,0.0,0.0,0.0,0.0,0.0,0.0,0.0,0.0,0.0,0.0,0.0,0.0,0.0,0.0,0.0,0.0,0.0,0.0,0.0,0.02671,0.07836,0.0,0.0,0.0,0.0,0.0,0.0,0.0,0.0,0.0,0.10366,0.15902,0.0,0.0,0.0,0.0,0.0,0.0,0.0,0.0,0.0092,0.15094,0.08025,0.0,0.0,0.0,0.0,0.0,0.0,0.0,0.0,0.05713,0.16415,0.00071,0.0,0.0,0.0,0.0,0.0,0.0,0.0,0.0,0.9,1.0,3.504,4.1605,5.0,5.0,5.0,0,0.72,0.9470403199999999
1075,0.0,0.0,0.0,0.0,0.0,0.0,0.0,0.0,0.0,0.0,0.0,0.0,0.0,0.0,0.0,0.0,0.0,0.0,0.0,0.0,0.0,0.0,0.0,0.0,0.0,0.0,0.0,0.0,0.0,0.0,0.0,0.0,0.0,0.0,0.0,0.0,0.0,0.0,0.0,0.0,0.0,0.0,0.0,0.0,0.0,0.0,0.0,0.0,0.0,0.0,0.0,0.0,0.0,0.0,0.0,0.0,0.0,0.0,0.0,0.0,0.0,0.0,0.0,0.0,0.0,0.0,0.0,0.0,0.0,0.07129,0.00035,0.0,0.0,0.0,0.0,0.0,0.0,0.0,0.0,0.0,0.10902,0.13437,0.0,0.0,0.0,0.0,0.0,0.0,0.0,0.0,0.00053,0.17925,0.09316,0.0,0.0,0.0,0.0,0.0,0.0,0.0,0.0,0.04257,0.1957,0.01928,0.0,0.0,0.0,0.0,0.0,0.0,0.0,0.0,0.9,1.0,4.142,5.0,5.0,5.0,5.0,0,0.54,0.9227000533333334
1076,0.0,0.0,0.0,0.0,0.0,0.0,0.0,0.0,0.0,0.0,0.0,0.0,0.0,0.0,0.0,0.0,0.0,0.0,0.0,0.0,0.0,0.0,0.0,0.0,0.0,0.0,0.0,0.0,0.0,0.0,0.0,0.0,0.0,0.0,0.0,0.0,0.0,0.0,0.0,0.0,0.0,0.0,0.0,0.0,0.0,0.0,0.0,0.0,0.0,0.0,0.0,0.0,0.0,0.0,0.0,0.0,0.0,0.0,0.0,0.0,0.0,0.0,0.0,0.0,0.0,0.0,0.0,0.0,0.0,0.0,0.0,0.0,0.0,0.0,0.0,0.0,0.0,0.0,0.0,0.0,0.14316,0.00507,0.0,0.0,0.0,0.0,0.0,0.0,0.0,0.0,0.0,0.1786,0.07364,0.0,0.0,0.0,0.0,0.0,0.0,0.0,0.0,0.00118,0.20012,0.04617,0.0,0.0,0.0,0.0,0.0,0.0,0.0,0.0,0.9,0.37159,3.4445,4.0695,5.0,5.0,5.0,0,0.36,0.8428660533333334
1077,0.0,0.0,0.0,0.0,0.0,0.0,0.0,0.0,0.0,0.0,0.0,0.0,0.0,0.0,0.0,0.0,0.0,0.0,0.0,0.0,0.0,0.0,0.0,0.0,0.0,0.0,0.0,0.0,0.0,0.0,0.0,0.0,0.0,0.0,0.0,0.0,0.0,0.0,0.0,0.0,0.0,0.0,0.0,0.0,0.0,0.0,0.0,0.0,0.0,0.0,0.0,0.0,0.0,0.0,0.0,0.0,0.0,0.0,0.0,0.0,0.0,0.0,0.0,0.0,0.0,0.0,0.0,0.0,0.0,0.0,0.0,0.0,0.0,0.0,0.0,0.0,0.0,0.0,0.0,0.02718,0.02305,0.0,0.0,0.0,0.0,0.0,0.0,0.0,0.0,0.0,0.01539,0.21386,0.0,0.0,0.0,0.0,0.0,0.0,0.0,0.0,0.0,0.01733,0.21386,0.00265,0.0,0.0,0.0,0.0,0.0,0.0,0.0,0.0,0.0,0.20557,3.588,4.0695,5.0,4.3515,4.399,0,0.18,0.8025580533333333
1078,0.0,0.0,0.0,0.0,0.0,0.0,0.0,0.0,0.0,0.0,0.0,0.0,0.0,0.0,0.0,0.0,0.0,0.0,0.0,0.0,0.0,0.0,0.0,0.0,0.0,0.0,0.0,0.0,0.0,0.0,0.0,0.0,0.0,0.0,0.0,0.0,0.0,0.0,0.0,0.0,0.0,0.0,0.0,0.0,0.0,0.0,0.0,0.0,0.0,0.0,0.0,0.0,0.0,0.0,0.0,0.0,0.0,0.0,0.0,0.0,0.0,0.0,0.0,0.0,0.0,0.0,0.0,0.0,0.0,0.0,0.0,0.0,0.0,0.0,0.0,0.0,0.0,0.0,0.0,0.03166,0.00937,0.0,0.0,0.0,0.0,0.0,0.0,0.0,0.0,0.0,0.0138,0.20784,0.0,0.0,0.0,0.0,0.0,0.0,0.0,0.0,0.0,0.00472,0.21993,0.00283,0.0,0.0,0.0,0.0,0.0,0.0,0.0,0.0,0.0,0.0,4.0805,4.9755,5.0,5.0,5.0,0,0.0,0.8274883733333332
1079,0.0,0.0,0.0,0.0,0.0,0.0,0.0,0.0,0.0,0.0,0.0,0.0,0.0,0.0,0.0,0.0,0.0,0.0,0.0,0.0,0.0,0.0,0.0,0.0,0.0,0.0,0.0,0.0,0.0,0.0,0.0,0.0,0.0,0.0,0.0,0.0,0.0,0.0,0.0,0.0,0.0,0.0,0.0,0.0,0.0,0.0,0.0,0.0,0.0,0.0,0.0,0.0,0.0,0.0,0.0,0.0,0.0,0.0,0.0,0.0,0.0,0.0,0.0,0.0,0.0,0.0,0.0,0.0,0.0,0.0,0.0,0.0,0.0,0.0,0.0,0.0,0.0,0.0,0.0,0.02913,0.01545,0.0,0.0,0.0,0.0,0.0,0.0,0.0,0.0,0.0,0.01097,0.21616,0.0,0.0,0.0,0.0,0.0,0.0,0.0,0.0,0.0,0.00171,0.21904,0.00425,0.0,0.0,0.0,0.0,0.0,0.0,0.0,0.0,0.0,0.0,4.0815,4.799,5.0,5.0,5.0,0,0.0,0.8555177333333333
1080,0.0,0.0,0.0,0.0,0.0,0.0,0.0,0.0,0.0,0.0,0.0,0.0,0.0,0.0,0.0,0.0,0.0,0.0,0.0,0.0,0.0,0.0,0.0,0.0,0.0,0.0,0.0,0.0,0.0,0.0,0.0,0.0,0.0,0.0,0.0,0.0,0.0,0.0,0.0,0.0,0.0,0.0,0.0,0.0,0.0,0.0,0.0,0.0,0.0,0.0,0.0,0.0,0.0,0.0,0.0,0.0,0.0,0.0,0.0,0.0,0.0,0.0,0.0,0.0,0.0,0.0,0.0,0.0,0.0,0.0,0.0,0.0,0.0,0.0,0.0,0.0,0.0,0.0,0.0,0.02913,0.01616,0.0,0.0,0.0,0.0,0.0,0.0,0.0,0.0,0.0,0.01044,0.21669,0.0,0.0,0.0,0.0,0.0,0.0,0.0,0.0,0.0,0.00147,0.21645,0.00425,0.0,0.0,0.0,0.0,0.0,0.0,0.0,0.0,0.0,0.79846,4.0625,4.84,5.0,5.0,5.0,0,0.0,0.8798579999999999
1081,0.0,0.0,0.0,0.0,0.0,0.0,0.0,0.0,0.0,0.0,0.0,0.0,0.0,0.0,0.0,0.0,0.0,0.0,0.0,0.0,0.0,0.0,0.0,0.0,0.0,0.0,0.0,0.0,0.0,0.0,0.0,0.0,0.0,0.0,0.0,0.0,0.0,0.0,0.0,0.0,0.0,0.0,0.0,0.0,0.0,0.0,0.0,0.0,0.0,0.0,0.0,0.0,0.0,0.0,0.0,0.0,0.0,0.0,0.0,0.0,0.0,0.0,0.0,0.0,0.0,0.0,0.0,0.0,0.0,0.0,0.0,0.0,0.0,0.0,0.0,0.0,0.0,0.0,0.0,0.027,0.01598,0.0,0.0,0.0,0.0,0.0,0.0,0.0,0.0,0.0,0.01026,0.21527,0.0,0.0,0.0,0.0,0.0,0.0,0.0,0.0,0.0,0.00171,0.22028,0.00531,0.0,0.0,0.0,0.0,0.0,0.0,0.0,0.0,0.0,1.0,4.0495,4.395,5.0,5.0,5.0,0,0.0,0.9596920000000001
1082,0.0,0.0,0.0,0.0,0.0,0.0,0.0,0.0,0.0,0.0,0.0,0.0,0.0,0.0,0.0,0.0,0.0,0.0,0.0,0.0,0.0,0.0,0.0,0.0,0.0,0.0,0.0,0.0,0.0,0.0,0.0,0.0,0.0,0.0,0.0,0.0,0.0,0.0,0.0,0.0,0.0,0.0,0.0,0.0,0.0,0.0,0.0,0.0,0.0,0.0,0.0,0.0,0.0,0.0,0.0,0.0,0.0,0.0,0.0,0.0,0.0,0.0,0.0,0.0,0.0,0.0,0.0,0.0,0.0,0.0,0.0,0.0,0.0,0.0,0.0,0.0,0.0,0.0,0.0,0.02028,0.00749,0.0,0.0,0.0,0.0,0.0,0.0,0.0,0.0,0.0,0.00106,0.21722,0.0,0.0,0.0,0.0,0.0,0.0,0.0,0.0,0.0,0.0,0.21103,0.02158,0.0,0.0,0.0,0.0,0.0,0.0,0.0,0.0,0.0,1.0,4.0005,5.0,4.7055,5.0,5.0,0,0.0,1.0
1083,0.0,0.0,0.0,0.0,0.0,0.0,0.0,0.0,0.0,0.0,0.0,0.0,0.0,0.0,0.0,0.0,0.0,0.0,0.0,0.0,0.0,0.0,0.0,0.0,0.0,0.0,0.0,0.0,0.0,0.0,0.0,0.0,0.0,0.0,0.0,0.0,0.0,0.0,0.0,0.0,0.0,0.0,0.0,0.0,0.0,0.0,0.0,0.0,0.0,0.0,0.0,0.0,0.0,0.0,0.0,0.0,0.0,0.0,0.0,0.0,0.0,0.0,0.0,0.0,0.0,0.0,0.0,0.0,0.0,0.0,0.0,0.0,0.0,0.0,0.0,0.0,0.0,0.0,0.0,0.0,0.0,0.0,0.0,0.0,0.0,0.0,0.0,0.0,0.0,0.0,0.0,0.09923,0.0,0.0,0.0,0.0,0.0,0.0,0.0,0.0,0.0,0.0,0.13178,0.06456,0.0,0.0,0.0,0.0,0.0,0.0,0.0,0.0,0.0,1.0,3.8945,5.0,4.5965,5.0,5.0,0,-0.160796,0.9828902666666666
1084,0.0,0.0,0.0,0.0,0.0,0.0,0.0,0.0,0.0,0.0,0.0,0.0,0.0,0.0,0.0,0.0,0.0,0.0,0.0,0.0,0.0,0.0,0.0,0.0,0.0,0.0,0.0,0.0,0.0,0.0,0.0,0.0,0.0,0.0,0.0,0.0,0.0,0.0,0.0,0.0,0.0,0.0,0.0,0.0,0.0,0.0,0.0,0.0,0.0,0.0,0.0,0.0,0.0,0.0,0.0,0.0,0.0,0.0,0.0,0.0,0.0,0.0,0.0,0.0,0.0,0.0,0.00088,0.0,0.0,0.0,0.0,0.0,0.0,0.0,0.0,0.0,0.0,0.0,0.0,0.0,0.0,0.0,0.0,0.0,0.0,0.0,0.0,0.0,0.0,0.0,0.0,0.0,0.0,0.0,0.0,0.0,0.0,0.0,0.0,0.0,0.0,0.0,0.04157,0.0,0.0,0.0,0.0,0.0,0.0,0.0,0.0,0.0,0.0,1.0,3.8235,5.0,4.5545,5.0,5.0,0,-0.340796,0.9573698933333334
1085,0.0,0.0,0.0,0.0,0.0,0.0,0.0,0.0,0.0,0.0,0.0,0.0,0.0,0.0,0.0,0.0,0.0,0.0,0.0,0.0,0.0,0.0,0.0,0.0,0.0,0.0,0.0,0.0,0.0,0.0,0.0,0.0,0.0,0.0,0.0,0.0,0.0,0.0,0.0,0.0,0.0,0.0,0.0,0.0,0.0,0.0,0.0,0.0,0.0,0.0,0.0,0.0,0.0,0.0,0.0,0.0,0.0,0.0,0.0,0.0,0.0,0.0,0.0,0.0,0.0,0.0,0.0,0.0,0.0,0.0,0.0,0.0,0.0,0.0,0.0,0.0,0.0,0.0,0.0,0.0,0.0,0.0,0.0,0.0,0.0,0.0,0.0,0.0,0.0,0.0,0.0,0.0,0.0,0.0,0.0,0.0,0.0,0.0,0.0,0.0,0.0,0.0,0.0,0.0,0.0,0.0,0.0,0.0,0.0,0.0,0.0,0.0,0.0,1.0,3.7455,5.0,4.3445,5.0,5.0,0,-0.520796,0.9144513333333334
1086,0.0,0.0,0.0,0.0,0.0,0.0,0.0,0.0,0.0,0.0,0.0,0.0,0.0,0.0,0.0,0.0,0.0,0.0,0.0,0.0,0.0,0.0,0.0,0.0,0.0,0.0,0.0,0.0,0.0,0.0,0.0,0.0,0.0,0.0,0.0,0.0,0.0,0.0,0.0,0.0,0.0,0.0,0.0,0.0,0.0,0.0,0.0,0.0,0.0,0.0,0.0,0.0,0.0,0.0,0.0,0.0,0.0,0.0,0.0,0.0,0.0,0.0,0.0,0.0,0.0,0.0,0.0,0.0,0.0,0.0,0.0,0.0,0.0,0.0,0.0,0.0,0.0,0.0,0.0,0.0,0.0,0.0,0.0,0.0,0.0,0.0,0.0,0.0,0.0,0.0,0.0,0.0,0.0,0.0,0.0,0.0,0.0,0.0,0.0,0.0,0.0,0.0,0.0,0.0,0.0,0.0,0.0,0.0,0.0,0.0,0.0,0.0,-0.80398,0.79055,3.6605,5.0,4.2205,5.0,5.0,0,-0.7007960000000001,0.8723981333333334
1087,0.0,0.0,0.0,0.0,0.0,0.0,0.0,0.0,0.0,0.0,0.0,0.0,0.0,0.0,0.0,0.0,0.0,0.0,0.0,0.0,0.0,0.0,0.0,0.0,0.0,0.0,0.0,0.0,0.0,0.0,0.0,0.0,0.0,0.0,0.0,0.0,0.0,0.0,0.0,0.0,0.0,0.0,0.0,0.0,0.0,0.0,0.0,0.0,0.0,0.0,0.0,0.0,0.0,0.0,0.0,0.0,0.0,0.0,0.0,0.0,0.0,0.0,0.0,0.0,0.0,0.0,0.0,0.00301,0.02636,0.0,0.0,0.0,0.0,0.0,0.0,0.0,0.0,0.0,0.0,0.0,0.0,0.0,0.0,0.0,0.0,0.0,0.0,0.0,0.0,0.0,0.0,0.0,0.0,0.0,0.0,0.0,0.0,0.0,0.0,0.0,0.0,0.0,0.0,0.0,0.0,0.0,0.0,0.0,0.0,0.0,0.0,0.0,-0.9,0.33998,3.5875,4.574,4.1525,3.825,3.7885,0,-0.8807959999999999,0.0
1088,0.0,0.0,0.0,0.0,0.0,0.0,0.0,0.0,0.0,0.0,0.0,0.0,0.0,0.0,0.0,0.0,0.0,0.0,0.0,0.0,0.0,0.0,0.0,0.0,0.0,0.0,0.0,0.0,0.0,0.0,0.0,0.0,0.0,0.0,0.0,0.0,0.0,0.0,0.0,0.0,0.0,0.0,0.0,0.0,0.0,0.0,0.0,0.0,0.0,0.0,0.0,0.0,0.0,0.0,0.0,0.0,0.0,0.0,0.0,0.0,0.0,0.0,0.0,0.0,0.0,0.0,0.0,0.0,0.06344,0.10301,0.0,0.0,0.0,0.0,0.0,0.0,0.0,0.0,0.0,0.0,0.0,0.04086,0.10678,0.02323,0.0,0.0,0.0,0.0,0.0,0.0,0.0,0.0,0.0,0.0,0.0,0.0,0.0,0.0,0.0,0.0,0.0,0.0,0.0,0.0,0.0,0.0,0.0,0.0,0.0,0.0,0.0,0.0,-0.9,0.0,3.558,5.0,4.887,4.0995,3.7665,0,-0.9,1.0
1089,0.0,0.0,0.0,0.0,0.0,0.0,0.0,0.0,0.0,0.0,0.0,0.0,0.0,0.0,0.0,0.0,0.0,0.0,0.0,0.0,0.0,0.0,0.0,0.0,0.0,0.0,0.0,0.0,0.0,0.0,0.0,0.0,0.0,0.0,0.0,0.0,0.0,0.0,0.0,0.0,0.0,0.0,0.0,0.0,0.0,0.0,0.0,0.0,0.0,0.0,0.0,0.0,0.0,0.0,0.0,0.0,0.0,0.0,0.0,0.0,0.0,0.0,0.0,0.0,0.0,0.0,0.0,0.0,0.08314,0.09941,0.0,0.0,0.0,0.0,0.0,0.0,0.0,0.0,0.0,0.0,0.0,0.0559,0.12983,0.04245,0.0,0.0,0.0,0.0,0.0,0.0,0.0,0.0,0.0,0.0,0.0,0.0,0.0,0.0,0.0,0.0,0.0,0.0,0.0,0.0,0.0,0.0,0.0,0.0,0.0,0.0,0.0,0.0,-0.9,1.0,3.5415,3.842,4.888,4.1055,3.7835,0,-0.72,1.0
1090,0.0,0.0,0.0,0.0,0.0,0.0,0.0,0.0,0.0,0.0,0.0,0.0,0.0,0.0,0.0,0.0,0.0,0.0,0.0,0.0,0.0,0.0,0.0,0.0,0.0,0.0,0.0,0.0,0.0,0.0,0.0,0.0,0.0,0.0,0.0,0.0,0.0,0.0,0.0,0.0,0.0,0.0,0.0,0.0,0.0,0.0,0.0,0.0,0.0,0.0,0.0,0.0,0.0,0.0,0.0,0.0,0.0,0.0,0.0,0.0,0.0,0.0,0.0,0.0,0.0,0.0,0.0,0.0,0.08532,0.10572,0.0,0.0,0.0,0.0,0.0,0.0,0.0,0.0,0.0,0.0,0.0,0.06262,0.14175,0.08962,0.0,0.0,0.0,0.0,0.0,0.0,0.0,0.0,0.0,0.0,0.0,0.01097,0.00195,0.0,0.0,0.0,0.0,0.0,0.0,0.0,0.0,0.0,0.0,0.0,0.0,0.0,0.0,0.0,-0.9,1.0,4.2965,3.48,5.0,4.2365,5.0,0,-0.54,1.0
1091,0.0,0.0,0.0,0.0,0.0,0.0,0.0,0.0,0.0,0.0,0.0,0.0,0.0,0.0,0.0,0.0,0.0,0.0,0.0,0.0,0.0,0.0,0.0,0.0,0.0,0.0,0.0,0.0,0.0,0.0,0.0,0.0,0.0,0.0,0.0,0.0,0.0,0.0,0.0,0.0,0.0,0.0,0.0,0.0,0.0,0.0,0.0,0.0,0.0,0.0,0.0,0.0,0.0,0.0,0.0,0.0,0.00371,0.00318,0.0,0.0,0.0,0.0,0.0,0.0,0.0,0.0,0.0,0.0,0.00277,0.17889,0.04953,0.0,0.0,0.0,0.0,0.0,0.0,0.0,0.0,0.0,0.0,0.0,0.15436,0.09469,0.0,0.0,0.0,0.0,0.0,0.0,0.0,0.0,0.0,0.0,0.0,0.101,0.16946,0.00672,0.0,0.0,0.0,0.0,0.0,0.0,0.0,0.0,0.0,0.0,0.00495,0.13025,0.01568,0.0,-0.9,1.0,3.212,3.3625,5.0,3.9715,3.971,0,-0.36,0.9332347692307692
1092,0.0,0.0,0.0,0.0,0.0,0.0,0.0,0.0,0.0,0.0,0.0,0.0,0.0,0.0,0.0,0.0,0.0,0.0,0.0,0.0,0.0,0.0,0.0,0.0,0.0,0.0,0.0,0.0,0.0,0.0,0.0,0.0,0.0,0.0,0.0,0.0,0.0,0.0,0.0,0.0,0.0,0.0,0.0,0.0,0.0,0.0,0.0,0.0,0.0,0.0,0.0,0.0,0.0,0.0,0.0,0.0,0.0,0.0,0.0,0.0,0.0,0.0,0.0,0.0,0.0,0.0,0.0,0.0,0.0,0.0,0.1668,0.04617,0.0,0.0,0.0,0.0,0.0,0.0,0.0,0.0,0.0,0.0,0.0,0.20531,0.02995,0.0,0.0,0.0,0.00159,0.0,0.0,0.0,0.0,0.0,0.0,0.0,0.2089,0.02229,0.0,0.0,0.0046,0.0,0.0,0.0,0.0,0.0,0.0,0.0,0.00018,0.2059,0.0214,0.0,0.0,0.0,3.162,4.8775,3.2425,5.0,5.0,0,-0.18,0.8887246153846154
1093,0.0,0.0,0.0,0.0,0.0,0.0,0.0,0.0,0.0,0.0,0.0,0.0,0.0,0.0,0.0,0.0,0.0,0.0,0.0,0.0,0.0,0.0,0.0,0.0,0.0,0.0,0.0,0.0,0.0,0.0,0.0,0.0,0.0,0.0,0.0,0.0,0.0,0.0,0.0,0.0,0.0,0.0,0.0,0.0,0.0,0.0,0.0,0.0,0.0,0.0,0.0,0.0,0.0,0.0,0.0,0.0,0.0,0.0,0.0,0.00354,0.0,0.0,0.0,0.0,0.0,0.0,0.0,0.0,0.0,0.0,0.0,0.11515,0.12134,0.0,0.0,0.0,0.0,0.00059,0.02241,0.0,0.0,0.0,0.0,0.0,0.13886,0.08862,0.0,0.0,0.0,0.05242,0.0125,0.0,0.0,0.0,0.0,0.0,0.0,0.19287,0.03779,0.0,0.01869,0.06268,0.0,0.0,0.0,0.0,0.0,0.0,0.0,0.0,0.21645,0.00572,0.0,0.0,3.099,4.3935,3.2075,5.0,5.0,0,0.0,0.8330869230769231
1094,0.0,0.0,0.0,0.0,0.0,0.0,0.0,0.0,0.0,0.0,0.0,0.0,0.0,0.0,0.0,0.0,0.0,0.0,0.0,0.0,0.0,0.0,0.0,0.0,0.0,0.0,0.0,0.0,0.0,0.0,0.0,0.0,0.0,0.0,0.0,0.0,0.0,0.0,0.0,0.0,0.0,0.0,0.0,0.0,0.0,0.0,0.0,0.0,0.0,0.0,0.0,0.0,0.0,0.0,0.0,0.0,0.0,0.0,0.0,0.00354,0.0,0.0,0.0,0.0,0.0,0.0,0.0,0.0,0.0,0.0,0.0,0.12482,0.10973,0.0,0.0,0.0,0.0,0.0,0.0023,0.0,0.0,0.0,0.0,0.0,0.12789,0.09835,0.0,0.0,0.0,0.09369,0.04623,0.0,0.0,0.0,0.0,0.0,0.0,0.18225,0.05142,0.0,0.0,0.11675,0.0,0.0,0.0,0.0,0.0,0.0,0.0,0.0,0.20554,0.01185,0.0,0.0,3.111,4.4235,3.1985,5.0,5.0,0,0.0,0.7774492307692309
1095,0.0,0.0,0.0,0.0,0.0,0.0,0.0,0.0,0.0,0.0,0.0,0.0,0.0,0.0,0.0,0.0,0.0,0.0,0.0,0.0,0.0,0.0,0.0,0.0,0.0,0.0,0.0,0.0,0.0,0.0,0.0,0.0,0.0,0.0,0.0,0.0,0.0,0.0,0.0,0.0,0.0,0.0,0.0,0.0,0.0,0.0,0.0,0.0,0.0,0.0,0.0,0.0,0.0,0.0,0.0,0.0,0.0,0.0,0.0,0.00566,0.0,0.0,0.0,0.0,0.0,0.0,0.0,0.0,0.0,0.0,0.0,0.12294,0.11462,0.0,0.0,0.0,0.0,0.0,0.00389,0.0,0.0,0.0,0.0,0.0,0.12417,0.10224,0.0,0.0,0.0,0.06669,0.03821,0.0,0.0,0.0,0.0,0.0,0.0,0.17948,0.05295,0.0,0.0,0.09587,0.0,0.0,0.0,0.0,0.0,0.0,0.0,0.0,0.20619,0.01226,0.0,0.0,3.103,4.3655,3.2075,5.0,5.0,0,0.0,0.7218115384615384
1096,0.0,0.0,0.0,0.0,0.0,0.0,0.0,0.0,0.0,0.0,0.0,0.0,0.0,0.0,0.0,0.0,0.0,0.0,0.0,0.0,0.0,0.0,0.0,0.0,0.0,0.0,0.0,0.0,0.0,0.0,0.0,0.0,0.0,0.0,0.0,0.0,0.0,0.0,0.0,0.0,0.0,0.0,0.0,0.0,0.0,0.0,0.0,0.0,0.0,0.0,0.0,0.0,0.0,0.0,0.0,0.0,0.0,0.0,0.0,0.00566,0.0,0.0,0.0,0.0,0.0,0.0,0.0,0.0,0.0,0.0,0.0,0.11657,0.1148,0.0,0.0,0.0,0.0,0.0,0.00442,0.0,0.0,0.0,0.0,0.0,0.12541,0.10083,0.0,0.0,0.0,0.08768,0.04623,0.0,0.0,0.0,0.0,0.0,0.0,0.17925,0.05212,0.0,0.0,0.0918,0.0,0.0,0.0,0.0,0.0,0.0,0.0,0.0,0.20725,0.01173,0.0,0.0,3.114,4.4375,3.2165,5.0,5.0,0,0.0,0.6661738461538462
1097,0.0,0.0,0.0,0.0,0.0,0.0,0.0,0.0,0.0,0.0,0.0,0.0,0.0,0.0,0.0,0.0,0.0,0.0,0.0,0.0,0.0,0.0,0.0,0.0,0.0,0.0,0.0,0.0,0.0,0.0,0.0,0.0,0.0,0.0,0.0,0.0,0.0,0.0,0.0,0.0,0.0,0.0,0.0,0.0,0.0,0.0,0.0,0.0,0.0,0.0,0.0,0.0,0.0,0.0,0.0,0.0,0.0,0.0,0.0,0.00336,0.0,0.0,0.0,0.0,0.0,0.0,0.0,0.0,0.0,0.0,0.0,0.12276,0.11374,0.0,0.0,0.0,0.0,0.0,0.00389,0.0,0.0,0.0,0.0,0.0,0.12488,0.10206,0.0,0.0,0.0,0.07193,0.03986,0.0,0.0,0.0,0.0,0.0,0.0,0.1793,0.05295,0.0,0.0,0.09959,0.0,0.0,0.0,0.0,0.0,0.0,0.0,0.0,0.20189,0.00967,0.0,0.0,3.096,4.3745,3.22,5.0,5.0,0,0.0,0.6105361538461539
1098,0.0,0.0,0.0,0.0,0.0,0.0,0.0,0.0,0.0,0.0,0.0,0.0,0.0,0.0,0.0,0.0,0.0,0.0,0.0,0.0,0.0,0.0,0.0,0.0,0.0,0.0,0.0,0.0,0.0,0.0,0.0,0.0,0.0,0.0,0.0,0.0,0.0,0.0,0.0,0.0,0.0,0.0,0.0,0.0,0.0,0.0,0.0,0.0,0.0,0.0,0.0,0.0,0.0,0.0,0.0,0.0,0.02618,0.0,0.0,0.0,0.0,0.0,0.0,0.0,0.0,0.0,0.0,0.18491,0.0362,0.0,0.0,0.0,0.04192,0.0,0.0,0.0,0.0,0.0,0.16698,0.05802,0.0,0.0,0.0,0.0,0.06297,0.14682,0.0,0.0,0.0,0.10401,0.12771,0.0,0.0,0.0,0.0,0.0,0.0,0.13514,0.09198,0.0,0.02759,0.17246,0.0,0.0,0.0,0.0,0.0,0.0,0.0,0.0,0.18485,0.01433,0.0,0.0,3.5395,4.6665,5.0,5.0,5.0,0,0.0,0.5548984615384617
1099,0.0,0.0,0.0,0.0,0.0,0.0,0.0,0.0,0.0,0.0,0.0,0.0,0.0,0.0,0.0,0.0,0.0,0.0,0.0,0.0,0.0,0.0,0.0,0.0,0.0,0.0,0.0,0.0,0.0,0.0,0.0,0.0,0.0,0.0,0.0,0.0,0.0,0.0,0.0,0.0,0.0,0.0,0.0,0.0,0.0,0.0,0.0,0.0,0.0,0.0,0.0,0.0,0.0,0.0,0.0,0.0,0.0283,0.0,0.0,0.0,0.0,0.0,0.0,0.0,0.0,0.0,0.0,0.18532,0.03738,0.0,0.0,0.0,0.0589,0.0,0.0,0.0,0.0,0.0,0.16362,0.05802,0.0,0.0,0.0,0.0,0.06386,0.14452,0.0,0.0,0.0,0.10383,0.12647,0.0,0.0,0.0,0.0,0.0,0.0,0.13585,0.09145,0.0,0.02742,0.17123,0.0,0.0,0.0,0.0,0.0,0.0,0.0,0.0,0.18886,0.01527,0.0,0.0,3.5585,4.691,5.0,5.0,5.0,0,0.0,0.49926076923076934
1100,0.0,0.0,0.0,0.0,0.0,0.0,0.0,0.0,0.0,0.0,0.0,0.0,0.0,0.0,0.0,0.0,0.0,0.0,0.0,0.0,0.0,0.0,0.0,0.0,0.0,0.0,0.0,0.0,0.0,0.0,0.0,0.0,0.0,0.0,0.0,0.0,0.0,0.0,0.0,0.0,0.0,0.0,0.0,0.0,0.0,0.0,0.0,0.0,0.0,0.0,0.0,0.0,0.0,0.0,0.0,0.0,0.02423,0.0,0.0,0.0,0.0,0.0,0.0,0.0,0.0,0.0,0.0,0.18296,0.03656,0.0,0.0,0.0,0.05271,0.0,0.0,0.0,0.0,0.0,0.16557,0.0582,0.0,0.0,0.0,0.0,0.06244,0.14735,0.0,0.0,0.0,0.10259,0.12647,0.0,0.0,0.0,0.0,0.0,0.0,0.13532,0.09127,0.0,0.02801,0.17099,0.0,0.0,0.0,0.0,0.0,0.0,0.0,0.0,0.18561,0.01568,0.0,0.0,3.5595,4.6915,5.0,5.0,5.0,0,0.0,0.443623076923077
1101,0.0,0.0,0.0,0.0,0.0,0.0,0.0,0.0,0.0,0.0,0.0,0.0,0.0,0.0,0.0,0.0,0.0,0.0,0.0,0.0,0.0,0.0,0.0,0.0,0.0,0.0,0.0,0.0,0.0,0.0,0.0,0.0,0.0,0.0,0.0,0.0,0.0,0.0,0.0,0.0,0.0,0.0,0.0,0.0,0.0,0.0,0.0,0.0,0.0,0.0,0.0,0.0,0.0,0.0,0.0,0.0,0.0283,0.0,0.0,0.0,0.0,0.0,0.0,0.0,0.0,0.0,0.0,0.18384,0.03868,0.0,0.0,0.0,0.05183,0.0,0.0,0.0,0.0,0.0,0.16309,0.05802,0.0,0.0,0.0,0.0,0.06262,0.14434,0.0,0.0,0.0,0.10383,0.12612,0.0,0.0,0.0,0.0,0.0,0.0,0.13526,0.09169,0.0,0.02889,0.1717,0.0,0.0,0.0,0.0,0.0,0.0,0.0,0.0,0.18508,0.01498,0.0,0.0,3.6085,4.7045,5.0,5.0,5.0,0,0.0,0.38798538461538473
1102,0.0,0.0,0.0,0.0,0.0,0.0,0.0,0.0,0.0,0.0,0.0,0.0,0.0,0.0,0.0,0.0,0.0,0.0,0.0,0.0,0.0,0.0,0.0,0.0,0.0,0.0,0.0,0.0,0.0,0.0,0.0,0.0,0.0,0.0,0.0,0.0,0.0,0.0,0.0,0.0,0.0,0.0,0.0,0.0,0.0,0.0,0.0,0.0,0.0,0.0,0.0,0.0,0.0,0.0,0.0,0.0,0.02193,0.0,0.0,0.0,0.0,0.0,0.0,0.0,0.0,0.0,0.0,0.18331,0.03603,0.0,0.0,0.0,0.04263,0.0,0.0,0.0,0.0,0.0,0.1668,0.05802,0.0,0.0,0.0,0.0,0.06226,0.14682,0.0,0.0,0.0,0.10419,0.1263,0.0,0.0,0.0,0.0,0.0,0.0,0.13567,0.09216,0.0,0.02588,0.17311,0.0,0.0,0.0,0.0,0.0,0.0,0.0,0.0,0.18532,0.01633,0.0,0.0,3.607,4.7915,5.0,5.0,5.0,0,0.0,0.4881332307692309
1103,0.0,0.0,0.0,0.0,0.0,0.0,0.0,0.0,0.0,0.0,0.0,0.0,0.0,0.0,0.0,0.0,0.0,0.0,0.0,0.0,0.0,0.0,0.0,0.0,0.0,0.0,0.0,0.0,0.0,0.0,0.0,0.0,0.0,0.0,0.0,0.0,0.0,0.0,0.0,0.0,0.0,0.0,0.0,0.0,0.0,0.0,0.0,0.0,0.0,0.0,0.0,0.0,0.0,0.0,0.0,0.0,0.02335,0.0,0.0,0.0,0.0,0.0,0.0,0.0,0.0,0.0,0.0,0.18579,0.0362,0.0,0.0,0.0,0.07164,0.0,0.0,0.0,0.0,0.0,0.16539,0.05873,0.0,0.0,0.0,0.0,0.06421,0.14788,0.0,0.0,0.0,0.10312,0.12665,0.0,0.0,0.0,0.0,0.0,0.0,0.13496,0.09163,0.0,0.02901,0.16716,0.0,0.0,0.0,0.0,0.0,0.0,0.0,0.0,0.18438,0.0148,0.0,0.0,3.5815,4.6915,5.0,5.0,5.0,0,0.0,0.5994086153846154
1104,0.0,0.0,0.0,0.0,0.0,0.0,0.0,0.0,0.0,0.0,0.0,0.0,0.0,0.0,0.0,0.0,0.0,0.0,0.0,0.0,0.0,0.0,0.0,0.0,0.0,0.0,0.0,0.0,0.0,0.0,0.0,0.0,0.0,0.0,0.0,0.0,0.0,0.0,0.0,0.0,0.0,0.0,0.0,0.0,0.0,0.0,0.0,0.0,0.0,0.0,0.0,0.0,0.0,0.0,0.0,0.0,0.02476,0.0,0.0,0.0,0.0,0.0,0.0,0.0,0.0,0.0,0.0,0.18443,0.03526,0.0,0.0,0.0,0.0513,0.0,0.0,0.0,0.0,0.0,0.16504,0.0582,0.0,0.0,0.0,0.0,0.06173,0.14717,0.0,0.0,0.0,0.1033,0.12683,0.0,0.0,0.0,0.0,0.0,0.0,0.13496,0.09269,0.0,0.02895,0.17235,0.0,0.0,0.0,0.0,0.0,0.0,0.0,0.0,0.18272,0.01309,0.0,0.27671,3.5785,4.691,5.0,5.0,5.0,0,0.0,0.7020453517948719
1105,0.0,0.0,0.0,0.0,0.0,0.0,0.0,0.0,0.0,0.0,0.0,0.0,0.0,0.0,0.0,0.0,0.0,0.0,0.0,0.0,0.0,0.0,0.0,0.0,0.0,0.0,0.0,0.0,0.0,0.0,0.0,0.0,0.0,0.0,0.0,0.0,0.0,0.0,0.0,0.0,0.0,0.0,0.0,0.0,0.0,0.0,0.0,0.0,0.0,0.0,0.0,0.0,0.0,0.0,0.0,0.0,0.02494,0.0,0.0,0.0,0.0,0.0,0.0,0.0,0.0,0.0,0.0,0.18614,0.03762,0.0,0.0,0.0,0.05926,0.0,0.0,0.0,0.0,0.0,0.1661,0.05837,0.0,0.0,0.0,0.0,0.05943,0.14469,0.0,0.0,0.0,0.10401,0.12647,0.0,0.0,0.0,0.0,0.0,0.0,0.13479,0.09233,0.0,0.02801,0.16975,0.0,0.0,0.0,0.0,0.0,0.0,0.0,0.0,0.18614,0.01586,0.0,1.0,3.9055,5.0,5.0,5.0,5.0,0,0.07825800000000001,0.8110882666666667
1106,0.0,0.0,0.0,0.0,0.0,0.0,0.0,0.0,0.0,0.0,0.0,0.0,0.0,0.0,0.0,0.0,0.0,0.0,0.0,0.0,0.0,0.0,0.0,0.0,0.0,0.0,0.0,0.0,0.0,0.0,0.0,0.0,0.0,0.0,0.0,0.0,0.0,0.0,0.0,0.0,0.0,0.0,0.0,0.0,0.0,0.0,0.0,0.0,0.0,0.0,0.0,0.0,0.0,0.0,0.0,0.0,0.0138,0.0,0.0,0.0,0.0,0.0,0.0,0.0,0.0,0.0,0.0,0.1339,0.08455,0.0,0.0,0.0,0.00548,0.0,0.0,0.0,0.0,0.0,0.11515,0.11462,0.0,0.0,0.0,0.0,0.04935,0.16097,0.0,0.0,0.0,0.05177,0.17518,0.0,0.0,0.0,0.0,0.0,0.0,0.11492,0.10991,0.0,0.0,0.20713,0.0,0.0,0.0,0.0,0.0,0.0,0.0,0.0,0.18143,0.03579,0.0,1.0,3.5925,5.0,5.0,5.0,5.0,0,0.21200999999999998,0.9312587200000001
1107,0.0,0.0,0.0,0.0,0.0,0.0,0.0,0.0,0.0,0.0,0.0,0.0,0.0,0.0,0.0,0.0,0.0,0.0,0.0,0.0,0.0,0.0,0.0,0.0,0.0,0.0,0.0,0.0,0.0,0.0,0.0,0.0,0.0,0.0,0.0,0.0,0.0,0.0,0.0,0.0,0.0,0.0,0.0,0.0,0.0,0.0,0.0,0.0,0.0,0.0,0.0,0.0,0.0,0.0,0.0,0.0,0.00153,0.00254,0.0,0.0,0.0,0.0,0.0,0.0,0.0,0.0,0.0,0.0661,0.16067,0.00177,0.0,0.0,0.00955,0.03096,0.0,0.0,0.0,0.0,0.03432,0.19298,0.0,0.0,0.0,0.0,0.0,0.20554,0.0,0.0,0.0,6e-05,0.22742,0.0,0.0,0.0,0.0,0.0,0.0,0.04157,0.18679,0.0,0.0,0.1796,0.03337,0.0,0.0,0.0,0.0,0.0,0.0,0.0,0.09823,0.1105,0.0,0.64824,3.5515,5.0,5.0,5.0,5.0,0,0.21200999999999998,0.90675872
1108,0.0,0.0,0.0,0.0,0.0,0.0,0.0,0.0,0.0,0.0,0.0,0.0,0.0,0.0,0.0,0.0,0.0,0.0,0.0,0.0,0.0,0.0,0.0,0.0,0.0,0.0,0.0,0.0,0.0,0.0,0.0,0.0,0.0,0.0,0.0,0.0,0.0,0.0,0.0,0.0,0.0,0.0,0.0,0.0,0.0,0.0,0.0,0.0,0.0,0.0,0.0,0.0,0.0,0.0,0.0,0.0,0.0,0.0115,0.0,0.0,0.0,0.0,0.0,0.0,0.0,0.0,0.0,0.00501,0.18933,0.0671,0.0,0.0,0.0,0.07925,0.0,0.0,0.0,0.0,0.0,0.22382,0.00825,0.0,0.0,0.0,0.0,0.1707,0.03998,0.0,0.0,0.0,0.19564,0.03608,0.0,0.0,0.0,0.0,0.0,0.0,0.22476,0.002,0.0,0.1066,0.10867,0.0,0.0,0.0,0.0,0.0,0.0,0.0,0.01616,0.21185,0.39129,0.39531,3.2905,5.0,5.0,5.0,5.0,0,0.24758,0.88225872
1109,0.0,0.0,0.0,0.0,0.0,0.0,0.0,0.0,0.0,0.0,0.0,0.0,0.0,0.0,0.0,0.0,0.0,0.0,0.0,0.0,0.0,0.0,0.0,0.0,0.0,0.0,0.0,0.0,0.0,0.0,0.0,0.0,0.0,0.0,0.0,0.0,0.0,0.0,0.0,0.0,0.0,0.0,0.0,0.0,0.0,0.0,0.0,0.0,0.0,0.0,0.0,0.0,0.0,0.0,0.0,0.0,0.0,0.01344,0.0,0.0,0.0,0.0,0.0,0.0,0.0,0.0,0.0,0.0,0.16881,0.07989,0.0,0.0,0.0,0.01893,0.0,0.0,0.0,0.0,0.0,0.21179,0.02417,0.0,0.0,0.0,0.0,0.16002,0.04428,0.0,0.0,0.0,0.17618,0.05572,0.0,0.0,0.0,0.0,0.0,0.0,0.22111,0.00088,0.0,0.09528,0.12388,0.0,0.0,0.0,0.0,0.0,0.0,0.0,0.02052,0.20413,0.66876,0.39531,2.8825,5.0,5.0,5.0,5.0,0,0.38560000000000005,0.87945536
1110,0.0,0.0,0.0,0.0,0.0,0.0,0.0,0.0,0.0,0.0,0.0,0.0,0.0,0.0,0.0,0.0,0.0,0.0,0.0,0.0,0.0,0.0,0.0,0.0,0.0,0.0,0.0,0.0,0.0,0.0,0.0,0.0,0.0,0.0,0.0,0.0,0.0,0.0,0.0,0.0,0.0,0.0,0.0,0.0,0.0,0.0,0.0,0.0,0.0,0.0,0.0,0.0,0.0,0.0,0.0,0.0,0.0,0.01238,0.0,0.0,0.0,0.0,0.0,0.0,0.0,0.0,0.0,0.00012,0.17294,0.07565,0.0,0.0,0.0,0.01132,0.0,0.0,0.0,0.0,0.0,0.21515,0.02258,0.0,0.0,0.0,0.0,0.16645,0.04051,0.0,0.0,0.0,0.18379,0.05077,0.0,0.0,0.0,0.0,0.0,0.0,0.22064,0.00012,0.0,0.09717,0.11563,0.0,0.0,0.0,0.0,0.0,0.0,0.0,0.02594,0.20029,0.0,0.8775,3.3375,5.0,5.0,5.0,5.0,0,0.4453620000000001,0.8800454133333334
1111,0.0,0.0,0.0,0.0,0.0,0.0,0.0,0.0,0.0,0.0,0.0,0.0,0.0,0.0,0.0,0.0,0.0,0.0,0.0,0.0,0.0,0.0,0.0,0.0,0.0,0.0,0.0,0.0,0.0,0.0,0.0,0.0,0.0,0.0,0.0,0.0,0.0,0.0,0.0,0.0,0.0,0.0,0.0,0.0,0.0,0.0,0.0,0.0,0.0,0.0,0.0,0.0,0.0,0.0,0.0,0.0,0.0,0.00142,0.0,0.0,0.0,0.0,0.0,0.0,0.0,0.0,0.0,0.00059,0.1714,0.06663,0.0,0.0,0.0,0.0,0.0,0.0,0.0,0.0,0.0,0.2204,0.01857,0.0,0.0,0.0,0.0,0.16787,0.01698,0.0,0.0,0.0,0.19705,0.03945,0.0,0.0,0.0,0.0,0.0,0.00295,0.22028,0.0,0.0,0.11698,0.10271,0.0,0.0,0.0,0.0,0.0,0.0,0.0,0.04552,0.1839,0.17785,0.8775,3.3165,5.0,5.0,5.0,5.0,0,0.399828,0.90453296
1112,0.0,0.0,0.0,0.0,0.0,0.0,0.0,0.0,0.0,0.0,0.0,0.0,0.0,0.0,0.0,0.0,0.0,0.0,0.0,0.0,0.0,0.0,0.0,0.0,0.0,0.0,0.0,0.0,0.0,0.0,0.0,0.0,0.0,0.0,0.0,0.0,0.0,0.0,0.0,0.0,0.0,0.0,0.0,0.0,0.0,0.0,0.0,0.0,0.0,0.0,0.0,0.0,0.0,0.0,0.0,0.0,0.0,0.01468,0.0,0.0,0.0,0.0,0.0,0.0,0.0,0.0,0.0,0.00012,0.16498,0.09175,0.0,0.0,0.0,0.0,0.0,0.0,0.0,0.0,0.00053,0.21333,0.02105,0.0,0.0,0.0,0.0,0.06633,0.00265,0.0,0.0,0.0,0.21226,0.02423,0.0,0.0,0.0,0.0,0.0,0.01515,0.20914,0.0,0.0,0.13585,0.07801,0.0,0.0,0.0,0.0,0.0,0.0,0.0,0.07606,0.14646,0.6901,0.49806,3.0875,5.0,5.0,5.0,5.0,0,0.48804600000000004,0.92903296
1113,0.0,0.0,0.0,0.0,0.0,0.0,0.0,0.0,0.0,0.0,0.0,0.0,0.0,0.0,0.0,0.0,0.0,0.0,0.0,0.0,0.0,0.0,0.0,0.0,0.0,0.0,0.0,0.0,0.0,0.0,0.0,0.0,0.0,0.0,0.0,0.0,0.0,0.0,0.0,0.0,0.0,0.0,0.0,0.0,0.0,0.0,0.0,0.0,0.0,0.0,0.0,0.0,0.0,0.0,0.0,0.0,0.0,0.00902,0.0,0.0,0.0,0.0,0.0,0.0,0.0,0.0,0.0,0.00896,0.18013,0.06333,0.0,0.0,0.0,0.00301,0.0,0.0,0.0,0.0,0.01238,0.21969,0.00283,0.0,0.0,0.0,0.0,0.11946,0.00631,0.0,0.0,0.0,0.22818,0.00407,0.0,0.0,0.0,0.0,0.0,0.00985,0.21162,0.0,0.0,0.14965,0.04228,0.0,0.0,0.0,0.0,0.0,0.0,0.0,0.07866,0.14192,0.6901,0.42692,2.9985,5.0,5.0,5.0,5.0,0,0.540694,0.9333241866666668
1114,0.0,0.0,0.0,0.0,0.0,0.0,0.0,0.0,0.0,0.0,0.0,0.0,0.0,0.0,0.0,0.0,0.0,0.0,0.0,0.0,0.0,0.0,0.0,0.0,0.0,0.0,0.0,0.0,0.0,0.0,0.0,0.0,0.0,0.0,0.0,0.0,0.0,0.0,0.0,0.0,0.0,0.0,0.0,0.0,0.0,0.0,0.0,0.0,0.0,0.0,0.0,0.0,0.0,0.0,0.0,0.0,0.0,0.0,0.0,0.0,0.0,0.0,0.0,0.0,0.0,0.0,0.0,0.00236,0.16999,0.05407,0.0,0.0,0.0,0.0,0.0,0.0,0.0,0.0,0.00796,0.22134,0.00985,0.0,0.0,0.0,0.0,0.12606,6e-05,0.0,0.0,0.0,0.22588,0.00725,0.0,0.0,0.0,0.0,0.0,0.0329,0.19351,0.0,0.0,0.15065,0.04959,0.0,0.0,0.0,0.0,0.0,0.0,0.0,0.10065,0.11675,0.44109,1.0,2.9985,5.0,5.0,5.0,5.0,0,0.490892,0.93317672
1115,0.0,0.0,0.0,0.0,0.0,0.0,0.0,0.0,0.0,0.0,0.0,0.0,0.0,0.0,0.0,0.0,0.0,0.0,0.0,0.0,0.0,0.0,0.0,0.0,0.0,0.0,0.0,0.0,0.0,0.0,0.0,0.0,0.0,0.0,0.0,0.0,0.0,0.0,0.0,0.0,0.0,0.0,0.0,0.0,0.0,0.0,0.0,0.0,0.0,0.0,0.0,0.0,0.0,0.0,0.0,0.0,0.0,0.0,0.0,0.0,0.0,0.0,0.0,0.0,0.0,0.0,0.0,0.01002,0.1763,0.04912,0.0,0.0,0.0,0.01716,0.0,0.0,0.0,0.0,0.03149,0.20861,0.00189,0.0,0.0,0.0,0.0,0.12983,0.0,0.0,0.0,0.00643,0.23166,0.0,0.0,0.0,0.0,0.0,0.0,0.09534,0.12541,0.0,0.0,0.2112,0.01079,0.0,0.0,0.0,0.0,0.0,0.0,0.0,0.16574,0.05979,0.44109,1.0,3.1885,5.0,5.0,5.0,5.0,0,0.381328,0.9325866666666668
1116,0.0,0.0,0.0,0.0,0.0,0.0,0.0,0.0,0.0,0.0,0.0,0.0,0.0,0.0,0.0,0.0,0.0,0.0,0.0,0.0,0.0,0.0,0.0,0.0,0.0,0.0,0.0,0.0,0.0,0.0,0.0,0.0,0.0,0.0,0.0,0.0,0.0,0.0,0.0,0.0,0.0,0.0,0.0,0.0,0.0,0.0,0.0,0.0,0.0,0.0,0.0,0.0,0.0,0.0,0.0,0.0,0.0,0.0,0.0,0.0,0.0,0.0,0.0,0.0,0.0,0.0,0.0,0.05855,0.15,0.0,0.0,0.0,0.0,0.0,0.0,0.0,0.0,0.0,0.10295,0.13974,0.0,0.0,0.0,0.0,0.00708,0.07058,0.0,0.0,0.0,0.11285,0.12983,0.0,0.0,0.0,0.0,0.0,0.0,0.21798,0.00348,0.0,0.06792,0.15973,0.0,0.0,0.0,0.0,0.0,0.0,0.0,0.01704,0.19239,0.0,0.44109,0.62453,3.2405,5.0,5.0,5.0,5.0,0,0.29311,0.9325866666666668
1117,0.0,0.0,0.0,0.0,0.0,0.0,0.0,0.0,0.0,0.0,0.0,0.0,0.0,0.0,0.0,0.0,0.0,0.0,0.0,0.0,0.0,0.0,0.0,0.0,0.0,0.0,0.0,0.0,0.0,0.0,0.0,0.0,0.0,0.0,0.0,0.0,0.0,0.0,0.0,0.0,0.0,0.0,0.0,0.0,0.0,0.0,0.0,0.0,0.0,0.0,0.0,0.0,0.0,0.0,0.0,0.0,0.0,0.0,0.0,0.0,0.0,0.0,0.0,0.0,0.0,0.0,0.0,0.13143,0.07429,0.0,0.0,0.0,0.0,0.00354,0.0,0.0,0.0,0.00053,0.18237,0.05625,0.0,0.0,0.0,0.0,0.07659,0.0,0.0,0.0,0.0033,0.22435,0.02105,0.0,0.0,0.0,0.0,0.0,0.08084,0.13709,0.0,0.0,0.22028,0.0148,0.0,0.0,0.0,0.0,0.0,0.0,0.0,0.15684,0.05967,0.0,0.44109,0.49016,3.4015,5.0,5.0,5.0,5.0,0,0.204892,0.9325866666666668
1118,0.0,0.0,0.0,0.0,0.0,0.0,0.0,0.0,0.0,0.0,0.0,0.0,0.0,0.0,0.0,0.0,0.0,0.0,0.0,0.0,0.0,0.0,0.0,0.0,0.0,0.0,0.0,0.0,0.0,0.0,0.0,0.0,0.0,0.0,0.0,0.0,0.0,0.0,0.0,0.0,0.0,0.0,0.0,0.0,0.0,0.0,0.0,0.0,0.0,0.0,0.0,0.0,0.0,0.0,0.0,0.0,0.0,0.0,0.0,0.0,0.0,0.0,0.0,0.0,0.0,0.0,0.0,0.14116,0.0704,0.0,0.0,0.0,0.0,0.00159,0.0,0.0,0.0,0.00389,0.19104,0.04741,0.0,0.0,0.0,0.0,0.05908,0.0,0.0,0.0,0.01067,0.22665,0.01191,0.0,0.0,0.0,0.0,0.0,0.10649,0.10914,0.0,0.0,0.21409,0.00613,0.0,0.0,0.0,0.0,0.0,0.0,0.0,0.18154,0.03231,0.0,0.14228,0.39531,3.5825,5.0,5.0,5.0,5.0,0,0.11667399999999999,0.95279544
1119,0.0,0.0,0.0,0.0,0.0,0.0,0.0,0.0,0.0,0.0,0.0,0.0,0.0,0.0,0.0,0.0,0.0,0.0,0.0,0.0,0.0,0.0,0.0,0.0,0.0,0.0,0.0,0.0,0.0,0.0,0.0,0.0,0.0,0.0,0.0,0.0,0.0,0.0,0.0,0.0,0.0,0.0,0.0,0.0,0.0,0.0,0.0,0.0,0.0,0.0,0.0,0.0,0.0,0.0,0.0,0.0,0.0,0.0,0.0,0.0,0.0,0.0,0.0,0.0,0.0,0.0,0.0,0.14027,0.07942,0.0,0.0,0.0,0.0,0.0,0.0,0.0,0.0,0.00354,0.19175,0.04776,0.0,0.0,0.0,0.0,0.0444,0.0,0.0,0.0,0.00914,0.2273,0.01226,0.0,0.0,0.0,0.0,0.0,0.10649,0.10985,0.0,0.0,0.21492,0.00654,0.0,0.0,0.0,0.0,0.0,0.0,0.0,0.17677,0.0339,0.0,0.0,1.0,3.7145,5.0,5.0,5.0,5.0,0,0.028456,0.8782864533333334
1120,0.0,0.0,0.0,0.0,0.0,0.0,0.0,0.0,0.0,0.0,0.0,0.0,0.0,0.0,0.0,0.0,0.0,0.0,0.0,0.0,0.0,0.0,0.0,0.0,0.0,0.0,0.0,0.0,0.0,0.0,0.0,0.0,0.0,0.0,0.0,0.0,0.0,0.0,0.0,0.0,0.0,0.0,0.0,0.0,0.0,0.0,0.0,0.0,0.0,0.0,0.0,0.0,0.0,0.0,0.0,0.0,0.0,0.0,0.0,0.0,0.0,0.0,0.0,0.0,0.0,0.0,0.0,0.12276,0.07854,0.0,0.0,0.0,0.0,0.0,0.0,0.0,0.0,6e-05,0.17647,0.06651,0.0,0.0,0.0,0.0,0.02388,0.0,0.0,0.0,0.00366,0.21822,0.02488,0.0,0.0,0.0,0.0,0.0,0.11922,0.09357,0.0,0.0,0.22476,0.01421,0.0,0.0,0.0,0.0,0.0,0.0,0.0,0.18968,0.01692,0.0,0.0,1.0,4.3035,5.0,5.0,5.0,5.0,0,0.0,0.852186
1121,0.0,0.0,0.0,0.0,0.0,0.0,0.0,0.0,0.0,0.0,0.0,0.0,0.0,0.0,0.0,0.0,0.0,0.0,0.0,0.0,0.0,0.0,0.0,0.0,0.0,0.0,0.0,0.0,0.0,0.0,0.0,0.0,0.0,0.0,0.0,0.0,0.0,0.0,0.0,0.0,0.0,0.0,0.0,0.0,0.0,0.0,0.0,0.0,0.0,0.0,0.0,0.0,0.0,0.0,0.0,0.0,0.0,0.0,0.0,0.0,0.0,0.0,0.0,0.0,0.0,0.0,0.0,0.10784,0.08461,0.0,0.0,0.0,0.0,0.0,0.0,0.0,0.0,0.0,0.16557,0.08137,0.0,0.0,0.0,0.0,0.0,0.0,0.0,0.0,0.00283,0.20991,0.03314,0.0,0.0,0.0,0.0,0.0,0.08933,0.06244,0.0,0.0,0.22636,0.0135,0.0,0.0,0.0,0.0,0.0,0.0,0.0,0.17724,0.0,0.0,0.0,1.0,4.044,5.0,5.0,5.0,5.0,0,0.0,0.848236
1122,0.0,0.0,0.0,0.0,0.0,0.0,0.0,0.0,0.0,0.0,0.0,0.0,0.0,0.0,0.0,0.0,0.0,0.0,0.0,0.0,0.0,0.0,0.0,0.0,0.0,0.0,0.0,0.0,0.0,0.0,0.0,0.0,0.0,0.0,0.0,0.0,0.0,0.0,0.0,0.0,0.0,0.0,0.0,0.0,0.0,0.0,0.0,0.0,0.0,0.0,0.0,0.0,0.0,0.0,0.0,0.0,0.0,0.0,0.0,0.0,0.0,0.0,0.0,0.0,0.0,0.0,0.0,0.08632,0.05448,0.0,0.0,0.0,0.0,0.03219,0.00401,0.00342,0.0,0.0,0.15867,0.08897,0.0,0.0,0.0,0.0,0.0,0.03379,0.0,0.0,0.00537,0.20531,0.04334,0.0,0.0,0.0,0.0,0.0,0.0,0.0,0.0,0.0,0.20973,0.00908,0.0,0.0,0.0,0.0,0.0,0.0,0.0,0.0,0.0,0.0,0.0,0.51387,3.7855,5.0,5.0,5.0,5.0,0,0.0,0.848236
1123,0.0,0.0,0.0,0.0,0.0,0.0,0.0,0.0,0.0,0.0,0.0,0.0,0.0,0.0,0.0,0.0,0.0,0.0,0.0,0.0,0.0,0.0,0.0,0.0,0.0,0.0,0.0,0.0,0.0,0.0,0.0,0.0,0.0,0.0,0.0,0.0,0.0,0.0,0.0,0.0,0.0,0.0,0.0,0.0,0.0,0.0,0.0,0.0,0.0,0.0,0.0,0.0,0.0,0.0,0.0,0.0,0.0,0.0,0.0,0.0,0.0,0.0,0.0,0.0,0.0,0.0,0.0,0.07624,0.00796,0.0,0.0,0.0,0.0,0.00831,0.00318,0.0,0.0,0.0,0.1645,0.08384,0.0,0.0,0.0,0.0,0.0,0.15301,0.0,0.0,0.00985,0.21191,0.02978,0.0,0.0,0.0,0.0,0.0,0.0,0.0,0.0,0.0,0.20177,0.00501,0.0,0.0,0.0,0.0,0.0,0.0,0.0,0.0,0.0,0.0,0.0,0.0,3.8805,5.0,5.0,5.0,5.0,0,0.0,0.8428788888888891
1124,0.0,0.0,0.0,0.0,0.0,0.0,0.0,0.0,0.0,0.0,0.0,0.0,0.0,0.0,0.0,0.0,0.0,0.0,0.0,0.0,0.0,0.0,0.0,0.0,0.0,0.0,0.0,0.0,0.0,0.0,0.0,0.0,0.0,0.0,0.0,0.0,0.0,0.0,0.0,0.0,0.0,0.0,0.0,0.0,0.0,0.0,0.0,0.0,0.0,0.0,0.0,0.0,0.0,0.0,0.0,0.0,0.0,0.0,0.0,0.0,0.0,0.0,0.0,0.0,0.0,0.0,0.0,0.07907,0.04175,0.0,0.0,0.0,0.0,0.01167,0.00654,0.0,0.0,0.0,0.1645,0.09145,0.0,0.0,0.0,0.0,0.0,0.16822,0.0,0.0,0.00861,0.20967,0.03255,0.0,0.0,0.0,0.0,0.0,0.0,0.0,0.0,0.0,0.20206,0.00631,0.0,0.0,0.0,0.0,0.0,0.0,0.0,0.0,0.0,0.0,0.0,0.98025,3.8925,5.0,5.0,5.0,5.0,0,0.0,0.9293906666666668
1125,0.0,0.0,0.0,0.0,0.0,0.0,0.0,0.0,0.0,0.0,0.0,0.0,0.0,0.0,0.0,0.0,0.0,0.0,0.0,0.0,0.0,0.0,0.0,0.0,0.0,0.0,0.0,0.0,0.0,0.0,0.0,0.0,0.0,0.0,0.0,0.0,0.0,0.0,0.0,0.0,0.0,0.0,0.0,0.0,0.0,0.0,0.0,0.0,0.0,0.0,0.0,0.0,0.0,0.0,0.0,0.0,0.0,0.0,0.0,0.0,0.0,0.0,0.0,0.0,0.0,0.0,0.0,0.07199,0.04245,0.0,0.0,0.0,0.0,0.00702,0.01209,0.0,0.0,0.0,0.1569,0.09676,0.0,0.0,0.0,0.0,0.0,0.18196,0.00094,0.0,0.00537,0.20702,0.03774,0.0,0.0,0.0,0.0,0.0,0.0,0.0,0.0,0.0,0.20601,0.00979,0.0,0.0,0.0,0.0,0.0,0.0,0.0,0.0,0.0,0.0,0.0,1.0,4.1505,5.0,5.0,5.0,5.0,0,0.0,0.9639073333333334
1126,0.0,0.0,0.0,0.0,0.0,0.0,0.0,0.0,0.0,0.0,0.0,0.0,0.0,0.0,0.0,0.0,0.0,0.0,0.0,0.0,0.0,0.0,0.0,0.0,0.0,0.0,0.0,0.0,0.0,0.0,0.0,0.0,0.0,0.0,0.0,0.0,0.0,0.0,0.0,0.0,0.0,0.0,0.0,0.0,0.0,0.0,0.0,0.0,0.0,0.0,0.0,0.0,0.0,0.0,0.0,0.0,0.0,0.0,0.0,0.0,0.0,0.0,0.0,0.0,0.0,0.0,0.0,0.03184,0.02848,0.0,0.0,0.0,0.0,0.0,0.0,0.0,0.0,0.0,0.12983,0.12665,0.0,0.0,0.0,0.0,0.0,0.10967,0.06651,0.0,0.0,0.18833,0.06639,0.0,0.0,0.0,0.0,0.0,0.0,0.01344,0.0,0.0,0.2105,0.02866,0.0,0.0,0.0,0.0,0.0,0.0,0.0,0.0,0.0,0.0,0.0,0.0,3.6835,4.437,4.758,5.0,5.0,0,0.0,0.946428888888889
1127,0.0,0.0,0.0,0.0,0.0,0.0,0.0,0.0,0.0,0.0,0.0,0.0,0.0,0.0,0.0,0.0,0.0,0.0,0.0,0.0,0.0,0.0,0.0,0.0,0.0,0.0,0.0,0.0,0.0,0.0,0.0,0.0,0.0,0.0,0.0,0.0,0.0,0.0,0.0,0.0,0.0,0.0,0.0,0.0,0.0,0.0,0.0,0.0,0.0,0.0,0.0,0.0,0.0,0.0,0.0,0.0,0.0,0.0,0.0,0.0,0.0,0.0,0.0,0.0,0.0,0.0,0.0,0.03756,0.03054,0.0,0.0,0.0,0.0,0.0,0.0,0.0,0.0,0.0,0.13213,0.12064,0.0,0.0,0.0,0.0,0.0,0.06993,0.09528,0.0,0.00041,0.19387,0.05991,0.0,0.0,0.0,0.0,0.0,0.0,0.03768,0.0,0.0,0.21262,0.02052,0.0,0.0,0.0,0.0,0.0,0.0,0.0,0.0,0.0,0.0,0.0,0.0,3.8515,5.0,5.0,5.0,5.0,0,0.0,0.9196433333333335
1128,0.0,0.0,0.0,0.0,0.0,0.0,0.0,0.0,0.0,0.0,0.0,0.0,0.0,0.0,0.0,0.0,0.0,0.0,0.0,0.0,0.0,0.0,0.0,0.0,0.0,0.0,0.0,0.0,0.0,0.0,0.0,0.0,0.0,0.0,0.0,0.0,0.0,0.0,0.0,0.0,0.0,0.0,0.0,0.0,0.0,0.0,0.0,0.0,0.0,0.0,0.0,0.0,0.0,0.0,0.0,0.0,0.0,0.0,0.0,0.0,0.0,0.0,0.0,0.0,0.0,0.0,0.0,0.0362,0.02712,0.0,0.0,0.0,0.0,0.0,0.0,0.0,0.0,0.0,0.13337,0.11834,0.0,0.0,0.0,0.0,0.0,0.07099,0.0967,0.0,0.00041,0.19387,0.06008,0.0,0.0,0.0,0.0,0.0,0.0,0.04192,0.0,0.0,0.21492,0.02034,0.0,0.0,0.0,0.0,0.0,0.0,0.0,0.0,0.0,0.0,0.0,0.0,3.9245,5.0,5.0,5.0,5.0,0,0.0,0.8928577777777779
1129,0.0,0.0,0.0,0.0,0.0,0.0,0.0,0.0,0.0,0.0,0.0,0.0,0.0,0.0,0.0,0.0,0.0,0.0,0.0,0.0,0.0,0.0,0.0,0.0,0.0,0.0,0.0,0.0,0.0,0.0,0.0,0.0,0.0,0.0,0.0,0.0,0.0,0.0,0.0,0.0,0.0,0.0,0.0,0.0,0.0,0.0,0.0,0.0,0.0,0.0,0.0,0.0,0.0,0.0,0.0,0.0,0.0,0.0,0.0,0.0,0.0,0.0,0.0,0.0,0.0,0.0,0.0,0.03697,0.03396,0.0,0.0,0.0,0.0,0.0,0.0,0.0,0.0,0.0,0.13249,0.12241,0.0,0.0,0.0,0.0,0.0,0.07105,0.09735,0.0,0.00041,0.19281,0.05991,0.0,0.0,0.0,0.0,0.0,0.0,0.04104,0.0,0.0,0.21297,0.02105,0.0,0.0,0.0,0.0,0.0,0.0,0.0,0.0,0.0,0.0,0.0,0.0,3.9435,5.0,5.0,5.0,5.0,0,0.0,0.8660722222222225
1130,0.0,0.0,0.0,0.0,0.0,0.0,0.0,0.0,0.0,0.0,0.0,0.0,0.0,0.0,0.0,0.0,0.0,0.0,0.0,0.0,0.0,0.0,0.0,0.0,0.0,0.0,0.0,0.0,0.0,0.0,0.0,0.0,0.0,0.0,0.0,0.0,0.0,0.0,0.0,0.0,0.0,0.0,0.0,0.0,0.0,0.0,0.0,0.0,0.0,0.0,0.0,0.0,0.0,0.0,0.0,0.0,0.0,0.0,0.0,0.0,0.0,0.0,0.0,0.0,0.0,0.0,0.0,0.03614,0.03072,0.0,0.0,0.0,0.0,0.0,0.0,0.0,0.0,0.0,0.13249,0.11834,0.0,0.0,0.0,0.0,0.0,0.07205,0.09546,0.0,0.00041,0.19263,0.06061,0.0,0.0,0.0,0.0,0.0,0.0,0.04404,0.0,0.0,0.21386,0.02034,0.0,0.0,0.0,0.0,0.0,0.0,0.0,0.0,0.0,0.0,0.0,0.0,3.9405,5.0,5.0,5.0,5.0,0,0.0,0.8392866666666668
1131,0.0,0.0,0.0,0.0,0.0,0.0,0.0,0.0,0.0,0.0,0.0,0.0,0.0,0.0,0.0,0.0,0.0,0.0,0.0,0.0,0.0,0.0,0.0,0.0,0.0,0.0,0.0,0.0,0.0,0.0,0.0,0.0,0.0,0.0,0.0,0.0,0.0,0.0,0.0,0.0,0.0,0.0,0.0,0.0,0.0,0.0,0.0,0.0,0.0,0.0,0.0,0.0,0.0,0.0,0.0,0.0,0.0,0.0,0.0,0.0,0.0,0.0,0.0,0.0,0.0,0.0,0.0,0.03491,0.02435,0.0,0.0,0.0,0.0,0.0,0.0,0.0,0.0,0.0,0.13213,0.12081,0.0,0.0,0.0,0.0,0.0,0.06963,0.09399,0.0,0.00041,0.19304,0.06091,0.0,0.0,0.0,0.0,0.0,0.0,0.03856,0.0,0.0,0.21262,0.0214,0.0,0.0,0.0,0.0,0.0,0.0,0.0,0.0,0.0,0.0,0.0,0.0,3.9465,5.0,5.0,5.0,5.0,0,0.0,0.8125011111111112
1132,0.0,0.0,0.0,0.0,0.0,0.0,0.0,0.0,0.0,0.0,0.0,0.0,0.0,0.0,0.0,0.0,0.0,0.0,0.0,0.0,0.0,0.0,0.0,0.0,0.0,0.0,0.0,0.0,0.0,0.0,0.0,0.0,0.0,0.0,0.0,0.0,0.0,0.0,0.0,0.0,0.0,0.0,0.0,0.0,0.0,0.0,0.0,0.0,0.0,0.0,0.0,0.0,0.0,0.0,0.0,0.0,0.0,0.0,0.0,0.0,0.0,0.0,0.0,0.0,0.0,0.0,0.0,0.03544,0.02205,0.0,0.0,0.0,0.0,0.0,0.0,0.0,0.0,0.0,0.13107,0.11834,0.0,0.0,0.0,0.0,0.0,0.06963,0.09593,0.0,0.00041,0.19104,0.06026,0.0,0.0,0.0,0.0,0.0,0.0,0.04068,0.0,0.0,0.21315,0.02087,0.0,0.0,0.0,0.0,0.0,0.0,0.0,0.0,0.0,0.0,0.0,0.0,3.911,5.0,5.0,5.0,5.0,0,0.0,0.8321766666666669
1133,0.0,0.0,0.0,0.0,0.0,0.0,0.0,0.0,0.0,0.0,0.0,0.0,0.0,0.0,0.0,0.0,0.0,0.0,0.0,0.0,0.0,0.0,0.0,0.0,0.0,0.0,0.0,0.0,0.0,0.0,0.0,0.0,0.0,0.0,0.0,0.0,0.0,0.0,0.0,0.0,0.0,0.0,0.0,0.0,0.0,0.0,0.0,0.0,0.0,0.0,0.0,0.0,0.0,0.0,0.0,0.0,0.0,0.0,0.0,0.0,0.0,0.0,0.0,0.0,0.0,0.0,0.0,0.03573,0.03343,0.0,0.0,0.0,0.0,0.0,0.0,0.0,0.0,0.0,0.13196,0.11904,0.0,0.0,0.0,0.0,0.0,0.06946,0.0931,0.0,0.00041,0.19404,0.05955,0.0,0.0,0.0,0.0,0.0,0.0,0.04104,0.0,0.0,0.21403,0.02052,0.0,0.0,0.0,0.0,0.0,0.0,0.0,0.0,0.0,0.0,0.0,0.0,3.9035,5.0,5.0,5.0,5.0,0,0.0,0.8643193333333334
1134,0.0,0.0,0.0,0.0,0.0,0.0,0.0,0.0,0.0,0.0,0.0,0.0,0.0,0.0,0.0,0.0,0.0,0.0,0.0,0.0,0.0,0.0,0.0,0.0,0.0,0.0,0.0,0.0,0.0,0.0,0.0,0.0,0.0,0.0,0.0,0.0,0.0,0.0,0.0,0.0,0.0,0.0,0.0,0.0,0.0,0.0,0.0,0.0,0.0,0.0,0.0,0.0,0.0,0.0,0.0,0.0,0.0,0.0,0.0,0.0,0.0,0.0,0.0,0.0,0.0,0.0,0.0,0.0362,0.03844,0.0,0.0,0.0,0.0,0.0,0.0,0.0,0.0,0.0,0.13196,0.12011,0.0,0.0,0.0,0.0,0.0,0.07034,0.09487,0.0,0.00041,0.19104,0.06097,0.0,0.0,0.0,0.0,0.0,0.0,0.0398,0.0,0.0,0.21191,0.02158,0.0,0.0,0.0,0.0,0.0,0.0,0.0,0.0,0.0,0.0,0.0,0.75893,3.987,5.0,5.0,5.0,5.0,0,0.0,0.9018191111111111
1135,0.0,0.0,0.0,0.0,0.0,0.0,0.0,0.0,0.0,0.0,0.0,0.0,0.0,0.0,0.0,0.0,0.0,0.0,0.0,0.0,0.0,0.0,0.0,0.0,0.0,0.0,0.0,0.0,0.0,0.0,0.0,0.0,0.0,0.0,0.0,0.0,0.0,0.0,0.0,0.0,0.0,0.0,0.0,0.0,0.0,0.0,0.0,0.0,0.0,0.0,0.0,0.0,0.0,0.0,0.0,0.0,0.0,0.0,0.0,0.0,0.0,0.0,0.0,0.0,0.0,0.0,0.0,0.03667,0.03231,0.0,0.0,0.0,0.0,0.0,0.0,0.0,0.0,0.0,0.1316,0.12064,0.0,0.0,0.0,0.0,0.0,0.06922,0.10112,0.0,0.00041,0.19369,0.05973,0.0,0.0,0.0,0.0,0.0,0.0,0.04086,0.0,0.0,0.21226,0.02034,0.0,0.0,0.0,0.0,0.0,0.0,0.0,0.0,0.0,0.0,0.0,0.96445,3.868,5.0,5.0,5.0,5.0,0,0.18,0.9391460000000003
1136,0.0,0.0,0.0,0.0,0.0,0.0,0.0,0.0,0.0,0.0,0.0,0.0,0.0,0.0,0.0,0.0,0.0,0.0,0.0,0.0,0.0,0.0,0.0,0.0,0.0,0.0,0.0,0.0,0.0,0.0,0.0,0.0,0.0,0.0,0.0,0.0,0.0,0.0,0.0,0.0,0.0,0.0,0.0,0.0,0.0,0.0,0.0,0.0,0.0,0.0,0.0,0.0,0.0,0.0,0.0,0.0,0.0,0.0,0.0,0.0,0.0,0.0,0.0,0.0,0.0,0.0,0.0,0.01274,0.04988,0.0,0.0,0.0,0.0,0.0,0.0,0.0,0.0,0.0,0.10702,0.15065,0.00024,0.0,0.0,0.0,0.0,0.002,0.12394,0.0,0.0,0.17447,0.08608,0.0,0.0,0.0,0.0,0.0,0.0,0.07736,0.01533,0.0,0.20973,0.03844,0.0,0.0,0.0,0.0,0.0,0.0,0.0,0.0,0.0,0.0,0.0,1.0,4.3575,5.0,5.0,5.0,5.0,0,0.36,0.9802500000000002
1137,0.0,0.0,0.0,0.0,0.0,0.0,0.0,0.0,0.0,0.0,0.0,0.0,0.0,0.0,0.0,0.0,0.0,0.0,0.0,0.0,0.0,0.0,0.0,0.0,0.0,0.0,0.0,0.0,0.0,0.0,0.0,0.0,0.0,0.0,0.0,0.0,0.0,0.0,0.0,0.0,0.0,0.0,0.0,0.0,0.0,0.0,0.0,0.0,0.0,0.0,0.0,0.0,0.0,0.0,0.0,0.0,0.0,0.0,0.0,0.0,0.0,0.0,0.0,0.0,0.0,0.0,0.0,0.0,0.0,0.0,0.0,0.0,0.0,0.0,0.0,0.0,0.0,0.0,0.00159,0.14487,0.04599,0.0,0.0,0.0,0.0,0.0,0.0,0.0,0.0,0.05967,0.18833,0.01539,0.0,0.0,0.0,0.0,0.0,0.0,0.0,0.0,0.10542,0.15371,0.0,0.0,0.0,0.0,0.0,0.0,0.0,0.0,0.0,0.0,0.0,1.0,4.3175,5.0,5.0,5.0,5.0,0,0.54,0.9802500000000002
1138,0.0,0.0,0.0,0.0,0.0,0.0,0.0,0.0,0.0,0.0,0.0,0.0,0.0,0.0,0.0,0.0,0.0,0.0,0.0,0.0,0.0,0.0,0.0,0.0,0.0,0.0,0.0,0.0,0.0,0.0,0.0,0.0,0.0,0.0,0.0,0.0,0.0,0.0,0.0,0.0,0.0,0.0,0.0,0.0,0.0,0.0,0.0,0.0,0.0,0.0,0.0,0.0,0.0,0.0,0.0,0.0,0.0,0.0,0.0,0.0,0.0,0.0,0.0,0.0,0.0,0.0,0.0,0.0,0.0,0.0,0.0,0.0,0.0,0.0,0.0,0.0,0.0,0.0,0.0,0.00059,0.04558,0.0,0.0,0.0,0.0,0.0,0.0,0.0,0.0,0.0,0.07588,0.18432,0.01769,0.0,0.0,0.0,0.0,0.0,0.0,0.0,0.0,0.14829,0.12182,0.0,0.0,0.0,0.0,0.0,0.0,0.0,0.0,0.0,0.9,0.97235,3.5615,4.256,4.931,5.0,5.0,0,0.72,0.9747200000000001
1139,0.0,0.0,0.0,0.0,0.0,0.0,0.0,0.0,0.0,0.0,0.0,0.0,0.0,0.0,0.0,0.0,0.0,0.0,0.0,0.0,0.0,0.0,0.0,0.0,0.0,0.0,0.0,0.0,0.0,0.0,0.0,0.0,0.0,0.0,0.0,0.0,0.0,0.0,0.0,0.0,0.0,0.0,0.0,0.0,0.0,0.0,0.0,0.0,0.0,0.0,0.0,0.0,0.0,0.0,0.0,0.0,0.0,0.0,0.0,0.0,0.0,0.0,0.0,0.0,0.0,0.0,0.0,0.0,0.0,0.0,0.0,0.00354,0.0,0.02423,0.0,0.0,0.0,0.0,0.0,0.0,0.0,0.0,0.00354,0.0,0.0,0.0,0.0,0.0,0.0,0.0,0.0,0.11126,0.06952,0.0,0.0,0.0,0.0,0.0,0.0,0.0,0.0,0.0,0.16521,0.09658,0.0,0.0,0.0,0.0,0.0,0.0,0.0,0.0,0.9,0.96445,2.547,3.6825,4.814,5.0,5.0,0,0.9,0.96919
1140,0.0,0.0,0.0,0.0,0.0,0.0,0.0,0.0,0.0,0.0,0.0,0.0,0.0,0.0,0.0,0.0,0.0,0.0,0.0,0.0,0.0,0.0,0.0,0.0,0.0,0.0,0.0,0.0,0.0,0.0,0.0,0.0,0.0,0.0,0.0,0.0,0.0,0.0,0.0,0.0,0.0,0.0,0.0,0.0,0.0,0.0,0.0,0.0,0.0,0.0,0.0,0.0,0.0,0.0,0.0,0.0,0.0,0.0,0.0,0.0,0.0,0.0,0.0,0.0,0.0,0.0,0.0,0.0,0.0,0.0,0.00873,0.12353,0.00395,0.0,0.0,0.0,0.0,0.0,0.0,0.0,0.0,0.08154,0.17889,0.00259,0.0,0.0,0.0,0.0,0.0,0.0,0.0,0.0,0.11728,0.12364,0.0,0.0,0.0,0.0,0.0,0.0,0.0,0.0,0.0,0.18514,0.06621,0.0,0.0,0.0,0.0,0.0,0.0,0.0,0.9,0.96445,3.0825,3.8905,5.0,5.0,4.984,0,0.8722480000000001,0.96919
1141,0.0,0.0,0.0,0.0,0.0,0.0,0.0,0.0,0.0,0.0,0.0,0.0,0.0,0.0,0.0,0.0,0.0,0.0,0.0,0.0,0.0,0.0,0.0,0.0,0.0,0.0,0.0,0.0,0.0,0.0,0.0,0.0,0.0,0.0,0.0,0.0,0.0,0.0,0.0,0.0,0.0,0.0,0.0,0.0,0.0,0.0,0.0,0.0,0.0,0.0,0.0,0.0,0.0,0.0,0.0,0.0,0.0,0.0,0.0,0.00389,0.0,0.0,0.0,0.0,0.0,0.0,0.0,0.0,0.0,0.0,0.09039,0.14717,0.0,0.0,0.0,0.0,0.0,0.0,0.0,0.0,0.0,0.14593,0.10772,0.0,0.0,0.0,0.0,0.0,0.0,0.0,0.0,0.0,0.15548,0.09092,0.0,0.0,0.0,0.0,0.0,0.0,0.0,0.0,0.0,0.10047,0.11374,0.0,0.0,0.0,0.0,0.0,0.0,0.0,0.9,0.97235,2.6125,4.0625,5.0,4.822,5.0,0,0.692248,0.9707700000000002
1142,0.0,0.0,0.0,0.0,0.0,0.0,0.0,0.0,0.0,0.0,0.0,0.0,0.0,0.0,0.0,0.0,0.0,0.0,0.0,0.0,0.0,0.0,0.0,0.0,0.0,0.0,0.0,0.0,0.0,0.0,0.0,0.0,0.0,0.0,0.0,0.0,0.0,0.0,0.0,0.0,0.0,0.0,0.0,0.0,0.0,0.0,0.0,0.0,0.0,0.0,0.0,0.0,0.0,0.0,0.0,0.0,0.0,0.0,0.01256,0.0,0.0,0.0,0.0,0.0,0.0,0.0,0.0,0.0,0.0,0.06616,0.16185,0.0,0.0,0.0,0.08815,0.09369,0.0,0.0,0.0,0.0,0.03738,0.20212,0.0,0.0,0.0,0.0,0.0,0.1806,0.0,0.0,0.0,0.00837,0.22742,0.0,0.0,0.0,0.0,0.0,0.0,0.0,0.0,0.0,0.0,0.21315,0.0092,0.0,0.0,0.0,0.0,0.0,0.0,0.0,0.9,0.97235,3.0125,4.861,4.644,5.0,5.0,0,0.5122479999999999,0.9483752266666668
1143,0.0,0.0,0.0,0.0,0.0,0.0,0.0,0.0,0.0,0.0,0.0,0.0,0.0,0.0,0.0,0.0,0.0,0.0,0.0,0.0,0.0,0.0,0.0,0.0,0.0,0.0,0.0,0.0,0.0,0.0,0.0,0.0,0.0,0.0,0.0,0.0,0.0,0.0,0.0,0.0,0.0,0.0,0.0,0.0,0.0,0.0,0.0,0.0,0.0,0.0,0.0,0.0,0.0,0.0,0.0,0.0,0.0,0.01857,0.0,0.0,0.0,0.0,0.0,0.0,0.0,0.0,0.0,0.0,0.10979,0.10672,0.0,0.0,0.0,0.21156,0.0,0.0,0.0,0.0,0.0,0.02465,0.18479,0.0,0.0,0.0,0.0,0.05136,0.17364,0.0,0.0,0.0,0.0,0.21792,0.00053,0.0,0.0,0.0,0.0,0.0,0.10024,0.13131,0.0,0.0,0.13461,0.0727,0.0,0.0,0.0,0.0,0.0,0.0,0.0,0.12347,0.76124,0.97235,2.7765,4.475,5.0,5.0,5.0,0,0.152248,0.9325528400000002
1144,0.0,0.0,0.0,0.0,0.0,0.0,0.0,0.0,0.0,0.0,0.0,0.0,0.0,0.0,0.0,0.0,0.0,0.0,0.0,0.0,0.0,0.0,0.0,0.0,0.0,0.0,0.0,0.0,0.0,0.0,0.0,0.0,0.0,0.0,0.0,0.0,0.0,0.0,0.0,0.0,0.0,0.0,0.0,0.0,0.0,0.0,0.0,0.0,0.0,0.0,0.0,0.0,0.0,0.0,0.0,0.0,0.0,0.0,0.0,0.0,0.0,0.0,0.0,0.0,0.0,0.0,0.01044,0.10666,0.0,0.0,0.0,0.10077,0.03296,0.0,0.0,0.0,0.0,0.0,0.01114,0.0,0.0,0.0,0.0,0.0,0.20855,0.00053,0.0,0.0,0.0,0.0,0.0,0.0,0.0,0.0,0.0,0.0,0.01185,0.16114,0.0,0.0,0.0,0.0,0.0,0.0,0.0,0.0,0.0,0.0,0.0,0.0388,0.01993,0.0,0.0,0.97235,3.0625,4.2935,5.0,5.0,5.0,0,-0.207752,0.9380828400000001
1145,0.0,0.0,0.0,0.0,0.0,0.0,0.0,0.0,0.0,0.0,0.0,0.0,0.0,0.0,0.0,0.0,0.0,0.0,0.0,0.0,0.0,0.0,0.0,0.0,0.0,0.0,0.0,0.0,0.0,0.0,0.0,0.0,0.0,0.0,0.0,0.0,0.0,0.0,0.0,0.0,0.0,0.0,0.0,0.0,0.0,0.0,0.0,0.0,0.0,0.0,0.0,0.0,0.0,0.0,0.0,0.0,0.0,0.0,0.0,0.0,0.0,0.0,0.0,0.0,0.0,0.07665,0.00932,0.0,0.0,0.0,0.03272,0.0,0.0,0.0,0.0,0.0,0.16645,0.04369,0.0,0.0,0.0,0.0,0.15566,0.05254,0.0,0.0,0.0,0.0,0.0283,0.0,0.0,0.0,0.0,0.0,0.0,0.20873,0.00495,0.0,0.0,0.0,0.0,0.0,0.0,0.0,0.0,0.0,0.0,0.01055,0.15147,0.0,0.0,0.0,0.0,0.12653,3.4695,3.9435,4.852,5.0,5.0,0,-0.54,0.9436128400000001
1146,0.0,0.0,0.0,0.0,0.0,0.0,0.0,0.0,0.0,0.0,0.0,0.0,0.0,0.0,0.0,0.0,0.0,0.0,0.0,0.0,0.0,0.0,0.0,0.0,0.0,0.0,0.0,0.0,0.0,0.0,0.0,0.0,0.0,0.0,0.0,0.0,0.0,0.0,0.0,0.0,0.0,0.0,0.0,0.0,0.0,0.0,0.0,0.0,0.0,0.0,0.0,0.0,0.0,0.0,0.0,0.0,0.0,0.0,0.0,0.0,0.0,0.0,0.0,0.0,0.0,0.0,0.0,0.0,0.0,0.0,0.0,0.0,0.0,0.0,0.0,0.0,0.04104,0.0,0.0,0.0,0.0,0.0,0.01397,0.0,0.0,0.0,0.0,0.0,0.0,0.0,0.0,0.0,0.0,0.0,0.12966,0.0,0.0,0.0,0.0,0.0,0.0,0.0,0.0,0.0,0.0,0.0,0.03585,0.04658,0.0,0.0,0.0,0.0,-0.9,0.0,4.195,5.0,4.8975,5.0,5.0,0,-0.72,0.94914284
1147,0.0,0.0,0.0,0.0,0.0,0.0,0.0,0.0,0.0,0.0,0.0,0.0,0.0,0.0,0.0,0.0,0.0,0.0,0.0,0.0,0.0,0.0,0.0,0.0,0.0,0.0,0.0,0.0,0.0,0.0,0.0,0.0,0.0,0.0,0.0,0.0,0.0,0.0,0.0,0.0,0.0,0.0,0.0,0.0,0.0,0.0,0.0,0.0,0.0,0.0,0.0,0.0,0.0,0.0,0.0,0.0,0.0,0.0,0.0,0.0,0.0,0.0,0.0,0.0,0.0,0.0,0.0,0.0,0.0,0.0,0.0,0.0,0.0,0.0,0.0,0.0,0.07146,0.0,0.0,0.0,0.0,0.0,0.00548,0.0,0.0,0.0,0.0,0.0,0.0,0.0,0.0,0.0,0.0,0.0,0.14912,0.0,0.0,0.0,0.0,0.0,0.0,0.0,0.0,0.0,0.0,0.0,0.04688,0.0635,0.0,0.0,0.0,0.0,-0.9,1.0,4.186,5.0,5.0,5.0,5.0,0,-0.72,0.9786476133333334
1148,0.0,0.0,0.0,0.0,0.0,0.0,0.0,0.0,0.0,0.0,0.0,0.0,0.0,0.0,0.0,0.0,0.0,0.0,0.0,0.0,0.0,0.0,0.0,0.0,0.0,0.0,0.0,0.0,0.0,0.0,0.0,0.0,0.0,0.0,0.0,0.0,0.0,0.0,0.0,0.0,0.0,0.0,0.0,0.0,0.0,0.0,0.0,0.0,0.0,0.0,0.0,0.0,0.0,0.0,0.0,0.0,0.0,0.0,0.0,0.0,0.0,0.0,0.0,0.0,0.0,0.0,0.0,0.0,0.0,0.0,0.0,0.0,0.0,0.0,0.0,0.0,0.05501,0.0,0.0,0.0,0.0,0.0,0.00884,0.0,0.0,0.0,0.0,0.0,0.0,0.0,0.0,0.0,0.0,0.0,0.15548,0.0,0.0,0.0,0.0,0.0,0.0,0.0,0.0,0.0,0.0,0.0,0.04699,0.07364,0.0,0.0,0.0,0.0,-0.9,1.0,4.216,5.0,4.885,5.0,5.0,0,-0.54,1.0
1149,0.0,0.0,0.0,0.0,0.0,0.0,0.0,0.0,0.0,0.0,0.0,0.0,0.0,0.0,0.0,0.0,0.0,0.0,0.0,0.0,0.0,0.0,0.0,0.0,0.0,0.0,0.0,0.0,0.0,0.0,0.0,0.0,0.0,0.0,0.0,0.0,0.0,0.0,0.0,0.0,0.0,0.0,0.0,0.0,0.0,0.0,0.0,0.0,0.0,0.0,0.0,0.0,0.0,0.0,0.0,0.0,0.0,0.0,0.0,0.0,0.0,0.0,0.0,0.0,0.0,0.0,0.00053,0.0,0.0,0.0,0.0,0.0,0.0,0.0,0.0,0.0,0.06592,0.00837,0.0,0.0,0.0,0.0,0.0,0.0,0.0,0.0,0.0,0.0,0.02653,0.0,0.0,0.0,0.0,0.0,0.00218,0.03939,0.0,0.0,0.0,0.0,0.0,0.0,0.0,0.0,0.0,0.0,0.0,0.13992,0.0,0.0,0.0,0.0,-0.9,1.0,4.22,4.091,4.914,5.0,5.0,0,-0.36000000000000004,1.0
1150,0.0,0.0,0.0,0.0,0.0,0.0,0.0,0.0,0.0,0.0,0.0,0.0,0.0,0.0,0.0,0.0,0.0,0.0,0.0,0.0,0.0,0.0,0.0,0.0,0.0,0.0,0.0,0.0,0.0,0.0,0.0,0.0,0.0,0.0,0.0,0.0,0.0,0.0,0.0,0.0,0.0,0.0,0.0,0.0,0.0,0.0,0.0,0.0,0.0,0.0,0.0,0.0,0.0,0.0,0.0,0.0,0.0,0.0,0.0,0.0,0.0,0.0,0.0,0.0,0.0,0.0,0.0,0.0,0.0,0.0,0.0,0.0,0.0,0.0,0.0,0.0,0.0,0.04864,0.06775,0.0,0.0,0.0,0.0,0.0,0.0,0.0,0.0,0.0,0.10578,0.12647,0.0,0.0,0.0,0.0,0.0,0.0,0.0,0.0,0.0,0.0,0.08101,0.0,0.0,0.0,0.0,0.0,0.0,0.0,0.0,0.0,0.0,0.0,0.0,0.0,4.38,4.022,4.7025,4.9005,5.0,0,-0.18,1.0
1151,0.0,0.0,0.0,0.0,0.0,0.0,0.0,0.0,0.0,0.0,0.0,0.0,0.0,0.0,0.0,0.0,0.0,0.0,0.0,0.0,0.0,0.0,0.0,0.0,0.0,0.0,0.0,0.0,0.0,0.0,0.0,0.0,0.0,0.0,0.0,0.0,0.0,0.0,0.0,0.0,0.0,0.0,0.0,0.0,0.0,0.0,0.0,0.0,0.0,0.0,0.0,0.0,0.0,0.0,0.0,0.0,0.0,0.0,0.0,0.0,0.0,0.0,0.0,0.0,0.0,0.0,0.0,0.06521,0.02712,0.0,0.0,0.0,0.0,0.0,0.0,0.02866,0.0,0.00094,0.14976,0.06987,0.0,0.0,0.0,0.0,0.0,0.09458,0.00483,0.0,0.03721,0.19982,0.0161,0.0,0.0,0.0,0.0,0.0,0.0,0.00071,0.0,0.0,0.17211,0.0,0.0,0.0,0.0,0.0,0.0,0.0,0.0,0.0,0.0,0.0,0.0,0.0,4.438,4.035,5.0,4.7065,5.0,0,0.036992000000000004,1.0
1152,0.0,0.0,0.0,0.0,0.0,0.0,0.0,0.0,0.0,0.0,0.0,0.0,0.0,0.0,0.0,0.0,0.0,0.0,0.0,0.0,0.0,0.0,0.0,0.0,0.0,0.0,0.0,0.0,0.0,0.0,0.0,0.0,0.0,0.0,0.0,0.0,0.0,0.0,0.0,0.0,0.0,0.0,0.0,0.0,0.0,0.0,0.0,0.0,0.0,0.0,0.0,0.0,0.0,0.0,0.0,0.0,0.0,0.0,0.0,0.0,0.0,0.0,0.0,0.0,0.0,0.0,0.0,0.04758,0.08968,0.0,0.0,0.0,0.0,0.0,0.0,0.01592,0.0,0.0,0.14186,0.10507,0.0,0.0,0.0,0.0,0.0,0.0704,0.00195,0.0,0.01521,0.19422,0.03096,0.0,0.0,0.0,0.0,0.0,0.0,0.00902,0.0,0.0,0.19074,0.00206,0.0,0.0,0.0,0.0,0.0,0.0,0.0,0.0,0.0,0.0,0.0,1.0,4.366,4.01,5.0,4.7435,5.0,0,0.21699200000000002,0.9833328533333334
1153,0.0,0.0,0.0,0.0,0.0,0.0,0.0,0.0,0.0,0.0,0.0,0.0,0.0,0.0,0.0,0.0,0.0,0.0,0.0,0.0,0.0,0.0,0.0,0.0,0.0,0.0,0.0,0.0,0.0,0.0,0.0,0.0,0.0,0.0,0.0,0.0,0.0,0.0,0.0,0.0,0.0,0.0,0.0,0.0,0.0,0.0,0.0,0.0,0.0,0.0,0.0,0.0,0.0,0.0,0.0,0.0,0.0,0.0,0.0,0.0,0.0,0.0,0.0,0.0,0.0,0.0,0.0,0.01162,0.07612,0.0,0.0,0.0,0.0,0.0,0.00071,0.0888,0.0,0.0,0.1355,0.10189,0.0,0.0,0.0,0.0,0.0,0.05395,0.00879,0.00077,0.00436,0.18131,0.0434,0.0,0.0,0.0,0.0,0.0,0.0,0.00902,0.0,0.0,0.19723,0.00867,0.0,0.0,0.0,0.0,0.0,0.0,0.0,0.0,0.0,0.0,0.0,1.0,4.451,3.993,5.0,4.7195,5.0,0,0.396992,0.9663707733333334
1154,0.0,0.0,0.0,0.0,0.0,0.0,0.0,0.0,0.0,0.0,0.0,0.0,0.0,0.0,0.0,0.0,0.0,0.0,0.0,0.0,0.0,0.0,0.0,0.0,0.0,0.0,0.0,0.0,0.0,0.0,0.0,0.0,0.0,0.0,0.0,0.0,0.0,0.0,0.0,0.0,0.0,0.0,0.0,0.0,0.0,0.0,0.0,0.0,0.0,0.0,0.0,0.0,0.0,0.0,0.0,0.0,0.0,0.0,0.0,0.0,0.0,0.0,0.0,0.0,0.0,0.0,0.0,0.0,0.07176,0.01474,0.0,0.0,0.0,0.0,0.0,0.0,0.0,0.0,0.04351,0.1375,0.06167,0.0,0.0,0.0,0.0,0.0,0.0,0.0,0.0,0.0954,0.14074,0.0,0.0,0.0,0.0,0.0,0.0,0.0,0.0,0.0,0.14882,0.10784,0.0,0.0,0.0,0.0,0.0,0.0,0.0,0.0,0.0,0.0,0.18496,1.0,4.353,3.902,5.0,4.5955,5.0,0,0.576992,0.9497036266666667
1155,0.0,0.0,0.0,0.0,0.0,0.0,0.0,0.0,0.0,0.0,0.0,0.0,0.0,0.0,0.0,0.0,0.0,0.0,0.0,0.0,0.0,0.0,0.0,0.0,0.0,0.0,0.0,0.0,0.0,0.0,0.0,0.0,0.0,0.0,0.0,0.0,0.0,0.0,0.0,0.0,0.0,0.0,0.0,0.0,0.0,0.0,0.0,0.0,0.0,0.0,0.0,0.0,0.0,0.0,0.0,0.0,0.0,0.0,0.0,0.0,0.0,0.0,0.0,0.0,0.0,0.0,0.0,0.0,0.0,0.0,0.0,0.0,0.0,0.0,0.0,0.0,0.0,0.0,0.0,0.02087,0.16586,0.05879,0.0,0.0,0.0,0.0,0.0,0.0,0.0,0.0,0.1033,0.13166,0.00047,0.0,0.0,0.0,0.0,0.0,0.0,0.0,0.0,0.13414,0.09192,0.0,0.0,0.0,0.0,0.0,0.0,0.0,0.0,0.0,0.9,0.81426,3.3675,3.756,5.0,4.5025,5.0,0,0.756992,0.9331841333333335
1156,0.0,0.0,0.0,0.0,0.0,0.0,0.0,0.0,0.0,0.0,0.0,0.0,0.0,0.0,0.0,0.0,0.0,0.0,0.0,0.0,0.0,0.0,0.0,0.0,0.0,0.0,0.0,0.0,0.0,0.0,0.0,0.0,0.0,0.0,0.0,0.0,0.0,0.0,0.0,0.0,0.0,0.0,0.0,0.0,0.0,0.0,0.0,0.0,0.0,0.0,0.0,0.0,0.0,0.0,0.0,0.0,0.0,0.0,0.0,0.0,0.0,0.0,0.0,0.0,0.0,0.0,0.0,0.0,0.0,0.0,0.0,0.0,0.0,0.0,0.0,0.0,0.0,0.0,0.0,0.0,0.1319,0.03915,0.0,0.0,0.0,0.0,0.0,0.0,0.0,0.0,0.05395,0.18791,0.03249,0.0,0.0,0.0,0.0,0.0,0.0,0.0,0.0,0.11097,0.1434,0.0,0.0,0.0,0.0,0.0,0.0,0.0,0.0,0.0,0.9,0.79846,3.4765,4.2015,4.415,4.6915,5.0,0,0.9,0.9197501333333336
1157,0.0,0.0,0.0,0.0,0.0,0.0,0.0,0.0,0.0,0.0,0.0,0.0,0.0,0.0,0.0,0.0,0.0,0.0,0.0,0.0,0.0,0.0,0.0,0.0,0.0,0.0,0.0,0.0,0.0,0.0,0.0,0.0,0.0,0.0,0.0,0.0,0.0,0.0,0.0,0.0,0.0,0.0,0.0,0.0,0.0,0.0,0.0,0.0,0.0,0.0,0.0,0.0,0.0,0.0,0.0,0.0,0.0,0.0,0.0,0.0,0.0,0.0,0.0,0.0,0.0,0.0,0.0,0.0,0.0,0.0,0.00053,0.0,0.0,0.0,0.0,0.0,0.0,0.0,0.0,0.0,0.12011,0.01309,0.0,0.0,0.0,0.0,0.0,0.0,0.0,0.0,0.04917,0.19316,0.02547,0.0,0.0,0.0,0.0,0.0,0.0,0.0,0.0,0.10483,0.15572,0.0,0.0,0.0,0.0,0.0,0.0,0.0,0.0,0.0,0.9,0.81426,3.661,5.0,4.3415,5.0,5.0,0,0.9,0.9364172800000002
1158,0.0,0.0,0.0,0.0,0.0,0.0,0.0,0.0,0.0,0.0,0.0,0.0,0.0,0.0,0.0,0.0,0.0,0.0,0.0,0.0,0.0,0.0,0.0,0.0,0.0,0.0,0.0,0.0,0.0,0.0,0.0,0.0,0.0,0.0,0.0,0.0,0.0,0.0,0.0,0.0,0.0,0.0,0.0,0.0,0.0,0.0,0.0,0.0,0.0,0.0,0.0,0.0,0.0,0.0,0.0,0.0,0.0,0.0,0.0,0.0,0.0,0.0,0.0,0.0,0.0,0.0,0.0,0.0,0.0,0.00425,0.0,0.0,0.0,0.0,0.0,0.0,0.0,0.0,0.0,0.00142,0.14723,0.10837,0.0,0.0,0.0,0.0,0.0,0.0,0.0,0.0,0.06527,0.18815,0.01403,0.0,0.0,0.0,0.0,0.0,0.0,0.0,0.0,0.10979,0.14192,0.0,0.0,0.0,0.0,0.0,0.0,0.0,0.0,0.0,0.9,0.82217,3.633,4.2865,5.0,5.0,5.0,0,0.9,0.9525913600000001
1159,0.0,0.0,0.0,0.0,0.0,0.0,0.0,0.0,0.0,0.0,0.0,0.0,0.0,0.0,0.0,0.0,0.0,0.0,0.0,0.0,0.0,0.0,0.0,0.0,0.0,0.0,0.0,0.0,0.0,0.0,0.0,0.0,0.0,0.0,0.0,0.0,0.0,0.0,0.0,0.0,0.0,0.0,0.0,0.0,0.0,0.0,0.0,0.0,0.0,0.0,0.0,0.0,0.0,0.0,0.0,0.0,0.0,0.0,0.0,0.0,0.0,0.0,0.0,0.0,0.0,0.0,0.0,0.0,0.0,0.02229,0.09876,0.00012,0.0,0.0,0.0,0.0,0.0,0.0,0.0,0.00224,0.15731,0.10436,0.0,0.0,0.0,0.0,0.0,0.0,0.0,0.0,0.07235,0.18726,0.01421,0.0,0.0,0.0,0.0,0.0,0.0,0.0,0.0,0.11344,0.13172,0.0,0.0,0.0,0.0,0.0,0.0,0.0,0.0,0.0,0.9,0.93283,3.614,4.2325,5.0,5.0,5.0,0,0.72,0.9653085066666668
1160,0.0,0.0,0.0,0.0,0.0,0.0,0.0,0.0,0.0,0.0,0.0,0.0,0.0,0.0,0.0,0.0,0.0,0.0,0.0,0.0,0.0,0.0,0.0,0.0,0.0,0.0,0.0,0.0,0.0,0.0,0.0,0.0,0.0,0.0,0.0,0.0,0.0,0.0,0.0,0.0,0.0,0.0,0.0,0.0,0.0,0.0,0.0,0.0,0.0,0.0,0.0,0.0,0.0,0.0,0.0,0.0,0.0,0.0,0.0,0.0,0.0,0.0,0.0,0.0,0.0,0.0,0.0,0.0,0.0,0.05271,0.09481,0.0,0.0,0.0,0.0,0.0,0.0,0.0,0.0,0.00012,0.15684,0.11032,0.0,0.0,0.0,0.0,0.0,0.0,0.0,0.0,0.05873,0.18827,0.02276,0.0,0.0,0.0,0.0,0.0,0.0,0.0,0.0,0.10083,0.13868,0.0,0.0,0.0,0.0,0.0,0.0,0.0,0.0,0.0,0.9,1.0,3.554,4.1605,5.0,5.0,5.0,0,0.54,0.9535035200000002
1161,0.0,0.0,0.0,0.0,0.0,0.0,0.0,0.0,0.0,0.0,0.0,0.0,0.0,0.0,0.0,0.0,0.0,0.0,0.0,0.0,0.0,0.0,0.0,0.0,0.0,0.0,0.0,0.0,0.0,0.0,0.0,0.0,0.0,0.0,0.0,0.0,0.0,0.0,0.0,0.0,0.0,0.0,0.0,0.0,0.0,0.0,0.0,0.0,0.0,0.0,0.0,0.0,0.0,0.0,0.0,0.0,0.0,0.0,0.0,0.0,0.0,0.0,0.0,0.0,0.0,0.0,0.0,0.0,0.0,0.04581,0.0,0.0,0.0,0.0,0.0,0.0,0.0,0.0,0.0,0.00059,0.17919,0.05708,0.0,0.0,0.0,0.0,0.0,0.0,0.0,0.0,0.04369,0.19782,0.01993,0.0,0.0,0.0,0.0,0.0,0.0,0.0,0.0,0.09157,0.15678,0.0,0.0,0.0,0.0,0.0,0.0,0.0,0.0,0.0,0.9,0.99606,3.9805,5.0,5.0,5.0,5.0,0,0.36,0.8092811866666668
1162,0.0,0.0,0.0,0.0,0.0,0.0,0.0,0.0,0.0,0.0,0.0,0.0,0.0,0.0,0.0,0.0,0.0,0.0,0.0,0.0,0.0,0.0,0.0,0.0,0.0,0.0,0.0,0.0,0.0,0.0,0.0,0.0,0.0,0.0,0.0,0.0,0.0,0.0,0.0,0.0,0.0,0.0,0.0,0.0,0.0,0.0,0.0,0.0,0.0,0.0,0.0,0.0,0.0,0.0,0.0,0.0,0.0,0.0,0.0,0.0,0.0,0.0,0.0,0.0,0.0,0.0,0.0,0.0,0.0,0.0,0.0,0.0,0.0,0.0,0.0,0.0,0.0,0.0,0.0,0.03131,0.0,0.0,0.0,0.0,0.0,0.0,0.0,0.0,0.0,0.0,0.11657,0.10224,0.0,0.0,0.0,0.0,0.0,0.0,0.0,0.0,0.0,0.10596,0.12966,0.0,0.0,0.0,0.0,0.0,0.0,0.0,0.0,0.0,0.0,0.98025,4.0455,5.0,4.6925,5.0,5.0,0,0.18,0.6560165200000001
1163,0.0,0.0,0.0,0.0,0.0,0.0,0.0,0.0,0.0,0.0,0.0,0.0,0.0,0.0,0.0,0.0,0.0,0.0,0.0,0.0,0.0,0.0,0.0,0.0,0.0,0.0,0.0,0.0,0.0,0.0,0.0,0.0,0.0,0.0,0.0,0.0,0.0,0.0,0.0,0.0,0.0,0.0,0.0,0.0,0.0,0.0,0.0,0.0,0.0,0.0,0.0,0.0,0.0,0.0,0.0,0.0,0.0,0.0,0.0,0.0,0.0,0.0,0.0,0.0,0.0,0.0,0.0,0.0,0.0,0.0,0.0,0.0,0.0,0.0,0.0,0.0,0.0,0.0,0.0,0.0,0.0,0.0,0.0,0.0,0.0,0.0,0.0,0.0,0.0,0.0,0.0,0.0,0.0,0.0,0.0,0.0,0.0,0.0,0.0,0.0,0.0,0.0,0.0,0.0,0.0,0.0,0.0,0.0,0.0,0.0,0.0,0.0,0.0,0.18976,4.0395,5.0,4.5735,5.0,5.0,0,0.0,0.5079315200000001
1164,0.0,0.0,0.0,0.0,0.0,0.0,0.0,0.0,0.0,0.0,0.0,0.0,0.0,0.0,0.0,0.0,0.0,0.0,0.0,0.0,0.0,0.0,0.0,0.0,0.0,0.0,0.0,0.0,0.0,0.0,0.0,0.0,0.0,0.0,0.0,0.0,0.0,0.0,0.0,0.0,0.0,0.0,0.0,0.0,0.0,0.0,0.0,0.0,0.0,0.0,0.0,0.0,0.0,0.0,0.0,0.0,0.0,0.0,0.0,0.0,0.0,0.0,0.0,0.0,0.0,0.0,0.0,0.0,0.0,0.0,0.0,0.0,0.0,0.0,0.0,0.00124,0.0,0.0,0.0,0.0,0.0,0.0,0.0,0.0,0.0,0.0,0.0,0.0,0.0,0.0,0.0,0.0,0.0,0.0,0.0,0.0,0.0,0.0,0.0,0.0,0.00513,0.0,0.0,0.0,0.0,0.0,0.0,0.0,0.0,0.0,0.0,0.0,0.0,0.0,3.9255,5.0,4.5385,4.0765,5.0,0,0.0,0.3674001866666668
1165,0.0,0.0,0.0,0.0,0.0,0.0,0.0,0.0,0.0,0.0,0.0,0.0,0.0,0.0,0.0,0.0,0.0,0.0,0.0,0.0,0.0,0.0,0.0,0.0,0.0,0.0,0.0,0.0,0.0,0.0,0.0,0.0,0.0,0.0,0.0,0.0,0.0,0.0,0.0,0.0,0.0,0.0,0.0,0.0,0.0,0.0,0.0,0.0,0.0,0.0,0.0,0.0,0.0,0.0,0.0,0.0,0.0,0.0,0.0,0.0,0.0,0.0,0.0,0.0,0.0,0.0,0.0,0.0,0.0,0.0,0.0,0.0,0.0,0.0,0.0,0.03644,0.0,0.0,0.0,0.0,0.0,0.0,0.0,0.0,0.0,0.0,0.0,0.0,0.0,0.0,0.0,0.0,0.0,0.0,0.0,0.0,0.0,0.0,0.0,0.0,0.0,0.0,0.0,0.0,0.0,0.0,0.0,0.0,0.0,0.0,0.0,0.0,0.0,0.0,3.9385,5.0,4.565,4.162,5.0,0,0.0,0.25563500000000017
1166,0.0,0.0,0.0,0.0,0.0,0.0,0.0,0.0,0.0,0.0,0.0,0.0,0.0,0.0,0.0,0.0,0.0,0.0,0.0,0.0,0.0,0.0,0.0,0.0,0.0,0.0,0.0,0.0,0.0,0.0,0.0,0.0,0.0,0.0,0.0,0.0,0.0,0.0,0.0,0.0,0.0,0.0,0.0,0.0,0.0,0.0,0.0,0.0,0.0,0.0,0.0,0.0,0.0,0.0,0.0,0.0,0.0,0.0,0.0,0.0,0.0,0.0,0.0,0.0,0.0,0.0,0.0,0.0,0.0,0.0,0.0,0.0,0.0,0.0,0.0,0.06209,0.0,0.0,0.0,0.0,0.0,0.0,0.0,0.0,0.0,0.0,0.0,0.0,0.0,0.0,0.0,0.0,0.0,0.0,0.0,0.0,0.0,0.0,0.0,0.0,0.0,0.0,0.0,0.0,0.0,0.0,0.0,0.0,0.0,0.0,0.0,0.0,0.0,0.0,3.9415,5.0,4.5245,4.2565,5.0,0,0.0,0.27759333333333347
1167,0.0,0.0,0.0,0.0,0.0,0.0,0.0,0.0,0.0,0.0,0.0,0.0,0.0,0.0,0.0,0.0,0.0,0.0,0.0,0.0,0.0,0.0,0.0,0.0,0.0,0.0,0.0,0.0,0.0,0.0,0.0,0.0,0.0,0.0,0.0,0.0,0.0,0.0,0.0,0.0,0.0,0.0,0.0,0.0,0.0,0.0,0.0,0.0,0.0,0.0,0.0,0.0,0.0,0.0,0.0,0.0,0.0,0.0,0.0,0.0,0.0,0.0,0.0,0.0,0.0,0.0,0.0,0.0,0.0,0.0,0.0,0.0,0.0,0.0,0.0,0.01663,0.0,0.0,0.0,0.0,0.0,0.0,0.0,0.0,0.0,0.0,0.0,0.0,0.0,0.0,0.0,0.0,0.0,0.0,0.0,0.0,0.0,0.0,0.0,0.0,0.0,0.0,0.0,0.0,0.0,0.0,0.0,0.0,0.0,0.0,0.0,0.0,0.0,0.0,3.9265,5.0,4.5545,4.2515,5.0,0,0.0,0.2995516666666668
1168,0.0,0.0,0.0,0.0,0.0,0.0,0.0,0.0,0.0,0.0,0.0,0.0,0.0,0.0,0.0,0.0,0.0,0.0,0.0,0.0,0.0,0.0,0.0,0.0,0.0,0.0,0.0,0.0,0.0,0.0,0.0,0.0,0.0,0.0,0.0,0.0,0.0,0.0,0.0,0.0,0.0,0.0,0.0,0.0,0.0,0.0,0.0,0.0,0.0,0.0,0.0,0.0,0.0,0.0,0.0,0.0,0.0,0.0,0.0,0.0,0.0,0.0,0.0,0.0,0.0,0.0,0.0,0.0,0.0,0.0,0.0,0.0,0.0,0.0,0.0,0.05342,0.0,0.0,0.0,0.0,0.0,0.0,0.0,0.0,0.0,0.0,0.0,0.0,0.0,0.0,0.0,0.0,0.0,0.0,0.0,0.0,0.0,0.0,0.0,0.0,0.0,0.0,0.0,0.0,0.0,0.0,0.0,0.0,0.0,0.0,0.0,0.0,0.0,0.0,3.9275,5.0,4.5465,4.2485,5.0,0,0.0,0.32151000000000013
1169,0.0,0.0,0.0,0.0,0.0,0.0,0.0,0.0,0.0,0.0,0.0,0.0,0.0,0.0,0.0,0.0,0.0,0.0,0.0,0.0,0.0,0.0,0.0,0.0,0.0,0.0,0.0,0.0,0.0,0.0,0.0,0.0,0.0,0.0,0.0,0.0,0.0,0.0,0.0,0.0,0.0,0.0,0.0,0.0,0.0,0.0,0.0,0.0,0.0,0.0,0.0,0.0,0.0,0.0,0.0,0.0,0.0,0.0,0.0,0.0,0.0,0.0,0.0,0.0,0.0,0.0,0.0,0.0,0.0,0.0,0.0,0.0,0.0,0.0,0.0,0.04422,0.0,0.0,0.0,0.0,0.0,0.0,0.0,0.0,0.0,0.0,0.0,0.0,0.0,0.0,0.0,0.0,0.0,0.0,0.0,0.0,0.0,0.0,0.0,0.0,0.0,0.0,0.0,0.0,0.0,0.0,0.0,0.0,0.0,0.0,0.0,0.0,0.0,0.0,3.9245,5.0,4.5435,4.2545,5.0,0,0.0,0.3434683333333335
1170,0.0,0.0,0.0,0.0,0.0,0.0,0.0,0.0,0.0,0.0,0.0,0.0,0.0,0.0,0.0,0.0,0.0,0.0,0.0,0.0,0.0,0.0,0.0,0.0,0.0,0.0,0.0,0.0,0.0,0.0,0.0,0.0,0.0,0.0,0.0,0.0,0.0,0.0,0.0,0.0,0.0,0.0,0.0,0.0,0.0,0.0,0.0,0.0,0.0,0.0,0.0,0.0,0.0,0.0,0.0,0.0,0.0,0.0,0.0,0.0,0.0,0.0,0.0,0.0,0.0,0.0,0.0,0.0,0.0,0.0,0.0,0.0,0.0,0.0,0.0,0.03502,0.0,0.0,0.0,0.0,0.0,0.0,0.0,0.0,0.0,0.0,0.0,0.0,0.0,0.0,0.0,0.0,0.0,0.0,0.0,0.0,0.0,0.0,0.0,0.0,0.0,0.0,0.0,0.0,0.0,0.0,0.0,0.0,0.0,0.0,0.0,0.0,0.0,0.0,3.924,5.0,4.5285,4.2545,5.0,0,0.0,0.36542666666666684
1171,0.0,0.0,0.0,0.0,0.0,0.0,0.0,0.0,0.0,0.0,0.0,0.0,0.0,0.0,0.0,0.0,0.0,0.0,0.0,0.0,0.0,0.0,0.0,0.0,0.0,0.0,0.0,0.0,0.0,0.0,0.0,0.0,0.0,0.0,0.0,0.0,0.0,0.0,0.0,0.0,0.0,0.0,0.0,0.0,0.0,0.0,0.0,0.0,0.0,0.0,0.0,0.0,0.0,0.0,0.0,0.0,0.0,0.0,0.0,0.0,0.0,0.0,0.0,0.0,0.0,0.0,0.0,0.0,0.0,0.0,0.0,0.0,0.0,0.0,0.0,0.04723,0.0,0.0,0.0,0.0,0.0,0.0,0.0,0.0,0.0,0.0,0.0,0.0,0.0,0.0,0.0,0.0,0.0,0.0,0.0,0.0,0.0,0.0,0.0,0.0,0.0,0.0,0.0,0.0,0.0,0.0,0.0,0.0,0.0,0.0,0.0,0.0,0.0,0.0,3.924,5.0,4.5525,5.0,5.0,0,0.0,0.3873850000000002
1172,0.0,0.0,0.0,0.0,0.0,0.0,0.0,0.0,0.0,0.0,0.0,0.0,0.0,0.0,0.0,0.0,0.0,0.0,0.0,0.0,0.0,0.0,0.0,0.0,0.0,0.0,0.0,0.0,0.0,0.0,0.0,0.0,0.0,0.0,0.0,0.0,0.0,0.0,0.0,0.0,0.0,0.0,0.0,0.0,0.0,0.0,0.0,0.0,0.0,0.0,0.0,0.0,0.0,0.0,0.0,0.0,0.0,0.0,0.0,0.0,0.0,0.0,0.0,0.0,0.0,0.0,0.0,0.0,0.0,0.0,0.0,0.0,0.0,0.0,0.0,0.04847,0.0,0.0,0.0,0.0,0.0,0.0,0.0,0.0,0.0,0.0,0.0,0.0,0.0,0.0,0.0,0.0,0.0,0.0,0.0,0.0,0.0,0.0,0.0,0.0,0.0,0.0,0.0,0.0,0.0,0.0,0.0,0.0,0.0,0.0,0.0,0.0,0.0,0.0,3.9245,5.0,4.5505,4.2515,5.0,0,0.0,0.40934333333333345
1173,0.0,0.0,0.0,0.0,0.0,0.0,0.0,0.0,0.0,0.0,0.0,0.0,0.0,0.0,0.0,0.0,0.0,0.0,0.0,0.0,0.0,0.0,0.0,0.0,0.0,0.0,0.0,0.0,0.0,0.0,0.0,0.0,0.0,0.0,0.0,0.0,0.0,0.0,0.0,0.0,0.0,0.0,0.0,0.0,0.0,0.0,0.0,0.0,0.0,0.0,0.0,0.0,0.0,0.0,0.0,0.0,0.0,0.0,0.0,0.0,0.0,0.0,0.0,0.0,0.0,0.0,0.0,0.0,0.0,0.0,0.0,0.0,0.0,0.0,0.0,0.04528,0.0,0.0,0.0,0.0,0.0,0.0,0.0,0.0,0.0,0.0,0.0,0.0,0.0,0.0,0.0,0.0,0.0,0.0,0.0,0.0,0.0,0.0,0.0,0.0,0.0,0.0,0.0,0.0,0.0,0.0,0.0,0.0,0.0,0.0,0.0,0.0,0.0,0.0,3.931,5.0,4.5485,4.2565,5.0,0,0.0,0.4313016666666668
1174,0.0,0.0,0.0,0.0,0.0,0.0,0.0,0.0,0.0,0.0,0.0,0.0,0.0,0.0,0.0,0.0,0.0,0.0,0.0,0.0,0.0,0.0,0.0,0.0,0.0,0.0,0.0,0.0,0.0,0.0,0.0,0.0,0.0,0.0,0.0,0.0,0.0,0.0,0.0,0.0,0.0,0.0,0.0,0.0,0.0,0.0,0.0,0.0,0.0,0.0,0.0,0.0,0.0,0.0,0.0,0.0,0.0,0.0,0.0,0.0,0.0,0.0,0.0,0.0,0.0,0.0,0.0,0.0,0.0,0.0,0.0,0.0,0.0,0.0,0.0,0.05767,0.0,0.0,0.0,0.0,0.0,0.0,0.0,0.0,0.0,0.0,0.0,0.0,0.0,0.0,0.0,0.0,0.0,0.0,0.0,0.0,0.0,0.0,0.0,0.0,0.0,0.0,0.0,0.0,0.0,0.0,0.0,0.0,0.0,0.0,0.0,0.0,0.0,0.0,3.9235,5.0,4.5595,4.2555,5.0,0,0.0,0.4532600000000001
1175,0.0,0.0,0.0,0.0,0.0,0.0,0.0,0.0,0.0,0.0,0.0,0.0,0.0,0.0,0.0,0.0,0.0,0.0,0.0,0.0,0.0,0.0,0.0,0.0,0.0,0.0,0.0,0.0,0.0,0.0,0.0,0.0,0.0,0.0,0.0,0.0,0.0,0.0,0.0,0.0,0.0,0.0,0.0,0.0,0.0,0.0,0.0,0.0,0.0,0.0,0.0,0.0,0.0,0.0,0.0,0.0,0.02759,0.00035,0.0,0.0,0.05059,0.0,0.0,0.0,0.0,0.0,0.0,0.09517,0.09923,0.0,0.0,0.0,0.19811,0.00159,0.0,0.0,0.0,0.0,0.11763,0.11781,0.0,0.0,0.0,0.0,0.02547,0.14894,0.0,0.0,0.0,0.0941,0.14027,0.0,0.0,0.0,0.0,0.0,0.0,0.05236,0.0,0.0,0.02046,0.15731,0.0,0.0,0.0,0.0,0.0,0.0,0.0,0.03638,0.06179,0.0,0.0,0.0,4.0555,5.0,4.918,5.0,5.0,0,0.0,0.47521833333333346
1176,0.0,0.0,0.0,0.0,0.0,0.0,0.0,0.0,0.0,0.0,0.0,0.0,0.0,0.0,0.0,0.0,0.0,0.0,0.0,0.0,0.0,0.0,0.0,0.0,0.0,0.0,0.0,0.0,0.0,0.0,0.0,0.0,0.0,0.0,0.0,0.0,0.0,0.0,0.0,0.0,0.0,0.0,0.0,0.0,0.0,0.0,0.0,0.0,0.0,0.0,0.0,0.0,0.0,0.0,0.0,0.0,0.02813,0.0,0.0,0.0,0.04121,0.0,0.0,0.0,0.0,0.0,0.0,0.09558,0.10218,0.0,0.0,0.0,0.19404,0.00124,0.0,0.0,0.0,0.0,0.11728,0.1171,0.0,0.0,0.0,0.0,0.02229,0.14876,0.0,0.0,0.0,0.09387,0.13962,0.0,0.0,0.0,0.0,0.0,0.0,0.08031,0.0,0.0,0.01356,0.15908,0.0,0.0,0.0,0.0,0.0,0.0,0.0,0.00849,0.01468,0.0,0.0,0.0,4.0775,5.0,4.924,5.0,5.0,0,0.0,0.4971766666666668
1177,0.0,0.0,0.0,0.0,0.0,0.0,0.0,0.0,0.0,0.0,0.0,0.0,0.0,0.0,0.0,0.0,0.0,0.0,0.0,0.0,0.0,0.0,0.0,0.0,0.0,0.0,0.0,0.0,0.0,0.0,0.0,0.0,0.0,0.0,0.0,0.0,0.0,0.0,0.0,0.0,0.0,0.0,0.0,0.0,0.0,0.0,0.0,0.0,0.0,0.0,0.0,0.0,0.0,0.0,0.0,0.0,0.03272,0.0,0.0,0.0,0.04953,0.0,0.0,0.0,0.0,0.0,0.0,0.09351,0.09894,0.0,0.0,0.0,0.19316,0.00212,0.0,0.0,0.0,0.0,0.11781,0.1171,0.0,0.0,0.0,0.0,0.02406,0.10047,0.0,0.0,0.0,0.09534,0.13903,0.0,0.0,0.0,0.0,0.0,0.0,0.02229,0.0,0.0,0.02264,0.16415,0.0,0.0,0.0,0.0,0.0,0.0,0.0,0.03626,0.02246,0.0,0.0,0.0,4.1145,5.0,4.92,5.0,5.0,0,0.0,0.5191350000000001
1178,0.0,0.0,0.0,0.0,0.0,0.0,0.0,0.0,0.0,0.0,0.0,0.0,0.0,0.0,0.0,0.0,0.0,0.0,0.0,0.0,0.0,0.0,0.0,0.0,0.0,0.0,0.0,0.0,0.0,0.0,0.0,0.0,0.0,0.0,0.0,0.0,0.0,0.0,0.0,0.0,0.0,0.0,0.0,0.0,0.0,0.0,0.0,0.0,0.0,0.0,0.0,0.0,0.0,0.0,0.0,0.0,0.02989,0.0,0.0,0.0,0.04847,0.0,0.0,0.0,0.0,0.0,0.0,0.0954,0.10094,0.0,0.0,0.0,0.18608,0.00124,0.0,0.0,0.0,0.0,0.11763,0.11621,0.0,0.0,0.0,0.0,0.0214,0.09463,0.0,0.0,0.0,0.09463,0.13903,0.0,0.0,0.0,0.0,0.0,0.0,0.0612,0.0,0.0,0.02376,0.16268,0.0,0.0,0.0,0.0,0.0,0.0,0.0,0.02983,0.03101,0.0,0.0,0.0,4.0695,5.0,4.923,5.0,5.0,0,0.0,0.5410933333333334
1179,0.0,0.0,0.0,0.0,0.0,0.0,0.0,0.0,0.0,0.0,0.0,0.0,0.0,0.0,0.0,0.0,0.0,0.0,0.0,0.0,0.0,0.0,0.0,0.0,0.0,0.0,0.0,0.0,0.0,0.0,0.0,0.0,0.0,0.0,0.0,0.0,0.0,0.0,0.0,0.0,0.0,0.0,0.0,0.0,0.0,0.0,0.0,0.0,0.0,0.0,0.0,0.0,0.0,0.0,0.0,0.0,0.03921,0.00077,0.0,0.0,0.04404,0.0,0.0,0.0,0.0,0.0,0.0,0.09434,0.1036,0.0,0.0,0.0,0.18874,0.00142,0.0,0.0,0.0,0.0,0.11763,0.1148,0.0,0.0,0.0,0.0,0.02282,0.15124,0.0,0.0,0.0,0.09463,0.13903,0.0,0.0,0.0,0.0,0.0,0.0,0.14629,0.0,0.0,0.02081,0.15784,0.0,0.0,0.0,0.0,0.0,0.0,0.0,0.03986,0.01798,0.0,0.0,0.0,4.0945,5.0,4.919,5.0,5.0,0,0.0,0.6416580000000002
1180,0.0,0.0,0.0,0.0,0.0,0.0,0.0,0.0,0.0,0.0,0.0,0.0,0.0,0.0,0.0,0.0,0.0,0.0,0.0,0.0,0.0,0.0,0.0,0.0,0.0,0.0,0.0,0.0,0.0,0.0,0.0,0.0,0.0,0.0,0.0,0.0,0.0,0.0,0.0,0.0,0.0,0.0,0.0,0.0,0.0,0.0,0.0,0.0,0.0,0.0,0.0,0.0,0.0,0.0,0.0,0.0,0.03408,0.00077,0.0,0.0,0.05377,0.0,0.0,0.0,0.0,0.0,0.0,0.09458,0.09965,0.0,0.0,0.0,0.199,0.00159,0.0,0.0,0.0,0.0,0.11639,0.11922,0.0,0.0,0.0,0.0,0.02335,0.14381,0.0,0.0,0.0,0.09428,0.14116,0.0,0.0,0.0,0.0,0.0,0.0,0.08774,0.0,0.0,0.02541,0.16616,0.0,0.0,0.0,0.0,0.0,0.0,0.0,0.01515,0.04163,0.0,0.0,0.0,4.099,5.0,4.911,5.0,5.0,0,0.0,0.7370430000000001
1181,0.0,0.0,0.0,0.0,0.0,0.0,0.0,0.0,0.0,0.0,0.0,0.0,0.0,0.0,0.0,0.0,0.0,0.0,0.0,0.0,0.0,0.0,0.0,0.0,0.0,0.0,0.0,0.0,0.0,0.0,0.0,0.0,0.0,0.0,0.0,0.0,0.0,0.0,0.0,0.0,0.0,0.0,0.0,0.0,0.0,0.0,0.0,0.0,0.0,0.0,0.0,0.0,0.0,0.0,0.0,0.0,0.02618,0.0,0.0,0.0,0.05271,0.0,0.0,0.0,0.0,0.0,0.0,0.09558,0.10307,0.0,0.0,0.0,0.1967,0.00088,0.0,0.0,0.0,0.0,0.11816,0.11798,0.0,0.0,0.0,0.0,0.026,0.15725,0.0,0.0,0.0,0.09463,0.13974,0.0,0.0,0.0,0.0,0.0,0.0,0.07978,0.0,0.0,0.02217,0.1671,0.0,0.0,0.0,0.0,0.0,0.0,0.0,0.02494,0.04758,0.0,0.0,0.58501,4.0625,5.0,4.91,5.0,5.0,0,0.0,0.7442463333333335
1182,0.0,0.0,0.0,0.0,0.0,0.0,0.0,0.0,0.0,0.0,0.0,0.0,0.0,0.0,0.0,0.0,0.0,0.0,0.0,0.0,0.0,0.0,0.0,0.0,0.0,0.0,0.0,0.0,0.0,0.0,0.0,0.0,0.0,0.0,0.0,0.0,0.0,0.0,0.0,0.0,0.0,0.0,0.0,0.0,0.0,0.0,0.0,0.0,0.0,0.0,0.0,0.0,0.0,0.0,0.0,0.0,0.026,0.0,0.0,0.0,0.03538,0.0,0.0,0.0,0.0,0.0,0.0,0.09611,0.09281,0.0,0.0,0.0,0.18449,0.00142,0.0,0.0,0.0,0.0,0.11904,0.11533,0.0,0.0,0.0,0.0,0.02229,0.13373,0.0,0.0,0.0,0.09746,0.13779,0.0,0.0,0.0,0.0,0.0,0.0,0.13072,0.0,0.0,0.0194,0.16333,0.0,0.0,0.0,0.0,0.0,0.0,0.0,0.03779,0.04092,0.0,0.0,1.0,4.0625,5.0,4.898,5.0,5.0,0,0.0,0.6822360000000002
1183,0.0,0.0,0.0,0.0,0.0,0.0,0.0,0.0,0.0,0.0,0.0,0.0,0.0,0.0,0.0,0.0,0.0,0.0,0.0,0.0,0.0,0.0,0.0,0.0,0.0,0.0,0.0,0.0,0.0,0.0,0.0,0.0,0.0,0.0,0.0,0.0,0.0,0.0,0.0,0.0,0.0,0.0,0.0,0.0,0.0,0.0,0.0,0.0,0.0,0.0,0.0,0.0,0.0,0.0,0.0,0.0,0.03886,0.00271,0.0,0.0,0.05908,0.0,0.0,0.0,0.0,0.0,0.0,0.08597,0.1079,0.0,0.0,0.0,0.20236,0.00318,0.0,0.0,0.0,0.0,0.10825,0.12736,0.0,0.0,0.0,0.0,0.02246,0.1684,0.0,0.0,0.0,0.09888,0.13903,0.0,0.0,0.0,0.0,0.0,0.0,0.17353,0.0,0.0,0.03361,0.15867,0.0,0.0,0.0,0.0,0.0,0.0,0.0,0.05006,0.01521,0.0,0.0,0.99606,3.7385,4.958,4.802,5.0,5.0,0,0.0,0.6442925000000002
1184,0.0,0.0,0.0,0.0,0.0,0.0,0.0,0.0,0.0,0.0,0.0,0.0,0.0,0.0,0.0,0.0,0.0,0.0,0.0,0.0,0.0,0.0,0.0,0.0,0.0,0.0,0.0,0.0,0.0,0.0,0.0,0.0,0.0,0.0,0.0,0.0,0.0,0.0,0.0,0.0,0.0,0.0,0.0,0.0,0.0,0.0,0.0,0.0,0.0,0.0,0.0,0.0,0.0,0.0,0.0,0.0,0.01344,0.0,0.0,0.0,0.05784,0.0,0.0,0.0,0.0,0.0,0.0,0.08638,0.09776,0.0,0.0,0.0,0.20537,0.00831,0.0,0.0,0.0,0.0,0.09835,0.1339,0.0,0.0,0.0,0.0,0.01185,0.19351,0.0,0.0,0.0,0.10071,0.13614,0.0,0.0,0.0,0.0,0.0,0.0,0.18591,0.00035,0.0,0.05967,0.15047,0.0,0.0,0.0,0.0,0.0,0.0,0.0,0.00248,0.00248,0.0,0.0,0.57711,3.4545,4.846,4.713,5.0,5.0,0,0.0,0.5518095000000001
1185,0.0,0.0,0.0,0.0,0.0,0.0,0.0,0.0,0.0,0.0,0.0,0.0,0.0,0.0,0.0,0.0,0.0,0.0,0.0,0.0,0.0,0.0,0.0,0.0,0.0,0.0,0.0,0.0,0.0,0.0,0.0,0.0,0.0,0.0,0.0,0.0,0.0,0.0,0.0,0.0,0.0,0.0,0.0,0.0,0.0,0.0,0.0,0.0,0.0,0.0,0.0,0.0,0.0,0.0,0.0,0.0,0.01804,0.0,0.0,0.0,0.06244,0.0,0.0,0.0,0.0,0.0,0.0,0.08526,0.11197,0.0,0.0,0.0,0.18785,0.03042,0.0,0.0,0.0,0.0,0.08331,0.14912,0.0,0.0,0.0,0.0,0.00071,0.20713,0.0,0.0,0.0,0.08101,0.16344,0.0,0.0,0.0,0.0,0.0,0.0,0.14481,0.05737,0.0,0.05849,0.16474,0.0,0.0,0.0,0.0,0.0,0.0,0.0,0.0,0.07871,0.0,0.0,0.253,3.3945,4.5185,4.699,5.0,5.0,0,0.0,0.48857300000000004
1186,0.0,0.0,0.0,0.0,0.0,0.0,0.0,0.0,0.0,0.0,0.0,0.0,0.0,0.0,0.0,0.0,0.0,0.0,0.0,0.0,0.0,0.0,0.0,0.0,0.0,0.0,0.0,0.0,0.0,0.0,0.0,0.0,0.0,0.0,0.0,0.0,0.0,0.0,0.0,0.0,0.0,0.0,0.0,0.0,0.0,0.0,0.0,0.0,0.0,0.0,0.0,0.0,0.0,0.0,0.0,0.0,0.0283,0.0,0.0,0.0,0.05094,0.0,0.0,0.0,0.0,0.0,0.0,0.09057,0.11268,0.0,0.0,0.0,0.19794,0.02123,0.0,0.0,0.0,0.0,0.0796,0.14735,0.0,0.0,0.0,0.0,0.00212,0.20554,0.0,0.0,0.0,0.07476,0.16669,0.0,0.0,0.0,0.0,0.0,0.0,0.14015,0.05336,0.0,0.04528,0.17388,0.0,0.0,0.0,0.0,0.0,0.0,0.0,0.0,0.05147,0.0,0.0,0.0,3.7475,4.807,4.7,5.0,5.0,0,0.0,0.5375850000000001
1187,0.0,0.0,0.0,0.0,0.0,0.0,0.0,0.0,0.0,0.0,0.0,0.0,0.0,0.0,0.0,0.0,0.0,0.0,0.0,0.0,0.0,0.0,0.0,0.0,0.0,0.0,0.0,0.0,0.0,0.0,0.0,0.0,0.0,0.0,0.0,0.0,0.0,0.0,0.0,0.0,0.0,0.0,0.0,0.0,0.0,0.0,0.0,0.0,0.0,0.0,0.0,0.0,0.0,0.0,0.0,0.0,0.02246,0.0,0.0,0.0,0.05307,0.0,0.0,0.0,0.0,0.0,0.0,0.08774,0.11586,0.0,0.0,0.0,0.20643,0.01309,0.0,0.0,0.0,0.0,0.07871,0.15301,0.0,0.0,0.0,0.0,0.0069,0.20059,0.0,0.0,0.0,0.07211,0.17182,0.0,0.0,0.0,0.0,0.0,0.0,0.13432,0.04133,0.0,0.04133,0.17588,0.0,0.0,0.0,0.0,0.0,0.0,0.0,0.0,0.01663,0.0,0.0,0.0,3.7315,4.821,4.694,5.0,5.0,0,0.0,0.6869850000000001
1188,0.0,0.0,0.0,0.0,0.0,0.0,0.0,0.0,0.0,0.0,0.0,0.0,0.0,0.0,0.0,0.0,0.0,0.0,0.0,0.0,0.0,0.0,0.0,0.0,0.0,0.0,0.0,0.0,0.0,0.0,0.0,0.0,0.0,0.0,0.0,0.0,0.0,0.0,0.0,0.0,0.0,0.0,0.0,0.0,0.0,0.0,0.0,0.0,0.0,0.0,0.0,0.0,0.0,0.0,0.0,0.0,0.01875,0.0,0.0,0.0,0.05572,0.0,0.0,0.0,0.0,0.0,0.0,0.08614,0.11285,0.0,0.0,0.0,0.20625,0.01362,0.0,0.0,0.0,0.0,0.07836,0.15318,0.0,0.0,0.0,0.0,0.00654,0.20254,0.0,0.0,0.0,0.07412,0.1707,0.0,0.0,0.0,0.0,0.0,0.0,0.14546,0.05,0.0,0.04357,0.17506,0.0,0.0,0.0,0.0,0.0,0.0,0.0,0.0,0.049,0.0,0.0,0.0,3.6505,4.801,4.694,5.0,5.0,0,0.0,0.8079265
1189,0.0,0.0,0.0,0.0,0.0,0.0,0.0,0.0,0.0,0.0,0.0,0.0,0.0,0.0,0.0,0.0,0.0,0.0,0.0,0.0,0.0,0.0,0.0,0.0,0.0,0.0,0.0,0.0,0.0,0.0,0.0,0.0,0.0,0.0,0.0,0.0,0.0,0.0,0.0,0.0,0.0,0.0,0.0,0.0,0.0,0.0,0.0,0.0,0.0,0.0,0.0,0.0,0.0,0.0,0.0,0.0,0.02317,0.0,0.0,0.0,0.04882,0.0,0.0,0.0,0.0,0.0,0.0,0.0855,0.1089,0.0,0.0,0.0,0.20607,0.01468,0.0,0.0,0.0,0.0,0.07818,0.15142,0.0,0.0,0.0,0.0,0.00672,0.20501,0.0,0.0,0.0,0.0727,0.17229,0.0,0.0,0.0,0.0,0.0,0.0,0.14292,0.04882,0.0,0.04587,0.17736,0.0,0.0,0.0,0.0,0.0,0.0,0.0,0.0,0.0559,0.0,0.0,0.82217,3.6335,4.811,4.708,5.0,5.0,0,0.0,0.8769547799999999
1190,0.0,0.0,0.0,0.0,0.0,0.0,0.0,0.0,0.0,0.0,0.0,0.0,0.0,0.0,0.0,0.0,0.0,0.0,0.0,0.0,0.0,0.0,0.0,0.0,0.0,0.0,0.0,0.0,0.0,0.0,0.0,0.0,0.0,0.0,0.0,0.0,0.0,0.0,0.0,0.0,0.0,0.0,0.0,0.0,0.0,0.0,0.0,0.0,0.0,0.0,0.0,0.0,0.0,0.0,0.0,0.0,0.02317,0.0,0.0,0.0,0.04864,0.0,0.0,0.0,0.0,0.0,0.0,0.0839,0.11156,0.0,0.0,0.0,0.20696,0.01167,0.0,0.0,0.0,0.0,0.07783,0.15212,0.0,0.0,0.0,0.0,0.00814,0.19864,0.0,0.0,0.0,0.07058,0.17423,0.0,0.0,0.0,0.0,0.0,0.0,0.14835,0.05153,0.0,0.04805,0.18331,0.0,0.0,0.0,0.0,0.0,0.0,0.0,0.0,0.04688,0.0,0.0,1.0,4.0235,4.756,4.631,5.0,5.0,0,0.12379199999999999,0.9135401600000002
1191,0.0,0.0,0.0,0.0,0.0,0.0,0.0,0.0,0.0,0.0,0.0,0.0,0.0,0.0,0.0,0.0,0.0,0.0,0.0,0.0,0.0,0.0,0.0,0.0,0.0,0.0,0.0,0.0,0.0,0.0,0.0,0.0,0.0,0.0,0.0,0.0,0.0,0.0,0.0,0.0,0.0,0.0,0.0,0.0,0.0,0.0,0.0,0.0,0.0,0.0,0.0,0.0,0.0,0.0,0.0,0.0,0.02211,0.0,0.0,0.0,0.05873,0.0,0.0,0.0,0.0,0.0,0.0,0.0691,0.15607,0.0,0.0,0.0,0.20572,0.01185,0.0,0.0,0.0,0.0,0.05183,0.18662,0.0,0.0,0.0,0.0,0.00619,0.20926,0.0,0.0,0.0,0.02866,0.21439,0.0,0.0,0.0,0.0,0.0,0.0,0.14051,0.07565,0.0,0.01616,0.22164,0.00012,0.0,0.0,0.0,0.0,0.0,0.0,0.0,0.1477,0.0,0.0,1.0,4.1465,4.628,4.538,5.0,5.0,0,0.165052,0.9255037866666667
1192,0.0,0.0,0.0,0.0,0.0,0.0,0.0,0.0,0.0,0.0,0.0,0.0,0.0,0.0,0.0,0.0,0.0,0.0,0.0,0.0,0.0,0.0,0.0,0.0,0.0,0.0,0.0,0.0,0.0,0.0,0.0,0.0,0.0,0.0,0.0,0.0,0.0,0.0,0.0,0.0,0.0,0.0,0.0,0.0,0.0,0.0,0.0,0.0,0.0,0.0,0.0,0.0,0.0,0.0,0.0,0.0,0.01032,0.00206,0.0,0.0,0.00796,0.0,0.0,0.0,0.0,0.0,0.0,0.02706,0.18838,0.0,0.0,0.0,0.12223,0.08154,0.0,0.0,0.0,0.0,0.00478,0.22105,6e-05,0.0,0.0,0.0,0.0,0.21733,0.00094,0.0,0.0,0.0,0.21722,0.00937,0.0,0.0,0.0,0.0,0.0,0.02571,0.18603,0.0,0.0,0.17017,0.04988,0.0,0.0,0.0,0.0,0.0,0.0,0.0,0.11356,0.06209,0.0,0.45064,3.4255,4.0435,4.39,5.0,5.0,0,0.165052,0.9255037866666669
1193,0.0,0.0,0.0,0.0,0.0,0.0,0.0,0.0,0.0,0.0,0.0,0.0,0.0,0.0,0.0,0.0,0.0,0.0,0.0,0.0,0.0,0.0,0.0,0.0,0.0,0.0,0.0,0.0,0.0,0.0,0.0,0.0,0.0,0.0,0.0,0.0,0.0,0.0,0.0,0.0,0.0,0.0,0.0,0.0,0.0,0.0,0.0,0.0,0.0,0.0,0.0,0.0,0.0,0.0,0.0,0.0,0.00478,0.0,0.0,0.0,0.0,0.0,0.0,0.0,0.0,0.0,0.0,0.04705,0.16999,0.0,0.0,0.0,0.02476,0.14947,0.0,0.0,0.0,0.0,0.01645,0.21686,0.0,0.0,0.0,0.0,0.0,0.19228,0.02565,0.0,0.0,0.0,0.22447,0.00248,0.0,0.0,0.0,0.0,0.0,0.00088,0.21686,0.0,0.0,0.14369,0.04275,0.0,0.0,0.0,0.0,0.0,0.0,0.0,0.0691,0.11291,0.61896,0.23719,3.0755,3.867,4.371,5.0,5.0,0,0.165052,0.9255037866666669
1194,0.0,0.0,0.0,0.0,0.0,0.0,0.0,0.0,0.0,0.0,0.0,0.0,0.0,0.0,0.0,0.0,0.0,0.0,0.0,0.0,0.0,0.0,0.0,0.0,0.0,0.0,0.0,0.0,0.0,0.0,0.0,0.0,0.0,0.0,0.0,0.0,0.0,0.0,0.0,0.0,0.0,0.0,0.0,0.0,0.0,0.0,0.0,0.0,0.0,0.0,0.0,0.0,0.0,0.0,0.0,0.0,0.0,0.0,0.0,0.0,0.0,0.0,0.0,0.0,0.0,0.0,0.0,0.04906,0.15029,0.0,0.0,0.0,0.02795,0.10242,0.0,0.0,0.0,0.0,0.02123,0.21439,0.0,0.0,0.0,0.0,0.0,0.21445,0.00153,0.0,0.0,0.0,0.22465,0.00106,0.0,0.0,0.0,0.0,0.0,0.02252,0.19699,0.0,0.0,0.15525,0.0319,0.0,0.0,0.0,0.0,0.0,0.0,0.0,0.08667,0.10171,0.2063,0.44273,3.328,4.1235,4.374,5.0,5.0,0,0.165052,0.7900725066666667
1195,0.0,0.0,0.0,0.0,0.0,0.0,0.0,0.0,0.0,0.0,0.0,0.0,0.0,0.0,0.0,0.0,0.0,0.0,0.0,0.0,0.0,0.0,0.0,0.0,0.0,0.0,0.0,0.0,0.0,0.0,0.0,0.0,0.0,0.0,0.0,0.0,0.0,0.0,0.0,0.0,0.0,0.0,0.0,0.0,0.0,0.0,0.0,0.0,0.0,0.0,0.0,0.0,0.0,0.0,0.0,0.0,0.00566,0.0,0.0,0.0,0.0,0.00088,0.0,0.0,0.0,0.0,0.0,0.04941,0.15631,0.0,0.0,0.0,0.04847,0.10366,0.0,0.0,0.0,0.0,0.0207,0.21492,0.0,0.0,0.0,0.0,0.0,0.21338,0.00153,0.0,0.0,0.0,0.22465,0.00106,0.0,0.0,0.0,0.0,0.0,0.02217,0.19522,0.0,0.0,0.15088,0.03131,0.0,0.0,0.0,0.0,0.0,0.0,0.0,0.09505,0.09776,0.0,1.0,3.8835,4.378,4.364,5.0,5.0,0,0.041260000000000005,0.6878746266666668
1196,0.0,0.0,0.0,0.0,0.0,0.0,0.0,0.0,0.0,0.0,0.0,0.0,0.0,0.0,0.0,0.0,0.0,0.0,0.0,0.0,0.0,0.0,0.0,0.0,0.0,0.0,0.0,0.0,0.0,0.0,0.0,0.0,0.0,0.0,0.0,0.0,0.0,0.0,0.0,0.0,0.0,0.0,0.0,0.0,0.0,0.0,0.0,0.0,0.0,0.0,0.0,0.0,0.0,0.0,0.0,0.0,0.00289,0.00012,0.0,0.0,0.0,0.0,0.0,0.0,0.0,0.0,0.0,0.04858,0.15295,0.00029,0.0,0.0,0.10702,0.02759,0.0,0.0,0.0,0.0,0.02317,0.20926,0.0,0.0,0.0,0.0,0.00124,0.22235,0.0,0.0,0.0,0.00053,0.225,0.00053,0.0,0.0,0.0,0.0,0.0,0.06722,0.15071,0.0,0.0,0.17748,0.02471,0.0,0.0,0.0,0.0,0.0,0.0,0.0,0.13844,0.06675,0.0,1.0,3.8435,4.317,4.335,5.0,5.0,0,0.0,0.6110890000000001
1197,0.0,0.0,0.0,0.0,0.0,0.0,0.0,0.0,0.0,0.0,0.0,0.0,0.0,0.0,0.0,0.0,0.0,0.0,0.0,0.0,0.0,0.0,0.0,0.0,0.0,0.0,0.0,0.0,0.0,0.0,0.0,0.0,0.0,0.0,0.0,0.0,0.0,0.0,0.0,0.0,0.0,0.0,0.0,0.0,0.0,0.0,0.0,0.0,0.0,0.0,0.0,0.0,0.0,0.0,0.0,0.0,0.0,0.0,0.0,0.0,0.0,0.0,0.0,0.0,0.0,0.0,0.0,0.04941,0.09121,0.0,0.0,0.0,0.00442,0.03909,0.0,0.0,0.0,0.0,0.02989,0.19758,0.0,0.0,0.0,0.0,0.0,0.20554,0.0,0.0,0.0,0.00419,0.22718,0.0,0.0,0.0,0.0,0.0,0.0,0.09864,0.12034,0.0,0.0,0.1964,0.01232,0.0,0.0,0.0,0.0,0.0,0.0,0.0,0.1559,0.03868,0.0,0.20557,3.7845,4.239,4.7475,4.9785,5.0,0,0.0,0.5399500000000002
1198,0.0,0.0,0.0,0.0,0.0,0.0,0.0,0.0,0.0,0.0,0.0,0.0,0.0,0.0,0.0,0.0,0.0,0.0,0.0,0.0,0.0,0.0,0.0,0.0,0.0,0.0,0.0,0.0,0.0,0.0,0.0,0.0,0.0,0.0,0.0,0.0,0.0,0.0,0.0,0.0,0.0,0.0,0.0,0.0,0.0,0.0,0.0,0.0,0.0,0.0,0.0,0.0,0.0,0.0,0.0,0.0,0.0,0.0,0.0,0.0,0.0,0.0,0.0,0.0,0.0,0.0,0.0,0.0796,0.12754,0.0,0.0,0.0,0.0,0.00053,0.0,0.0,0.0,0.0,0.08491,0.1355,0.0,0.0,0.0,0.0,0.0,0.15159,0.0,0.0,0.0,0.04864,0.17565,0.0,0.0,0.0,0.0,0.0,0.0,0.10401,0.09605,0.0,0.0,0.1638,0.0,0.0,0.0,0.0,0.0,0.0,0.0,0.0,0.1411,0.0158,0.0,0.0,3.7235,4.2715,4.6605,4.9285,5.0,0,0.0,0.49806000000000006
1199,0.0,0.0,0.0,0.0,0.0,0.0,0.0,0.0,0.0,0.0,0.0,0.0,0.0,0.0,0.0,0.0,0.0,0.0,0.0,0.0,0.0,0.0,0.0,0.0,0.0,0.0,0.0,0.0,0.0,0.0,0.0,0.0,0.0,0.0,0.0,0.0,0.0,0.0,0.0,0.0,0.0,0.0,0.0,0.0,0.0,0.0,0.0,0.0,0.0,0.0,0.0,0.0,0.0,0.0,0.0,0.0,0.0,0.0,0.0,0.0,0.0,0.0,0.0,0.0,0.0,0.0,0.0,0.06126,0.10537,0.0,0.0,0.0,0.0,0.02583,0.0,0.0,0.0,0.0,0.07005,0.14558,0.0,0.0,0.0,0.0,0.0,0.11675,0.0,0.0,0.0,0.03614,0.19593,0.0,0.0,0.0,0.0,0.0,0.0,0.12288,0.08054,0.0,0.0,0.18149,0.0,0.0,0.0,0.0,0.0,0.0,0.0,0.0,0.14292,0.0,0.0,0.0,3.5985,4.2385,4.7225,4.9105,5.0,0,0.0,0.6569460000000001
1200,0.0,0.0,0.0,0.0,0.0,0.0,0.0,0.0,0.0,0.0,0.0,0.0,0.0,0.0,0.0,0.0,0.0,0.0,0.0,0.0,0.0,0.0,0.0,0.0,0.0,0.0,0.0,0.0,0.0,0.0,0.0,0.0,0.0,0.0,0.0,0.0,0.0,0.0,0.0,0.0,0.0,0.0,0.0,0.0,0.0,0.0,0.0,0.0,0.0,0.0,0.0,0.0,0.0,0.0,0.0,0.0,0.0,0.0,0.0,0.0,0.0,0.0,0.0,0.0,0.0,0.0,0.0,0.06215,0.09829,0.0,0.0,0.0,0.0,0.0214,0.0,0.0,0.0,0.0,0.07093,0.14522,0.0,0.0,0.0,0.0,0.0,0.15725,0.0,0.0,0.0,0.03508,0.19788,0.0,0.0,0.0,0.0,0.0,0.0,0.13331,0.07347,0.0,0.0,0.16875,0.0,0.0,0.0,0.0,0.0,0.0,0.0,0.0,0.16763,0.00024,0.0,0.0,3.6865,4.272,4.886,4.9075,5.0,0,0.0,0.786583
1201,0.0,0.0,0.0,0.0,0.0,0.0,0.0,0.0,0.0,0.0,0.0,0.0,0.0,0.0,0.0,0.0,0.0,0.0,0.0,0.0,0.0,0.0,0.0,0.0,0.0,0.0,0.0,0.0,0.0,0.0,0.0,0.0,0.0,0.0,0.0,0.0,0.0,0.0,0.0,0.0,0.0,0.0,0.0,0.0,0.0,0.0,0.0,0.0,0.0,0.0,0.0,0.0,0.0,0.0,0.0,0.0,0.0,0.0,0.0,0.0,0.0,0.0,0.0,0.0,0.0,0.0,0.0,0.06303,0.11686,0.0,0.0,0.0,0.0,0.0,0.0,0.0,0.0,0.0,0.07235,0.14522,0.0,0.0,0.0,0.0,0.0,0.12064,0.0,0.0,0.0,0.03514,0.19853,0.0,0.0,0.0,0.0,0.0,0.0,0.13314,0.0786,0.0,0.0,0.17777,0.0,0.0,0.0,0.0,0.0,0.0,0.0,0.0,0.1569,0.0,0.0,0.79055,3.6775,4.257,4.6875,4.8955,5.0,0,0.0,0.8371770000000002
1202,0.0,0.0,0.0,0.0,0.0,0.0,0.0,0.0,0.0,0.0,0.0,0.0,0.0,0.0,0.0,0.0,0.0,0.0,0.0,0.0,0.0,0.0,0.0,0.0,0.0,0.0,0.0,0.0,0.0,0.0,0.0,0.0,0.0,0.0,0.0,0.0,0.0,0.0,0.0,0.0,0.0,0.0,0.0,0.0,0.0,0.0,0.0,0.0,0.0,0.0,0.0,0.0,0.0,0.0,0.0,0.0,0.0,0.0,0.0,0.0,0.0,0.0,0.0,0.0,0.0,0.0,0.0,0.0602,0.11209,0.0,0.0,0.0,0.0,0.00071,0.0,0.0,0.0,0.0,0.07093,0.14629,0.0,0.0,0.0,0.0,0.0,0.1286,0.0,0.0,0.0,0.03685,0.19682,0.0,0.0,0.0,0.0,0.0,0.0,0.12022,0.07488,0.0,0.0,0.1783,0.0,0.0,0.0,0.0,0.0,0.0,0.0,0.0,0.12524,0.0,0.0,1.0,3.6955,4.2655,5.0,4.9195,5.0,0,0.0,0.9083160000000001
1203,0.0,0.0,0.0,0.0,0.0,0.0,0.0,0.0,0.0,0.0,0.0,0.0,0.0,0.0,0.0,0.0,0.0,0.0,0.0,0.0,0.0,0.0,0.0,0.0,0.0,0.0,0.0,0.0,0.0,0.0,0.0,0.0,0.0,0.0,0.0,0.0,0.0,0.0,0.0,0.0,0.0,0.0,0.0,0.0,0.0,0.0,0.0,0.0,0.0,0.0,0.0,0.0,0.0,0.0,0.0,0.0,0.0,0.0,0.0,0.0,0.0,0.0,0.0,0.0,0.0,0.0,0.0,0.04511,0.1217,0.0,0.0,0.0,0.0,0.00124,0.0,0.0,0.0,0.0,0.05501,0.17158,0.0,0.0,0.0,0.0,0.0,0.13815,0.0,0.0,0.0,0.0207,0.21545,0.0,0.0,0.0,0.0,0.0,0.0,0.14346,0.05483,0.0,0.0,0.19894,0.00165,0.0,0.0,0.0,0.0,0.0,0.0,0.0,0.18154,0.00047,0.0,1.0,4.0815,4.179,5.0,4.8465,5.0,0,0.0,0.950206
1204,0.0,0.0,0.0,0.0,0.0,0.0,0.0,0.0,0.0,0.0,0.0,0.0,0.0,0.0,0.0,0.0,0.0,0.0,0.0,0.0,0.0,0.0,0.0,0.0,0.0,0.0,0.0,0.0,0.0,0.0,0.0,0.0,0.0,0.0,0.0,0.0,0.0,0.0,0.0,0.0,0.0,0.0,0.0,0.0,0.0,0.0,0.0,0.0,0.0,0.0,0.0,0.0,0.0,0.0,0.0,0.0,0.0,0.0,0.0,0.0,0.0,0.0,0.0,0.0,0.0,0.0,0.0,0.01586,0.12989,0.00442,0.0,0.0,0.0,0.0,0.0,0.0,0.0,0.0,0.03998,0.19599,0.00071,0.0,0.0,0.0,0.0,0.0,0.0,0.0,0.0,0.02028,0.20631,0.0,0.0,0.0,0.0,0.0,0.0,0.07848,0.02111,0.0,0.0,0.15495,0.00088,0.0,0.0,0.0,0.0,0.0,0.0,0.00024,0.13243,0.0,0.0,0.75103,4.3115,4.091,5.0,4.8605,5.0,0,0.0,0.9335388533333335
1205,0.0,0.0,0.0,0.0,0.0,0.0,0.0,0.0,0.0,0.0,0.0,0.0,0.0,0.0,0.0,0.0,0.0,0.0,0.0,0.0,0.0,0.0,0.0,0.0,0.0,0.0,0.0,0.0,0.0,0.0,0.0,0.0,0.0,0.0,0.0,0.0,0.0,0.0,0.0,0.0,0.0,0.0,0.0,0.0,0.0,0.0,0.0,0.0,0.0,0.0,0.0,0.0,0.0,0.0,0.0,0.0,0.0,0.0,0.0,0.0,0.0,0.0,0.0,0.0,0.0,0.0,0.0,0.0,0.13561,0.02465,0.0,0.0,0.0,0.0,0.0,0.00177,0.0,0.0,0.01097,0.2079,0.02099,0.0,0.0,0.0,0.0,0.0,0.0,0.0,0.0,0.01574,0.22005,0.00354,0.0,0.0,0.0,0.0,0.0,0.0,0.0,0.0,0.0,0.20531,0.00289,0.0,0.0,0.0,0.0,0.0,0.0,0.0,0.0,0.0,0.0,1.0,4.2985,4.003,5.0,5.0,5.0,0,0.170744,0.9137726666666668
1206,0.0,0.0,0.0,0.0,0.0,0.0,0.0,0.0,0.0,0.0,0.0,0.0,0.0,0.0,0.0,0.0,0.0,0.0,0.0,0.0,0.0,0.0,0.0,0.0,0.0,0.0,0.0,0.0,0.0,0.0,0.0,0.0,0.0,0.0,0.0,0.0,0.0,0.0,0.0,0.0,0.0,0.0,0.0,0.0,0.0,0.0,0.0,0.0,0.0,0.0,0.0,0.0,0.0,0.0,0.0,0.0,0.0,0.0,0.0,0.0,0.0,0.0,0.0,0.0,0.0,0.0,0.0,0.0,0.06173,0.03626,0.0,0.0,0.0,0.0,0.0,0.0,0.0,0.0,0.0,0.16356,0.07771,0.0,0.0,0.0,0.0,0.0,0.01857,0.0,0.0,0.0,0.20731,0.03892,0.0,0.0,0.0,0.0,0.0,0.0,0.0,0.0,0.0,0.18396,0.03679,0.0,0.0,0.0,0.0,0.0,0.0,0.0,0.0,0.0,0.0,1.0,4.121,3.895,4.625,4.9435,5.0,0,0.350744,0.9430627733333334
1207,0.0,0.0,0.0,0.0,0.0,0.0,0.0,0.0,0.0,0.0,0.0,0.0,0.0,0.0,0.0,0.0,0.0,0.0,0.0,0.0,0.0,0.0,0.0,0.0,0.0,0.0,0.0,0.0,0.0,0.0,0.0,0.0,0.0,0.0,0.0,0.0,0.0,0.0,0.0,0.0,0.0,0.0,0.0,0.0,0.0,0.0,0.0,0.0,0.0,0.0,0.0,0.0,0.0,0.0,0.0,0.0,0.0,0.0,0.0,0.00195,0.0,0.0,0.0,0.0,0.0,0.0,0.0,0.0,0.0,0.1033,0.0,0.01787,0.0,0.0,0.0,0.0,0.0,0.0,0.0,0.05849,0.17877,0.02983,0.0,0.0,0.0,0.0,0.0,0.0,0.0,0.0,0.10985,0.14699,0.0,0.0,0.0,0.0,0.0,0.0,0.0,0.0,0.0,0.10218,0.12052,0.0,0.0,0.0,0.0,0.0,0.0,0.0,0.0,0.0,0.0,0.81426,3.98,3.834,4.5575,5.0,5.0,0,0.530744,0.9185752266666668
1208,0.0,0.0,0.0,0.0,0.0,0.0,0.0,0.0,0.0,0.0,0.0,0.0,0.0,0.0,0.0,0.0,0.0,0.0,0.0,0.0,0.0,0.0,0.0,0.0,0.0,0.0,0.0,0.0,0.0,0.0,0.0,0.0,0.0,0.0,0.0,0.0,0.0,0.0,0.0,0.0,0.0,0.0,0.0,0.0,0.0,0.0,0.0,0.0,0.0,0.0,0.0,0.0,0.0,0.0,0.0,0.0,0.0,0.0,0.0,0.0,0.0,0.0,0.0,0.0,0.0,0.0,0.0,0.0,0.0,0.02476,0.07382,0.06769,0.0,0.0,0.0,0.0,0.0,0.0,0.0,0.0,0.1395,0.12795,0.0,0.0,0.0,0.0,0.0,0.0,0.0,0.0,0.00442,0.2056,0.05389,0.0,0.0,0.0,0.0,0.0,0.0,0.0,0.0,0.01392,0.21675,0.01044,0.0,0.0,0.0,0.0,0.0,0.0,0.0,0.0,0.85372,0.64824,3.829,3.732,4.4785,4.814,5.0,0,0.710744,0.89600568
1209,0.0,0.0,0.0,0.0,0.0,0.0,0.0,0.0,0.0,0.0,0.0,0.0,0.0,0.0,0.0,0.0,0.0,0.0,0.0,0.0,0.0,0.0,0.0,0.0,0.0,0.0,0.0,0.0,0.0,0.0,0.0,0.0,0.0,0.0,0.0,0.0,0.0,0.0,0.0,0.0,0.0,0.0,0.0,0.0,0.0,0.0,0.0,0.0,0.0,0.0,0.0,0.0,0.0,0.0,0.0,0.0,0.0,0.0,0.0,0.0,0.0,0.0,0.0,0.0,0.0,0.0,0.0,0.0,0.0,0.0,0.09735,0.02417,0.0,0.0,0.0,0.0,0.0,0.0,0.0,0.0,0.10189,0.14558,0.00672,0.0,0.0,0.0,0.0,0.0,0.0,0.0,0.0,0.17146,0.09422,0.0,0.0,0.0,0.0,0.0,0.0,0.0,0.0,0.0,0.17211,0.04493,0.0,0.0,0.0,0.0,0.0,0.0,0.0,0.0,0.9,0.60872,3.642,4.1955,4.3845,5.0,5.0,0,0.8907440000000001,0.8892181066666668
1210,0.0,0.0,0.0,0.0,0.0,0.0,0.0,0.0,0.0,0.0,0.0,0.0,0.0,0.0,0.0,0.0,0.0,0.0,0.0,0.0,0.0,0.0,0.0,0.0,0.0,0.0,0.0,0.0,0.0,0.0,0.0,0.0,0.0,0.0,0.0,0.0,0.0,0.0,0.0,0.0,0.0,0.0,0.0,0.0,0.0,0.0,0.0,0.0,0.0,0.0,0.0,0.0,0.0,0.0,0.0,0.0,0.0,0.0,0.0,0.0,0.0,0.0,0.0,0.0,0.0,0.0,0.0,0.0,0.0,0.00531,0.1056,0.01486,0.0,0.0,0.0,0.0,0.0,0.0,0.0,0.0,0.1181,0.15413,0.00389,0.0,0.0,0.0,0.0,0.0,0.0,0.0,0.0,0.18219,0.07624,0.0,0.0,0.0,0.0,0.0,0.0,0.0,0.0,0.00094,0.20584,0.03432,0.0,0.0,0.0,0.0,0.0,0.0,0.0,0.0,0.9,0.39531,3.658,4.2405,4.3915,5.0,5.0,0,0.9,0.8903991466666668
1211,0.0,0.0,0.0,0.0,0.0,0.0,0.0,0.0,0.0,0.0,0.0,0.0,0.0,0.0,0.0,0.0,0.0,0.0,0.0,0.0,0.0,0.0,0.0,0.0,0.0,0.0,0.0,0.0,0.0,0.0,0.0,0.0,0.0,0.0,0.0,0.0,0.0,0.0,0.0,0.0,0.0,0.0,0.0,0.0,0.0,0.0,0.0,0.0,0.0,0.0,0.0,0.0,0.0,0.0,0.0,0.0,0.0,0.0,0.0,0.0,0.0,0.0,0.0,0.0,0.0,0.0,0.0,0.0,0.0,0.00195,0.11704,0.02447,0.0,0.0,0.0,0.0,0.0,0.0,0.0,0.0,0.1105,0.15572,0.00796,0.0,0.0,0.0,0.0,0.0,0.0,0.0,0.0,0.17435,0.08337,0.0,0.0,0.0,0.0,0.0,0.0,0.0,0.0,0.00024,0.1977,0.03909,0.0,0.0,0.0,0.0,0.0,0.0,0.0,0.0,0.9,0.49806,3.619,4.2245,4.415,5.0,5.0,0,0.9,0.9109030400000002
1212,0.0,0.0,0.0,0.0,0.0,0.0,0.0,0.0,0.0,0.0,0.0,0.0,0.0,0.0,0.0,0.0,0.0,0.0,0.0,0.0,0.0,0.0,0.0,0.0,0.0,0.0,0.0,0.0,0.0,0.0,0.0,0.0,0.0,0.0,0.0,0.0,0.0,0.0,0.0,0.0,0.0,0.0,0.0,0.0,0.0,0.0,0.0,0.0,0.0,0.0,0.0,0.0,0.0,0.0,0.0,0.0,0.0,0.0,0.0,0.0,0.0,0.0,0.0,0.0,0.0,0.0,0.0,0.0,0.0,0.00106,0.0681,0.0,0.0,0.0,0.0,0.0,0.0,0.0,0.0,0.0,0.1105,0.15059,0.00814,0.0,0.0,0.0,0.0,0.0,0.0,0.0,0.0,0.17571,0.08449,0.0,0.0,0.0,0.0,0.0,0.0,0.0,0.0,0.0,0.20041,0.04015,0.0,0.0,0.0,0.0,0.0,0.0,0.0,0.0,0.9,0.45064,3.657,4.2745,4.3775,5.0,5.0,0,0.9,0.9353905866666669
1213,0.0,0.0,0.0,0.0,0.0,0.0,0.0,0.0,0.0,0.0,0.0,0.0,0.0,0.0,0.0,0.0,0.0,0.0,0.0,0.0,0.0,0.0,0.0,0.0,0.0,0.0,0.0,0.0,0.0,0.0,0.0,0.0,0.0,0.0,0.0,0.0,0.0,0.0,0.0,0.0,0.0,0.0,0.0,0.0,0.0,0.0,0.0,0.0,0.0,0.0,0.0,0.0,0.0,0.0,0.0,0.0,0.0,0.0,0.0,0.0,0.0,0.0,0.0,0.0,0.0,0.0,0.0,0.0,0.0,0.00124,0.09764,0.00018,0.0,0.0,0.0,0.0,0.0,0.0,0.0,0.0,0.10778,0.14605,0.00778,0.0,0.0,0.0,0.0,0.0,0.0,0.0,0.0,0.17518,0.08467,0.0,0.0,0.0,0.0,0.0,0.0,0.0,0.0,6e-05,0.20195,0.0398,0.0,0.0,0.0,0.0,0.0,0.0,0.0,0.0,0.9,0.71151,3.638,4.2255,4.3855,5.0,5.0,0,0.9,0.9579601333333334
1214,0.0,0.0,0.0,0.0,0.0,0.0,0.0,0.0,0.0,0.0,0.0,0.0,0.0,0.0,0.0,0.0,0.0,0.0,0.0,0.0,0.0,0.0,0.0,0.0,0.0,0.0,0.0,0.0,0.0,0.0,0.0,0.0,0.0,0.0,0.0,0.0,0.0,0.0,0.0,0.0,0.0,0.0,0.0,0.0,0.0,0.0,0.0,0.0,0.0,0.0,0.0,0.0,0.0,0.0,0.0,0.0,0.0,0.0,0.0,0.0,0.0,0.0,0.0,0.0,0.0,0.0,0.0,0.0,0.0,0.00142,0.06173,0.0,0.0,0.0,0.0,0.0,0.0,0.0,0.0,0.0,0.11032,0.15236,0.00778,0.0,0.0,0.0,0.0,0.0,0.0,0.0,0.0,0.17205,0.08479,0.0,0.0,0.0,0.0,0.0,0.0,0.0,0.0,6e-05,0.19505,0.04086,0.0,0.0,0.0,0.0,0.0,0.0,0.0,0.0,0.9,1.0,3.624,4.1925,4.3715,5.0,5.0,0,0.9,0.9530903733333334
1215,0.0,0.0,0.0,0.0,0.0,0.0,0.0,0.0,0.0,0.0,0.0,0.0,0.0,0.0,0.0,0.0,0.0,0.0,0.0,0.0,0.0,0.0,0.0,0.0,0.0,0.0,0.0,0.0,0.0,0.0,0.0,0.0,0.0,0.0,0.0,0.0,0.0,0.0,0.0,0.0,0.0,0.0,0.0,0.0,0.0,0.0,0.0,0.0,0.0,0.0,0.0,0.0,0.0,0.0,0.0,0.0,0.0,0.0,0.0,0.0,0.0,0.0,0.0,0.0,0.0,0.0,0.0,0.0,0.0,0.00088,0.08933,0.0,0.0,0.0,0.0,0.0,0.0,0.0,0.0,0.0,0.1066,0.15165,0.01061,0.0,0.0,0.0,0.0,0.0,0.0,0.0,0.0,0.17276,0.08143,0.0,0.0,0.0,0.0,0.0,0.0,0.0,0.0,0.0,0.19758,0.04316,0.0,0.0,0.0,0.0,0.0,0.0,0.0,0.0,0.9,1.0,3.666,5.0,4.3625,5.0,5.0,0,0.9,0.9527952533333336
1216,0.0,0.0,0.0,0.0,0.0,0.0,0.0,0.0,0.0,0.0,0.0,0.0,0.0,0.0,0.0,0.0,0.0,0.0,0.0,0.0,0.0,0.0,0.0,0.0,0.0,0.0,0.0,0.0,0.0,0.0,0.0,0.0,0.0,0.0,0.0,0.0,0.0,0.0,0.0,0.0,0.0,0.0,0.0,0.0,0.0,0.0,0.0,0.0,0.0,0.0,0.0,0.0,0.0,0.0,0.0,0.0,0.0,0.0,0.0,0.0,0.0,0.0,0.0,0.0,0.0,0.0,0.0,0.0,0.0,0.00177,0.11504,0.03638,0.0,0.0,0.0,0.0,0.0,0.0,0.0,0.0,0.11368,0.15749,0.01044,0.0,0.0,0.0,0.0,0.0,0.0,0.0,0.0,0.18249,0.07594,0.0,0.0,0.0,0.0,0.0,0.0,0.0,0.0,0.00029,0.20312,0.03626,0.0,0.0,0.0,0.0,0.0,0.0,0.0,0.0,0.9,1.0,3.5845,4.314,4.6535,5.0,5.0,0,0.9,0.9527952533333336
1217,0.0,0.0,0.0,0.0,0.0,0.0,0.0,0.0,0.0,0.0,0.0,0.0,0.0,0.0,0.0,0.0,0.0,0.0,0.0,0.0,0.0,0.0,0.0,0.0,0.0,0.0,0.0,0.0,0.0,0.0,0.0,0.0,0.0,0.0,0.0,0.0,0.0,0.0,0.0,0.0,0.0,0.0,0.0,0.0,0.0,0.0,0.0,0.0,0.0,0.0,0.0,0.0,0.0,0.0,0.0,0.0,0.0,0.0,0.0,0.0,0.0,0.0,0.0,0.0,0.0,0.0,0.0,0.0,0.0,0.00814,0.13443,0.03538,0.0,0.0,0.0,0.0,0.0,0.0,0.0,0.0,0.12364,0.15937,0.00301,0.0,0.0,0.0,0.0,0.0,0.0,0.0,0.00177,0.20053,0.06392,0.0,0.0,0.0,0.0,0.0,0.0,0.0,0.0,0.00525,0.2217,0.01557,0.0,0.0,0.0,0.0,0.0,0.0,0.0,0.0,0.9,0.18976,3.582,4.1105,5.0,5.0,5.0,0,0.9,0.9527952533333336
1218,0.0,0.0,0.0,0.0,0.0,0.0,0.0,0.0,0.0,0.0,0.0,0.0,0.0,0.0,0.0,0.0,0.0,0.0,0.0,0.0,0.0,0.0,0.0,0.0,0.0,0.0,0.0,0.0,0.0,0.0,0.0,0.0,0.0,0.0,0.0,0.0,0.0,0.0,0.0,0.0,0.0,0.0,0.0,0.0,0.0,0.0,0.0,0.0,0.0,0.0,0.0,0.0,0.0,0.0,0.0,0.0,0.0,0.0,0.0,0.0,0.0,0.0,0.0,0.0,0.0,0.0,0.0,0.0,0.0,0.05271,0.12294,0.0,0.0,0.0,0.0,0.0,0.0,0.0,0.0,0.0,0.15708,0.12895,0.0,0.0,0.0,0.0,0.0,0.0,0.0,0.0,0.0184,0.21061,0.03614,0.0,0.0,0.0,0.0,0.0,0.0,0.0,0.0,0.02653,0.20183,0.00071,0.0,0.0,0.0,0.0,0.0,0.0,0.0,0.0,0.9,0.6957,3.608,4.2565,4.5995,5.0,5.0,0,0.9,0.9527952533333336
1219,0.0,0.0,0.0,0.0,0.0,0.0,0.0,0.0,0.0,0.0,0.0,0.0,0.0,0.0,0.0,0.0,0.0,0.0,0.0,0.0,0.0,0.0,0.0,0.0,0.0,0.0,0.0,0.0,0.0,0.0,0.0,0.0,0.0,0.0,0.0,0.0,0.0,0.0,0.0,0.0,0.0,0.0,0.0,0.0,0.0,0.0,0.0,0.0,0.0,0.0,0.0,0.0,0.0,0.0,0.0,0.0,0.0,0.0,0.0,0.0,0.0,0.0,0.0,0.0,0.0,0.0,0.0,0.0,0.0,0.03485,0.14646,0.0,0.0,0.0,0.0,0.0,0.0,0.0,0.0,0.0,0.14133,0.14363,0.0,0.0,0.0,0.0,0.0,0.0,0.0,0.0,0.00991,0.2056,0.05248,0.0,0.0,0.0,0.0,0.0,0.0,0.0,0.0,0.0191,0.21633,0.00495,0.0,0.0,0.0,0.0,0.0,0.0,0.0,0.0,0.9,1.0,3.4385,4.2565,4.5935,5.0,5.0,0,0.72,0.9811197333333335
1220,0.0,0.0,0.0,0.0,0.0,0.0,0.0,0.0,0.0,0.0,0.0,0.0,0.0,0.0,0.0,0.0,0.0,0.0,0.0,0.0,0.0,0.0,0.0,0.0,0.0,0.0,0.0,0.0,0.0,0.0,0.0,0.0,0.0,0.0,0.0,0.0,0.0,0.0,0.0,0.0,0.0,0.0,0.0,0.0,0.0,0.0,0.0,0.0,0.0,0.0,0.0,0.0,0.0,0.0,0.0,0.0,0.0,0.0,0.0,0.0,0.0,0.0,0.0,0.0,0.0,0.0,0.0,0.0,0.0,0.03927,0.13532,0.0,0.0,0.0,0.0,0.0,0.0,0.0,0.0,0.0,0.13284,0.14257,0.0,0.0,0.0,0.0,0.0,0.0,0.0,0.0,0.00566,0.2013,0.05979,0.0,0.0,0.0,0.0,0.0,0.0,0.0,0.0,0.0207,0.20784,0.00902,0.0,0.0,0.0,0.0,0.0,0.0,0.0,0.0,0.9,1.0,3.544,4.196,5.0,5.0,5.0,0,0.54,1.0
1221,0.0,0.0,0.0,0.0,0.0,0.0,0.0,0.0,0.0,0.0,0.0,0.0,0.0,0.0,0.0,0.0,0.0,0.0,0.0,0.0,0.0,0.0,0.0,0.0,0.0,0.0,0.0,0.0,0.0,0.0,0.0,0.0,0.0,0.0,0.0,0.0,0.0,0.0,0.0,0.0,0.0,0.0,0.0,0.0,0.0,0.0,0.0,0.0,0.0,0.0,0.0,0.0,0.0,0.0,0.0,0.0,0.0,0.0,0.0,0.0,0.0,0.0,0.0,0.0,0.0,0.0,0.0,0.0,0.0,0.0911,0.02724,0.0,0.0,0.0,0.0,0.0,0.0,0.0,0.0,0.0,0.14245,0.11085,0.0,0.0,0.0,0.0,0.0,0.0,0.0,0.0,0.00371,0.20041,0.05784,0.0,0.0,0.0,0.0,0.0,0.0,0.0,0.0,0.01032,0.21327,0.01044,0.0,0.0,0.0,0.0,0.0,0.0,0.0,0.0,0.9,1.0,3.5765,4.7155,5.0,5.0,5.0,0,0.36,1.0
1222,0.0,0.0,0.0,0.0,0.0,0.0,0.0,0.0,0.0,0.0,0.0,0.0,0.0,0.0,0.0,0.0,0.0,0.0,0.0,0.0,0.0,0.0,0.0,0.0,0.0,0.0,0.0,0.0,0.0,0.0,0.0,0.0,0.0,0.0,0.0,0.0,0.0,0.0,0.0,0.0,0.0,0.0,0.0,0.0,0.0,0.0,0.0,0.0,0.0,0.0,0.0,0.0,0.0,0.0,0.0,0.0,0.0,0.0,0.0,0.0,0.0,0.0,0.0,0.0,0.0,0.0,0.0,0.0,0.02087,0.02193,0.0,0.0,0.0,0.0,0.0,0.0,0.0,0.0,0.0,0.00578,0.21639,0.0,0.0,0.0,0.0,0.0,0.0,0.0,0.0,0.0,0.01539,0.22453,0.01002,0.0,0.0,0.0,0.0,0.0,0.0,0.0,0.0,0.03084,0.21274,0.00265,0.0,0.0,0.0,0.0,0.0,0.0,0.0,0.0,0.0,0.0,4.054,4.114,4.814,4.4855,5.0,0,0.18,1.0
1223,0.0,0.0,0.0,0.0,0.0,0.0,0.0,0.0,0.0,0.0,0.0,0.0,0.0,0.0,0.0,0.0,0.0,0.0,0.0,0.0,0.0,0.0,0.0,0.0,0.0,0.0,0.0,0.0,0.0,0.0,0.0,0.0,0.0,0.0,0.0,0.0,0.0,0.0,0.0,0.0,0.0,0.0,0.0,0.0,0.0,0.0,0.0,0.0,0.0,0.0,0.0,0.0,0.0,0.0,0.0,0.0,0.0,0.0,0.0,0.0,0.0,0.0,0.0,0.0,0.0,0.0,0.0,0.0,0.0,0.0,0.0,0.0,0.0,0.0,0.0,0.0,0.0,0.0,0.0,0.09864,0.00643,0.0,0.0,0.0,0.0,0.0,0.0,0.0,0.0,0.0,0.07252,0.16433,0.0,0.0,0.0,0.0,0.0,0.0,0.0,0.0,0.0,0.04988,0.17512,0.0,0.0,0.0,0.0,0.0,0.0,0.0,0.0,0.0,0.0,0.0,4.0925,5.0,4.8055,4.3625,4.3045,0,0.0,1.0
1224,0.0,0.0,0.0,0.0,0.0,0.0,0.0,0.0,0.0,0.0,0.0,0.0,0.0,0.0,0.0,0.0,0.0,0.0,0.0,0.0,0.0,0.0,0.0,0.0,0.0,0.0,0.0,0.0,0.0,0.0,0.0,0.0,0.0,0.0,0.0,0.0,0.0,0.0,0.0,0.0,0.0,0.0,0.0,0.0,0.0,0.0,0.0,0.0,0.0,0.0,0.0,0.0,0.0,0.0,0.0,0.0,0.0,0.0,0.0,0.0,0.0,0.0,0.0,0.0,0.0,0.0,0.0,0.0,0.0,0.0,0.0,0.0,0.0,0.0,0.0,0.0,0.0,0.0,0.0,0.08709,0.00985,0.0,0.0,0.0,0.0,0.0,0.0,0.0,0.0,0.0,0.05908,0.17423,0.0,0.0,0.0,0.0,0.0,0.0,0.0,0.0,0.0,0.03968,0.18567,0.0,0.0,0.0,0.0,0.0,0.0,0.0,0.0,0.0,0.0,1.0,4.0905,5.0,4.7995,4.4065,5.0,0,0.0,1.0
1225,0.0,0.0,0.0,0.0,0.0,0.0,0.0,0.0,0.0,0.0,0.0,0.0,0.0,0.0,0.0,0.0,0.0,0.0,0.0,0.0,0.0,0.0,0.0,0.0,0.0,0.0,0.0,0.0,0.0,0.0,0.0,0.0,0.0,0.0,0.0,0.0,0.0,0.0,0.0,0.0,0.0,0.0,0.0,0.0,0.0,0.0,0.0,0.0,0.0,0.0,0.0,0.0,0.0,0.0,0.0,0.0,0.0,0.0,0.0,0.0,0.0,0.0,0.0,0.0,0.0,0.0,0.0,0.0,0.0,0.0,0.0,0.0,0.0,0.0,0.0,0.0,0.0,0.0,0.0,0.03042,0.0,0.0,0.0,0.0,0.0,0.0,0.0,0.0,0.0,0.0,0.03927,0.17547,0.0,0.0,0.0,0.0,0.0,0.0,0.0,0.0,0.0,0.00478,0.21651,0.0,0.0,0.0,0.0,0.0,0.0,0.0,0.0,0.0,0.0,1.0,4.0125,5.0,4.7915,5.0,5.0,0,0.0,1.0
1226,0.0,0.0,0.0,0.0,0.0,0.0,0.0,0.0,0.0,0.0,0.0,0.0,0.0,0.0,0.0,0.0,0.0,0.0,0.0,0.0,0.0,0.0,0.0,0.0,0.0,0.0,0.0,0.0,0.0,0.0,0.0,0.0,0.0,0.0,0.0,0.0,0.0,0.0,0.0,0.0,0.0,0.0,0.0,0.0,0.0,0.0,0.0,0.0,0.0,0.0,0.0,0.0,0.0,0.0,0.0,0.0,0.0,0.0,0.0,0.0,0.0,0.0,0.0,0.0,0.0,0.0,0.0,0.00177,0.0,0.0,0.0,0.0,0.0,0.0,0.0,0.0,0.0,0.0,0.0,0.0,0.0,0.0,0.0,0.0,0.0,0.0,0.0,0.0,0.0,0.0,0.01256,0.10153,0.0,0.0,0.0,0.0,0.0,0.0,0.0,0.0,0.0,0.0,0.1921,0.0023,0.0,0.0,0.0,0.0,0.0,0.0,0.0,0.0,0.0,1.0,4.2975,5.0,4.7165,5.0,5.0,0,-0.18,1.0
1227,0.0,0.0,0.0,0.0,0.0,0.0,0.0,0.0,0.0,0.0,0.0,0.0,0.0,0.0,0.0,0.0,0.0,0.0,0.0,0.0,0.0,0.0,0.0,0.0,0.0,0.0,0.0,0.0,0.0,0.0,0.0,0.0,0.0,0.0,0.0,0.0,0.0,0.0,0.0,0.0,0.0,0.0,0.0,0.0,0.0,0.0,0.0,0.0,0.0,0.0,0.0,0.0,0.0,0.0,0.0,0.0,0.0,0.0,0.0,0.0,0.0,0.0,0.0,0.0,0.0,0.0,0.00177,0.0,0.0,0.0,0.0,0.0,0.0,0.0,0.0,0.0,0.0,0.0,0.0,0.0,0.0,0.0,0.0,0.0,0.0,0.0,0.0,0.0,0.0,0.0,0.0,0.0,0.0,0.0,0.0,0.0,0.0,0.0,0.0,0.0,0.0,0.0,0.0023,0.0,0.0,0.0,0.0,0.0,0.0,0.0,0.0,0.0,0.0,1.0,3.897,5.0,4.5315,5.0,5.0,0,-0.36,1.0
1228,0.0,0.0,0.0,0.0,0.0,0.0,0.0,0.0,0.0,0.0,0.0,0.0,0.0,0.0,0.0,0.0,0.0,0.0,0.0,0.0,0.0,0.0,0.0,0.0,0.0,0.0,0.0,0.0,0.0,0.0,0.0,0.0,0.0,0.0,0.0,0.0,0.0,0.0,0.0,0.0,0.0,0.0,0.0,0.0,0.0,0.0,0.0,0.0,0.0,0.0,0.0,0.0,0.0,0.0,0.0,0.0,0.0,0.0,0.0,0.0,0.0,0.0,0.0,0.0,0.0,0.0046,0.0,0.0,0.0,0.0,0.0,0.0,0.0,0.0,0.0,0.0,0.0,0.0,0.0,0.0,0.0,0.0,0.0,0.0,0.0,0.0,0.0,0.0,0.0,0.0,0.0,0.0,0.0,0.0,0.0,0.0,0.0,0.0,0.0,0.0,0.0,0.0,0.0,0.0,0.0,0.0,0.0,0.0,0.0,0.0,0.0,0.0,0.0,1.0,3.8095,5.0,4.4205,5.0,5.0,0,-0.54,1.0
1229,0.0,0.0,0.0,0.0,0.0,0.0,0.0,0.0,0.0,0.0,0.0,0.0,0.0,0.0,0.0,0.0,0.0,0.0,0.0,0.0,0.0,0.0,0.0,0.0,0.0,0.0,0.0,0.0,0.0,0.0,0.0,0.0,0.0,0.0,0.0,0.0,0.0,0.0,0.0,0.0,0.0,0.0,0.0,0.0,0.0,0.0,0.0,0.0,0.0,0.0,0.0,0.0,0.0,0.0,0.0,0.0,0.0,0.0,0.0,0.0,0.0,0.0,0.0,0.0,0.0,0.0,0.0,0.0,0.0,0.0,0.0,0.0,0.0,0.0,0.0,0.0,0.0,0.0,0.0,0.0,0.0,0.0,0.0,0.0,0.0,0.0,0.0,0.0,0.0,0.0,0.0,0.0,0.0,0.0,0.0,0.0,0.0,0.0,0.0,0.0,0.0,0.0,0.0,0.0,0.0,0.0,0.0,0.0,0.0,0.0,0.0,0.0,-0.9,1.0,3.7185,5.0,4.2845,5.0,5.0,0,-0.54,0.9966989411764706
1230,0.0,0.0,0.0,0.0,0.0,0.0,0.0,0.0,0.0,0.0,0.0,0.0,0.0,0.0,0.0,0.0,0.0,0.0,0.0,0.0,0.0,0.0,0.0,0.0,0.0,0.0,0.0,0.0,0.0,0.0,0.0,0.0,0.0,0.0,0.0,0.0,0.0,0.0,0.0,0.0,0.0,0.0,0.0,0.0,0.0,0.0,0.0,0.0,0.0,0.0,0.0,0.0,0.0,0.0,0.0,0.0,0.0,0.0,0.0,0.0,0.0,0.0,0.0,0.0,0.0,0.0,0.0,0.0,0.0,0.0,0.0,0.0,0.0,0.0,0.0,0.0,0.0,0.0,0.0,0.0,0.0,0.0,0.0,0.0,0.0,0.0,0.0,0.0,0.0,0.0,0.0,0.0,0.0,0.0,0.0,0.0,0.0,0.0,0.0,0.0,0.0,0.0,0.0,0.0,0.0,0.0,0.0,0.0,0.0,0.0,0.0,0.0,-0.9,1.0,3.493,3.684,4.9435,4.2505,3.7575,0,-0.54,0.9900968235294119
1231,0.0,0.0,0.0,0.0,0.0,0.0,0.0,0.0,0.0,0.0,0.0,0.0,0.0,0.0,0.0,0.0,0.0,0.0,0.0,0.0,0.0,0.0,0.0,0.0,0.0,0.0,0.0,0.0,0.0,0.0,0.0,0.0,0.0,0.0,0.0,0.0,0.0,0.0,0.0,0.0,0.0,0.0,0.0,0.0,0.0,0.0,0.0,0.0,0.0,0.0,0.0,0.0,0.0,0.0,0.0,0.0,0.0,0.0,0.0,0.0,0.0,0.0,0.0,0.0,0.0,0.0,0.0,0.0,0.02742,0.16079,0.01061,0.0,0.0,0.0,0.0,0.0,0.0,0.0,0.0,0.0,0.0,0.00142,0.1635,0.12588,0.0,0.0,0.0,0.0,0.0,0.0,0.0,0.0,0.0,0.0,0.0,0.03402,0.08396,0.0,0.0,0.0,0.0,0.0,0.0,0.0,0.0,0.0,0.0,0.0,0.0,0.0,0.0,0.0,-0.9,1.0,3.214,3.384,3.555,3.9975,3.6895,0,-0.36000000000000004,0.9801936470588236
1232,0.0,0.0,0.0,0.0,0.0,0.0,0.0,0.0,0.0,0.0,0.0,0.0,0.0,0.0,0.0,0.0,0.0,0.0,0.0,0.0,0.0,0.0,0.0,0.0,0.0,0.0,0.0,0.0,0.0,0.0,0.0,0.0,0.0,0.0,0.0,0.0,0.0,0.0,0.0,0.0,0.0,0.0,0.0,0.0,0.0,0.0,0.0,0.0,0.0,0.0,0.0,0.0,0.0,0.0,0.0,0.0,0.0,0.0,0.0,0.0,0.0,0.0,0.0,0.0,0.0,0.0,0.0,0.0,0.0,0.0,0.16952,0.0079,0.0,0.0,0.0,0.0,0.0,0.0,0.0,0.0,0.0,0.0,0.00466,0.21857,0.01203,0.0,0.0,0.0,0.0,0.0,0.0,0.0,0.0,0.0,0.0,0.00324,0.21787,0.01804,0.0,0.0,0.0,0.0,0.0,0.0,0.0,0.0,0.0,0.0,0.00106,0.15708,0.00884,0.0,0.0,0.0,3.109,5.0,3.2345,5.0,3.8575,0,-0.18,0.966989411764706
1233,0.0,0.0,0.0,0.0,0.0,0.0,0.0,0.0,0.0,0.0,0.0,0.0,0.0,0.0,0.0,0.0,0.0,0.0,0.0,0.0,0.0,0.0,0.0,0.0,0.0,0.0,0.0,0.0,0.0,0.0,0.0,0.0,0.0,0.0,0.0,0.0,0.0,0.0,0.0,0.0,0.0,0.0,0.0,0.0,0.0,0.0,0.0,0.0,0.0,0.0,0.0,0.0,0.0,0.0,0.0,0.0,0.0,0.0,0.0,0.00371,0.0,0.0,0.0,0.0,0.0,0.0,0.0,0.0,0.0,0.0,0.0,0.12081,0.11515,0.0,0.0,0.0,0.0,0.0,0.0,0.0,0.0,0.0,0.0,0.0,0.13603,0.09552,0.0,0.0,0.0,0.0,0.0,0.0,0.0,0.0,0.0,0.0,0.0,0.19452,0.03986,0.0,0.0,0.0,0.0,0.0,0.0,0.0,0.0,0.0,0.0,0.0,0.21751,0.00643,0.0,0.0,3.046,4.3185,3.1455,5.0,5.0,0,0.0,0.950484117647059
1234,0.0,0.0,0.0,0.0,0.0,0.0,0.0,0.0,0.0,0.0,0.0,0.0,0.0,0.0,0.0,0.0,0.0,0.0,0.0,0.0,0.0,0.0,0.0,0.0,0.0,0.0,0.0,0.0,0.0,0.0,0.0,0.0,0.0,0.0,0.0,0.0,0.0,0.0,0.0,0.0,0.0,0.0,0.0,0.0,0.0,0.0,0.0,0.0,0.0,0.0,0.0,0.0,0.0,0.0,0.0,0.0,0.0,0.0,0.0,0.00212,0.0,0.0,0.0,0.0,0.0,0.0,0.0,0.0,0.0,0.0,0.0,0.08732,0.13962,0.0,0.0,0.0,0.0,0.0,0.0,0.0,0.0,0.0,0.0,0.0,0.04847,0.18909,0.0,0.0,0.0,0.0,0.0,0.0,0.0,0.0,0.0,0.0,0.0,0.09923,0.12789,0.0,0.0,0.0,0.0,0.0,0.0,0.0,0.0,0.0,0.0,0.0,0.10478,0.01197,0.0,0.0,3.065,4.3125,3.1555,5.0,5.0,0,0.0,0.9339788235294119
1235,0.0,0.0,0.0,0.0,0.0,0.0,0.0,0.0,0.0,0.0,0.0,0.0,0.0,0.0,0.0,0.0,0.0,0.0,0.0,0.0,0.0,0.0,0.0,0.0,0.0,0.0,0.0,0.0,0.0,0.0,0.0,0.0,0.0,0.0,0.0,0.0,0.0,0.0,0.0,0.0,0.0,0.0,0.0,0.0,0.0,0.0,0.0,0.0,0.0,0.0,0.0,0.0,0.0,0.0,0.0,0.0,0.0,0.0,0.0,0.00071,0.0,0.0,0.0,0.0,0.0,0.0,0.0,0.0,0.0,0.0,0.0,0.1135,0.11397,0.0,0.0,0.0,0.0,0.0,0.0,0.0,0.0,0.0,0.0,0.0,0.07341,0.16008,0.0,0.0,0.0,0.00177,0.00301,0.0,0.0,0.0,0.0,0.0,0.0,0.12046,0.10631,0.0,0.0,0.0,0.0,0.0,0.0,0.0,0.0,0.0,0.0,0.0,0.02954,0.00654,0.0,0.0,3.051,4.292,3.1555,3.4105,5.0,0,0.0,0.917473529411765
1236,0.0,0.0,0.0,0.0,0.0,0.0,0.0,0.0,0.0,0.0,0.0,0.0,0.0,0.0,0.0,0.0,0.0,0.0,0.0,0.0,0.0,0.0,0.0,0.0,0.0,0.0,0.0,0.0,0.0,0.0,0.0,0.0,0.0,0.0,0.0,0.0,0.0,0.0,0.0,0.0,0.0,0.0,0.0,0.0,0.0,0.0,0.0,0.0,0.0,0.0,0.0,0.0,0.0,0.0,0.0,0.0,0.0,0.0,0.0,0.00407,0.0,0.0,0.0,0.0,0.0,0.0,0.0,0.0,0.0,0.0,0.0,0.12058,0.11327,0.0,0.0,0.0,0.0,0.0,0.0,0.0,0.0,0.0,0.0,0.0,0.0727,0.16008,0.0,0.0,0.0,0.0023,0.00354,0.0,0.0,0.0,0.0,0.0,0.0,0.12046,0.10383,0.0,0.0,0.0,0.0,0.0,0.0,0.0,0.0,0.0,0.0,0.0,0.05572,0.00177,0.0,0.0,3.054,4.3435,3.1495,3.416,5.0,0,0.0,0.9009682352941176
1237,0.0,0.0,0.0,0.0,0.0,0.0,0.0,0.0,0.0,0.0,0.0,0.0,0.0,0.0,0.0,0.0,0.0,0.0,0.0,0.0,0.0,0.0,0.0,0.0,0.0,0.0,0.0,0.0,0.0,0.0,0.0,0.0,0.0,0.0,0.0,0.0,0.0,0.0,0.0,0.0,0.0,0.0,0.0,0.0,0.0,0.0,0.0,0.0,0.0,0.0,0.0,0.0,0.0,0.0,0.0,0.0,0.0,0.0,0.00029,0.01156,0.0,0.0,0.0,0.0,0.0,0.0,0.0,0.0,0.0,0.0,0.0,0.11828,0.11433,0.0,0.0,0.0,0.0,0.0,0.0,0.0,0.0,0.0,0.0,0.0,0.0727,0.16008,0.0,0.0,0.0,0.01262,0.01675,0.0,0.0,0.0,0.0,0.0,0.0,0.11993,0.10719,0.0,0.0,0.0,0.0,0.0,0.0,0.0,0.0,0.0,0.0,0.0,0.01946,0.0,0.0,0.0,3.06,4.3345,3.1545,3.4135,5.0,0,0.0,0.8844629411764707
1238,0.0,0.0,0.0,0.0,0.0,0.0,0.0,0.0,0.0,0.0,0.0,0.0,0.0,0.0,0.0,0.0,0.0,0.0,0.0,0.0,0.0,0.0,0.0,0.0,0.0,0.0,0.0,0.0,0.0,0.0,0.0,0.0,0.0,0.0,0.0,0.0,0.0,0.0,0.0,0.0,0.0,0.0,0.0,0.0,0.0,0.0,0.0,0.0,0.0,0.0,0.0,0.0,0.0,0.0,0.0,0.0,0.0,0.0,0.0,0.00584,0.0,0.0,0.0,0.0,0.0,0.0,0.0,0.0,0.0,0.0,0.0,0.12199,0.11627,0.0,0.0,0.0,0.0,0.0,0.0,0.0,0.0,0.0,0.0,0.0,0.07288,0.16097,0.0,0.0,0.0,0.00195,0.0,0.0,0.0,0.0,0.0,0.0,0.0,0.12081,0.10737,0.0,0.0,0.0,0.0,0.0,0.0,0.0,0.0,0.0,0.0,0.0,0.02529,0.00318,0.0,0.0,3.053,4.3295,3.1535,3.4105,5.0,0,0.0,0.8679576470588236
1239,0.0,0.0,0.0,0.0,0.0,0.0,0.0,0.0,0.0,0.0,0.0,0.0,0.0,0.0,0.0,0.0,0.0,0.0,0.0,0.0,0.0,0.0,0.0,0.0,0.0,0.0,0.0,0.0,0.0,0.0,0.0,0.0,0.0,0.0,0.0,0.0,0.0,0.0,0.0,0.0,0.0,0.0,0.0,0.0,0.0,0.0,0.0,0.0,0.0,0.0,0.0,0.0,0.0,0.0,0.0,0.0,0.0,0.0,0.0,0.00442,0.0,0.0,0.0,0.0,0.0,0.0,0.0,0.0,0.0,0.0,0.0,0.12075,0.11397,0.0,0.0,0.0,0.0,0.0,0.0,0.0,0.0,0.0,0.0,0.0,0.07394,0.16114,0.0,0.0,0.0,0.01468,0.00035,0.0,0.0,0.0,0.0,0.0,0.0,0.11975,0.10719,0.0,0.0,0.0,0.0,0.0,0.0,0.0,0.0,0.0,0.0,0.0,0.07305,0.00336,0.0,0.0,3.065,4.2765,3.1545,3.4005,5.0,0,0.0,0.8514523529411765
1240,0.0,0.0,0.0,0.0,0.0,0.0,0.0,0.0,0.0,0.0,0.0,0.0,0.0,0.0,0.0,0.0,0.0,0.0,0.0,0.0,0.0,0.0,0.0,0.0,0.0,0.0,0.0,0.0,0.0,0.0,0.0,0.0,0.0,0.0,0.0,0.0,0.0,0.0,0.0,0.0,0.0,0.0,0.0,0.0,0.0,0.0,0.0,0.0,0.0,0.0,0.0,0.0,0.0,0.0,0.0,0.0,0.0,0.0,0.0,0.00301,0.0,0.0,0.0,0.0,0.0,0.0,0.0,0.0,0.0,0.0,0.0,0.12217,0.11468,0.0,0.0,0.0,0.0,0.0,0.0,0.0,0.0,0.0,0.0,0.0,0.07394,0.16167,0.0,0.0,0.0,0.01327,0.00407,0.0,0.0,0.0,0.0,0.0,0.0,0.11975,0.10825,0.0,0.0,0.0,0.0,0.0,0.0,0.0,0.0,0.0,0.0,0.0,0.04811,0.0,0.0,0.0,3.061,4.0945,3.169,3.4115,5.0,0,0.0,0.8349470588235295
1241,0.0,0.0,0.0,0.0,0.0,0.0,0.0,0.0,0.0,0.0,0.0,0.0,0.0,0.0,0.0,0.0,0.0,0.0,0.0,0.0,0.0,0.0,0.0,0.0,0.0,0.0,0.0,0.0,0.0,0.0,0.0,0.0,0.0,0.0,0.0,0.0,0.0,0.0,0.0,0.0,0.0,0.0,0.0,0.0,0.0,0.0,0.0,0.0,0.0,0.0,0.0,0.0,0.0,0.0,0.0,0.0,0.0,0.0,0.0,0.00248,0.0,0.0,0.0,0.0,0.0,0.0,0.0,0.0,0.0,0.0,0.0,0.11651,0.11574,0.0,0.0,0.0,0.0,0.0,0.0,0.0,0.0,0.0,0.0,0.0,0.07323,0.16026,0.0,0.0,0.0,0.0168,0.0,0.0,0.0,0.0,0.0,0.0,0.0,0.12081,0.10914,0.0,0.0,0.00035,0.0,0.0,0.0,0.0,0.0,0.0,0.0,0.0,0.03945,0.00248,0.0,0.0,3.059,4.3445,3.1465,3.4065,5.0,0,0.0,0.8184417647058824
1242,0.0,0.0,0.0,0.0,0.0,0.0,0.0,0.0,0.0,0.0,0.0,0.0,0.0,0.0,0.0,0.0,0.0,0.0,0.0,0.0,0.0,0.0,0.0,0.0,0.0,0.0,0.0,0.0,0.0,0.0,0.0,0.0,0.0,0.0,0.0,0.0,0.0,0.0,0.0,0.0,0.0,0.0,0.0,0.0,0.0,0.0,0.0,0.04104,0.0,0.0,0.0,0.0,0.0,0.0,0.0,0.0,0.00973,0.0,0.0,0.20159,0.01598,0.0,0.0,0.0,0.00513,0.0,0.0,0.11745,0.09623,0.0,0.0,0.00195,0.21598,0.0,0.0,0.0,0.0,0.0,0.05979,0.16044,0.0,0.0,0.0,0.0,0.10932,0.09021,0.0,0.0,0.0,0.0,0.05077,0.0,0.0,0.0,0.0,0.0,0.0,0.04475,0.0,0.0,0.0,0.0,0.0,0.0,0.0,0.0,0.0,0.0,0.0,0.0,0.0,0.0,0.0,0.0,3.027,2.493,1.631,2.474,5.0,0,0.0,0.8019364705882355
1243,0.0,0.0,0.0,0.0,0.0,0.0,0.0,0.0,0.0,0.0,0.0,0.0,0.0,0.0,0.0,0.0,0.0,0.0,0.0,0.0,0.0,0.0,0.0,0.0,0.0,0.0,0.0,0.0,0.0,0.0,0.0,0.0,0.0,0.0,0.0,0.0,0.0,0.0,0.0,0.0,0.0,0.0,0.0,0.0,0.0,0.0,0.0,0.04051,0.0,0.0,0.0,0.0,0.0,0.0,0.0,0.0,0.01061,0.0,0.0,0.19912,0.01633,0.0,0.0,0.0,0.01875,0.0,0.0,0.11669,0.1,0.0,0.0,0.00212,0.21598,0.0,0.0,0.0,0.00566,0.0,0.05979,0.16132,0.0,0.0,0.0,0.0,0.11197,0.08844,0.0,0.0,0.0,0.0,0.04953,0.0,0.0,0.0,0.0,0.0,0.0,0.04988,0.0,0.0,0.0,0.0,0.0,0.0,0.0,0.0,0.0,0.0,0.0,0.0,0.0,0.0,0.0,0.0,3.089,2.491,1.631,2.474,5.0,0,0.0,0.7854311764705882
1244,0.0,0.0,0.0,0.0,0.0,0.0,0.0,0.0,0.0,0.0,0.0,0.0,0.0,0.0,0.0,0.0,0.0,0.0,0.0,0.0,0.0,0.0,0.0,0.0,0.0,0.0,0.0,0.0,0.0,0.0,0.0,0.0,0.0,0.0,0.0,0.0,0.0,0.0,0.0,0.0,0.0,0.0,0.0,0.0,0.0,0.0,0.0,0.03644,0.0,0.0,0.0,0.0,0.0,0.0,0.0,0.0,0.0115,0.0,0.0,0.20006,0.01645,0.0,0.0,0.0,0.02246,0.0,0.0,0.11692,0.0964,0.0,0.0,0.0023,0.21598,0.0,0.0,0.0,0.0,0.0,0.05943,0.16132,0.0,0.0,0.0,0.0,0.1102,0.09021,0.0,0.0,0.0,0.0,0.04917,0.0,0.0,0.0,0.0,0.0,0.0,0.04086,0.0,0.0,0.0,0.0,0.0,0.0,0.0,0.0,0.0,0.0,0.0,0.0,0.0,0.0,0.0,0.0,3.048,2.4925,1.631,2.472,5.0,0,0.0,0.7689258823529412
1245,0.0,0.0,0.0,0.0,0.0,0.0,0.0,0.0,0.0,0.0,0.0,0.0,0.0,0.0,0.0,0.0,0.0,0.0,0.0,0.0,0.0,0.0,0.0,0.0,0.0,0.0,0.0,0.0,0.0,0.0,0.0,0.0,0.0,0.0,0.0,0.0,0.0,0.0,0.0,0.0,0.0,0.0,0.0,0.0,0.0,0.0,0.0,0.03927,0.0,0.0,0.0,0.0,0.0,0.0,0.0,0.0,0.00708,0.0,0.0,0.20106,0.01492,0.0,0.0,0.0,0.01344,0.0,0.0,0.11633,0.09788,0.0,0.0,0.00236,0.21274,0.0,0.0,0.0,0.0,0.0,0.05996,0.16097,0.0,0.0,0.0,0.0,0.11002,0.08827,0.0,0.0,0.0,0.0,0.04298,0.0,0.0,0.0,0.0,0.0,0.0,0.03909,0.0,0.0,0.0,0.0,0.0,0.0,0.0,0.0,0.0,0.0,0.0,0.0,0.0,0.0,0.0,0.0,3.035,2.4925,1.631,2.474,5.0,0,0.0,0.7524205882352941
1246,0.0,0.0,0.0,0.0,0.0,0.0,0.0,0.0,0.0,0.0,0.0,0.0,0.0,0.0,0.0,0.0,0.0,0.0,0.0,0.0,0.0,0.0,0.0,0.0,0.0,0.0,0.0,0.0,0.0,0.0,0.0,0.0,0.0,0.0,0.0,0.0,0.0,0.0,0.0,0.0,0.0,0.0,0.0,0.0,0.0,0.0,0.0,0.04033,0.0,0.0,0.0,0.0,0.0,0.0,0.0,0.0,0.00637,0.0,0.0,0.20159,0.01545,0.0,0.0,0.0,0.01504,0.0,0.0,0.11651,0.09682,0.0,0.0,0.0023,0.21492,0.0,0.0,0.0,0.0,0.0,0.06032,0.16097,0.0,0.0,0.0,0.0,0.11108,0.08703,0.0,0.0,0.0,0.0,0.05236,0.0,0.0,0.0,0.0,0.0,0.0,0.04387,0.0,0.0,0.0,0.0,0.0,0.0,0.0,0.0,0.0,0.0,0.0,0.0,0.0,0.0,0.0,0.0,3.063,2.4935,1.632,2.473,5.0,0,0.0,0.7953343529411766
1247,0.0,0.0,0.0,0.0,0.0,0.0,0.0,0.0,0.0,0.0,0.0,0.0,0.0,0.0,0.0,0.0,0.0,0.0,0.0,0.0,0.0,0.0,0.0,0.0,0.0,0.0,0.0,0.0,0.0,0.0,0.0,0.0,0.0,0.0,0.0,0.0,0.0,0.0,0.0,0.0,0.0,0.0,0.0,0.0,0.0,0.0,0.0,0.03821,0.0,0.0,0.0,0.0,0.0,0.0,0.0,0.0,0.01132,0.0,0.0,0.20024,0.01663,0.0,0.0,0.0,0.00371,0.0,0.0,0.11775,0.09275,0.0,0.0,0.0023,0.21456,0.0,0.0,0.0,0.0,0.0,0.06067,0.16079,0.0,0.0,0.0,0.0,0.11091,0.0888,0.0,0.0,0.0,0.0,0.05094,0.0,0.0,0.0,0.0,0.0,0.0,0.03608,0.0,0.0,0.0,0.0,0.0,0.0,0.0,0.0,0.0,0.0,0.0,0.0,0.0,0.0,0.0,0.0,3.03,2.4905,1.632,2.474,5.0,0,0.0,0.8415491764705884
1248,0.0,0.0,0.0,0.0,0.0,0.0,0.0,0.0,0.0,0.0,0.0,0.0,0.0,0.0,0.0,0.0,0.0,0.0,0.0,0.0,0.0,0.0,0.0,0.0,0.0,0.0,0.0,0.0,0.0,0.0,0.0,0.0,0.0,0.0,0.0,0.0,0.0,0.0,0.0,0.0,0.0,0.0,0.0,0.0,0.0,0.0,0.0,0.03591,0.0,0.0,0.0,0.0,0.0,0.0,0.0,0.0,0.00796,0.0,0.0,0.20071,0.01527,0.0,0.0,0.0,0.01539,0.0,0.0,0.11745,0.09676,0.0,0.0,0.00289,0.21645,0.0,0.0,0.0,0.0,0.0,0.06103,0.16114,0.0,0.0,0.0,0.0,0.11108,0.08632,0.0,0.0,0.0,0.0,0.05254,0.0,0.0,0.0,0.0,0.0,0.0,0.04758,0.0,0.0,0.0,0.0,0.0,0.0,0.0,0.0,0.0,0.0,0.0,0.0,0.0,0.0,0.0,0.71941,3.173,2.489,1.631,2.473,5.0,0,0.0,0.8902770588235296
1249,0.0,0.0,0.0,0.0,0.0,0.0,0.0,0.0,0.0,0.0,0.0,0.0,0.0,0.0,0.0,0.0,0.0,0.0,0.0,0.0,0.0,0.0,0.0,0.0,0.0,0.0,0.0,0.0,0.0,0.0,0.0,0.0,0.0,0.0,0.0,0.0,0.0,0.0,0.0,0.0,0.0,0.0,0.0,0.0,0.0,0.0,0.0,0.04068,0.0,0.0,0.0,0.0,0.0,0.0,0.0,0.0,0.01574,0.0,0.0,0.20548,0.01456,0.0,0.0,0.0,0.01344,0.0,0.0,0.11374,0.10189,0.0,0.0,0.00313,0.21409,0.0,0.0,0.0,0.0,0.0,0.05554,0.16981,0.0,0.0,0.0,0.0,0.10879,0.0934,0.0,0.0,0.0,0.0,0.06846,0.0,0.0,0.0,0.0,0.0,0.0,0.05837,0.0,0.0,0.0,0.0,0.0,0.0,0.0,0.0,0.0,0.0,0.0,0.0,0.0,0.0,0.0,1.0,2.9505,2.4565,1.584,2.454,5.0,0,0.0,0.8790720000000001
1250,0.0,0.0,0.0,0.0,0.0,0.0,0.0,0.0,0.0,0.0,0.0,0.0,0.0,0.0,0.0,0.0,0.0,0.0,0.0,0.0,0.0,0.0,0.0,0.0,0.0,0.0,0.0,0.0,0.0,0.0,0.0,0.0,0.0,0.0,0.0,0.0,0.0,0.0,0.0,0.0,0.0,0.0,0.0,0.0,0.0,0.0,0.0,0.03379,0.0,0.0,0.0,0.0,0.0,0.0,0.0,0.0,0.0375,0.0,0.0,0.17423,0.04493,0.0,0.0,0.0,0.00867,0.0,0.0,0.06881,0.11639,0.0,0.0,0.0,0.2158,0.0,0.0,0.0,0.0,0.0,0.01008,0.2204,0.0,0.0,0.0,0.0,0.06739,0.1454,0.0,0.0,0.0,0.0,0.20731,0.00637,0.0,0.0,0.0,0.0,0.0,0.1727,0.0148,0.0,0.0,0.0,0.0,0.0,0.0,0.0,0.0,0.0,0.0,0.0,0.00743,0.0,0.0,1.0,3.0555,2.3855,1.5145,2.386,5.0,0,0.0,0.9149812266666668
1251,0.0,0.0,0.0,0.0,0.0,0.0,0.0,0.0,0.0,0.0,0.0,0.0,0.0,0.0,0.0,0.0,0.0,0.0,0.0,0.0,0.0,0.0,0.0,0.0,0.0,0.0,0.0,0.0,0.0,0.0,0.0,0.0,0.0,0.0,0.0,0.0,0.0,0.0,0.0,0.0,0.0,0.0,0.0,0.0,0.0,0.0,0.0,0.03379,0.0,0.0,0.0,0.0,0.0,0.0,0.0,0.0,0.04882,0.0,0.0,0.13756,0.0793,0.0,0.0,0.0,0.05395,0.0,0.0,0.02529,0.17919,0.0,0.0,0.0,0.20996,0.00867,0.0,0.0,0.0,0.0,0.0,0.22199,0.00035,0.0,0.0,0.0,0.0092,0.2066,0.0,0.0,0.0,0.0,0.16627,0.05183,0.0,0.0,0.0,0.0,0.0,0.1089,0.10513,0.0,0.0,0.0,0.01504,0.0,0.0,0.0,0.0,0.0,0.0,0.0,0.1615,0.0,0.0,0.99606,3.1135,4.3995,1.42,2.295,5.0,0,0.07825800000000001,0.9149812266666668
1252,0.0,0.0,0.0,0.0,0.0,0.0,0.0,0.0,0.0,0.0,0.0,0.0,0.0,0.0,0.0,0.0,0.0,0.0,0.0,0.0,0.0,0.0,0.0,0.0,0.0,0.0,0.0,0.0,0.0,0.0,0.0,0.0,0.0,0.0,0.0,0.0,0.0,0.0,0.0,0.0,0.0,0.0,0.0,0.0,0.0,0.0,0.0,0.03591,0.0,0.0,0.0,0.0,0.0,0.0,0.0,0.0,0.00501,0.02435,0.0,0.02818,0.19169,0.0,0.0,0.0,0.0161,0.0,0.0,0.0,0.16963,0.00159,0.0,0.0,0.08491,0.13956,0.0,0.0,0.0,0.0,0.0,0.12129,0.07046,0.0,0.0,0.0,0.0,0.1395,0.06498,0.0,0.0,0.0,0.01963,0.19139,0.0,0.0,0.0,0.0,0.0,0.0,0.11621,0.0,0.0,0.0,0.06757,0.00053,0.0,0.0,0.0,0.0,0.0,0.0,0.0,0.0,0.0,0.67989,2.7925,3.7335,1.267,1.317,5.0,0,0.184972,0.9149812266666668
1253,0.0,0.0,0.0,0.0,0.0,0.0,0.0,0.0,0.0,0.0,0.0,0.0,0.0,0.0,0.0,0.0,0.0,0.0,0.0,0.0,0.0,0.0,0.0,0.0,0.0,0.0,0.0,0.0,0.0,0.0,0.0,0.0,0.0,0.0,0.0,0.0,0.0,0.0,0.0,0.0,0.0,0.0,0.0,0.0,0.0,0.0,0.0,0.02913,0.03349,0.0,0.0,0.0,0.0,0.0,0.0,0.0,0.0,0.04581,0.0,0.0,0.22995,0.00442,0.0,0.0,0.01179,0.00607,0.0,0.0,0.08909,0.08992,0.0,0.0,0.01079,0.21509,0.0,0.0,0.0,0.0,0.0,0.01757,0.14004,0.0,0.0,0.0,0.0,0.05383,0.17241,0.0,0.0,0.0,0.0,0.0,0.0,0.0,0.0,0.0,0.0,0.0,0.09646,0.09245,0.0,0.0,0.0,0.0,0.0,0.0,0.0,0.0,0.0,0.0,0.0,0.0,0.0,0.62453,2.8325,4.16,1.172,1.191,5.0,0,0.28599399999999997,0.9157692266666668
1254,0.0,0.0,0.0,0.0,0.0,0.0,0.0,0.0,0.0,0.0,0.0,0.0,0.0,0.0,0.0,0.0,0.0,0.0,0.0,0.0,0.0,0.0,0.0,0.0,0.0,0.0,0.0,0.0,0.0,0.0,0.0,0.0,0.0,0.0,0.0,0.0,0.0,0.0,0.0,0.0,0.0,0.0,0.0,0.0,0.0,0.0,0.0,0.0,0.00318,0.0,0.0,0.0,0.0,0.0,0.0,0.0,0.0,0.02353,0.0,0.0,0.17777,0.04334,0.0,0.0,0.13491,0.05755,0.0,0.0,0.03479,0.15537,0.0,0.0,0.0,0.21639,0.00366,0.0,0.0,0.0,0.0,0.0,0.18131,0.0,0.0,0.0,0.0,0.01262,0.21539,0.0,0.0,0.0,0.0,0.09847,0.07789,0.0,0.0,0.0,0.0,0.0,0.04063,0.18968,0.0,0.0,0.0,0.0,0.0,0.0,0.0,0.0,0.0,0.0,0.0,0.05342,0.39129,1.0,2.6395,4.4375,1.105,1.148,5.0,0,0.28599399999999997,0.9797912266666667
1255,0.0,0.0,0.0,0.0,0.0,0.0,0.0,0.0,0.0,0.0,0.0,0.0,0.0,0.0,0.0,0.0,0.0,0.0,0.0,0.0,0.0,0.0,0.0,0.0,0.0,0.0,0.0,0.0,0.0,0.0,0.0,0.0,0.0,0.0,0.0,0.0,0.0,0.0,0.0,0.0,0.0,0.0,0.0,0.0,0.0,0.0,0.0,0.0,0.0,0.0,0.0,0.0,0.0,0.0,0.0,0.0,0.0,0.00425,0.0,0.0,0.15195,0.0,0.0,0.0,0.07919,0.0105,0.0,0.0,0.04304,0.08432,0.0,0.0,0.02229,0.2089,0.0,0.0,0.0,0.0,0.0,0.0,0.15672,0.0,0.0,0.0,0.0,0.06604,0.16126,0.0,0.0,0.0,0.0,0.12364,0.07093,0.0,0.0,0.0,0.0,0.0,0.1,0.1342,0.0,0.0,0.0,0.10649,0.0,0.0,0.0,0.0,0.0,0.0,0.0,0.05908,0.53357,1.0,2.4385,1.894,1.047,1.095,5.0,0,0.28599399999999997,0.9944700000000001
1256,0.0,0.0,0.0,0.0,0.0,0.0,0.0,0.0,0.0,0.0,0.0,0.0,0.0,0.0,0.0,0.0,0.0,0.0,0.0,0.0,0.0,0.0,0.0,0.0,0.0,0.0,0.0,0.0,0.0,0.0,0.0,0.0,0.0,0.0,0.0,0.0,0.0,0.0,0.0,0.0,0.0,0.0,0.0,0.0,0.0,0.0,0.0,0.0,0.0,0.0,0.0,0.0,0.0,0.0,0.0,0.0,0.0,0.0,0.0,0.12211,0.05884,0.0,0.0,0.0,0.01751,0.0,0.0,0.0,0.01309,0.0,0.0,0.0,0.18838,0.02936,0.0,0.0,0.0,0.0,0.0,0.0,0.0,0.0,0.0,0.0,0.0,0.202,0.00336,0.0,0.0,0.0,0.0,0.01663,0.0,0.0,0.0,0.0,0.0,0.00755,0.0135,0.0,0.0,0.0,0.13072,0.02512,0.0,0.0,0.0,0.0,0.0,0.0,0.0,0.0,0.50511,1.0,2.4955,0.9625,0.967,1.878,5.0,0,0.027735999999999962,1.0
1257,0.0,0.0,0.0,0.0,0.0,0.0,0.0,0.0,0.0,0.0,0.0,0.0,0.0,0.0,0.0,0.0,0.0,0.0,0.0,0.0,0.0,0.0,0.0,0.0,0.0,0.0,0.0,0.0,0.0,0.0,0.0,0.0,0.0,0.0,0.0,0.0,0.0,0.0,0.0,0.0,0.0,0.0,0.0,0.0,0.0,0.0,0.0,0.0,0.0,0.0,0.0,0.0,0.0,0.0,0.0,0.0,0.0,0.0,0.02134,0.07223,0.0,0.0,0.0,0.0,0.0,0.0,0.0,0.01521,0.0,0.0,0.0,0.18573,0.04546,0.0,0.0,0.05059,0.0,0.0,0.0,0.0,0.0,0.0,0.0,0.0,0.18909,0.02034,0.0,0.0,0.0,0.0,0.0,0.0,0.0,0.0,0.0,0.0,0.0,0.07677,0.0,0.0,0.0,0.0,0.0,0.0,0.0,0.0,0.0,0.0,0.0,0.0,0.0,0.0,0.0,1.0,2.9905,0.8785,0.889,5.0,5.0,0,-0.25897800000000004,0.97235
1258,0.0,0.0,0.0,0.0,0.0,0.0,0.0,0.0,0.0,0.0,0.0,0.0,0.0,0.0,0.0,0.0,0.0,0.0,0.0,0.0,0.0,0.0,0.0,0.0,0.0,0.0,0.0,0.0,0.0,0.0,0.0,0.0,0.0,0.0,0.0,0.0,0.0,0.0,0.0,0.0,0.0,0.0,0.0,0.0,0.0,0.0,0.0,0.0,0.0,0.0,0.0,0.0,0.0,0.0,0.0,0.0,0.0,0.0,0.03361,0.0,0.0,0.0,0.0,0.0,0.0,0.00483,0.01958,0.0,0.0,0.0,0.19864,0.01221,0.0,0.0,0.00277,0.08603,0.0,0.13243,0.00483,0.0,0.0,0.0,0.00649,0.20861,0.0,0.0,0.0,0.0,0.05625,0.02989,0.0,0.0,0.0,0.0,0.0,0.02907,0.16568,0.0,0.0,0.0,0.11993,0.0,0.0,0.0,0.0,0.0,0.0,0.0,0.05112,0.01716,0.0,0.0,0.0,0.97235,0.8315,0.782,1.6005,5.0,5.0,0,-0.54,0.0
1259,0.0,0.0,0.0,0.0,0.0,0.0,0.0,0.0,0.0,0.0,0.0,0.0,0.0,0.0,0.0,0.0,0.0,0.0,0.0,0.0,0.0,0.0,0.0,0.0,0.0,0.0,0.0,0.0,0.0,0.0,0.0,0.0,0.0,0.0,0.0,0.0,0.0,0.0,0.0,0.0,0.0,0.0,0.0,0.0,0.0,0.0,0.0,0.0,0.0,0.0,0.0,0.0,0.0,0.0,0.0,0.0,0.0,0.05767,0.0,0.0,0.0,0.0,0.0,0.0,0.0,0.00867,0.0,0.0,0.0,0.08721,0.05324,0.0,0.0,0.0,0.0,0.10065,0.17948,0.01846,0.0,0.0,0.0,0.0,0.0,0.0,0.0,0.0,0.0,0.0,0.06156,0.0,0.0,0.0,0.0,0.0,0.0,0.0,0.0,0.0,0.0,0.0,0.0,0.0,0.0,0.0,0.0,0.0,0.0,0.0,0.0,0.0,0.0,0.0,-0.9,0.0,0.634,0.633,1.4375,4.9795,5.0,0,-0.54,0.0
1260,0.0,0.0,0.0,0.0,0.0,0.0,0.0,0.0,0.0,0.0,0.0,0.0,0.0,0.0,0.0,0.0,0.0,0.0,0.0,0.0,0.0,0.0,0.0,0.0,0.0,0.0,0.0,0.0,0.0,0.0,0.0,0.0,0.0,0.0,0.0,0.0,0.0,0.0,0.0,0.0,0.0,0.0,0.0,0.0,0.0,0.0,0.0,0.0,0.0,0.0,0.0,0.0,0.0,0.0,0.0,0.0,0.0,0.00088,0.0,0.0,0.0,0.0,0.0,0.0,0.0,0.0,0.0,0.0,0.0,0.02901,0.05908,0.0,0.0,0.0,0.00708,0.10065,0.18573,0.02954,0.0,0.0,0.0,0.0,0.13779,0.0,0.0,0.0,0.0,0.0,0.0543,0.0,0.0,0.0,0.0,0.0,0.0,0.0,0.0,0.0,0.0,0.0,0.0,0.0,0.0,0.0,0.0,0.0,0.0,0.0,0.0,0.0,0.0,0.0,-0.9,0.0,1.528,0.611,0.611,5.0,5.0,0,-0.54,0.0
1261,0.0,0.0,0.0,0.0,0.0,0.0,0.0,0.0,0.0,0.0,0.0,0.0,0.0,0.0,0.0,0.0,0.0,0.0,0.0,0.0,0.0,0.0,0.0,0.0,0.0,0.0,0.0,0.0,0.0,0.0,0.0,0.0,0.0,0.0,0.0,0.0,0.0,0.0,0.0,0.0,0.0,0.0,0.0,0.0,0.0,0.0,0.0,0.0,0.0,0.0,0.0,0.0,0.0,0.0,0.0,0.0,0.0,0.0,0.0,0.0,0.0,0.0,0.0,0.0,0.0,0.0,0.0,0.0,0.0,0.0,0.0,0.0,0.0,0.0,0.0,0.10843,0.07618,0.09876,0.0,0.0,0.0,0.0,0.00018,0.0,0.0,0.0,0.0,0.0,0.17441,0.0,0.0,0.0,0.0,0.0,0.0,0.0,0.0,0.0,0.0,0.0,0.0,0.0,0.0,0.0,0.0,0.0,0.0,0.0,0.0,0.0,0.0,0.0,-0.9,0.0,1.524,0.606,0.605,5.0,5.0,0,-0.36000000000000004,0.0
1262,0.0,0.0,0.0,0.0,0.0,0.0,0.0,0.0,0.0,0.0,0.0,0.0,0.0,0.0,0.0,0.0,0.0,0.0,0.0,0.0,0.0,0.0,0.0,0.0,0.0,0.0,0.0,0.0,0.0,0.0,0.0,0.0,0.0,0.0,0.0,0.0,0.0,0.0,0.0,0.0,0.0,0.0,0.0,0.0,0.0,0.0,0.0,0.0,0.0,0.0,0.0,0.0,0.0,0.0,0.0,0.0,0.0,0.0,0.0,0.0,0.0,0.0,0.0,0.0,0.0,0.0,0.0,0.0,0.0,0.0,0.0,0.0,0.0,0.0,0.00147,0.0944,0.0737,0.10142,0.0,0.0,0.0,0.0,0.00088,0.0,0.0,0.0,0.0,0.0,0.17529,0.0,0.0,0.0,0.0,0.0,0.0,0.0,0.0,0.0,0.0,0.0,0.0,0.0,0.0,0.0,0.0,0.0,0.0,0.0,0.0,0.0,0.0,0.0,0.0,0.0,1.522,0.607,0.604,5.0,5.0,0,-0.18,0.0
1263,0.0,0.0,0.0,0.0,0.0,0.0,0.0,0.0,0.0,0.0,0.0,0.0,0.0,0.0,0.0,0.0,0.0,0.0,0.0,0.0,0.0,0.0,0.0,0.0,0.0,0.0,0.0,0.0,0.0,0.0,0.0,0.0,0.0,0.0,0.0,0.0,0.0,0.0,0.0,0.0,0.0,0.0,0.0,0.0,0.0,0.0,0.0,0.0,0.0,0.0,0.0,0.0,0.0,0.0,0.0,0.0,0.0,0.0,0.0,0.0,0.0,0.0,0.0,0.0,0.0,0.0,0.0,0.0,0.0,0.0,0.0,0.0,0.0,0.0,0.00389,0.09764,0.08149,0.09717,0.0,0.0,0.0,0.0,0.00159,0.0,0.0,0.0,0.0,0.0,0.17052,0.0,0.0,0.0,0.0,0.0,0.0,0.0,0.0,0.0,0.0,0.0,0.0,0.0,0.0,0.0,0.0,0.0,0.0,0.0,0.0,0.0,0.0,0.0,0.0,0.0,1.52,0.607,0.604,5.0,5.0,0,0.038414,0.0
1264,0.0,0.0,0.0,0.0,0.0,0.0,0.0,0.0,0.0,0.0,0.0,0.0,0.0,0.0,0.0,0.0,0.0,0.0,0.0,0.0,0.0,0.0,0.0,0.0,0.0,0.0,0.0,0.0,0.0,0.0,0.0,0.0,0.0,0.0,0.0,0.0,0.0,0.0,0.0,0.0,0.0,0.0,0.0,0.0,0.0,0.0,0.0,0.0,0.0,0.0,0.0,0.0,0.0,0.0,0.0,0.0,0.0,0.0,0.0,0.0,0.0,0.0,0.0,0.0,0.0,0.0,0.0,0.0,0.0,0.0,0.00442,0.0,0.0,0.0,0.00336,0.08526,0.08131,0.10124,0.0,0.0,0.0,0.0,0.0,0.0,0.0,0.0,0.0,0.0,0.17017,0.0,0.0,0.0,0.0,0.0,0.0,0.0,0.0,0.0,0.0,0.0,0.0,0.0,0.0,0.0,0.0,0.0,0.0,0.0,0.0,0.0,0.0,0.0,0.0,0.0,1.521,0.608,0.604,5.0,5.0,0,0.21841400000000002,0.0
1265,0.0,0.0,0.0,0.0,0.0,0.0,0.0,0.0,0.0,0.0,0.0,0.0,0.0,0.0,0.0,0.0,0.0,0.0,0.0,0.0,0.0,0.0,0.0,0.0,0.0,0.0,0.0,0.0,0.0,0.0,0.0,0.0,0.0,0.0,0.0,0.0,0.0,0.0,0.0,0.0,0.0,0.0,0.0,0.0,0.0,0.0,0.0,0.0,0.0,0.0,0.0,0.0,0.0,0.0,0.0,0.0,0.0,0.0,0.0,0.0,0.0,0.0,0.0,0.0,0.0,0.0,0.0,0.0,0.0,0.0,0.00053,0.0,0.0,0.0,0.00265,0.09145,0.08084,0.09923,0.0,0.0,0.0,0.0,0.00324,0.00012,0.0,0.0,0.0,0.0,0.16733,0.0,0.0,0.0,0.0,0.0,0.0,0.0,0.0,0.0,0.0,0.0,0.0,0.0,0.0,0.0,0.0,0.0,0.0,0.0,0.0,0.0,0.0,0.0,0.0,0.0,1.52,0.607,0.604,5.0,5.0,0,0.398414,0.0
1266,0.0,0.0,0.0,0.0,0.0,0.0,0.0,0.0,0.0,0.0,0.0,0.0,0.0,0.0,0.0,0.0,0.0,0.0,0.0,0.0,0.0,0.0,0.0,0.0,0.0,0.0,0.0,0.0,0.0,0.0,0.0,0.0,0.0,0.0,0.0,0.0,0.0,0.0,0.0,0.0,0.0,0.0,0.0,0.0,0.0,0.0,0.0,0.0,0.0,0.0,0.0,0.0,0.0,0.0,0.0,0.0,0.0,0.0,0.0,0.0,0.0,0.0,0.0,0.0,0.0,0.0,0.0,0.0,0.0,0.0,0.0,0.0,0.0,0.0,0.00071,0.08296,0.07995,0.0957,0.0,0.0,0.0,0.0,0.0,0.0,0.0,0.0,0.0,0.0,0.1668,0.0,0.0,0.0,0.0,0.0,0.0,0.0,0.0,0.0,0.0,0.0,0.0,0.0,0.0,0.0,0.0,0.0,0.0,0.0,0.0,0.0,0.0,0.0,0.19207,0.0,1.52,0.607,0.604,5.0,5.0,0,0.578414,0.0
1267,0.0,0.0,0.0,0.0,0.0,0.0,0.0,0.0,0.0,0.0,0.0,0.0,0.0,0.0,0.0,0.0,0.0,0.0,0.0,0.0,0.0,0.0,0.0,0.0,0.0,0.0,0.0,0.0,0.0,0.0,0.0,0.0,0.0,0.0,0.0,0.0,0.0,0.0,0.0,0.0,0.0,0.0,0.0,0.0,0.0,0.0,0.0,0.0,0.0,0.0,0.0,0.0,0.0,0.0,0.0,0.0,0.0,0.0,0.0,0.0,0.0,0.0,0.0,0.0,0.0,0.00619,0.0,0.0,0.0,0.0,0.0,0.0,0.0,0.0,0.00749,0.11509,0.08838,0.11309,0.0,0.0,0.0,0.0,0.0,0.0,0.0,0.0,0.0,0.0,0.15955,0.0,0.0,0.0,0.0,0.0,0.0,0.0,0.0,0.0,0.0,0.0,0.0,0.0,0.0,0.0,0.0,0.0,0.0,0.0,0.0,0.0,0.0,0.0,0.9,0.0,1.52,0.607,0.605,5.0,5.0,0,0.7584139999999999,0.9196154666666667
1268,0.0,0.0,0.0,0.0,0.0,0.0,0.0,0.0,0.0,0.0,0.0,0.0,0.0,0.0,0.0,0.0,0.0,0.0,0.0,0.0,0.0,0.0,0.0,0.0,0.0,0.0,0.0,0.0,0.0,0.0,0.0,0.0,0.0,0.0,0.0,0.0,0.0,0.0,0.0,0.0,0.0,0.0,0.0,0.0,0.0,0.0,0.0,0.0,0.0,0.0,0.0,0.0,0.0,0.0,0.0,0.0,0.0,0.0,0.0,0.0,0.0,0.0,0.0,0.0,0.0,0.0,0.0,0.0,0.0,0.0191,0.14292,0.0,0.0,0.0,0.00212,0.07465,0.11498,0.05855,0.0,0.0,0.0,0.0,0.13555,0.01781,0.0,0.0,0.0,0.0023,0.12524,0.0,0.0,0.0,0.0,0.0,0.0,0.0,0.0,0.0,0.0,0.0,0.0,0.0,0.0,0.0,0.0,0.0,0.0,0.0,0.0,0.0,0.0,0.0,0.9,0.84588,0.665,0.604,0.602,5.0,5.0,0,0.9,0.98025
1269,0.0,0.0,0.0,0.0,0.0,0.0,0.0,0.0,0.0,0.0,0.0,0.0,0.0,0.0,0.0,0.0,0.0,0.0,0.0,0.0,0.0,0.0,0.0,0.0,0.0,0.0,0.0,0.0,0.0,0.0,0.0,0.0,0.0,0.0,0.0,0.0,0.0,0.0,0.0,0.0,0.0,0.0,0.0,0.0,0.0,0.0,0.0,0.0,0.0,0.0,0.0,0.0,0.0,0.0,0.0,0.0,0.0,0.0,0.0,0.0,0.0,0.0,0.0,0.0,0.0,0.0,0.0,0.0,0.0,0.0,0.0,0.0,0.0,0.0,0.02983,0.06586,0.12311,0.04033,0.0,0.0,0.0,0.0,0.02706,0.0,0.0,0.0,0.0,0.02052,0.11002,0.0,0.0,0.0,0.0,0.0,0.0,0.0,0.0,0.0,0.0,0.0,0.0,0.0,0.0,0.0,0.0,0.0,0.0,0.0,0.0,0.0,0.0,0.0,0.9,0.98025,0.595,0.582,0.604,5.0,5.0,0,0.72,0.97235
1270,0.0,0.0,0.0,0.0,0.0,0.0,0.0,0.0,0.0,0.0,0.0,0.0,0.0,0.0,0.0,0.0,0.0,0.0,0.0,0.0,0.0,0.0,0.0,0.0,0.0,0.0,0.0,0.0,0.0,0.0,0.0,0.0,0.0,0.0,0.0,0.0,0.0,0.0,0.0,0.0,0.0,0.0,0.0,0.0,0.0,0.0,0.0,0.0,0.0,0.0,0.0,0.0,0.0,0.0,0.0,0.0,0.0,0.0,0.0,0.0,0.0,0.0,0.0,0.0,0.0,0.0,0.0,0.0,0.0,0.0,0.0,0.0,0.0,0.00018,0.02205,0.00554,0.00407,0.0,0.0,0.0,0.0,0.0,0.0,0.0,0.0,0.0,0.0,0.1148,0.0,0.0,0.0,0.0,0.0,0.0,0.0,0.0,0.0,0.0,0.0,0.0,0.0,0.0,0.0,0.0,0.0,0.0,0.0,0.0,0.0,0.0,0.0,0.0,0.9,0.97235,0.539,0.52,1.355,5.0,5.0,0,0.54,0.96445
1271,0.0,0.0,0.0,0.0,0.0,0.0,0.0,0.0,0.0,0.0,0.0,0.0,0.0,0.0,0.0,0.0,0.0,0.0,0.0,0.0,0.0,0.0,0.0,0.0,0.0,0.0,0.0,0.0,0.0,0.0,0.0,0.0,0.0,0.0,0.0,0.0,0.0,0.0,0.0,0.0,0.0,0.0,0.0,0.0,0.0,0.0,0.0,0.0,0.0,0.0,0.0,0.0,0.0,0.0,0.0,0.0,0.0,0.0,0.0,0.0,0.0,0.0,0.0,0.0,0.0,0.0,0.0,0.0,0.0,0.0,0.0,0.0,0.00513,0.06716,0.00572,0.0,0.0,0.0,0.0,0.0,0.0,0.0,0.0,0.0,0.0,0.0,0.06686,0.11904,0.0,0.0,0.0,0.0,0.0,0.0,0.0,0.0,0.0,0.0,0.0,0.0,0.0,0.0,0.0,0.0,0.0,0.0,0.0,0.0,0.0,0.0,0.0,0.0,0.9,0.96445,0.477,0.481,5.0,5.0,5.0,0,0.36000000000000004,0.50597
1272,0.0,0.0,0.0,0.0,0.0,0.0,0.0,0.0,0.0,0.0,0.0,0.0,0.0,0.0,0.0,0.0,0.0,0.0,0.0,0.0,0.0,0.0,0.0,0.0,0.0,0.0,0.0,0.0,0.0,0.0,0.0,0.0,0.0,0.0,0.0,0.0,0.0,0.0,0.0,0.0,0.0,0.0,0.0,0.0,0.0,0.0,0.0,0.0,0.0,0.0,0.0,0.0,0.0,0.0,0.0,0.0,0.0,0.0,0.0,0.0,0.0,0.0,0.0,0.0,0.0,0.0,0.0,0.0,0.0,0.0,0.0,0.02571,0.0714,0.00796,0.0,0.0,0.0,0.0,0.0,0.0,0.0,0.0,0.0,0.0,0.0,0.09546,0.12695,0.02099,0.0,0.0,0.0,0.0,0.0,0.0,0.0,0.0,0.0,0.0,0.0,0.09976,0.0,0.0,0.0,0.0,0.0,0.0,0.0,0.0,0.0,0.0,0.0,0.0,0.0,0.50597,0.42,1.231,5.0,5.0,3.3605,0,0.18,0.47435
1273,0.0,0.0,0.0,0.0,0.0,0.0,0.0,0.0,0.0,0.0,0.0,0.0,0.0,0.0,0.0,0.0,0.0,0.0,0.0,0.0,0.0,0.0,0.0,0.0,0.0,0.0,0.0,0.0,0.0,0.0,0.0,0.0,0.0,0.0,0.0,0.0,0.0,0.0,0.0,0.0,0.0,0.0,0.0,0.0,0.0,0.0,0.0,0.0,0.0,0.0,0.0,0.0,0.0,0.0,0.0,0.0,0.0,0.0,0.0,0.0,0.0,0.0,0.0,0.0,0.0,0.0,0.0,0.0,0.0,0.0,0.00436,0.11515,0.07276,0.0,0.0,0.0,0.0,0.0,0.0,0.0,0.0,0.0,0.0,0.0,0.06191,0.14351,0.10289,0.0,0.0,0.0,0.0,0.0,0.0,0.0,0.0,0.0,0.0,0.0,0.0395,0.13084,0.0,0.0,0.0,0.0,0.0,0.0,0.0,0.0,0.0,0.0,0.0,0.0,0.0,0.47435,0.406,1.226,5.0,5.0,2.6165,0,0.0,0.0
1274,0.0,0.0,0.0,0.0,0.0,0.0,0.0,0.0,0.0,0.0,0.0,0.0,0.0,0.0,0.0,0.0,0.0,0.0,0.0,0.0,0.0,0.0,0.0,0.0,0.0,0.0,0.0,0.0,0.0,0.0,0.0,0.0,0.0,0.0,0.0,0.0,0.0,0.0,0.0,0.0,0.0,0.0,0.0,0.0,0.0,0.0,0.0,0.0,0.0,0.0,0.0,0.0,0.0,0.0,0.0,0.0,0.0,0.0,0.0,0.0,0.0,0.0,0.0,0.0,0.0,0.0,0.0,0.0,0.0,0.0,0.02978,0.10578,0.0454,0.0,0.0,0.0,0.0,0.0,0.0,0.0,0.0,0.0,0.0,0.0,0.08225,0.1408,0.08172,0.0,0.0,0.0,0.0,0.0,0.0,0.0,0.0,0.0,0.0,0.0,0.0694,0.13154,0.0,0.0,0.0,0.0,0.0,0.0,0.0,0.0,0.0,0.0,0.0,0.0,0.0,0.0,0.406,1.227,5.0,5.0,2.6195,0,0.0,0.0
1275,0.0,0.0,0.0,0.0,0.0,0.0,0.0,0.0,0.0,0.0,0.0,0.0,0.0,0.0,0.0,0.0,0.0,0.0,0.0,0.0,0.0,0.0,0.0,0.0,0.0,0.0,0.0,0.0,0.0,0.0,0.0,0.0,0.0,0.0,0.0,0.0,0.0,0.0,0.0,0.0,0.0,0.0,0.0,0.0,0.0,0.0,0.0,0.0,0.0,0.0,0.0,0.0,0.0,0.0,0.0,0.0,0.0,0.0,0.0,0.0,0.0,0.0,0.0,0.0,0.0,0.0,0.0,0.0,0.0,0.0,0.02412,0.10371,0.04676,0.0,0.0,0.0,0.0,0.0,0.0,0.0,0.0,0.0,0.0,0.0,0.08031,0.13726,0.08296,0.0,0.0,0.0,0.0,0.0,0.0,0.0,0.0,0.0,0.0,0.0,0.06704,0.13284,0.0,0.0,0.0,0.0,0.0,0.0,0.0,0.0,0.0,0.0,0.0,0.0,0.0,0.0,0.406,1.227,5.0,5.0,2.6255,0,0.0,0.99606
1276,0.0,0.0,0.0,0.0,0.0,0.0,0.0,0.0,0.0,0.0,0.0,0.0,0.0,0.0,0.0,0.0,0.0,0.0,0.0,0.0,0.0,0.0,0.0,0.0,0.0,0.0,0.0,0.0,0.0,0.0,0.0,0.0,0.0,0.0,0.0,0.0,0.0,0.0,0.0,0.0,0.0,0.0,0.0,0.0,0.0,0.0,0.0,0.0,0.0,0.0,0.0,0.0,0.0,0.0,0.0,0.0,0.0,0.0,0.0,0.0,0.0,0.0,0.0,0.0,0.0,0.0,0.0,0.0,0.0,0.0,0.04387,0.10619,0.04381,0.0,0.0,0.0,0.0,0.0,0.0,0.0,0.0,0.0,0.0,0.0,0.08031,0.13838,0.08149,0.0,0.0,0.0,0.0,0.0,0.0,0.0,0.0,0.0,0.0,0.0,0.06621,0.13384,0.0,0.0,0.0,0.0,0.0,0.0,0.0,0.0,0.0,0.0,0.0,0.0,0.0,0.99606,0.406,1.226,5.0,5.0,2.6335,0,-0.18,1.0
1277,0.0,0.0,0.0,0.0,0.0,0.0,0.0,0.0,0.0,0.0,0.0,0.0,0.0,0.0,0.0,0.0,0.0,0.0,0.0,0.0,0.0,0.0,0.0,0.0,0.0,0.0,0.0,0.0,0.0,0.0,0.0,0.0,0.0,0.0,0.0,0.0,0.0,0.0,0.0,0.0,0.0,0.0,0.0,0.0,0.0,0.0,0.0,0.0,0.0,0.0,0.0,0.0,0.0,0.0,0.0,0.0,0.0,0.0,0.0,0.0,0.0,0.0,0.0,0.0,0.0,0.0,0.0,0.0,0.0,0.0,0.01114,0.12724,0.04009,0.0,0.0,0.0,0.0,0.0,0.0,0.0,0.0,0.0,0.0,0.0,0.0941,0.13821,0.0684,0.0,0.0,0.0,0.0,0.0,0.0,0.0,0.0,0.0,0.0,0.0,0.0839,0.14127,0.0,0.0,0.0,0.0,0.0,0.0,0.0,0.0,0.0,0.0,0.0,0.0,0.0,1.0,0.379,1.19,5.0,5.0,2.6125,0,-0.36,1.0
1278,0.0,0.0,0.0,0.0,0.0,0.0,0.0,0.0,0.0,0.0,0.0,0.0,0.0,0.0,0.0,0.0,0.0,0.0,0.0,0.0,0.0,0.0,0.0,0.0,0.0,0.0,0.0,0.0,0.0,0.0,0.0,0.0,0.0,0.0,0.0,0.0,0.0,0.0,0.0,0.0,0.0,0.0,0.0,0.0,0.0,0.0,0.0,0.0,0.0,0.0,0.0,0.0,0.0,0.0,0.0,0.0,0.0,0.0,0.0,0.0,0.0,0.0,0.0,0.0,0.0,0.0,0.0,0.0,0.0,0.0,0.08278,0.08137,0.0,0.0,0.0,0.0,0.0,0.0,0.0,0.0,0.0,0.0,0.0,0.06138,0.15142,0.08862,0.0,0.0,0.0,0.0,0.0,0.0,0.0,0.0,0.0,0.0,0.0,0.06787,0.15596,0.09564,0.0,0.0,0.0,0.0,0.0,0.0,0.0,0.0,0.0,0.0,0.0,0.0543,0.0,1.0,1.074,1.106,5.0,5.0,2.5645,0,-0.54,0.9460150933333334
1279,0.0,0.0,0.0,0.0,0.0,0.0,0.0,0.0,0.0,0.0,0.0,0.0,0.0,0.0,0.0,0.0,0.0,0.0,0.0,0.0,0.0,0.0,0.0,0.0,0.0,0.0,0.0,0.0,0.0,0.0,0.0,0.0,0.0,0.0,0.0,0.0,0.0,0.0,0.0,0.0,0.0,0.0,0.0,0.0,0.0,0.0,0.0,0.0,0.0,0.0,0.0,0.0,0.0,0.0,0.0,0.0,0.0,0.0,0.0,0.0,0.0,0.0,0.0,0.0,0.0,0.0,0.0,0.0,0.0,0.02476,0.07394,0.0,0.0,0.0,0.0,0.0,0.0,0.0,0.0,0.0,0.0,0.0,0.04334,0.14917,0.08042,0.0,0.0,0.0,0.0,0.0,0.0,0.0,0.0,0.0,0.0,0.0,0.07871,0.15867,0.03715,0.0,0.0,0.0,0.0,0.0,0.0,0.0,0.0,0.0,0.0,0.0,0.03467,0.0,-0.9,0.72732,1.008,1.072,5.0,5.0,2.5415,0,-0.72,0.9293479466666668
1280,0.0,0.0,0.0,0.0,0.0,0.0,0.0,0.0,0.0,0.0,0.0,0.0,0.0,0.0,0.0,0.0,0.0,0.0,0.0,0.0,0.0,0.0,0.0,0.0,0.0,0.0,0.0,0.0,0.0,0.0,0.0,0.0,0.0,0.0,0.0,0.0,0.0,0.0,0.0,0.0,0.0,0.0,0.0,0.0,0.0,0.0,0.0,0.0,0.0,0.0,0.0,0.0,0.0,0.0,0.0,0.0,0.00088,0.0,0.0,0.0,0.0,0.0,0.0,0.0,0.0,0.0,0.0,0.0,0.03815,0.16244,0.03166,0.0,0.0,0.0,0.0,0.0,0.0,0.0,0.0,0.0,0.0,0.0,0.14239,0.14717,0.0,0.0,0.0,0.0,0.0,0.0,0.0,0.0,0.0,0.0,0.0,0.03107,0.16669,0.07305,0.0,0.0,0.0,0.0,0.0,0.0,0.0,0.0,0.0,0.0,0.0,0.06728,0.01091,0.0,-0.9,0.75103,0.912,0.935,5.0,5.0,5.0,0,-0.72,0.9123858666666667
1281,0.0,0.0,0.0,0.0,0.0,0.0,0.0,0.0,0.0,0.0,0.0,0.0,0.0,0.0,0.0,0.0,0.0,0.0,0.0,0.0,0.0,0.0,0.0,0.0,0.0,0.0,0.0,0.0,0.0,0.0,0.0,0.0,0.0,0.0,0.0,0.0,0.0,0.0,0.0,0.0,0.0,0.0,0.0,0.0,0.0,0.0,0.0,0.0,0.0,0.0,0.0,0.0,0.0,0.0,0.0,0.0,0.0023,0.13302,0.0,0.0,0.0,0.0,0.0,0.0,0.0,0.0,0.0,0.0,0.0,0.06014,0.18166,0.0,0.0,0.0,0.0,0.0,0.0,0.0,0.0,0.0,0.0,0.0,0.0296,0.20849,0.00814,0.0,0.0,0.0,0.00708,0.0,0.0,0.0,0.0,0.0,0.0,0.00507,0.19216,0.03432,0.0,0.0,0.02317,0.0,0.0,0.0,0.0,0.0,0.0,0.0,0.0,0.07235,0.0,0.0,-0.9,0.75103,1.055,0.841,0.856,5.0,5.0,0,-0.54,0.9137138133333333
1282,0.0,0.0,0.0,0.0,0.0,0.0,0.0,0.0,0.0,0.0,0.0,0.0,0.0,0.0,0.0,0.0,0.0,0.0,0.0,0.0,0.0,0.0,0.0,0.0,0.0,0.0,0.0,0.0,0.0,0.0,0.0,0.0,0.0,0.0,0.0,0.0,0.0,0.0,0.0,0.0,0.0,0.0,0.0,0.0,0.0,0.0,0.0,0.0,0.0,0.0,0.0,0.0,0.0,0.0,0.0,0.0,0.0,0.00761,0.09269,0.0,0.0,0.0,0.0,0.0,0.0,0.0,0.0,0.0,0.0,0.0,0.12282,0.11173,0.0,0.0,0.0,0.0,0.0,0.0,0.0,0.0,0.0,0.0,0.0,0.11857,0.11792,0.0,0.0,0.0,0.0,0.05342,0.0,0.0,0.0,0.0,0.0,0.0,0.11975,0.12294,0.0,0.0,0.0,0.00018,0.0,0.0,0.0,0.0,0.0,0.0,0.0,0.10884,0.06716,0.0,-0.9,0.81426,1.014,0.798,0.79,5.0,5.0,0,-0.36,0.8754432533333334
1283,0.0,0.0,0.0,0.0,0.0,0.0,0.0,0.0,0.0,0.0,0.0,0.0,0.0,0.0,0.0,0.0,0.0,0.0,0.0,0.0,0.0,0.0,0.0,0.0,0.0,0.0,0.0,0.0,0.0,0.0,0.0,0.0,0.0,0.0,0.0,0.0,0.0,0.0,0.0,0.0,0.0,0.0,0.0,0.0,0.0,0.0,0.0,0.0,0.0,0.0,0.0,0.0,0.0,0.0,0.0,0.0,0.0,0.0,0.09222,0.04593,0.0,0.0,0.0,0.0,0.0,0.0,0.0,0.01787,0.0,0.0,0.0,0.19953,0.03679,0.0,0.0,0.0,0.0,0.0,0.0,0.0,0.0,0.0,0.0,0.0,0.21403,0.02176,0.0,0.0,0.0,0.02771,0.00413,0.0,0.0,0.0,0.0,0.0,0.00053,0.22429,0.01114,0.0,0.0,0.06775,0.0,0.0,0.0,0.0,0.0,0.0,0.0,0.00354,0.07836,0.0,0.0,0.79846,0.951,0.716,0.705,5.0,5.0,0,-0.18,0.9151896
1284,0.0,0.0,0.0,0.0,0.0,0.0,0.0,0.0,0.0,0.0,0.0,0.0,0.0,0.0,0.0,0.0,0.0,0.0,0.0,0.0,0.0,0.0,0.0,0.0,0.0,0.0,0.0,0.0,0.0,0.0,0.0,0.0,0.0,0.0,0.0,0.0,0.0,0.0,0.0,0.0,0.0,0.0,0.0,0.0,0.0,0.0,0.0,0.0,0.0,0.0,0.0,0.0,0.0,0.0,0.0,0.0,0.0,0.0,0.0,0.0,0.0138,0.0,0.0,0.0,0.0,0.0,0.0,0.01114,0.00159,0.0,0.0,0.0,0.19794,0.01875,0.0,0.0,0.0,0.0,0.0,0.0582,0.0,0.0,0.0,0.0,0.00106,0.22176,0.0066,0.0,0.0,0.0,0.0,0.0,0.0,0.0,0.0,0.0,0.0,0.00808,0.17712,0.0,0.0,0.0,0.0092,0.0,0.0,0.0,0.0,0.0,0.0,0.0,0.00902,0.00495,0.0,0.79846,0.868,2.7565,0.606,0.648,5.0,0,0.0,0.71941
1285,0.0,0.0,0.0,0.0,0.0,0.0,0.0,0.0,0.0,0.0,0.0,0.0,0.0,0.0,0.0,0.0,0.0,0.0,0.0,0.0,0.0,0.0,0.0,0.0,0.0,0.0,0.0,0.0,0.0,0.0,0.0,0.0,0.0,0.0,0.0,0.0,0.0,0.0,0.0,0.0,0.0,0.0,0.0,0.0,0.0,0.0,0.0,0.0,0.0,0.0,0.0,0.0,0.0,0.0,0.0,0.0,0.0,0.0,0.0,0.0,0.0,0.0,0.0,0.0,0.0,0.0,0.0,0.0,0.07058,0.0,0.0,0.0,0.07305,0.12011,0.0,0.0,0.0,0.0,0.0,0.09228,0.09611,0.0,0.0,0.0,0.0,0.13379,0.09988,0.0,0.0,0.0,0.0,0.0819,0.0,0.0,0.0,0.0,0.0,0.0,0.15083,0.08779,0.0,0.0,0.0,0.0,0.0,0.0,0.0,0.0,0.0,0.0,0.0,0.10136,0.0,0.71941,0.836,2.4545,0.574,0.594,5.0,0,0.0,0.0
1286,0.0,0.0,0.0,0.0,0.0,0.0,0.0,0.0,0.0,0.0,0.0,0.0,0.0,0.0,0.0,0.0,0.0,0.0,0.0,0.0,0.0,0.0,0.0,0.0,0.0,0.0,0.0,0.0,0.0,0.0,0.0,0.0,0.0,0.0,0.0,0.0,0.0,0.0,0.0,0.0,0.0,0.0,0.0,0.0,0.0,0.0,0.0,0.0,0.0,0.0,0.0,0.0,0.0,0.0,0.0,0.0,0.0,0.0,0.0,0.0,0.0,0.0,0.0,0.0,0.0,0.00902,0.0,0.0,0.0,0.0,0.0,0.0,0.0,0.15814,0.0,0.0,0.0,0.0,0.0,0.0,0.05324,0.0,0.0,0.0,0.0,0.03031,0.20584,0.0,0.0,0.0,0.0,0.08255,0.01881,0.0,0.0,0.0,0.0,0.0,0.04959,0.19363,0.0,0.0,0.0,0.0,0.0,0.0,0.0,0.0,0.0,0.0,0.0,0.03998,0.0,0.0,0.818,2.1845,0.535,0.558,5.0,0,0.0,0.0
1287,0.0,0.0,0.0,0.0,0.0,0.0,0.0,0.0,0.0,0.0,0.0,0.0,0.0,0.0,0.0,0.0,0.0,0.0,0.0,0.0,0.0,0.0,0.0,0.0,0.0,0.0,0.0,0.0,0.0,0.0,0.0,0.0,0.0,0.0,0.0,0.0,0.0,0.0,0.0,0.0,0.0,0.0,0.0,0.0,0.0,0.0,0.0,0.0,0.0,0.0,0.0,0.0,0.0,0.0,0.0,0.0,0.0,0.0,0.0,0.0,0.0,0.0,0.0,0.0,0.0,0.00937,0.0,0.0,0.0,0.0,0.0,0.0,0.0,0.15578,0.00112,0.0,0.0,0.0,0.0,0.0,0.07447,0.0,0.0,0.0,0.0,0.01822,0.21899,0.0,0.0,0.0,0.0,0.09169,0.04381,0.0,0.0,0.0,0.0,0.0,0.0316,0.20472,0.0,0.0,0.0,0.01362,0.0,0.0,0.0,0.0,0.0,0.0,0.0,0.01362,0.0,0.0,0.818,2.1925,0.526,0.553,5.0,0,0.0,0.0
1288,0.0,0.0,0.0,0.0,0.0,0.0,0.0,0.0,0.0,0.0,0.0,0.0,0.0,0.0,0.0,0.0,0.0,0.0,0.0,0.0,0.0,0.0,0.0,0.0,0.0,0.0,0.0,0.0,0.0,0.0,0.0,0.0,0.0,0.0,0.0,0.0,0.0,0.0,0.0,0.0,0.0,0.0,0.0,0.0,0.0,0.0,0.0,0.0,0.0,0.0,0.0,0.0,0.0,0.0,0.0,0.0,0.0,0.0,0.0,0.0,0.0,0.0,0.0,0.0,0.0,0.00088,0.0,0.0,0.0,0.0,0.0,0.0,0.0,0.14127,0.00112,0.0,0.0,0.0,0.0,0.0,0.09994,0.0,0.0,0.0,0.0,0.01834,0.21816,0.0,0.0,0.0,0.0,0.10112,0.04517,0.0,0.0,0.0,0.0,0.0,0.03107,0.20171,0.0,0.0,0.0,0.01167,0.0,0.0,0.0,0.0,0.0,0.0,0.0,0.01167,0.0,0.0,0.819,2.1895,0.527,0.553,5.0,0,0.0,0.0
1289,0.0,0.0,0.0,0.0,0.0,0.0,0.0,0.0,0.0,0.0,0.0,0.0,0.0,0.0,0.0,0.0,0.0,0.0,0.0,0.0,0.0,0.0,0.0,0.0,0.0,0.0,0.0,0.0,0.0,0.0,0.0,0.0,0.0,0.0,0.0,0.0,0.0,0.0,0.0,0.0,0.0,0.0,0.0,0.0,0.0,0.0,0.0,0.0,0.0,0.0,0.0,0.0,0.0,0.0,0.0,0.0,0.0,0.0,0.0,0.0,0.0,0.0,0.0,0.0,0.0,0.00265,0.0,0.0,0.0,0.0,0.0,0.0,0.0,0.15855,0.00153,0.0,0.0,0.0,0.0,0.0,0.12983,0.0,0.0,0.0,0.0,0.01804,0.22075,0.0,0.0,0.0,0.0,0.10884,0.04558,0.0,0.0,0.0,0.0,0.0,0.03107,0.20259,0.0,0.0,0.0,0.01362,0.0,0.0,0.0,0.0,0.0,0.0,0.0,0.01433,0.0,0.0,0.819,2.1895,0.527,0.553,5.0,0,0.0,0.78265
1290,0.0,0.0,0.0,0.0,0.0,0.0,0.0,0.0,0.0,0.0,0.0,0.0,0.0,0.0,0.0,0.0,0.0,0.0,0.0,0.0,0.0,0.0,0.0,0.0,0.0,0.0,0.0,0.0,0.0,0.0,0.0,0.0,0.0,0.0,0.0,0.0,0.0,0.0,0.0,0.0,0.0,0.0,0.0,0.0,0.0,0.0,0.0,0.0,0.0,0.0,0.0,0.0,0.0,0.0,0.0,0.0,0.0,0.0,0.0,0.0,0.0,0.0,0.0,0.0,0.0,0.00106,0.0,0.0,0.0,0.0,0.0,0.0,0.0,0.15189,0.00112,0.0,0.0,0.0,0.0,0.0,0.10808,0.0,0.0,0.0,0.0,0.01816,0.21798,0.0,0.0,0.0,0.0,0.05825,0.05283,0.0,0.0,0.0,0.0,0.0,0.03219,0.20377,0.0,0.0,0.0,0.01026,0.0,0.0,0.0,0.0,0.0,0.0,0.0,0.00902,0.0,0.78265,0.818,2.1925,0.527,0.553,5.0,0,-0.18,0.8775
1291,0.0,0.0,0.0,0.0,0.0,0.0,0.0,0.0,0.0,0.0,0.0,0.0,0.0,0.0,0.0,0.0,0.0,0.0,0.0,0.0,0.0,0.0,0.0,0.0,0.0,0.0,0.0,0.0,0.0,0.0,0.0,0.0,0.0,0.0,0.0,0.0,0.0,0.0,0.0,0.0,0.0,0.0,0.0,0.0,0.0,0.0,0.0,0.0,0.0,0.0,0.0,0.0,0.0,0.0,0.0,0.0,0.0,0.0,0.0,0.0,0.0,0.0,0.0,0.0,0.0,0.00177,0.0,0.0,0.0,0.0,0.0,0.0,0.0,0.1533,0.00112,0.0,0.0,0.0,0.0,0.0,0.07854,0.0,0.0,0.0,0.0,0.01922,0.21728,0.0,0.0,0.0,0.0,0.09917,0.03261,0.0,0.0,0.0,0.0,0.0,0.03255,0.20147,0.0,0.0,0.0,0.0115,0.0,0.0,0.0,0.0,0.0,0.0,0.0,0.01733,0.0,0.8775,0.81,2.1825,0.522,0.55,5.0,0,-0.36,0.8775
1292,0.0,0.0,0.0,0.0,0.0,0.0,0.0,0.0,0.0,0.0,0.0,0.0,0.0,0.0,0.0,0.0,0.0,0.0,0.0,0.0,0.0,0.0,0.0,0.0,0.0,0.0,0.0,0.0,0.0,0.0,0.0,0.0,0.0,0.0,0.0,0.0,0.0,0.0,0.0,0.0,0.0,0.0,0.0,0.0,0.0,0.0,0.0,0.0,0.0,0.0,0.0,0.0,0.0,0.0,0.0,0.0,0.0,0.0,0.0,0.0,0.0,0.0,0.0,0.0,0.00012,0.01279,0.0,0.0,0.0,0.0,0.0,0.0,0.0,0.15035,0.00849,0.0,0.0,0.0,0.0,0.0,0.02494,0.0,0.0,0.0,0.0,0.00755,0.22588,0.00236,0.0,0.0,0.0,0.07842,0.05796,0.0,0.0,0.0,0.0,0.0,0.01533,0.21869,0.0,0.0,0.0,0.0329,0.0,0.0,0.0,0.0,0.0,0.0,0.0,0.00849,0.0,0.8775,0.783,2.152,0.508,0.528,5.0,0,-0.54,0.8775
1293,0.0,0.0,0.0,0.0,0.0,0.0,0.0,0.0,0.0,0.0,0.0,0.0,0.0,0.0,0.0,0.0,0.0,0.0,0.0,0.0,0.0,0.0,0.0,0.0,0.0,0.0,0.0,0.0,0.0,0.0,0.0,0.0,0.0,0.0,0.0,0.0,0.0,0.0,0.0,0.0,0.0,0.0,0.0,0.0,0.0,0.0,0.0,0.0,0.0,0.0,0.0,0.0,0.0,0.0,0.0,0.0,0.0,0.0,0.0,0.0,0.0,0.0,0.0,0.0,0.04829,0.0046,0.00088,0.0,0.0,0.0,0.0,0.0,0.0,0.00159,0.04776,0.0,0.0,0.0,0.0,0.0,0.0,0.0,0.0,0.0,0.0,0.0,0.18137,0.05018,0.0,0.0,0.0,0.00719,0.05401,0.0,0.0,0.0,0.0,0.0,0.0,0.18149,0.0,0.0,0.0,0.11822,0.00542,0.0,0.0,0.0,0.0,0.0,0.0,0.0,-0.9,0.8775,0.742,2.1085,0.458,0.491,5.0,0,-0.54,0.86169
1294,0.0,0.0,0.0,0.0,0.0,0.0,0.0,0.0,0.0,0.0,0.0,0.0,0.0,0.0,0.0,0.0,0.0,0.0,0.0,0.0,0.0,0.0,0.0,0.0,0.0,0.0,0.0,0.0,0.0,0.0,0.0,0.0,0.0,0.0,0.0,0.0,0.0,0.0,0.0,0.0,0.0,0.0,0.0,0.0,0.0,0.0,0.0,0.0,0.0,0.0,0.0,0.0,0.0,0.0,0.0,0.0,0.0,0.0,0.0,0.0,0.0,0.0,0.0,0.0,0.0,0.00248,0.0,0.0,0.0,0.0,0.0,0.0,0.0,0.0,0.0,0.0,0.0,0.0,0.0,0.0,0.0,0.0,0.0,0.0,0.0,0.0,0.0,0.0,0.0,0.0,0.0,0.0,0.0,0.0,0.0,0.0,0.0,0.0,0.0,0.0,0.0,0.0,0.0,0.0,0.0,0.0,0.0,0.0,0.0,0.0,0.0,0.0,-0.9,0.86169,0.5935,5.0,2.0065,0.362,0.38,0,-0.54,0.83007
1295,0.0,0.0,0.0,0.0,0.0,0.0,0.0,0.0,0.0,0.0,0.0,0.0,0.0,0.0,0.0,0.0,0.0,0.0,0.0,0.0,0.0,0.0,0.0,0.0,0.0,0.0,0.0,0.0,0.0,0.0,0.0,0.0,0.0,0.0,0.0,0.0,0.0,0.0,0.0,0.0,0.0,0.0,0.0,0.0,0.0,0.0,0.0,0.0,0.0,0.0,0.0,0.0,0.0,0.0,0.0,0.0,0.0,0.0,0.0,0.0,0.0,0.0,0.0,0.0,0.0,0.0,0.0,0.0,0.0,0.0,0.0,0.0,0.0,0.0,0.0,0.0,0.0,0.0,0.00088,0.0,0.0,0.0,0.0,0.0,0.0,0.0,0.0,0.0,0.04121,0.0,0.0,0.0,0.0,0.0,0.0,0.0,0.0,0.0,0.0,0.0,0.0,0.0,0.0,0.0,0.0,0.0,0.0,0.0,0.0,0.0,0.0,0.0,-0.9,0.83007,0.629,0.512,5.0,1.812,0.276,0,-0.36000000000000004,0.81426
1296,0.0,0.0,0.0,0.0,0.0,0.0,0.0,0.0,0.0,0.0,0.0,0.0,0.0,0.0,0.0,0.0,0.0,0.0,0.0,0.0,0.0,0.0,0.0,0.0,0.0,0.0,0.0,0.0,0.0,0.0,0.0,0.0,0.0,0.0,0.0,0.0,0.0,0.0,0.0,0.0,0.0,0.0,0.0,0.0,0.0,0.0,0.0,0.0,0.0,0.0,0.0,0.0,0.0,0.0,0.0,0.0,0.0,0.0,0.0,0.0,0.0,0.0,0.0,0.0,0.0,0.0,0.0,0.0,0.0,0.00531,0.0,0.0,0.0,0.0,0.0,0.0,0.0,0.0,0.0,0.0,0.00265,0.0,0.0,0.0,0.0,0.0,0.0,0.0,0.0,0.0,0.0,0.0,0.0,0.0,0.0,0.0,0.0,0.0,0.0,0.0,0.0,0.0,0.0,0.0,0.0,0.0,0.0,0.0,0.0,0.0,0.0,0.0,0.0,0.81426,3.636,0.441,5.0,1.833,0.239,0,0.0,0.0
1297,0.0,0.0,0.0,0.0,0.0,0.0,0.0,0.0,0.0,0.0,0.0,0.0,0.0,0.0,0.0,0.0,0.0,0.0,0.0,0.0,0.0,0.0,0.0,0.0,0.0,0.0,0.0,0.0,0.0,0.0,0.0,0.0,0.0,0.0,0.0,0.0,0.0,0.0,0.0,0.0,0.0,0.0,0.0,0.0,0.0,0.0,0.0,0.0,0.0,0.0,0.0,0.0,0.0,0.0,0.0,0.0,0.0,0.0,0.0,0.0,0.0,0.0,0.0,0.0,0.03927,0.0,0.0,0.0,0.0,0.0,0.02441,0.00743,0.0,0.0,0.0,0.0,0.00159,0.0,0.0,0.0,0.0046,0.00354,0.00035,0.0,0.0,0.0,0.0,0.0,0.0,0.0,0.0,0.0,0.00142,0.0,0.0,0.0,0.0,0.0,0.0,0.0,0.0,0.0,0.0,0.0,0.0,0.0,0.0,0.0,0.0,0.0,0.0,0.0,0.0,0.0,2.4705,0.374,4.2205,5.0,1.759,0,0.36,0.0
1298,0.0,0.0,0.0,0.0,0.0,0.0,0.0,0.0,0.0,0.0,0.0,0.0,0.0,0.0,0.0,0.0,0.0,0.0,0.0,0.0,0.0,0.0,0.0,0.0,0.0,0.0,0.0,0.0,0.0,0.0,0.0,0.0,0.0,0.0,0.0,0.0,0.0,0.0,0.0,0.0,0.0,0.0,0.0,0.0,0.0,0.0,0.0,0.0,0.0,0.0,0.0,0.0,0.0,0.0,0.0,0.0,0.0,0.0,0.0,0.0,0.0,0.0,0.0,0.0,0.04894,0.03632,0.0,0.0,0.0,0.0,0.0,0.11551,0.01574,0.0,0.0,0.0,0.05006,0.0,0.0,0.0,0.0,0.02105,0.10153,0.02901,0.0,0.0,0.0,0.0,0.0,0.0,0.0,0.01474,0.07264,0.0,0.0,0.0,0.0,0.0,0.0,0.0,0.0,0.0,0.0,0.0,0.0,0.0,0.0,0.0,0.0,0.0,0.0,0.0,0.0,0.0,2.831,0.376,4.8145,5.0,5.0,0,0.54,0.0
1299,0.0,0.0,0.0,0.0,0.0,0.0,0.0,0.0,0.0,0.0,0.0,0.0,0.0,0.0,0.0,0.0,0.0,0.0,0.0,0.0,0.0,0.0,0.0,0.0,0.0,0.0,0.0,0.0,0.0,0.0,0.0,0.0,0.0,0.0,0.0,0.0,0.0,0.0,0.0,0.0,0.0,0.0,0.0,0.0,0.0,0.0,0.0,0.0,0.0,0.0,0.0,0.0,0.0,0.0,0.0,0.0,0.0,0.0,0.0,0.0,0.0,0.0,0.0,0.0,0.05248,0.05472,0.0,0.0,0.0,0.0,0.0,0.09847,0.00554,0.0,0.0,0.0,0.05943,0.0,0.0,0.0,0.0,0.0214,0.11221,0.02771,0.0,0.0,0.0,0.0,0.0,0.0,0.0,0.01828,0.10519,0.0,0.0,0.0,0.0,0.0,0.0,0.0,0.0,0.0,0.0,0.0,0.0,0.0,0.0,0.0,0.0,0.0,0.0,0.0,0.9,0.0,2.3075,0.378,5.0,5.0,5.0,0,0.72,0.0
1300,0.0,0.0,0.0,0.0,0.0,0.0,0.0,0.0,0.0,0.0,0.0,0.0,0.0,0.0,0.0,0.0,0.0,0.0,0.0,0.0,0.0,0.0,0.0,0.0,0.0,0.0,0.0,0.0,0.0,0.0,0.0,0.0,0.0,0.0,0.0,0.0,0.0,0.0,0.0,0.0,0.0,0.0,0.0,0.0,0.0,0.0,0.0,0.0,0.0,0.0,0.0,0.0,0.0,0.0,0.0,0.0,0.0,0.0,0.0,0.0,0.0,0.0,0.0,0.0,0.02123,0.00265,0.0,0.0,0.0,0.0,0.0,0.08314,0.0,0.0,0.0,0.0,0.0,0.0,0.0,0.0,0.0,0.03308,0.10808,0.03343,0.0,0.0,0.0,0.0,0.0,0.0,0.0,0.02754,0.06515,0.0,0.0,0.0,0.0,0.0,0.0,0.0,0.0,0.0,0.0,0.0,0.0,0.0,0.0,0.0,0.0,0.0,0.0,0.0,0.9,0.0,2.3785,0.377,4.9615,5.0,5.0,0,0.9,0.0
1301,0.0,0.0,0.0,0.0,0.0,0.0,0.0,0.0,0.0,0.0,0.0,0.0,0.0,0.0,0.0,0.0,0.0,0.0,0.0,0.0,0.0,0.0,0.0,0.0,0.0,0.0,0.0,0.0,0.0,0.0,0.0,0.0,0.0,0.0,0.0,0.0,0.0,0.0,0.0,0.0,0.0,0.0,0.0,0.0,0.0,0.0,0.0,0.0,0.0,0.0,0.0,0.0,0.0,0.0,0.0,0.0,0.0,0.0,0.0,0.0,0.0,0.0,0.0,0.0,0.05472,0.02789,0.0,0.0,0.0,0.0,0.0,0.07305,0.0,0.0,0.0,0.0,0.01274,0.0,0.0,0.0,0.0,0.03078,0.10837,0.02588,0.0,0.0,0.0,0.0,0.0,0.0,0.0,0.03272,0.07807,0.00454,0.0,0.0,0.0,0.0,0.0,0.0,0.0,0.0,0.0,0.0,0.0,0.0,0.0,0.0,0.0,0.0,0.0,0.0,0.9,0.0,2.3675,0.377,4.9435,5.0,5.0,0,0.9,0.0
1302,0.0,0.0,0.0,0.0,0.0,0.0,0.0,0.0,0.0,0.0,0.0,0.0,0.0,0.0,0.0,0.0,0.0,0.0,0.0,0.0,0.0,0.0,0.0,0.0,0.0,0.0,0.0,0.0,0.0,0.0,0.0,0.0,0.0,0.0,0.0,0.0,0.0,0.0,0.0,0.0,0.0,0.0,0.0,0.0,0.0,0.0,0.0,0.0,0.0,0.0,0.0,0.0,0.0,0.0,0.0,0.0,0.0,0.0,0.0,0.0,0.0,0.0,0.0,0.0,0.06144,0.02453,0.0,0.0,0.0,0.0,0.0,0.07818,0.0,0.0,0.0,0.0,0.01539,0.0,0.0,0.0,0.0,0.026,0.11527,0.03119,0.0,0.0,0.0,0.0,0.0,0.0,0.0,0.02901,0.07482,0.0,0.0,0.0,0.0,0.0,0.0,0.0,0.0,0.0,0.0,0.0,0.0,0.0,0.0,0.0,0.0,0.0,0.0,0.0,0.9,0.0,2.3695,0.377,5.0,5.0,5.0,0,0.9,0.0
1303,0.0,0.0,0.0,0.0,0.0,0.0,0.0,0.0,0.0,0.0,0.0,0.0,0.0,0.0,0.0,0.0,0.0,0.0,0.0,0.0,0.0,0.0,0.0,0.0,0.0,0.0,0.0,0.0,0.0,0.0,0.0,0.0,0.0,0.0,0.0,0.0,0.0,0.0,0.0,0.0,0.0,0.0,0.0,0.0,0.0,0.0,0.0,0.0,0.0,0.0,0.0,0.0,0.0,0.0,0.0,0.0,0.0,0.0,0.0,0.0,0.0,0.0,0.0,0.0,0.04764,0.02046,0.0,0.0,0.0,0.0,0.0,0.06899,0.0,0.0,0.0,0.0,0.0,0.0,0.0,0.0,0.0,0.03361,0.11215,0.02901,0.0,0.0,0.0,0.0,0.0,0.0,0.0,0.03502,0.07553,0.0,0.0,0.0,0.0,0.0,0.0,0.0,0.0,0.0,0.0,0.0,0.0,0.0,0.0,0.0,0.0,0.0,0.0,0.0,0.9,0.0,2.3785,0.377,4.9435,5.0,5.0,0,0.9,0.18976
1304,0.0,0.0,0.0,0.0,0.0,0.0,0.0,0.0,0.0,0.0,0.0,0.0,0.0,0.0,0.0,0.0,0.0,0.0,0.0,0.0,0.0,0.0,0.0,0.0,0.0,0.0,0.0,0.0,0.0,0.0,0.0,0.0,0.0,0.0,0.0,0.0,0.0,0.0,0.0,0.0,0.0,0.0,0.0,0.0,0.0,0.0,0.0,0.0,0.0,0.0,0.0,0.0,0.0,0.0,0.0,0.0,0.0,0.0,0.0,0.0,0.0,0.0,0.0,0.0,0.03225,0.00967,0.0,0.0,0.0,0.0,0.0,0.07005,0.0,0.0,0.0,0.0,0.0,0.0,0.0,0.0,0.0,0.02547,0.10236,0.03031,0.0,0.0,0.0,0.0,0.0,0.0,0.0,0.03042,0.075,0.0,0.0,0.0,0.0,0.0,0.0,0.0,0.0,0.0,0.0,0.0,0.0,0.0,0.0,0.0,0.0,0.0,0.0,0.0,0.9,0.18976,2.3815,0.377,5.0,5.0,5.0,0,0.9,0.92492
1305,0.0,0.0,0.0,0.0,0.0,0.0,0.0,0.0,0.0,0.0,0.0,0.0,0.0,0.0,0.0,0.0,0.0,0.0,0.0,0.0,0.0,0.0,0.0,0.0,0.0,0.0,0.0,0.0,0.0,0.0,0.0,0.0,0.0,0.0,0.0,0.0,0.0,0.0,0.0,0.0,0.0,0.0,0.0,0.0,0.0,0.0,0.0,0.0,0.0,0.0,0.0,0.0,0.0,0.0,0.0,0.0,0.0,0.0,0.0,0.0,0.0,0.0,0.0,0.0,0.01162,0.00112,0.0,0.0,0.0,0.0,0.0,0.06244,0.0,0.0,0.0,0.0,0.0,0.0,0.0,0.0,0.0,0.0306,0.09658,0.02848,0.0,0.0,0.0,0.0,0.0,0.0,0.0,0.0329,0.07341,0.0,0.0,0.0,0.0,0.0,0.0,0.0,0.0,0.0,0.0,0.0,0.0,0.0,0.0,0.0,0.0,0.0,0.0,0.0,0.9,0.92492,2.3625,0.377,5.0,5.0,5.0,0,0.9,1.0
1306,1.0,0.0,0.57773,0.0728,0.54368,0.26003,0.30396,1.0,0.0,0.0,0.0,0.0,0.0,0.0,0.0,0.0,0.0,0.0,0.0,0.0,0.0,0.0,0.0,0.0,0.0,0.0,0.0,0.0,0.0,0.0,0.0,0.0,0.0,0.0,0.0,0.0,0.0,0.0,0.0,0.0,0.0,0.0,0.0,0.0,0.0,0.0,0.0,0.0,0.0,0.0,0.0,0.0,0.0,0.0,0.0,0.0,0.0,0.0,0.0,0.0,0.0,0.0,0.0,0.0,0.0,0.00124,0.0,0.0,0.0,0.0,0.0,0.06297,0.0,0.0,0.0,0.0,0.0,0.0,0.0,0.0,0.0,0.03042,0.0934,0.01238,0.0,0.0,0.0,0.0,0.0,0.0,0.0,0.04139,0.08213,0.00065,0.0,0.0,0.0,0.0,0.0,0.0,0.0,0.0,0.0,0.00265,0.0,0.0,0.0,0.0,0.0,0.0,0.0,0.0,0.9,1.0,0.517,0.343,4.99,5.0,5.0,0,0.9,1.0
1307,1.0,0.0,0.57773,0.0728,0.33171,0.26003,0.30396,0.75163,0.0,0.0,0.0,0.0,0.0,0.0,0.0,0.0,0.0,0.0,0.0,0.0,0.0,0.0,0.0,0.0,0.0,0.0,0.0,0.0,0.0,0.0,0.0,0.0,0.0,0.0,0.0,0.0,0.0,0.0,0.0,0.0,0.0,0.0,0.0,0.0,0.0,0.0,0.0,0.0,0.0,0.0,0.0,0.0,0.0,0.0,0.0,0.0,0.0,0.0,0.0,0.0,0.0,0.0,0.0,0.0,0.0,0.0,0.0,0.0,0.0,0.0,0.00189,0.05596,0.0,0.0,0.0,0.0,0.0,0.0,0.0,0.0,0.0,0.07429,0.14469,0.00761,0.0,0.0,0.0,0.0,0.0,0.0,0.0,0.01545,0.08084,0.06521,0.0,0.0,0.0,0.0,0.0,0.0,0.0,0.0,0.01468,0.14705,0.00047,0.0,0.0,0.0,0.0,0.0,0.0,0.0,0.9,1.0,0.306,0.301,5.0,5.0,5.0,0,0.9,1.0
1308,1.0,0.0,0.57773,0.0728,0.29301,0.26003,0.30396,0.97263,0.0,0.0,0.0,0.0,0.0,0.0,0.0,0.0,0.0,0.0,0.0,0.0,0.0,0.0,0.0,0.0,0.0,0.0,0.0,0.0,0.0,0.0,0.0,0.0,0.0,0.0,0.0,0.0,0.0,0.0,0.0,0.0,0.0,0.0,0.0,0.0,0.0,0.0,0.0,0.0,0.0,0.0,0.0,0.0,0.0,0.0,0.0,0.0,0.0,0.0,0.0,0.0,0.0,0.0,0.0,0.0,0.0,0.0,0.0,0.0,0.0,0.0,0.02441,0.01751,0.0,0.0,0.0,0.0,0.0,0.0,0.0,0.0,0.0,0.04917,0.16787,0.0,0.0,0.0,0.0,0.0,0.0,0.0,0.0,0.0,0.13614,0.08107,0.0,0.0,0.0,0.0,0.0,0.0,0.0,0.0,0.0,0.07801,0.05466,0.0,0.0,0.0,0.0,0.0,0.0,0.0,0.9,1.0,0.248,3.2645,5.0,5.0,5.0,0,0.72,0.97235
1309,1.0,0.0,0.57773,0.0728,0.32009,0.26003,0.30396,0.91986,0.0,0.0,0.0,0.0,0.0,0.0,0.0,0.0,0.0,0.0,0.0,0.0,0.0,0.0,0.0,0.0,0.0,0.0,0.0,0.0,0.0,0.0,0.0,0.0,0.0,0.0,0.0,0.0,0.0,0.0,0.0,0.0,0.0,0.0,0.0,0.0,0.0,0.0,0.0,0.0,0.0,0.0,0.0,0.0,0.0,0.0,0.0,0.0,0.0,0.0,0.0,0.0,0.0,0.0,0.0,0.0,0.0,0.0546,0.00926,0.0,0.0,0.0,0.01504,0.0,0.0,0.0,0.0,0.06297,0.00991,0.0,0.0,0.0,0.0,0.14169,0.0773,0.0,0.0,0.0,0.0,0.0,0.0,0.0,0.0,0.0,0.1168,0.09829,0.0,0.0,0.0,0.0,0.0,0.0,0.0,0.0,0.0,0.12618,0.02824,0.0,0.0,0.0,0.0,0.0,0.0,0.0,0.9,0.97235,2.2885,3.7645,5.0,5.0,5.0,0,0.54,0.81426
1310,1.0,0.0,0.57773,0.0728,-0.31493,0.26003,0.30396,0.37194,0.0,0.0,0.0,0.0,0.0,0.0,0.0,0.0,0.0,0.0,0.0,0.0,0.0,0.0,0.0,0.0,0.0,0.0,0.0,0.0,0.0,0.0,0.0,0.0,0.0,0.0,0.0,0.0,0.0,0.0,0.0,0.0,0.0,0.0,0.0,0.0,0.0,0.0,0.0,0.0,0.0,0.0,0.0,0.0,0.0,0.0,0.0,0.0,0.0,0.0,0.0,0.0,0.0,0.0,0.0,0.0,0.03202,0.08243,0.0,0.0,0.0,0.00973,0.00248,0.0,0.0,0.0,0.17736,0.00713,0.0352,0.0,0.0,0.0,6e-05,0.22229,0.0,0.0,0.0,0.0,0.00489,0.19287,0.0,0.0,0.0,0.0,0.20171,0.03267,0.0,0.0,0.0,0.0,0.0,0.03131,0.0,0.0,0.0,0.0967,0.08178,0.0,0.0,0.0,0.0,0.0,0.0,0.0,0.9,0.81426,2.3475,3.6065,1.45,1.7815,5.0,0,0.36,0.9144513333333334
1311,0.0,0.0,0.0,0.0,0.0,0.0,0.0,0.0,0.0,0.0,0.0,0.0,0.0,0.0,0.0,0.0,0.0,0.0,0.0,0.0,0.0,0.0,0.0,0.0,0.0,0.0,0.0,0.0,0.0,0.0,0.0,0.0,0.0,0.0,0.0,0.0,0.0,0.0,0.0,0.0,0.0,0.0,0.0,0.0,0.0,0.0,0.0,0.0,0.0,0.0,0.0,0.0,0.0,0.0,0.0,0.0,0.0,0.0,0.0,0.0,0.01875,0.08243,0.0,0.0,0.06863,0.02335,0.0,0.0,0.0,0.0,0.0,0.0,0.0,0.17842,0.03685,0.0,0.01079,0.0,0.0,0.0,0.10289,0.00979,0.0,0.0,0.0,0.0,0.223,0.00024,0.0,0.0,0.0,0.00071,0.05448,0.0,0.0,0.0,0.0,0.0,0.02801,0.18691,0.0,0.0,0.0,0.15708,0.0,0.0,0.0,0.0,0.0,0.0,0.0,0.06032,0.0,0.79055,2.4055,3.7575,1.38,5.0,5.0,0,0.18,0.9144513333333334
1312,0.0,0.0,0.0,0.0,0.0,0.0,0.0,0.0,0.0,0.0,0.0,0.0,0.0,0.0,0.0,0.0,0.0,0.0,0.0,0.0,0.0,0.0,0.0,0.0,0.0,0.0,0.0,0.0,0.0,0.0,0.0,0.0,0.0,0.0,0.0,0.0,0.0,0.0,0.0,0.0,0.0,0.0,0.0,0.0,0.0,0.0,0.0,0.0,0.0,0.0,0.0,0.0,0.0,0.0,0.0,0.0,0.0,0.0,0.0,0.0,0.03149,0.0,0.0,0.0,0.06327,0.00112,0.0,0.0,0.0,0.0,0.0,0.0,0.0566,0.15849,0.0,0.0,0.0,0.0,0.0,0.00466,0.06274,0.0,0.0,0.0,0.0,0.10778,0.11456,0.0,0.0,0.0,0.0,0.16386,0.01038,0.0,0.0,0.0,0.0,0.0,0.18025,0.0421,0.0,0.0,0.0,0.01203,0.0,0.0,0.0,0.0,0.0,0.0,0.0,0.09764,0.0,0.79055,2.8275,4.1605,1.319,1.3285,5.0,0,0.0,0.8590825333333333
1313,0.0,0.0,0.0,0.0,0.0,0.0,0.0,0.0,0.0,0.0,0.0,0.0,0.0,0.0,0.0,0.0,0.0,0.0,0.0,0.0,0.0,0.0,0.0,0.0,0.0,0.0,0.0,0.0,0.0,0.0,0.0,0.0,0.0,0.0,0.0,0.0,0.0,0.0,0.0,0.0,0.0,0.0,0.0,0.0,0.0,0.0,0.0,0.0,0.0,0.0,0.0,0.0,0.0,0.0,0.0,0.0,0.0,0.0,0.0,0.00212,0.1332,0.0,0.0,0.0,0.00938,0.0,0.0,0.0,0.0,0.0,0.0,0.0,0.11851,0.10277,0.0,0.0,0.0,0.0,0.0,0.0,0.0,0.0,0.0,0.0,0.0,0.16303,0.06374,0.0,0.0,0.0,0.0,0.07642,0.0,0.0,0.0,0.0,0.0,0.0,0.2161,0.01456,0.0,0.0,0.08844,0.08296,0.0,0.0,0.0,0.0,0.0,0.0,0.00224,0.15218,0.0,0.79055,2.6985,1.2615,1.247,1.2525,5.0,0,0.0,0.8611762666666667
1314,0.0,0.0,0.0,0.0,0.0,0.0,0.0,0.0,0.0,0.0,0.0,0.0,0.0,0.0,0.0,0.0,0.0,0.0,0.0,0.0,0.0,0.0,0.0,0.0,0.0,0.0,0.0,0.0,0.0,0.0,0.0,0.0,0.0,0.0,0.0,0.0,0.0,0.0,0.0,0.0,0.0,0.0,0.0,0.0,0.0,0.0,0.0,0.0,0.0,0.0,0.0,0.0,0.0,0.0,0.0,0.0,0.0,0.0,0.0,0.01551,0.10955,0.0,0.0,0.0,0.00124,0.0,0.0,0.0,0.0,0.0,0.0,0.0,0.15071,0.08031,0.0,0.0,0.0,0.0,0.0,0.0,0.0,0.0,0.0,0.0,0.0,0.19475,0.03644,0.0,0.0,0.0,0.0,0.00478,0.0,0.0,0.0,0.0,0.0,0.0,0.04847,0.0,0.0,0.0,0.06173,0.04245,0.0,0.0,0.0,0.0,0.0,0.0,0.00442,0.00902,0.0,0.79846,2.9585,1.17,1.417,1.172,5.0,0,0.0,0.8727560000000001
1315,0.0,0.0,0.0,0.0,0.0,0.0,0.0,0.0,0.0,0.0,0.0,0.0,0.0,0.0,0.0,0.0,0.0,0.0,0.0,0.0,0.0,0.0,0.0,0.0,0.0,0.0,0.0,0.0,0.0,0.0,0.0,0.0,0.0,0.0,0.0,0.0,0.0,0.0,0.0,0.0,0.0,0.0,0.0,0.0,0.0,0.0,0.0,0.0,0.0,0.0,0.0,0.0,0.0,0.0,0.0,0.0,0.0,0.0,0.0,0.03231,0.07647,0.0,0.0,0.0,0.0,0.0,0.0,0.0,0.0,0.0,0.0,0.0,0.19175,0.04351,0.0,0.0,0.0,0.0,0.0,0.00478,0.0,0.0,0.0,0.0,0.0,0.21728,0.0079,0.0,0.0,0.0,0.0,0.02459,0.0,0.0,0.0,0.0,0.0,0.00666,0.15749,0.0,0.0,0.0,0.0,0.0,0.0,0.0,0.0,0.0,0.0,0.0,0.0,0.0,0.0,0.8775,3.0065,1.1275,1.385,1.143,5.0,0,0.0,0.909116
1316,0.0,0.0,0.0,0.0,0.0,0.0,0.0,0.0,0.0,0.0,0.0,0.0,0.0,0.0,0.0,0.0,0.0,0.0,0.0,0.0,0.0,0.0,0.0,0.0,0.0,0.0,0.0,0.0,0.0,0.0,0.0,0.0,0.0,0.0,0.0,0.0,0.0,0.0,0.0,0.0,0.0,0.0,0.0,0.0,0.0,0.0,0.0,0.0,0.0,0.0,0.0,0.0,0.0,0.0,0.0,0.0,0.0,0.0,0.0,0.04062,0.0434,0.0,0.0,0.0,0.0,0.0,0.0,0.0,0.0,0.0,0.0,0.0,0.22199,0.01327,0.0,0.0,0.0,0.0,0.0,0.01291,0.0,0.0,0.0,0.0,0.00248,0.21946,6e-05,0.0,0.0,0.0,0.00106,0.08367,0.0,0.0,0.0,0.0,0.0,0.0309,0.2033,0.0,0.0,0.0,0.00902,0.00283,0.0,0.0,0.0,0.0,0.0,0.0,0.04511,0.00035,0.0,0.92492,3.1085,1.1015,1.3685,1.109,5.0,0,-0.048386,0.9359900000000001
1317,0.0,0.0,0.0,0.0,0.0,0.0,0.0,0.0,0.0,0.0,0.0,0.0,0.0,0.0,0.0,0.0,0.0,0.0,0.0,0.0,0.0,0.0,0.0,0.0,0.0,0.0,0.0,0.0,0.0,0.0,0.0,0.0,0.0,0.0,0.0,0.0,0.0,0.0,0.0,0.0,0.0,0.0,0.0,0.0,0.0,0.0,0.0,0.0,0.0,0.0,0.0,0.0,0.0,0.0,0.0,0.0,0.0,0.0,0.0,0.05289,0.01132,0.0,0.0,0.0,0.0,0.0,0.0,0.0,0.0,0.0,0.0,0.002,0.22494,0.00018,0.0,0.0,0.0,0.0,0.0,0.0,0.0,0.0,0.0,0.0,0.02618,0.2036,0.0,0.0,0.0,0.0,0.02813,0.09127,0.0,0.0,0.0,0.0,0.0,0.06103,0.1707,0.0,0.0,0.0,0.11763,0.0,0.0,0.0,0.0,0.0,0.0,0.0,0.09558,0.10802,0.0,0.97235,3.5375,0.97,1.0295,1.0,5.0,0,-0.048386,0.9454740000000001
1318,0.0,0.0,0.0,0.0,0.0,0.0,0.0,0.0,0.0,0.0,0.0,0.0,0.0,0.0,0.0,0.0,0.0,0.0,0.0,0.0,0.0,0.0,0.0,0.0,0.0,0.0,0.0,0.0,0.0,0.0,0.0,0.0,0.0,0.0,0.0,0.0,0.0,0.0,0.0,0.0,0.0,0.0,0.0,0.0,0.0,0.0,0.0,0.0,0.0,0.0,0.0,0.0,0.0,0.0,0.0,0.0,0.0,0.0,0.0,0.00088,0.0,0.0,0.0,0.0,0.0,0.0,0.0,0.0,0.0,0.0,0.0,0.08084,0.12771,0.0,0.0,0.0,0.0,0.0,0.0,0.0,0.0,0.0,0.0,0.0,0.12824,0.101,0.0,0.0,0.0,0.0,0.01857,0.0,0.0,0.0,0.0,0.0,0.0,0.18325,0.05395,0.0,0.0,0.0,0.11232,0.0,0.0,0.0,0.0,0.0,0.0,0.0,0.11427,0.00035,0.0,0.97235,2.8945,0.802,0.841,0.834,5.0,0,-0.048386,0.93283
1319,0.0,0.0,0.0,0.0,0.0,0.0,0.0,0.0,0.0,0.0,0.0,0.0,0.0,0.0,0.0,0.0,0.0,0.0,0.0,0.0,0.0,0.0,0.0,0.0,0.0,0.0,0.0,0.0,0.0,0.0,0.0,0.0,0.0,0.0,0.0,0.0,0.0,0.0,0.0,0.0,0.0,0.0,0.0,0.0,0.0,0.0,0.0,0.0,0.0,0.0,0.0,0.0,0.0,0.0,0.0,0.0,0.0,0.0,0.0,0.0,0.0,0.0,0.0,0.0,0.0,0.0,0.0,0.0,0.0,0.0,0.0,0.12612,0.00106,0.0,0.0,0.0,0.0,0.0,0.03361,0.0,0.0,0.0,0.0,0.01274,0.19228,0.0,0.0,0.00318,0.0,0.03154,0.13915,0.0,0.0,0.0,0.0,0.0,0.06244,0.13054,0.0,0.0,0.0,0.09764,0.0,0.0,0.0,0.0,0.0,0.0,0.0,0.0,0.0,0.0,-0.24193,0.93283,3.3245,0.729,0.741,0.745,5.0,0,-0.048386,0.92492
1320,0.0,0.0,0.0,0.0,0.0,0.0,0.0,0.0,0.0,0.0,0.0,0.0,0.0,0.0,0.0,0.0,0.0,0.0,0.0,0.0,0.0,0.0,0.0,0.0,0.0,0.0,0.0,0.0,0.0,0.0,0.0,0.0,0.0,0.0,0.0,0.0,0.0,0.0,0.0,0.0,0.0,0.0,0.0,0.0,0.0,0.0,0.0,0.0,0.0,0.0,0.0,0.0,0.0,0.0,0.0,0.0,0.0,0.0,0.0,0.0,0.0,0.0,0.0,0.0,0.0,0.0,0.0,0.0,0.0,0.0,0.0,0.04316,0.01008,0.0,0.0,0.0,0.0,0.0,0.0,0.0,0.0,0.0,0.0,0.00212,0.12205,0.0,0.0,0.0,0.01521,0.04275,0.13449,0.0,0.0,0.0,0.0,0.0,0.06846,0.14116,0.0,0.0,0.0,0.19794,0.0,0.0,0.0,0.0,0.0,0.0,0.0,0.0444,0.0,0.0,0.0,0.92492,0.4895,0.539,1.0495,0.524,5.0,0,0.058328000000000005,0.89331
1321,0.0,0.0,0.0,0.0,0.0,0.0,0.0,0.0,0.0,0.0,0.0,0.0,0.0,0.0,0.0,0.0,0.0,0.0,0.0,0.0,0.0,0.0,0.0,0.0,0.0,0.0,0.0,0.0,0.0,0.0,0.0,0.0,0.0,0.0,0.0,0.0,0.0,0.0,0.0,0.0,0.0,0.0,0.0,0.0,0.0,0.0,0.0,0.0,0.0,0.0,0.0,0.0,0.0,0.0,0.0,0.0,0.0,0.0,0.0,0.0,0.0,0.0,0.0,0.0,0.0,0.0,0.0,0.0,0.0,0.0,0.0,0.0,0.0,0.0,0.0,0.0,0.0,0.0,0.0,0.0,0.0,0.0,0.0,0.0,0.0,0.0,0.0,0.0,0.0,0.0,0.0,0.0,0.0,0.0,0.0,0.0,0.0,0.0,0.0,0.0,0.0,0.0,0.00106,0.0,0.0,0.0,0.0,0.0,0.0,0.0,0.0,0.0,0.0,0.89331,0.315,0.513,1.165,0.527,0.325,0,0.210582,0.58501
1322,0.0,0.0,0.0,0.0,0.0,0.0,0.0,0.0,0.0,0.0,0.0,0.0,0.0,0.0,0.0,0.0,0.0,0.0,0.0,0.0,0.0,0.0,0.0,0.0,0.0,0.0,0.0,0.0,0.0,0.0,0.0,0.0,0.0,0.0,0.0,0.0,0.0,0.0,0.0,0.0,0.0,0.0,0.0,0.0,0.0,0.0,0.0,0.0,0.0,0.0,0.0,0.0,0.0,0.0,0.0,0.0,0.0,0.0,0.0,0.0,0.0,0.0,0.0,0.0,0.0,0.0,0.0,0.0,0.0,0.0,0.0,0.0,0.0,0.0,0.0,0.0,0.0,0.0,0.0,0.0,0.0,0.0,0.0,0.0,0.0,0.0,0.0,0.0,0.0,0.0,0.0,0.0,0.0,0.0,0.0,0.0,0.0,0.0,0.0,0.0,0.0,0.0,0.0,0.0,0.0,0.0,0.0,0.0,0.0,0.0,0.0,0.0,0.0,0.58501,0.214,0.374,0.653,0.663,0.392,0,0.210582,0.12653
1323,0.0,0.0,0.0,0.0,0.0,0.0,0.0,0.0,0.0,0.0,0.0,0.0,0.0,0.0,0.0,0.0,0.0,0.0,0.0,0.0,0.0,0.0,0.0,0.0,0.0,0.0,0.0,0.0,0.0,0.0,0.0,0.0,0.0,0.0,0.0,0.0,0.0,0.0,0.0,0.0,0.0,0.0,0.0,0.0,0.0,0.0,0.0,0.0,0.0,0.0,0.0,0.0,0.0,0.0,0.0,0.0,0.0,0.0,0.0,0.0,0.0,0.0,0.0,0.0,0.0,0.0,0.0,0.0,0.0,0.0,0.0,0.0,0.0,0.0,0.0,0.0,0.0,0.0,0.0,0.0,0.0,0.0,0.0,0.0,0.0,0.0,0.0,0.0,0.0,0.0,0.0,0.0,0.0,0.0,0.0,0.0,0.0,0.0,0.0,0.0,0.0,0.0,0.0,0.0,0.0,0.0,0.0,0.0,0.0,0.0,0.0,0.0,0.53357,0.12653,2.4405,0.339,0.614,0.922,0.364,0,0.210582,0.47435
1324,0.0,0.0,0.0,0.0,0.0,0.0,0.0,0.0,0.0,0.0,0.0,0.0,0.0,0.0,0.0,0.0,0.0,0.0,0.0,0.0,0.0,0.0,0.0,0.0,0.0,0.0,0.0,0.0,0.0,0.0,0.0,0.0,0.0,0.0,0.0,0.0,0.0,0.0,0.0,0.0,0.0,0.0,0.0,0.0,0.0,0.0,0.0,0.0,0.0,0.0,0.0,0.0,0.0,0.0,0.0,0.0,0.0,0.0,0.0,0.0,0.0,0.0,0.0,0.0,0.0,0.0,0.0,0.0,0.0,0.0,0.0,0.0,0.0,0.0,0.0,0.0,0.0,0.0,0.0,0.0,0.0,0.0,0.0,0.0,0.0,0.0,0.0,0.0,0.0,0.0,0.0,0.0,0.0,0.0,0.0,0.0,0.0,0.0,0.0,0.0,0.0,0.0,0.0,0.0,0.0,0.0,0.0,0.0,0.0,0.0,0.0,0.0,0.51934,0.47435,2.447,0.338,0.621,0.924,0.365,0,0.210582,0.95654
1325,0.0,0.0,0.0,0.0,0.0,0.0,0.0,0.0,0.0,0.0,0.0,0.0,0.0,0.0,0.0,0.0,0.0,0.0,0.0,0.0,0.0,0.0,0.0,0.0,0.0,0.0,0.0,0.0,0.0,0.0,0.0,0.0,0.0,0.0,0.0,0.0,0.0,0.0,0.0,0.0,0.0,0.0,0.0,0.0,0.0,0.0,0.0,0.0,0.0,0.0,0.0,0.0,0.0,0.0,0.0,0.0,0.0,0.0,0.0,0.0,0.0,0.0,0.0,0.0,0.0,0.0,0.0,0.0,0.0,0.0,0.0,0.0,0.0,0.0,0.0,0.0,0.0,0.0,0.0,0.0,0.0,0.0,0.0,0.0,0.0,0.0,0.0,0.0,0.0,0.0,0.0,0.0,0.0,0.0,0.0,0.0,0.0,0.0,0.0,0.0,0.0,0.0,0.0,0.0,0.0,0.0,0.0,0.0,0.0,0.0,0.0,0.0,0.0,0.95654,0.31,0.308,0.952,0.909,0.355,0,0.283868,0.91702
1326,0.0,0.0,0.0,0.0,0.0,0.0,0.0,0.0,0.0,0.0,0.0,0.0,0.0,0.0,0.0,0.0,0.0,0.0,0.0,0.0,0.0,0.0,0.0,0.0,0.0,0.0,0.0,0.0,0.0,0.0,0.0,0.0,0.0,0.0,0.0,0.0,0.0,0.0,0.0,0.0,0.0,0.0,0.0,0.0,0.0,0.0,0.0,0.0,0.0,0.0,0.0,0.0,0.0,0.0,0.0,0.0,0.0,0.0,0.0,0.0,0.0,0.0,0.0,0.0,0.0,0.0,0.0,0.0,0.0,0.0,0.0,0.0,0.0,0.0,0.0,0.0,0.0,0.0,0.0,0.0,0.0,0.0,0.0,0.0,0.0,0.0,0.0,0.0,0.0,0.0,0.0,0.0,0.0,0.0,0.0,0.0,0.0,0.0,0.0,0.0,0.0,0.0,0.0,0.0,0.0,0.0,0.0,0.0,0.0,0.0,0.0,0.0,0.0,0.91702,0.241,0.503,0.89,0.864,0.326,0,0.18,0.82217
1327,0.0,0.0,0.0,0.0,0.0,0.0,0.0,0.0,0.0,0.0,0.0,0.0,0.0,0.0,0.0,0.0,0.0,0.0,0.0,0.0,0.0,0.0,0.0,0.0,0.0,0.0,0.0,0.0,0.0,0.0,0.0,0.0,0.0,0.0,0.0,0.0,0.0,0.0,0.0,0.0,0.0,0.0,0.0,0.0,0.0,0.0,0.0,0.0,0.0,0.0,0.0,0.0,0.0,0.0,0.0,0.0,0.0,0.0,0.0,0.0,0.0,0.0,0.0,0.0,0.0,0.0,0.0,0.0,0.0,0.0,0.0,0.0,0.0,0.0,0.01468,0.0,0.0,0.0,0.0,0.0,0.0,0.0,0.0,0.0,0.0,0.0,0.0,0.0,0.0,0.0,0.0,0.0,0.0,0.0,0.0,0.0,0.0,0.0,0.0,0.0,0.0,0.0,0.0,0.0,0.0,0.0,0.0,0.0,0.0,0.0,0.0,0.0,0.0,0.82217,0.2,0.436,1.1245,0.8,0.492,0,0.18,0.82217
1328,0.0,0.0,0.0,0.0,0.0,0.0,0.0,0.0,0.0,0.0,0.0,0.0,0.0,0.0,0.0,0.0,0.0,0.0,0.0,0.0,0.0,0.0,0.0,0.0,0.0,0.0,0.0,0.0,0.0,0.0,0.0,0.0,0.0,0.0,0.0,0.0,0.0,0.0,0.0,0.0,0.0,0.0,0.0,0.0,0.0,0.0,0.0,0.0,0.0,0.0,0.0,0.0,0.0,0.0,0.0,0.0,0.0,0.0,0.0,0.0,0.0,0.0,0.0,0.0,0.0,0.0,0.0,0.0,0.0,0.0,0.0,0.0,0.0,0.0,0.0,0.0,0.0,0.0,0.0,0.0,0.0,0.0,0.0,0.0,0.0,0.0,0.0,0.0,0.0,0.0,0.0,0.0,0.0,0.0,0.0,0.0,0.0,0.0,0.0,0.0,0.0,0.0,0.0,0.0,0.0,0.0,0.0,0.0,0.0,0.0,0.0,0.0,0.9,0.82217,0.337,0.716,1.611,0.684,0.393,0,0.18,0.76684
1329,0.0,0.0,0.0,0.0,0.0,0.0,0.0,0.0,0.0,0.0,0.0,0.0,0.0,0.0,0.0,0.0,0.0,0.0,0.0,0.0,0.0,0.0,0.0,0.0,0.0,0.0,0.0,0.0,0.0,0.0,0.0,0.0,0.0,0.0,0.0,0.0,0.0,0.0,0.0,0.0,0.0,0.0,0.0,0.0,0.0,0.0,0.0,0.0,0.0,0.0,0.0,0.0,0.0,0.0,0.0,0.0,0.0,0.0,0.0,0.0,0.0,0.0,0.0,0.0,0.0,0.0,0.0,0.0,0.0,0.0,0.0,0.0,0.0,0.0,0.0,0.0,0.0,0.0,0.0,0.0,0.0,0.0,0.0,0.0,0.0,0.0,0.05324,0.0,0.0,0.0,0.00071,0.0,0.0,0.0,0.0,0.0,0.0,0.01828,0.03143,0.0,0.0,0.0,0.0,0.0,0.0,0.0,0.0,0.0,0.0,0.0,0.0,0.0,0.0,0.76684,0.309,0.706,0.9615,0.644,0.354,0,0.18,0.77474
1330,0.0,0.0,0.0,0.0,0.0,0.0,0.0,0.0,0.0,0.0,0.0,0.0,0.0,0.0,0.0,0.0,0.0,0.0,0.0,0.0,0.0,0.0,0.0,0.0,0.0,0.0,0.0,0.0,0.0,0.0,0.0,0.0,0.0,0.0,0.0,0.0,0.0,0.0,0.0,0.0,0.0,0.0,0.0,0.0,0.0,0.0,0.0,0.0,0.0,0.0,0.0,0.0,0.0,0.0,0.0,0.0,0.0,0.0,0.0,0.0,0.0,0.0,0.0,0.0,0.0,0.0,0.0,0.0,0.0,0.0,0.0,0.0,0.0,0.0,0.0,0.0,0.0,0.0,0.0,0.0,0.0,0.0,0.0,0.0,0.0,0.0,0.13933,0.00324,0.0,0.0,0.0,0.0,0.0,0.0,0.0,0.0,0.0,0.00159,0.04192,0.0,0.0,0.0,0.0,0.0,0.0,0.0,0.0,0.0,0.0,0.0,0.0,0.0,0.0,0.77474,0.285,0.973,0.863,0.601,0.322,0,0.0,0.76684
1331,0.0,0.0,0.0,0.0,0.0,0.0,0.0,0.0,0.0,0.0,0.0,0.0,0.0,0.0,0.0,0.0,0.0,0.0,0.0,0.0,0.0,0.0,0.0,0.0,0.0,0.0,0.0,0.0,0.0,0.0,0.0,0.0,0.0,0.0,0.0,0.0,0.0,0.0,0.0,0.0,0.0,0.0,0.0,0.0,0.0,0.0,0.0,0.0,0.0,0.0,0.0,0.0,0.0,0.0,0.0,0.0,0.0,0.0,0.0,0.0,0.0,0.0,0.0,0.0,0.0,0.0,0.0,0.0,0.0,0.0,0.0,0.0,0.0,0.0,0.0,0.0,0.0,0.0,0.0,0.0,0.0,0.0,0.0,0.0,0.0,0.0,0.0,0.02406,0.0,0.0,0.0,0.0,0.0,0.0,0.0,0.0,0.0,0.0,0.13361,0.02011,0.0,0.0,0.0,0.0,0.0,0.0,0.0,0.0,0.0,0.0,0.0237,0.0,0.0,0.76684,0.613,1.166,0.829,0.565,0.288,0,-0.072578,0.83007
1332,0.0,0.0,0.0,0.0,0.0,0.0,0.0,0.0,0.0,0.0,0.0,0.0,0.0,0.0,0.0,0.0,0.0,0.0,0.0,0.0,0.0,0.0,0.0,0.0,0.0,0.0,0.0,0.0,0.0,0.0,0.0,0.0,0.0,0.0,0.0,0.0,0.0,0.0,0.0,0.0,0.0,0.0,0.0,0.0,0.0,0.0,0.0,0.0,0.0,0.0,0.0,0.0,0.0,0.0,0.0,0.0,0.0,0.0,0.0,0.0,0.0,0.0,0.0,0.0,0.0,0.0,0.0,0.0,0.0,0.0,0.0,0.0,0.0,0.0,0.0,0.0,0.0,0.0,0.0,0.0,0.0,0.0,0.0,0.0,0.0,0.0,0.0,0.0,0.0,0.0,0.0,0.0,0.0,0.0,0.0,0.0,0.0,0.0,0.0,0.03414,0.0,0.0,0.0,0.0,0.0,0.0,0.0,0.0,0.0,0.0,0.07353,0.14369,0.0,0.83007,0.57,1.131,0.787,0.511,0.2425,0,-0.072578,0.90121
1333,0.0,0.0,0.0,0.0,0.0,0.0,0.0,0.0,0.0,0.0,0.0,0.0,0.0,0.0,0.0,0.0,0.0,0.0,0.0,0.0,0.0,0.0,0.0,0.0,0.0,0.0,0.0,0.0,0.0,0.0,0.0,0.0,0.0,0.0,0.0,0.0,0.0,0.0,0.0,0.0,0.0,0.0,0.0,0.0,0.0,0.0,0.0,0.0,0.0,0.0,0.0,0.0,0.0,0.0,0.0,0.0,0.0,0.0,0.0,0.0,0.0,0.0,0.0,0.0,0.0,0.0,0.0,0.0,0.0,0.0,0.0,0.0,0.0,0.0,0.0,0.0,0.0,0.0,0.0,0.0,0.0,0.0,0.0,0.0,0.0,0.0,0.0,0.0,0.0,0.0,0.0,0.0,0.0,0.0,0.0,0.0,0.0,0.0,0.0,0.0,0.0,0.0,0.0,0.0,0.0,0.0,0.0,0.0,0.0,0.0,0.0,0.0,0.0,0.90121,0.542,1.1265,0.759,0.477,0.23,0,-0.072578,0.92492
1334,0.0,0.0,0.0,0.0,0.0,0.0,0.0,0.0,0.0,0.0,0.0,0.0,0.0,0.0,0.0,0.0,0.0,0.0,0.0,0.0,0.0,0.0,0.0,0.0,0.0,0.0,0.0,0.0,0.0,0.0,0.0,0.0,0.0,0.0,0.0,0.0,0.0,0.0,0.0,0.0,0.0,0.0,0.0,0.0,0.0,0.0,0.0,0.0,0.0,0.0,0.0,0.0,0.0,0.0,0.0,0.0,0.0,0.0,0.0,0.0,0.0,0.0,0.0,0.0,0.0,0.0,0.0,0.0,0.0,0.0,0.0,0.0,0.0,0.0,0.0,0.0,0.0,0.0,0.0,0.0,0.0,0.0,0.0,0.0,0.0,0.0,0.0,0.0,0.0,0.0,0.0,0.0,0.0,0.0,0.0,0.0,0.0,0.0,0.0,0.0,0.0,0.0,0.0,0.0,0.0,0.0,0.0,0.0,0.0,0.0,0.0,0.0,-0.36289,0.92492,0.481,1.0535,0.689,0.407,0.197,0,-0.072578,0.94864
1335,0.0,0.0,0.0,0.0,0.0,0.0,0.0,0.0,0.0,0.0,0.0,0.0,0.0,0.0,0.0,0.0,0.0,0.0,0.0,0.0,0.0,0.0,0.0,0.0,0.0,0.0,0.0,0.0,0.0,0.0,0.0,0.0,0.0,0.0,0.0,0.0,0.0,0.0,0.0,0.0,0.0,0.0,0.0,0.0,0.0,0.0,0.0,0.0,0.0,0.0,0.0,0.0,0.0,0.0,0.0,0.0,0.0,0.0,0.0,0.0,0.0,0.0,0.0,0.0,0.0,0.0,0.0,0.0,0.0,0.0,0.0,0.0,0.0,0.0,0.0,0.0,0.0,0.0,0.0,0.0,0.0,0.0,0.0,0.0,0.0,0.0,0.0,0.0,0.0,0.0,0.0,0.0,0.0,0.0,0.0,0.0,0.0,0.0,0.0,0.0,0.0,0.0,0.0,0.0,0.0,0.0,0.0,0.0,0.0,0.0,0.0,0.0,0.0,0.94864,0.452,0.998,0.631,0.375,5.0,0,-0.072578,0.93283
1336,0.0,0.0,0.0,0.0,0.0,0.0,0.0,0.0,0.0,0.0,0.0,0.0,0.0,0.0,0.0,0.0,0.0,0.0,0.0,0.0,0.0,0.0,0.0,0.0,0.0,0.0,0.0,0.0,0.0,0.0,0.0,0.0,0.0,0.0,0.0,0.0,0.0,0.0,0.0,0.0,0.0,0.0,0.0,0.0,0.0,0.0,0.0,0.0,0.0,0.0,0.0,0.0,0.0,0.0,0.0,0.0,0.0,0.0,0.0,0.0,0.0,0.0,0.0,0.0,0.0,0.0,0.0,0.0,0.0,0.0,0.0,0.0,0.0,0.0,0.0,0.0,0.0,0.0,0.0,0.0,0.0,0.0,0.0,0.0,0.0,0.02087,0.0,0.0,0.0,0.0,0.0,0.0,0.0,0.0,0.0,0.0,0.00601,0.0,0.0,0.0,0.0,0.0,0.0,0.0,0.0,0.0,0.0,0.0,0.0,0.0,0.0,0.0,0.0,0.93283,0.39,0.894,0.5925,0.309,0.309,0,0.0,0.85379
1337,0.0,0.0,0.0,0.0,0.0,0.0,0.0,0.0,0.0,0.0,0.0,0.0,0.0,0.0,0.0,0.0,0.0,0.0,0.0,0.0,0.0,0.0,0.0,0.0,0.0,0.0,0.0,0.0,0.0,0.0,0.0,0.0,0.0,0.0,0.0,0.0,0.0,0.0,0.0,0.0,0.0,0.0,0.0,0.0,0.0,0.0,0.0,0.0,0.0,0.0,0.0,0.0,0.0,0.0,0.0,0.0,0.0,0.0,0.0,0.0,0.0,0.0,0.0,0.0,0.0,0.0,0.0,0.0,0.0,0.0,0.0,0.0,0.0,0.0,0.0,0.0,0.0,0.0,0.0,0.0,0.0,0.0,0.0,0.0,0.0,0.0,0.0,0.0,0.0,0.0,0.0,0.0,0.0,0.0,0.0,0.0,0.0,0.0,0.0,0.0,0.0,0.0,0.0,0.0,0.0,0.0,0.0,0.0,0.0,0.0,0.0,0.0,0.0,0.85379,0.531,0.762,0.793,0.446,0.214,0,0.0,0.79055
1338,0.0,0.0,0.0,0.0,0.0,0.0,0.0,0.0,0.0,0.0,0.0,0.0,0.0,0.0,0.0,0.0,0.0,0.0,0.0,0.0,0.0,0.0,0.0,0.0,0.0,0.0,0.0,0.0,0.0,0.0,0.0,0.0,0.0,0.0,0.0,0.0,0.0,0.0,0.0,0.0,0.0,0.0,0.0,0.0,0.0,0.0,0.0,0.0,0.0,0.0,0.0,0.0,0.0,0.0,0.0,0.0,0.0,0.0,0.0,0.0,0.0,0.0,0.0,0.0,0.0,0.0,0.0,0.0,0.0,0.0,0.0,0.0,0.0,0.0,0.0,0.0,0.0,0.0,0.0,0.0,0.0,0.0,0.0,0.0,0.0,0.0,0.0,0.0,0.0,0.0,0.0,0.0,0.0,0.0,0.0,0.0,0.0,0.0,0.0,0.0,0.0,0.0,0.0,0.0,0.0,0.0,0.0,0.0,0.0,0.0,0.0,0.0,0.0,0.79055,0.46,0.681,0.973,0.361,0.364,0,0.0,0.79846
1339,0.0,0.0,0.0,0.0,0.0,0.0,0.0,0.0,0.0,0.0,0.0,0.0,0.0,0.0,0.0,0.0,0.0,0.0,0.0,0.0,0.0,0.0,0.0,0.0,0.0,0.0,0.0,0.0,0.0,0.0,0.0,0.0,0.0,0.0,0.0,0.0,0.0,0.0,0.0,0.0,0.0,0.0,0.0,0.0,0.0,0.0,0.0,0.0,0.0,0.0,0.0,0.0,0.0,0.0,0.0,0.0,0.0,0.0,0.0,0.0,0.0,0.0,0.0,0.0,0.0,0.0,0.0,0.0,0.0,0.0,0.0,0.0,0.0,0.0,0.0,0.0,0.0,0.0,0.0,0.0,0.0,0.0,0.0,0.0,0.0,0.0,0.0,0.0,0.0,0.0,0.0,0.0,0.0,0.0,0.0,0.0,0.0,0.0,0.0,0.0,0.0,0.0,0.0,0.0,0.0,0.0,0.0,0.0,0.0,0.0,0.0,0.0,0.0,0.79846,0.376,0.573,1.154,0.564,0.2655,0,0.0,0.82217
1340,0.0,0.0,0.0,0.0,0.0,0.0,0.0,0.0,0.0,0.0,0.0,0.0,0.0,0.0,0.0,0.0,0.0,0.0,0.0,0.0,0.0,0.0,0.0,0.0,0.0,0.0,0.0,0.0,0.0,0.0,0.0,0.0,0.0,0.0,0.0,0.0,0.0,0.0,0.0,0.0,0.0,0.0,0.0,0.0,0.0,0.0,0.0,0.0,0.0,0.0,0.0,0.0,0.0,0.0,0.0,0.0,0.0,0.0,0.0,0.0,0.0,0.0,0.0,0.0,0.0,0.0,0.0,0.0,0.0,0.0,0.0,0.0,0.0,0.0,0.0,0.0,0.0,0.0,0.0,0.0,0.0,0.0,0.0,0.0,0.0,0.0,0.0,0.0,0.0,0.0,0.0,0.0,0.0,0.0,0.0,0.0,0.0,0.0,0.0,0.0,0.0,0.0,0.0,0.0,0.0,0.0,0.0,0.0,0.0,0.0,0.0,0.0,0.0,0.82217,0.526,0.526,1.1625,0.509,0.238,0,0.044106,0.83007
1341,0.0,0.0,0.0,0.0,0.0,0.0,0.0,0.0,0.0,0.0,0.0,0.0,0.0,0.0,0.0,0.0,0.0,0.0,0.0,0.0,0.0,0.0,0.0,0.0,0.0,0.0,0.0,0.0,0.0,0.0,0.0,0.0,0.0,0.0,0.0,0.0,0.0,0.0,0.0,0.0,0.0,0.0,0.0,0.0,0.0,0.0,0.0,0.0,0.0,0.0,0.0,0.0,0.0,0.0,0.0,0.0,0.0,0.0,0.0,0.0,0.0,0.0,0.0,0.0,0.0,0.0,0.0,0.0,0.0,0.0,0.0,0.0,0.0,0.0,0.0,0.0,0.0,0.0,0.0,0.0,0.0,0.0,0.0,0.0,0.0,0.0,0.0,0.0,0.0,0.0,0.0,0.0,0.0,0.0,0.0,0.0,0.0,0.0,0.0,0.0,0.0,0.0,0.0,0.0,0.0,0.0,0.0,0.0,0.0,0.0,0.0,0.0,0.0,0.83007,0.4325,0.481,1.0835,0.461,0.456,0,0.044106,0.84588
1342,0.0,0.0,0.0,0.0,0.0,0.0,0.0,0.0,0.0,0.0,0.0,0.0,0.0,0.0,0.0,0.0,0.0,0.0,0.0,0.0,0.0,0.0,0.0,0.0,0.0,0.0,0.0,0.0,0.0,0.0,0.0,0.0,0.0,0.0,0.0,0.0,0.0,0.0,0.0,0.0,0.0,0.0,0.0,0.0,0.0,0.0,0.0,0.0,0.0,0.0,0.0,0.0,0.0,0.0,0.0,0.0,0.0,0.0,0.0,0.0,0.0,0.0,0.0,0.0,0.0,0.0,0.0,0.0,0.0,0.0,0.0,0.0,0.0,0.0,0.0,0.00318,0.0,0.0,0.0,0.0,0.0,0.0,0.0,0.0,0.0,0.0,0.00708,0.0,0.0,0.0,0.0,0.0,0.0,0.0,0.0,0.0,0.0,0.0,0.01061,0.0,0.0,0.0,0.0,0.0,0.0,0.0,0.0,0.0,0.0,0.0,0.0,0.0,0.0,0.84588,0.38,0.693,1.3965,0.696,0.408,0,0.044106,0.85379
1343,0.0,0.0,0.0,0.0,0.0,0.0,0.0,0.0,0.0,0.0,0.0,0.0,0.0,0.0,0.0,0.0,0.0,0.0,0.0,0.0,0.0,0.0,0.0,0.0,0.0,0.0,0.0,0.0,0.0,0.0,0.0,0.0,0.0,0.0,0.0,0.0,0.0,0.0,0.0,0.0,0.0,0.0,0.0,0.0,0.0,0.0,0.0,0.0,0.0,0.0,0.0,0.0,0.0,0.0,0.0,0.0,0.0,0.0,0.0,0.0,0.0,0.0,0.0,0.0,0.0,0.0,0.0,0.0,0.0,0.0,0.0,0.0,0.0,0.0,0.0,0.0,0.0,0.0,0.0,0.0,0.0,0.0,0.0,0.0,0.0,0.0,0.0,0.0,0.0,0.0,0.0,0.0,0.0,0.0,0.0,0.0,0.0,0.0,0.0,0.0,0.0,0.0,0.0,0.0,0.0,0.0,0.0,0.0,0.0,0.0,0.0,0.0,0.22053,0.85379,0.303,0.593,1.5,0.618,0.347,0,0.044106,0.85379
1344,0.0,0.0,0.0,0.0,0.0,0.0,0.0,0.0,0.0,0.0,0.0,0.0,0.0,0.0,0.0,0.0,0.0,0.0,0.0,0.0,0.0,0.0,0.0,0.0,0.0,0.0,0.0,0.0,0.0,0.0,0.0,0.0,0.0,0.0,0.0,0.0,0.0,0.0,0.0,0.0,0.0,0.0,0.0,0.0,0.0,0.0,0.0,0.0,0.0,0.0,0.0,0.0,0.0,0.0,0.0,0.0,0.0,0.0,0.0,0.0,0.0,0.0,0.0,0.0,0.0,0.0,0.0,0.0,0.0,0.0,0.0,0.0,0.0,0.0,0.0,0.0,0.0,0.0,0.0,0.0,0.0,0.0,0.0,0.0,0.0,0.0,0.0,0.0,0.0,0.0,0.0,0.0,0.0,0.0,0.0,0.0,0.0,0.0,0.0,0.0,0.0,0.0,0.0,0.0,0.0,0.0,0.0,0.0,0.0,0.0,0.0,0.0,0.0,0.85379,0.252,0.526,1.423,0.562,0.31,0,0.044106,0.85379
1345,0.0,0.0,0.0,0.0,0.0,0.0,0.0,0.0,0.0,0.0,0.0,0.0,0.0,0.0,0.0,0.0,0.0,0.0,0.0,0.0,0.0,0.0,0.0,0.0,0.0,0.0,0.0,0.0,0.0,0.0,0.0,0.0,0.0,0.0,0.0,0.0,0.0,0.0,0.0,0.0,0.0,0.0,0.0,0.0,0.0,0.0,0.0,0.0,0.0,0.0,0.0,0.0,0.0,0.0,0.0,0.0,0.0,0.0,0.0,0.0,0.0,0.0,0.0,0.0,0.0,0.0,0.0,0.0,0.0,0.0,0.0,0.0,0.0,0.0,0.0,0.0,0.0,0.0,0.0,0.0,0.0,0.0,0.0,0.0,0.0,0.0,0.0,0.0,0.0,0.0,0.0,0.0,0.0,0.0,0.0,0.0,0.0,0.0,0.0,0.0,0.0,0.0,0.0,0.0,0.0,0.0,0.0,0.0,0.0,0.0,0.0,0.0,0.0,0.85379,0.478,0.472,1.38,1.108,0.497,0,0.0,0.85379
1346,0.0,0.0,0.0,0.0,0.0,0.0,0.0,0.0,0.0,0.0,0.0,0.0,0.0,0.0,0.0,0.0,0.0,0.0,0.0,0.0,0.0,0.0,0.0,0.0,0.0,0.0,0.0,0.0,0.0,0.0,0.0,0.0,0.0,0.0,0.0,0.0,0.0,0.0,0.0,0.0,0.0,0.0,0.0,0.0,0.0,0.0,0.0,0.0,0.0,0.0,0.0,0.0,0.0,0.0,0.0,0.0,0.0,0.0,0.0,0.0,0.0,0.0,0.0,0.0,0.0,0.0,0.0,0.0,0.0,0.0,0.0,0.0,0.0,0.0,0.02777,0.0,0.0,0.0,0.0,0.0,0.0,0.0,0.0,0.0,0.0,0.0,0.00088,0.0,0.0,0.0,0.0,0.0,0.0,0.0,0.0,0.0,0.0,0.0,0.03685,0.04381,0.0,0.0,0.0,0.0,0.0,0.0,0.0,0.0,0.0,0.0,0.0,0.0,0.0,0.85379,0.386,0.742,1.529,1.036,0.438,0,0.0,0.85379
1347,0.0,0.0,0.0,0.0,0.0,0.0,0.0,0.0,0.0,0.0,0.0,0.0,0.0,0.0,0.0,0.0,0.0,0.0,0.0,0.0,0.0,0.0,0.0,0.0,0.0,0.0,0.0,0.0,0.0,0.0,0.0,0.0,0.0,0.0,0.0,0.0,0.0,0.0,0.0,0.0,0.0,0.0,0.0,0.0,0.0,0.0,0.0,0.0,0.0,0.0,0.0,0.0,0.0,0.0,0.0,0.0,0.0,0.0,0.0,0.0,0.0,0.0,0.0,0.0,0.0,0.0,0.0,0.0,0.0,0.0,0.0,0.0,0.0,0.0,0.0,0.0,0.0,0.0,0.0,0.0,0.0,0.0,0.0,0.0,0.0,0.0,0.0,0.00018,0.0,0.0,0.0,0.0,0.0,0.0,0.0,0.0,0.0,0.0,0.0,0.0,0.0,0.0,0.0,0.0,0.0,0.0,0.0,0.0,0.0,0.0,0.0,0.03325,0.0,0.85379,0.334,0.671,1.448,0.961,0.366,0,0.0,0.85379
1348,0.0,0.0,0.0,0.0,0.0,0.0,0.0,0.0,0.0,0.0,0.0,0.0,0.0,0.0,0.0,0.0,0.0,0.0,0.0,0.0,0.0,0.0,0.0,0.0,0.0,0.0,0.0,0.0,0.0,0.0,0.0,0.0,0.0,0.0,0.0,0.0,0.0,0.0,0.0,0.0,0.0,0.0,0.0,0.0,0.0,0.0,0.0,0.0,0.0,0.0,0.0,0.0,0.0,0.0,0.0,0.0,0.0,0.0,0.0,0.0,0.0,0.0,0.0,0.0,0.0,0.0,0.0,0.0,0.0,0.0,0.0,0.0,0.0,0.0,0.0,0.0,0.0,0.0,0.0,0.0,0.0,0.0,0.0,0.0,0.0,0.0,0.0,0.0,0.0,0.0,0.0,0.0,0.0,0.0,0.0,0.0,0.0,0.0,0.0,0.0,0.0,0.0,0.0,0.0,0.0,0.0,0.0,0.0,0.0,0.0,0.0,0.0,0.0,0.85379,0.548,0.854,1.495,0.51,0.307,0,-0.153682,0.85379
1349,0.0,0.0,0.0,0.0,0.0,0.0,0.0,0.0,0.0,0.0,0.0,0.0,0.0,0.0,0.0,0.0,0.0,0.0,0.0,0.0,0.0,0.0,0.0,0.0,0.0,0.0,0.0,0.0,0.0,0.0,0.0,0.0,0.0,0.0,0.0,0.0,0.0,0.0,0.0,0.0,0.0,0.0,0.0,0.0,0.0,0.0,0.0,0.0,0.0,0.0,0.0,0.0,0.0,0.0,0.0,0.0,0.0,0.0,0.0,0.0,0.0,0.0,0.0,0.0,0.0,0.0,0.0,0.0,0.0,0.0,0.0,0.0,0.0,0.0,0.0,0.0,0.0,0.0,0.0,0.0,0.0,0.0,0.0,0.0,0.0,0.0,0.0,0.0,0.0,0.0,0.0,0.0,0.0,0.0,0.0,0.0,0.0,0.0,0.0,0.0,0.0,0.0,0.0,0.0,0.0,0.0,0.0,0.0,0.0,0.0,0.0,0.0,0.0,0.85379,0.507,0.8275,1.417,0.438,0.286,0,-0.153682,0.85379
1350,0.0,0.0,0.0,0.0,0.0,0.0,0.0,0.0,0.0,0.0,0.0,0.0,0.0,0.0,0.0,0.0,0.0,0.0,0.0,0.0,0.0,0.0,0.0,0.0,0.0,0.0,0.0,0.0,0.0,0.0,0.0,0.0,0.0,0.0,0.0,0.0,0.0,0.0,0.0,0.0,0.0,0.0,0.0,0.0,0.0,0.0,0.0,0.0,0.0,0.0,0.0,0.0,0.0,0.0,0.0,0.0,0.0,0.0,0.0,0.0,0.0,0.0,0.0,0.0,0.0,0.0,0.0,0.0,0.0,0.0,0.0,0.0,0.0,0.0,0.0,0.0,0.0,0.0,0.0,0.0,0.0,0.0,0.0,0.0,0.0,0.0,0.0,0.0,0.0,0.0,0.0,0.0,0.0,0.0,0.0,0.0,0.0,0.0,0.0,0.0,0.0,0.0,0.0,0.0,0.0,0.0,0.0,0.0,0.0,0.0,0.0,0.0,0.0,0.85379,0.425,0.913,1.306,0.337,0.349,0,-0.153682,0.84588
1351,0.0,0.0,0.0,0.0,0.0,0.0,0.0,0.0,0.0,0.0,0.0,0.0,0.0,0.0,0.0,0.0,0.0,0.0,0.0,0.0,0.0,0.0,0.0,0.0,0.0,0.0,0.0,0.0,0.0,0.0,0.0,0.0,0.0,0.0,0.0,0.0,0.0,0.0,0.0,0.0,0.0,0.0,0.0,0.0,0.0,0.0,0.0,0.0,0.0,0.0,0.0,0.0,0.0,0.0,0.0,0.0,0.0,0.0,0.0,0.0,0.0,0.0,0.0,0.0,0.0,0.0,0.0,0.0,0.0,0.0,0.0,0.0,0.0,0.0,0.0,0.0,0.0,0.0,0.0,0.0,0.0,0.0,0.0,0.0,0.0,0.0,0.0,0.0,0.0,0.0,0.0,0.0,0.0,0.0,0.0,0.0,0.01221,0.0,0.0,0.0,0.0,0.0,0.0,0.0,0.0,0.0,0.0,0.0,0.0,0.0,0.0,0.0,-0.76841,0.84588,0.3915,0.847,0.5985,0.273,0.272,0,-0.153682,0.84588
1352,0.0,0.0,0.0,0.0,0.0,0.0,0.0,0.0,0.0,0.0,0.0,0.0,0.0,0.0,0.0,0.0,0.0,0.0,0.0,0.0,0.0,0.0,0.0,0.0,0.0,0.0,0.0,0.0,0.0,0.0,0.0,0.0,0.0,0.0,0.0,0.0,0.0,0.0,0.0,0.0,0.0,0.0,0.0,0.0,0.0,0.0,0.0,0.0,0.0,0.0,0.0,0.0,0.0,0.0,0.0,0.0,0.0,0.0,0.0,0.0,0.0,0.0,0.0,0.0,0.0,0.0,0.0,0.0,0.0,0.0,0.0,0.0,0.0,0.0,0.0,0.0,0.0,0.0,0.0,0.0,0.0,0.0,0.0,0.0,0.0,0.0,0.0,0.0,0.0,0.0,0.0,0.0,0.0,0.0,0.0,0.0,0.0,0.0,0.0,0.0,0.0,0.0,0.0,0.0,0.0,0.0,0.0,0.0,0.0,0.0,0.0,0.0,0.0,0.84588,0.547,0.77,0.998,0.514,0.224,0,-1.2000000000012001e-05,0.84588
1353,0.0,0.0,0.0,0.0,0.0,0.0,0.0,0.0,0.0,0.0,0.0,0.0,0.0,0.0,0.0,0.0,0.0,0.0,0.0,0.0,0.0,0.0,0.0,0.0,0.0,0.0,0.0,0.0,0.0,0.0,0.0,0.0,0.0,0.0,0.0,0.0,0.0,0.0,0.0,0.0,0.0,0.0,0.0,0.0,0.0,0.0,0.0,0.0,0.0,0.0,0.0,0.0,0.0,0.0,0.0,0.0,0.0,0.0,0.0,0.0,0.0,0.0,0.0,0.0,0.0,0.0,0.0,0.0,0.0,0.0,0.0,0.0,0.0,0.0,0.0,0.0,0.0,0.0,0.0,0.0,0.0,0.0,0.0,0.0,0.0,0.0,0.0,0.0,0.0,0.0,0.0,0.0,0.0,0.0,0.0,0.0,0.0,0.0,0.0,0.0,0.0,0.0,0.0,0.0,0.0,0.0,0.0,0.0,0.0,0.0,0.0,0.0,0.0,0.84588,0.478,0.694,0.922,0.47,0.459,0,0.30165,0.84588
1354,0.0,0.0,0.0,0.0,0.0,0.0,0.0,0.0,0.0,0.0,0.0,0.0,0.0,0.0,0.0,0.0,0.0,0.0,0.0,0.0,0.0,0.0,0.0,0.0,0.0,0.0,0.0,0.0,0.0,0.0,0.0,0.0,0.0,0.0,0.0,0.0,0.0,0.0,0.0,0.0,0.0,0.0,0.0,0.0,0.0,0.0,0.0,0.0,0.0,0.0,0.0,0.0,0.0,0.0,0.0,0.0,0.0,0.0,0.0,0.0,0.0,0.0,0.0,0.0,0.0,0.0,0.0,0.0,0.0,0.0,0.0,0.0,0.0,0.0,0.0,0.0,0.0,0.0,0.0,0.0,0.0,0.0,0.0,0.0,0.0,0.0,0.00124,0.0,0.0,0.0,0.0,0.0,0.0,0.0,0.0,0.0,0.0,0.0,0.0,0.04086,0.0,0.0,0.0,0.0,0.0,0.0,0.0,0.0,0.0,0.0,0.0,0.0,0.0,0.84588,0.427,0.624,0.852,1.2175,0.392,0,0.30165,0.84588
1355,0.0,0.0,0.0,0.0,0.0,0.0,0.0,0.0,0.0,0.0,0.0,0.0,0.0,0.0,0.0,0.0,0.0,0.0,0.0,0.0,0.0,0.0,0.0,0.0,0.0,0.0,0.0,0.0,0.0,0.0,0.0,0.0,0.0,0.0,0.0,0.0,0.0,0.0,0.0,0.0,0.0,0.0,0.0,0.0,0.0,0.0,0.0,0.0,0.0,0.0,0.0,0.0,0.0,0.0,0.0,0.0,0.0,0.0,0.0,0.0,0.0,0.0,0.0,0.0,0.0,0.0,0.0,0.0,0.0,0.0,0.0,0.0,0.0,0.0,0.0,0.0,0.0,0.0,0.0,0.0,0.0,0.0,0.0,0.0,0.0,0.0,0.0,0.00778,0.0,0.0,0.0,0.0,0.0,0.0,0.0,0.0,0.0,0.0,0.0,0.0,0.0,0.0,0.0,0.0,0.0,0.0,0.0,0.0,0.0,0.0,0.0,0.0,0.76835,0.84588,0.351,0.53,0.757,0.976,0.345,0,0.30165,0.84588
1356,0.0,0.0,0.0,0.0,0.0,0.0,0.0,0.0,0.0,0.0,0.0,0.0,0.0,0.0,0.0,0.0,0.0,0.0,0.0,0.0,0.0,0.0,0.0,0.0,0.0,0.0,0.0,0.0,0.0,0.0,0.0,0.0,0.0,0.0,0.0,0.0,0.0,0.0,0.0,0.0,0.0,0.0,0.0,0.0,0.0,0.0,0.0,0.0,0.0,0.0,0.0,0.0,0.0,0.0,0.0,0.0,0.0,0.0,0.0,0.0,0.0,0.0,0.0,0.0,0.0,0.0,0.0,0.0,0.0,0.0,0.0,0.0,0.0,0.0,0.0,0.0,0.0,0.0,0.0,0.0,0.0,0.0,0.0,0.0,0.0,0.0,0.0,0.0,0.0,0.0,0.0,0.0,0.0,0.0,0.0,0.0,0.0,0.0,0.0,0.0,0.0,0.0,0.0,0.0,0.0,0.0,0.0,0.0,0.0,0.0,0.0,0.0,0.7399,0.84588,0.504,0.496,0.861,1.039,0.309,0,0.30165,0.84588
1357,0.0,0.0,0.0,0.0,0.0,0.0,0.0,0.0,0.0,0.0,0.0,0.0,0.0,0.0,0.0,0.0,0.0,0.0,0.0,0.0,0.0,0.0,0.0,0.0,0.0,0.0,0.0,0.0,0.0,0.0,0.0,0.0,0.0,0.0,0.0,0.0,0.0,0.0,0.0,0.0,0.0,0.0,0.0,0.0,0.0,0.0,0.0,0.0,0.0,0.0,0.0,0.0,0.0,0.0,0.0,0.0,0.0,0.0,0.0,0.0,0.0,0.0,0.0,0.0,0.0,0.0,0.0,0.0,0.0,0.0,0.0,0.0,0.0,0.0,0.0,0.0,0.0,0.0,0.0,0.0,0.0,0.0,0.0,0.0,0.0,0.0,0.0,0.0,0.0,0.0,0.0,0.0,0.0,0.0,0.0,0.0,0.0,0.0,0.0,0.0,0.0,0.0,0.0,0.0,0.0,0.0,0.0,0.0,0.0,0.0,0.0,0.0,0.0,0.84588,0.45,0.686,0.838,1.013,0.293,0,0.32798,0.83007
1358,0.0,0.0,0.0,0.0,0.0,0.0,0.0,0.0,0.0,0.0,0.0,0.0,0.0,0.0,0.0,0.0,0.0,0.0,0.0,0.0,0.0,0.0,0.0,0.0,0.0,0.0,0.0,0.0,0.0,0.0,0.0,0.0,0.0,0.0,0.0,0.0,0.0,0.0,0.0,0.0,0.0,0.0,0.0,0.0,0.0,0.0,0.0,0.0,0.0,0.0,0.0,0.0,0.0,0.0,0.0,0.0,0.0,0.0,0.0,0.0,0.0,0.0,0.0,0.0,0.0,0.0,0.0,0.0,0.0,0.0,0.0,0.0,0.0,0.0,0.0,0.0,0.0,0.0,0.0,0.0,0.0,0.0,0.0,0.0,0.0,0.0,0.0,0.0,0.0,0.0,0.0,0.0,0.0,0.0,0.0,0.0,0.0,0.0,0.0,0.0,0.0,0.0,0.0,0.0,0.0,0.0,0.0,0.0,0.0,0.0,0.0,0.0,0.0,0.83007,0.43,0.638,0.791,1.012,0.263,0,0.36,0.79846
1359,0.0,0.0,0.0,0.0,0.0,0.0,0.0,0.0,0.0,0.0,0.0,0.0,0.0,0.0,0.0,0.0,0.0,0.0,0.0,0.0,0.0,0.0,0.0,0.0,0.0,0.0,0.0,0.0,0.0,0.0,0.0,0.0,0.0,0.0,0.0,0.0,0.0,0.0,0.0,0.0,0.0,0.0,0.0,0.0,0.0,0.0,0.0,0.0,0.0,0.0,0.0,0.0,0.0,0.0,0.0,0.0,0.0,0.0,0.0,0.0,0.0,0.0,0.0,0.0,0.0,0.0,0.0,0.0,0.0,0.0,0.0,0.0,0.0,0.0,0.0,0.0,0.0,0.0,0.0,0.0,0.0,0.0,0.0,0.0,0.0,0.0,0.0,0.0,0.0,0.0,0.0,0.0,0.0,0.0,0.0,0.0,0.0,0.0,0.0,0.0,0.0,0.0,0.0,0.0,0.0,0.0,0.0,0.0,0.0,0.0,0.0,0.0,0.0,0.79846,0.393,0.59,0.739,1.1785,0.247,0,0.54,0.913714
1360,0.0,0.0,0.0,0.0,0.0,0.0,0.0,0.0,0.0,0.0,0.0,0.0,0.0,0.0,0.0,0.0,0.0,0.0,0.0,0.0,0.0,0.0,0.0,0.0,0.0,0.0,0.0,0.0,0.0,0.0,0.0,0.0,0.0,0.0,0.0,0.0,0.0,0.0,0.0,0.0,0.0,0.0,0.0,0.0,0.0,0.0,0.0,0.0,0.0,0.0,0.0,0.0,0.0,0.0,0.0,0.0,0.0,0.0,0.0,0.0,0.0,0.0,0.0,0.0,0.0,0.0,0.0,0.0,0.0,0.0,0.0,0.0,0.0,0.0,0.0,0.0,0.0,0.0,0.0,0.0,0.0,0.0,0.0,0.0,0.0,0.0,0.0,0.0,0.0,0.0,0.0,0.0,0.0,0.0,0.0,0.0,0.0,0.0,0.0,0.0,0.0,0.0,0.0,0.0,0.0,0.0,0.0,0.0,0.0,0.0,0.0,0.0,0.9,0.78265,0.363,0.549,0.698,1.134,0.419,0,0.72,0.9144513333333334
1361,0.0,0.0,0.0,0.0,0.0,0.0,0.0,0.0,0.0,0.0,0.0,0.0,0.0,0.0,0.0,0.0,0.0,0.0,0.0,0.0,0.0,0.0,0.0,0.0,0.0,0.0,0.0,0.0,0.0,0.0,0.0,0.0,0.0,0.0,0.0,0.0,0.0,0.0,0.0,0.0,0.0,0.0,0.0,0.0,0.0,0.0,0.0,0.0,0.0,0.0,0.0,0.0,0.0,0.0,0.0,0.0,0.0,0.0,0.0,0.0,0.0,0.0,0.0,0.0,0.0,0.0,0.0,0.0,0.0,0.0,0.0,0.0,0.0,0.0,0.0,0.02724,0.0,0.0,0.0,0.0,0.0,0.0,0.0,0.0,0.0,0.0,0.0,0.0,0.0,0.0,0.0,0.0,0.0,0.0,0.0,0.0,0.0,0.0,0.0,0.0,0.0,0.0,0.01238,0.0,0.0,0.0,0.0,0.0,0.0,0.0,0.0,0.0,0.9,0.79055,0.493,0.653,0.809,0.967,0.381,0,0.9,0.9319273333333336
1362,0.0,0.0,0.0,0.0,0.0,0.0,0.0,0.0,0.0,0.0,0.0,0.0,0.0,0.0,0.0,0.0,0.0,0.0,0.0,0.0,0.0,0.0,0.0,0.0,0.0,0.0,0.0,0.0,0.0,0.0,0.0,0.0,0.0,0.0,0.0,0.0,0.0,0.0,0.0,0.0,0.0,0.0,0.0,0.0,0.0,0.0,0.0,0.0,0.0,0.0,0.0,0.0,0.0,0.0,0.0,0.0,0.0,0.0,0.0,0.0,0.0,0.0,0.0,0.0,0.0,0.0,0.0,0.0,0.0,0.0,0.0,0.0,0.0,0.0,0.0,0.06987,0.0,0.0,0.0,0.0,0.0,0.0,0.0,0.0,0.0,0.0,0.0,0.0,0.0,0.0,0.0,0.0,0.0,0.0,0.0,0.0,0.0,0.0,0.0,0.0,0.0,0.0,0.0,0.0,0.0,0.0,0.0,0.0,0.0,0.0,0.0,0.02706,0.9,0.79055,0.502,0.639,0.792,0.947,0.368,0,0.9,0.9491845333333334
1363,0.0,0.0,0.0,0.0,0.0,0.0,0.0,0.0,0.0,0.0,0.0,0.0,0.0,0.0,0.0,0.0,0.0,0.0,0.0,0.0,0.0,0.0,0.0,0.0,0.0,0.0,0.0,0.0,0.0,0.0,0.0,0.0,0.0,0.0,0.0,0.0,0.0,0.0,0.0,0.0,0.0,0.0,0.0,0.0,0.0,0.0,0.0,0.0,0.0,0.0,0.0,0.0,0.0,0.0,0.0,0.0,0.0,0.0,0.0,0.0,0.0,0.0,0.0,0.0,0.0,0.0,0.0,0.0,0.0,0.0,0.0,0.0,0.0,0.0,0.00212,0.08438,0.0,0.0,0.0,0.0,0.0,0.0,0.0,0.0,0.0,0.0,0.0,0.0,0.0,0.0,0.0,0.0,0.0,0.0,0.0,0.0,0.0,0.0,0.0,0.0,0.0,0.0,0.0,0.0,0.0,0.0,0.0,0.0,0.0,0.0,0.0,0.0,0.9,0.91702,0.493,0.627,0.78,0.937,0.361,0,0.9,0.9370522666666666
1364,0.0,0.0,0.0,0.0,0.0,0.0,0.0,0.0,0.0,0.0,0.0,0.0,0.0,0.0,0.0,0.0,0.0,0.0,0.0,0.0,0.0,0.0,0.0,0.0,0.0,0.0,0.0,0.0,0.0,0.0,0.0,0.0,0.0,0.0,0.0,0.0,0.0,0.0,0.0,0.0,0.0,0.0,0.0,0.0,0.0,0.0,0.0,0.0,0.0,0.0,0.0,0.0,0.0,0.0,0.0,0.0,0.0,0.0,0.0,0.0,0.0,0.0,0.0,0.0,0.0,0.0,0.0,0.0,0.0,0.0,0.0,0.0,0.0,0.0,0.00943,0.01922,0.0,0.0,0.0,0.0,0.0,0.0,0.0,0.0,0.0,0.0,0.0,0.0,0.0,0.0,0.0,0.0,0.0,0.0,0.0,0.0,0.0,0.0,0.0,0.0,0.0,0.0,0.0,0.0,0.0,0.0,0.0,0.0,0.0,0.0,0.0,0.0,0.9,1.0,0.46,0.596,0.73,5.0,0.331,0,0.72,0.9274605866666669
1365,0.0,0.0,0.0,0.0,0.0,0.0,0.0,0.0,0.0,0.0,0.0,0.0,0.0,0.0,0.0,0.0,0.0,0.0,0.0,0.0,0.0,0.0,0.0,0.0,0.0,0.0,0.0,0.0,0.0,0.0,0.0,0.0,0.0,0.0,0.0,0.0,0.0,0.0,0.0,0.0,0.0,0.0,0.0,0.0,0.0,0.0,0.0,0.0,0.0,0.0,0.0,0.0,0.0,0.0,0.0,0.0,0.0,0.0,0.0,0.0,0.0,0.0,0.0,0.0,0.0,0.0,0.0,0.0,0.0,0.0,0.0,0.0,0.0,0.00248,0.06899,0.00601,0.0,0.0,0.0,0.0,0.0,0.0,0.0,0.0,0.0,0.0,0.0,0.08172,0.0,0.0,0.0,0.0,0.0,0.0,0.0,0.0,0.0,0.0,0.0,0.0,0.0,0.0,0.0,0.0,0.0,0.0,0.0,0.0,0.0,0.0,0.0,0.11993,0.9,1.0,0.509,0.631,0.774,0.932,0.261,0,0.54,0.9181562400000001
1366,0.0,0.0,0.0,0.0,0.0,0.0,0.0,0.0,0.0,0.0,0.0,0.0,0.0,0.0,0.0,0.0,0.0,0.0,0.0,0.0,0.0,0.0,0.0,0.0,0.0,0.0,0.0,0.0,0.0,0.0,0.0,0.0,0.0,0.0,0.0,0.0,0.0,0.0,0.0,0.0,0.0,0.0,0.0,0.0,0.0,0.0,0.0,0.0,0.0,0.0,0.0,0.0,0.0,0.0,0.0,0.0,0.0,0.0,0.0,0.0,0.0,0.0,0.0,0.0,0.0,0.0,0.0,0.0,0.0,0.0,0.0,0.0,0.00425,0.05289,0.0,0.0,0.0,0.0,0.0,0.0,0.0,0.0,0.0,0.0,0.0,0.02058,0.05814,0.0,0.0,0.0,0.0,0.0,0.0,0.0,0.0,0.0,0.0,0.0,0.0,0.0,0.0,0.0,0.0,0.0,0.0,0.0,0.0,0.0,0.0,0.0,0.0,0.0,0.9,0.85379,0.562,0.694,0.81,4.9795,0.204,0,0.36000000000000004,0.7906639542857143
1367,0.0,0.0,0.0,0.0,0.0,0.0,0.0,0.0,0.0,0.0,0.0,0.0,0.0,0.0,0.0,0.0,0.0,0.0,0.0,0.0,0.0,0.0,0.0,0.0,0.0,0.0,0.0,0.0,0.0,0.0,0.0,0.0,0.0,0.0,0.0,0.0,0.0,0.0,0.0,0.0,0.0,0.0,0.0,0.0,0.0,0.0,0.0,0.0,0.0,0.0,0.0,0.0,0.0,0.0,0.0,0.0,0.0,0.0,0.0,0.0,0.0,0.0,0.0,0.0,0.0,0.0,0.0,0.0,0.0,0.0,0.0,0.03679,0.0,0.0,0.0,0.0,0.0,0.0,0.0,0.0,0.0,0.0,0.0,0.02347,0.13007,0.11409,0.0138,0.0,0.0,0.0,0.0,0.0,0.0,0.0,0.0,0.0,0.0,0.00012,0.01209,0.03113,0.0,0.0,0.0,0.0,0.0,0.0,0.0,0.0,0.0,0.0,0.0,0.0,0.0,0.27671,0.516,0.635,0.747,4.7595,0.145,0,0.18,0.6717545257142857
1368,0.0,0.0,0.0,0.0,0.0,0.0,0.0,0.0,0.0,0.0,0.0,0.0,0.0,0.0,0.0,0.0,0.0,0.0,0.0,0.0,0.0,0.0,0.0,0.0,0.0,0.0,0.0,0.0,0.0,0.0,0.0,0.0,0.0,0.0,0.0,0.0,0.0,0.0,0.0,0.0,0.0,0.0,0.0,0.0,0.0,0.0,0.0,0.0,0.0,0.0,0.0,0.0,0.0,0.0,0.0,0.0,0.0,0.0,0.0,0.0,0.0,0.0,0.0,0.0,0.0,0.0,0.0,0.0,0.0,0.052,0.05136,0.01904,0.0,0.0,0.0,0.0,0.0,0.0,0.0,0.0,0.0,0.0,0.0,0.11663,0.13384,0.08384,0.0,0.0,0.0,0.0,0.0,0.0,0.0,0.0,0.0,0.0,0.0,0.05059,0.00371,0.0,0.0,0.0,0.0,0.0,0.0,0.0,0.0,0.0,0.0,0.0,0.0,0.0,0.0,0.0,0.516,0.636,0.75,5.0,0.145,0,0.0,0.5906699542857143
1369,0.0,0.0,0.0,0.0,0.0,0.0,0.0,0.0,0.0,0.0,0.0,0.0,0.0,0.0,0.0,0.0,0.0,0.0,0.0,0.0,0.0,0.0,0.0,0.0,0.0,0.0,0.0,0.0,0.0,0.0,0.0,0.0,0.0,0.0,0.0,0.0,0.0,0.0,0.0,0.0,0.0,0.0,0.0,0.0,0.0,0.0,0.0,0.0,0.0,0.0,0.0,0.0,0.0,0.0,0.0,0.0,0.0,0.0,0.0,0.0,0.0,0.0,0.0,0.0,0.0,0.0,0.0,0.0,0.0,0.04404,0.05991,0.01722,0.0,0.0,0.0,0.0,0.0,0.0,0.0,0.0,0.0,0.0,0.0,0.1204,0.13272,0.08101,0.0,0.0,0.0,0.0,0.0,0.0,0.0,0.0,0.0,0.0,0.0,0.04811,0.00106,0.0,0.0,0.0,0.0,0.0,0.0,0.0,0.0,0.0,0.0,0.0,0.0,0.0,0.0,0.0,0.517,0.636,0.749,5.0,0.145,0,0.0,0.5156276533333334
1370,0.0,0.0,0.0,0.0,0.0,0.0,0.0,0.0,0.0,0.0,0.0,0.0,0.0,0.0,0.0,0.0,0.0,0.0,0.0,0.0,0.0,0.0,0.0,0.0,0.0,0.0,0.0,0.0,0.0,0.0,0.0,0.0,0.0,0.0,0.0,0.0,0.0,0.0,0.0,0.0,0.0,0.0,0.0,0.0,0.0,0.0,0.0,0.0,0.0,0.0,0.0,0.0,0.0,0.0,0.0,0.0,0.0,0.0,0.0,0.0,0.0,0.0,0.0,0.0,0.0,0.0,0.0,0.0,0.0,0.01521,0.03538,0.01574,0.0,0.0,0.0,0.0,0.0,0.0,0.0,0.0,0.0,0.0,0.0,0.12117,0.13726,0.08084,0.0,0.0,0.0,0.0,0.0,0.0,0.0,0.0,0.0,0.0,0.0,0.05342,0.00212,0.0,0.0,0.0,0.0,0.0,0.0,0.0,0.0,0.0,0.0,0.0,0.0,0.0,0.0,0.0,0.516,0.636,0.749,5.0,0.145,0,0.0,0.4483671428571429
1371,0.0,0.0,0.0,0.0,0.0,0.0,0.0,0.0,0.0,0.0,0.0,0.0,0.0,0.0,0.0,0.0,0.0,0.0,0.0,0.0,0.0,0.0,0.0,0.0,0.0,0.0,0.0,0.0,0.0,0.0,0.0,0.0,0.0,0.0,0.0,0.0,0.0,0.0,0.0,0.0,0.0,0.0,0.0,0.0,0.0,0.0,0.0,0.0,0.0,0.0,0.0,0.0,0.0,0.0,0.0,0.0,0.0,0.0,0.0,0.0,0.0,0.0,0.0,0.0,0.0,0.0,0.0,0.0,0.0,0.01893,0.05973,0.01828,0.0,0.0,0.0,0.0,0.0,0.0,0.0,0.0,0.0,0.0,0.0,0.12364,0.13744,0.08084,0.0,0.0,0.0,0.0,0.0,0.0,0.0,0.0,0.0,0.0,0.0,0.04752,0.00183,0.0,0.0,0.0,0.0,0.0,0.0,0.0,0.0,0.0,0.0,0.0,0.0,0.0,0.0,0.0,0.516,0.636,0.747,5.0,0.145,0,0.0,0.4912814285714286
1372,0.0,0.0,0.0,0.0,0.0,0.0,0.0,0.0,0.0,0.0,0.0,0.0,0.0,0.0,0.0,0.0,0.0,0.0,0.0,0.0,0.0,0.0,0.0,0.0,0.0,0.0,0.0,0.0,0.0,0.0,0.0,0.0,0.0,0.0,0.0,0.0,0.0,0.0,0.0,0.0,0.0,0.0,0.0,0.0,0.0,0.0,0.0,0.0,0.0,0.0,0.0,0.0,0.0,0.0,0.0,0.0,0.0,0.0,0.0,0.0,0.0,0.0,0.0,0.0,0.0,0.0,0.0,0.0,0.0,0.00973,0.05371,0.01704,0.0,0.0,0.0,0.0,0.0,0.0,0.0,0.0,0.0,0.0,0.0,0.11899,0.12636,0.07783,0.0,0.0,0.0,0.0,0.0,0.0,0.0,0.0,0.0,0.0,0.0,0.04192,0.0,0.0,0.0,0.0,0.0,0.0,0.0,0.0,0.0,0.0,0.0,0.0,0.00018,0.0,0.0,0.0,0.517,0.636,0.748,5.0,0.145,0,0.0,0.5350968571428572
1373,0.0,0.0,0.0,0.0,0.0,0.0,0.0,0.0,0.0,0.0,0.0,0.0,0.0,0.0,0.0,0.0,0.0,0.0,0.0,0.0,0.0,0.0,0.0,0.0,0.0,0.0,0.0,0.0,0.0,0.0,0.0,0.0,0.0,0.0,0.0,0.0,0.0,0.0,0.0,0.0,0.0,0.0,0.0,0.0,0.0,0.0,0.0,0.0,0.0,0.0,0.0,0.0,0.0,0.0,0.0,0.0,0.0,0.0,0.0,0.0,0.0,0.0,0.0,0.0,0.0,0.0,0.0,0.0,0.0,0.01539,0.05548,0.01686,0.0,0.0,0.0,0.0,0.0,0.0,0.0,0.0,0.0,0.0,0.0,0.12099,0.13213,0.08154,0.0,0.0,0.0,0.0,0.0,0.0,0.0,0.0,0.0,0.0,0.0,0.05295,0.00489,0.0,0.0,0.0,0.0,0.0,0.0,0.0,0.0,0.0,0.0,0.0,0.0,0.0,0.0,0.0,0.517,0.636,0.749,5.0,0.145,0,0.0,0.5719114285714287
1374,0.0,0.0,0.0,0.0,0.0,0.0,0.0,0.0,0.0,0.0,0.0,0.0,0.0,0.0,0.0,0.0,0.0,0.0,0.0,0.0,0.0,0.0,0.0,0.0,0.0,0.0,0.0,0.0,0.0,0.0,0.0,0.0,0.0,0.0,0.0,0.0,0.0,0.0,0.0,0.0,0.0,0.0,0.0,0.0,0.0,0.0,0.0,0.0,0.0,0.0,0.0,0.0,0.0,0.0,0.0,0.0,0.0,0.0,0.0,0.0,0.0,0.0,0.0,0.0,0.0,0.0,0.0,0.0,0.0,0.01627,0.04611,0.01651,0.0,0.0,0.0,0.0,0.0,0.0,0.0,0.0,0.0,0.0,0.0,0.1217,0.13337,0.07889,0.0,0.0,0.0,0.0,0.0,0.0,0.0,0.0,0.0,0.0,0.0,0.04481,0.001,0.0,0.0,0.0,0.0,0.0,0.0,0.0,0.0,0.0,0.0,0.0,0.00088,0.0,0.0,0.57711,0.516,0.635,0.749,5.0,0.145,0,0.0,0.6270231428571429
1375,0.0,0.0,0.0,0.0,0.0,0.0,0.0,0.0,0.0,0.0,0.0,0.0,0.0,0.0,0.0,0.0,0.0,0.0,0.0,0.0,0.0,0.0,0.0,0.0,0.0,0.0,0.0,0.0,0.0,0.0,0.0,0.0,0.0,0.0,0.0,0.0,0.0,0.0,0.0,0.0,0.0,0.0,0.0,0.0,0.0,0.0,0.0,0.0,0.0,0.0,0.0,0.0,0.0,0.0,0.0,0.0,0.0,0.0,0.0,0.0,0.0,0.0,0.0,0.0,0.0,0.0,0.0,0.0,0.0,0.0138,0.04705,0.01592,0.0,0.0,0.0,0.0,0.0,0.0,0.0,0.0,0.0,0.0,0.0,0.12111,0.12919,0.07765,0.0,0.0,0.0,0.0,0.0,0.0,0.0,0.0,0.0,0.0,0.0,0.04935,0.00106,0.0,0.0,0.0,0.0,0.0,0.0,0.0,0.0,0.0,0.0,0.0,0.0,0.0,0.0,0.62453,0.516,0.636,0.749,5.0,0.145,0,0.0,0.676714
1376,0.0,0.0,0.0,0.0,0.0,0.0,0.0,0.0,0.0,0.0,0.0,0.0,0.0,0.0,0.0,0.0,0.0,0.0,0.0,0.0,0.0,0.0,0.0,0.0,0.0,0.0,0.0,0.0,0.0,0.0,0.0,0.0,0.0,0.0,0.0,0.0,0.0,0.0,0.0,0.0,0.0,0.0,0.0,0.0,0.0,0.0,0.0,0.0,0.0,0.0,0.0,0.0,0.0,0.0,0.0,0.0,0.0,0.0,0.0,0.0,0.0,0.0,0.0,0.0,0.0,0.0,0.0,0.0,0.0,0.00548,0.05053,0.01722,0.0,0.0,0.0,0.0,0.0,0.0,0.0,0.0,0.0,0.0,0.0,0.12488,0.13603,0.07871,0.0,0.0,0.0,0.0,0.0,0.0,0.0,0.0,0.0,0.0,0.0,0.04693,0.00083,0.0,0.0,0.0,0.0,0.0,0.0,0.0,0.0,0.0,0.0,0.0,0.00088,0.0,0.0,0.63244,0.516,0.636,0.749,5.0,0.145,0,0.0,0.711498
1377,0.0,0.0,0.0,0.0,0.0,0.0,0.0,0.0,0.0,0.0,0.0,0.0,0.0,0.0,0.0,0.0,0.0,0.0,0.0,0.0,0.0,0.0,0.0,0.0,0.0,0.0,0.0,0.0,0.0,0.0,0.0,0.0,0.0,0.0,0.0,0.0,0.0,0.0,0.0,0.0,0.0,0.0,0.0,0.0,0.0,0.0,0.0,0.0,0.0,0.0,0.0,0.0,0.0,0.0,0.0,0.0,0.0,0.0,0.0,0.0,0.0,0.0,0.0,0.0,0.0,0.0,0.0,0.0,0.0,0.00902,0.04717,0.01686,0.0,0.0,0.0,0.0,0.0,0.0,0.0,0.0,0.0,0.0,0.0,0.12329,0.13373,0.08048,0.0,0.0,0.0,0.0,0.0,0.0,0.0,0.0,0.0,0.0,0.0,0.04688,0.0,0.0,0.0,0.0,0.0,0.0,0.0,0.0,0.0,0.0,0.0,0.0,0.00071,0.0,0.0,0.76684,0.516,0.635,0.747,5.0,0.145,0,0.0,0.786592
1378,0.0,0.0,0.0,0.0,0.0,0.0,0.0,0.0,0.0,0.0,0.0,0.0,0.0,0.0,0.0,0.0,0.0,0.0,0.0,0.0,0.0,0.0,0.0,0.0,0.0,0.0,0.0,0.0,0.0,0.0,0.0,0.0,0.0,0.0,0.0,0.0,0.0,0.0,0.0,0.0,0.0,0.0,0.0,0.0,0.0,0.0,0.0,0.0,0.0,0.0,0.0,0.0,0.0,0.0,0.0,0.0,0.0,0.0,0.0,0.0,0.0,0.0,0.0,0.0,0.0,0.0,0.0,0.0,0.0,0.01433,0.05448,0.01504,0.0,0.0,0.0,0.0,0.0,0.0,0.0,0.0,0.0,0.0,0.0,0.12058,0.13042,0.07748,0.0,0.0,0.0,0.0,0.0,0.0,0.0,0.0,0.0,0.0,0.0,0.05118,0.00065,0.0,0.0,0.0,0.0,0.0,0.0,0.0,0.0,0.0,0.0,0.0,0.00018,0.0,0.0,0.78265,0.516,0.635,0.748,5.0,0.145,0,0.0,0.8601040000000001
1379,0.0,0.0,0.0,0.0,0.0,0.0,0.0,0.0,0.0,0.0,0.0,0.0,0.0,0.0,0.0,0.0,0.0,0.0,0.0,0.0,0.0,0.0,0.0,0.0,0.0,0.0,0.0,0.0,0.0,0.0,0.0,0.0,0.0,0.0,0.0,0.0,0.0,0.0,0.0,0.0,0.0,0.0,0.0,0.0,0.0,0.0,0.0,0.0,0.0,0.0,0.0,0.0,0.0,0.0,0.0,0.0,0.0,0.0,0.0,0.0,0.0,0.0,0.0,0.0,0.0,0.0,0.0,0.0,0.0,0.00601,0.04864,0.01557,0.0,0.0,0.0,0.0,0.0,0.0,0.0,0.0,0.0,0.0,0.0,0.12341,0.13325,0.07836,0.0,0.0,0.0,0.0,0.0,0.0,0.0,0.0,0.0,0.0,0.0,0.05425,0.00147,0.0,0.0,0.0,0.0,0.0,0.0,0.0,0.0,0.0,0.0,0.0,0.0,0.0,0.0,0.75103,0.516,0.635,0.748,5.0,0.145,0,0.0,0.887172
1380,0.0,0.0,0.0,0.0,0.0,0.0,0.0,0.0,0.0,0.0,0.0,0.0,0.0,0.0,0.0,0.0,0.0,0.0,0.0,0.0,0.0,0.0,0.0,0.0,0.0,0.0,0.0,0.0,0.0,0.0,0.0,0.0,0.0,0.0,0.0,0.0,0.0,0.0,0.0,0.0,0.0,0.0,0.0,0.0,0.0,0.0,0.0,0.0,0.0,0.0,0.0,0.0,0.0,0.0,0.0,0.0,0.0,0.0,0.0,0.0,0.0,0.0,0.0,0.0,0.0,0.0,0.0,0.0,0.0,0.0207,0.05377,0.01574,0.0,0.0,0.0,0.0,0.0,0.0,0.0,0.0,0.0,0.0,0.0,0.1227,0.13237,0.07818,0.0,0.0,0.0,0.0,0.0,0.0,0.0,0.0,0.0,0.0,0.0,0.04811,0.0,0.0,0.0,0.0,0.0,0.0,0.0,0.0,0.0,0.0,0.0,0.0,0.0,0.0,0.0,1.0,0.511,0.628,0.741,5.0,0.144,0,0.18,0.9137900533333333
1381,0.0,0.0,0.0,0.0,0.0,0.0,0.0,0.0,0.0,0.0,0.0,0.0,0.0,0.0,0.0,0.0,0.0,0.0,0.0,0.0,0.0,0.0,0.0,0.0,0.0,0.0,0.0,0.0,0.0,0.0,0.0,0.0,0.0,0.0,0.0,0.0,0.0,0.0,0.0,0.0,0.0,0.0,0.0,0.0,0.0,0.0,0.0,0.0,0.0,0.0,0.0,0.0,0.0,0.0,0.0,0.0,0.0,0.0,0.0,0.0,0.0,0.0,0.0,0.0,0.0,0.0,0.0,0.0,0.0,0.02282,0.02954,0.0,0.0,0.0,0.0,0.0,0.0,0.0,0.0,0.0,0.0,0.0,0.04322,0.14587,0.13691,0.00849,0.0,0.0,0.0,0.0,0.0,0.0,0.0,0.0,0.0,0.0,0.00301,0.11804,0.00631,0.0,0.0,0.0,0.0,0.0,0.0,0.0,0.0,0.0,0.0,0.0,0.0,0.0,0.0,1.0,0.526,3.364,4.4995,5.0,0.29,0,0.36,0.9449061333333333
1382,0.0,0.0,0.0,0.0,0.0,0.0,0.0,0.0,0.0,0.0,0.0,0.0,0.0,0.0,0.0,0.0,0.0,0.0,0.0,0.0,0.0,0.0,0.0,0.0,0.0,0.0,0.0,0.0,0.0,0.0,0.0,0.0,0.0,0.0,0.0,0.0,0.0,0.0,0.0,0.0,0.0,0.0,0.0,0.0,0.0,0.0,0.0,0.0,0.0,0.0,0.0,0.0,0.0,0.0,0.0,0.0,0.0,0.0,0.0,0.0,0.0,0.0,0.0,0.0,0.0,0.0,0.0,0.0,0.0,0.00106,0.04988,0.0,0.0,0.0,0.0,0.0,0.0,0.0,0.00354,0.03892,0.0,0.0,0.0681,0.00088,0.0,0.0,0.0,0.0,0.0,0.0,0.10029,0.00672,0.0,0.0,0.01462,0.13331,0.08821,0.0,0.0,0.0,0.0,0.0,0.0,0.0,0.0,0.0,0.0,0.0,0.0,0.02052,0.0,0.0,0.0,0.0,0.475,0.558,3.385,5.0,0.243,0,0.54,0.92440224
1383,0.0,0.0,0.0,0.0,0.0,0.0,0.0,0.0,0.0,0.0,0.0,0.0,0.0,0.0,0.0,0.0,0.0,0.0,0.0,0.0,0.0,0.0,0.0,0.0,0.0,0.0,0.0,0.0,0.0,0.0,0.0,0.0,0.0,0.0,0.0,0.0,0.0,0.0,0.0,0.0,0.0,0.0,0.0,0.0,0.0,0.0,0.0,0.0,0.0,0.0,0.0,0.0,0.0,0.0,0.0,0.0,0.0,0.0,0.0,0.0,0.0,0.0,0.0,0.0,0.0,0.0,0.0,0.0,0.0,0.01627,0.00301,0.0,0.0,0.0,0.0,0.0,0.0,0.0,0.0,0.06274,0.09611,0.01203,0.0,0.0,0.0,0.0,0.0,0.0,0.0,0.03526,0.17471,0.08349,0.0,0.03042,0.10448,0.02677,0.0,0.0,0.0,0.0,0.0,0.08137,0.0,0.0,0.0,0.0,0.0,0.02588,0.04452,0.0,0.0,0.0,0.9,0.0,0.475,0.559,4.039,5.0,5.0,0,0.72,0.90306424
1384,0.0,0.0,0.0,0.0,0.0,0.0,0.0,0.0,0.0,0.0,0.0,0.0,0.0,0.0,0.0,0.0,0.0,0.0,0.0,0.0,0.0,0.0,0.0,0.0,0.0,0.0,0.0,0.0,0.0,0.0,0.0,0.0,0.0,0.0,0.0,0.0,0.0,0.0,0.0,0.0,0.0,0.0,0.0,0.0,0.0,0.0,0.0,0.0,0.0,0.0,0.0,0.0,0.0,0.0,0.0,0.0,0.0,0.0,0.0,0.00142,0.0,0.0,0.0,0.0,0.0,0.0,0.0,0.0,0.0,0.05236,0.02618,0.00637,0.0,0.0,0.0,0.0,0.0,0.0,0.0,0.01757,0.07034,0.00035,0.0,0.0,0.0,0.0,0.0,0.0,0.0,0.03196,0.17058,0.04192,0.0,0.00053,0.05366,0.00649,0.0,0.0,0.0,0.0,0.0,0.08438,0.0,0.0,0.0,0.0,0.0,0.03992,0.02659,0.0,0.0,0.0,0.9,0.0,0.475,0.559,4.199,5.0,5.0,0,0.9,0.9170982400000002
1385,0.0,0.0,0.0,0.0,0.0,0.0,0.0,0.0,0.0,0.0,0.0,0.0,0.0,0.0,0.0,0.0,0.0,0.0,0.0,0.0,0.0,0.0,0.0,0.0,0.0,0.0,0.0,0.0,0.0,0.0,0.0,0.0,0.0,0.0,0.0,0.0,0.0,0.0,0.0,0.0,0.0,0.0,0.0,0.0,0.0,0.0,0.0,0.0,0.0,0.0,0.0,0.0,0.0,0.0,0.0,0.0,0.0,0.0,0.0,0.0,0.0,0.0,0.0,0.0,0.0,0.0,0.0,0.0,0.0,0.0635,0.02465,0.00083,0.0,0.0,0.0,0.0,0.0,0.0,0.0,0.02807,0.09009,0.00425,0.0,0.0,0.0,0.0,0.0,0.0,0.0,0.0309,0.16987,0.06598,0.0,0.00053,0.05324,0.01274,0.0,0.0,0.0,0.0,0.0,0.08827,0.0,0.0,0.0,0.0,0.0,0.01439,0.03196,0.0,0.0,0.0,0.9,0.60872,0.475,0.559,4.248,5.0,0.2465,0,0.877938,0.9284201866666667
1386,0.0,0.0,0.0,0.0,0.0,0.0,0.0,0.0,0.0,0.0,0.0,0.0,0.0,0.0,0.0,0.0,0.0,0.0,0.0,0.0,0.0,0.0,0.0,0.0,0.0,0.0,0.0,0.0,0.0,0.0,0.0,0.0,0.0,0.0,0.0,0.0,0.0,0.0,0.0,0.0,0.0,0.0,0.0,0.0,0.0,0.0,0.0,0.0,0.0,0.0,0.0,0.0,0.0,0.0,0.0,0.0,0.0,0.0,0.0,0.00035,0.0,0.0,0.0,0.0,0.0,0.0,0.0,0.0,0.0,0.04953,0.02612,0.00395,0.0,0.0,0.0,0.0,0.0,0.0,0.0,0.0319,0.08379,0.0023,0.0,0.0,0.0,0.0,0.0,0.0,0.0,0.02919,0.16857,0.05837,0.0,0.0,0.03184,0.0,0.0,0.0,0.0,0.0,0.0,0.09287,0.0,0.0,0.0,0.0,0.0,0.04428,0.0217,0.0,0.0,0.0,0.9,0.89331,0.472,0.554,4.366,5.0,0.2475,0,0.697938,0.9415681066666668
1387,0.0,0.0,0.0,0.0,0.0,0.0,0.0,0.0,0.0,0.0,0.0,0.0,0.0,0.0,0.0,0.0,0.0,0.0,0.0,0.0,0.0,0.0,0.0,0.0,0.0,0.0,0.0,0.0,0.0,0.0,0.0,0.0,0.0,0.0,0.0,0.0,0.0,0.0,0.0,0.0,0.0,0.0,0.0,0.0,0.0,0.0,0.0,0.0,0.0,0.0,0.0,0.0,0.0,0.0,0.0,0.0,0.0,0.0,0.0,0.0,0.0,0.0,0.0,0.0,0.01421,0.01551,0.0,0.0,0.0,0.04033,0.01787,0.00053,0.0,0.0,0.0,0.0,0.0,0.0,0.0,0.04228,0.03379,0.00035,0.0,0.0,0.0,0.0,0.0,0.0,0.0,0.02105,0.1707,0.05024,0.0,0.00637,0.07235,0.0,0.0,0.0,0.0,0.0,0.00672,0.14021,0.00094,0.0,0.0,0.0,0.00171,0.08438,0.01916,0.0,0.0,0.0,0.9,0.97235,0.45,0.52,4.722,5.0,5.0,0,0.517938,0.9565420000000001
1388,0.0,0.0,0.0,0.0,0.0,0.0,0.0,0.0,0.0,0.0,0.0,0.0,0.0,0.0,0.0,0.0,0.0,0.0,0.0,0.0,0.0,0.0,0.0,0.0,0.0,0.0,0.0,0.0,0.0,0.0,0.0,0.0,0.0,0.0,0.0,0.0,0.0,0.0,0.0,0.0,0.0,0.0,0.0,0.0,0.0,0.0,0.0,0.0,0.0,0.0,0.0,0.0,0.0,0.0,0.0,0.0,0.0,0.0,0.00884,0.0,0.0,0.0,0.0,0.0,0.0,0.0,0.0,0.0,0.0,0.05678,0.0589,0.0,0.0,0.0,0.0,0.0,0.0,0.0,0.0,0.03614,0.13673,0.01869,0.0,0.0,0.0,0.0,0.0,0.0,0.0,6e-05,0.13508,0.10719,0.0,0.0,0.0,0.0,0.0,0.0,0.0,0.0,0.0773,0.19487,0.02447,0.0,0.0,0.0,0.0,0.0,0.0,0.0,0.0,0.0,0.78969,0.97235,0.465,3.7575,5.0,5.0,5.0,0,0.337938,0.9707700000000001
1389,0.0,0.0,0.0,0.0,0.0,0.0,0.0,0.0,0.0,0.0,0.0,0.0,0.0,0.0,0.0,0.0,0.0,0.0,0.0,0.0,0.0,0.0,0.0,0.0,0.0,0.0,0.0,0.0,0.0,0.0,0.0,0.0,0.0,0.0,0.0,0.0,0.0,0.0,0.0,0.0,0.0,0.0,0.0,0.0,0.0,0.0,0.0,0.0,0.0,0.0,0.0,0.0,0.0,0.0,0.0,0.0,0.0,0.0,0.01008,0.0,0.0,0.0,0.0,0.0,0.0,0.0,0.0,0.0,0.0,0.12612,0.07341,0.0,0.0,0.0,0.0,0.0,0.0,0.0,0.0,0.05572,0.15973,0.01415,0.0,0.0,0.0,0.0,0.0,0.0,0.0,0.0,0.14133,0.13461,0.0,0.0,0.0,0.0,0.0,0.0,0.0,0.0,0.025,0.20242,0.05419,0.0,0.0,0.0,0.0,0.0,0.0,0.0,0.0,0.0,0.0,0.97235,0.457,3.98,5.0,5.0,5.0,0,0.337938,0.96919
1390,0.0,0.0,0.0,0.0,0.0,0.0,0.0,0.0,0.0,0.0,0.0,0.0,0.0,0.0,0.0,0.0,0.0,0.0,0.0,0.0,0.0,0.0,0.0,0.0,0.0,0.0,0.0,0.0,0.0,0.0,0.0,0.0,0.0,0.0,0.0,0.0,0.0,0.0,0.0,0.0,0.0,0.0,0.0,0.0,0.0,0.0,0.0,0.0,0.0,0.0,0.0,0.0,0.0,0.0,0.0,0.0,0.0,0.0,0.00053,0.0,0.0,0.0,0.0,0.0,0.02294,0.00254,0.0,0.0,0.03414,0.16309,0.0023,0.0,0.0,0.0,0.0,0.0,0.0,0.0,0.0,0.07099,0.13172,0.0,0.0,0.0,0.0,0.0,0.0,0.0,0.0,0.0,0.13072,0.11338,0.0,0.0,0.0,0.0,0.0,0.0,0.0,0.0,0.0,0.16604,0.07983,0.0,0.0,0.0,0.0,0.0,0.0,0.0,0.0,0.0,0.0,0.97235,0.407,4.3575,5.0,5.0,5.0,0,0.18,0.9612860000000001
1391,0.0,0.0,0.0,0.0,0.0,0.0,0.0,0.0,0.0,0.0,0.0,0.0,0.0,0.0,0.0,0.0,0.0,0.0,0.0,0.0,0.0,0.0,0.0,0.0,0.0,0.0,0.0,0.0,0.0,0.0,0.0,0.0,0.0,0.0,0.0,0.0,0.0,0.0,0.0,0.0,0.0,0.0,0.0,0.0,0.0,0.0,0.0,0.0,0.0,0.0,0.0,0.0,0.0,0.0,0.0,0.0,0.0,0.0,0.0,0.0,0.0,0.0,0.0,0.0,0.07748,0.03821,0.0,0.0,0.01822,0.14204,0.0,0.0,0.0,0.0,0.04245,0.0,0.0,0.0,0.0,0.04074,0.19971,0.00029,0.0,0.0,0.0,0.0,0.0168,0.0,0.0,0.0,0.0612,0.1806,0.0,0.0,0.0,0.0,0.0,0.0,0.0,0.0,0.0,0.07305,0.16751,0.0,0.0,0.0,0.0,0.0,0.0,0.0,0.0,0.0,0.0,0.96445,3.133,4.2245,5.0,5.0,5.0,0,0.18,0.9423160000000002
1392,0.0,0.0,0.0,0.0,0.0,0.0,0.0,0.0,0.0,0.0,0.0,0.0,0.0,0.0,0.0,0.0,0.0,0.0,0.0,0.0,0.0,0.0,0.0,0.0,0.0,0.0,0.0,0.0,0.0,0.0,0.0,0.0,0.0,0.0,0.0,0.0,0.0,0.0,0.0,0.0,0.0,0.0,0.0,0.0,0.0,0.0,0.0,0.0,0.0,0.0,0.0,0.0,0.0,0.0,0.0,0.0,0.0,0.0,0.0,0.0,0.0,0.03042,0.0,0.0,0.09782,0.01008,0.0,0.0,0.00118,0.18614,0.0,0.0,0.0,0.04027,0.17482,0.0,0.0,0.0,0.0,0.0,0.21403,0.0168,0.0,0.0,0.0,0.0,0.15159,0.06739,0.0,0.0,0.0,0.19917,0.03874,0.0,0.0,0.0,0.0,0.0,0.0,0.19741,0.0,0.0,0.1477,0.06439,0.0,0.0,0.0,0.0,0.0,0.0,0.0,0.0,0.9,0.96445,2.2455,3.6165,5.0,5.0,5.0,0,0.158648,0.9201840000000001
1393,0.0,0.0,0.0,0.0,0.0,0.0,0.0,0.0,0.0,0.0,0.0,0.0,0.0,0.0,0.0,0.0,0.0,0.0,0.0,0.0,0.0,0.0,0.0,0.0,0.0,0.0,0.0,0.0,0.0,0.0,0.0,0.0,0.0,0.0,0.0,0.0,0.0,0.0,0.0,0.0,0.0,0.0,0.0,0.0,0.0,0.0,0.0,0.0,0.0,0.0,0.0,0.0,0.0,0.0,0.0,0.0,0.0,0.0,0.0,0.0,0.0,0.0,0.0,0.0,0.00035,0.0,0.0,0.0,0.08756,0.0,0.0,0.0,0.0,0.0,0.0,0.0,0.0,0.0,0.0,0.1181,0.03774,0.0,0.0,0.0,0.0,0.0,0.0,0.0,0.0,0.0,0.0796,0.12435,0.0,0.0,0.0,0.0,0.0,0.0,0.0,0.0,0.0,0.00731,0.174,0.0,0.0,0.0,0.0,0.0,0.0,0.0,0.0,0.0,0.0,0.93283,3.0555,4.7635,5.0,5.0,5.0,0,0.08607000000000001,0.8996320000000001
1394,0.0,0.0,0.0,0.0,0.0,0.0,0.0,0.0,0.0,0.0,0.0,0.0,0.0,0.0,0.0,0.0,0.0,0.0,0.0,0.0,0.0,0.0,0.0,0.0,0.0,0.0,0.0,0.0,0.0,0.0,0.0,0.0,0.0,0.0,0.0,0.0,0.0,0.0,0.0,0.0,0.0,0.0,0.0,0.0,0.0,0.0,0.0,0.0,0.0,0.0,0.0,0.0,0.0,0.0,0.0,0.0,0.0,0.0,0.0,0.0,0.0,0.0,0.0,0.0,0.0,0.0,0.0,0.02954,0.0,0.0,0.0,0.12229,0.06504,0.0,0.0,0.0,0.0,0.0,0.1332,0.0,0.0,0.0,0.0,0.0,0.19634,0.00548,0.0,0.0,0.0,0.12659,0.06285,0.0,0.0,0.0,0.0,0.0,0.00407,0.01787,0.0,0.0,0.04015,0.14381,0.0,0.0,0.0,0.0,0.0,0.0,0.0,0.0,0.0,0.0,0.0,0.8775,3.0025,4.6825,5.0,5.0,5.0,0,-0.09393,0.8759180000000001
1395,0.0,0.0,0.0,0.0,0.0,0.0,0.0,0.0,0.0,0.0,0.0,0.0,0.0,0.0,0.0,0.0,0.0,0.0,0.0,0.0,0.0,0.0,0.0,0.0,0.0,0.0,0.0,0.0,0.0,0.0,0.0,0.0,0.0,0.0,0.0,0.0,0.0,0.0,0.0,0.0,0.0,0.0,0.0,0.0,0.0,0.0,0.0,0.0,0.0,0.0,0.0,0.0,0.0,0.0,0.0,0.0,0.0,0.0,0.0,0.0,0.0,0.0,0.0,0.0,0.0,0.0,0.07588,0.00142,0.0,0.0,0.0,0.08774,0.0,0.0,0.0,0.0,0.0,0.04953,0.1385,0.0,0.0,0.0,0.0,0.00142,0.01061,0.0,0.0,0.0,0.00165,0.21327,0.0,0.0,0.0,0.0,0.0,0.0,0.0,0.0,0.0,0.0,0.19334,0.0184,0.0,0.0,0.0,0.0,0.0,0.0,0.0,0.0,0.0,0.0,-0.10676,0.86169,3.0815,5.0,5.0,5.0,5.0,0,-0.09393,0.853786
1396,0.0,0.0,0.0,0.0,0.0,0.0,0.0,0.0,0.0,0.0,0.0,0.0,0.0,0.0,0.0,0.0,0.0,0.0,0.0,0.0,0.0,0.0,0.0,0.0,0.0,0.0,0.0,0.0,0.0,0.0,0.0,0.0,0.0,0.0,0.0,0.0,0.0,0.0,0.0,0.0,0.0,0.0,0.0,0.0,0.0,0.0,0.0,0.0,0.0,0.0,0.0,0.0,0.0,0.0,0.0,0.0,0.0,0.0,0.00142,0.0,0.0,0.0,0.0,0.0,0.0,0.0,0.11851,0.0,0.0,0.0,0.06427,0.13048,0.0,0.0,0.0,0.0,0.0,0.17913,0.03208,0.0,0.0,0.0,0.0,0.04935,0.0,0.0,0.0,0.0,0.1418,0.08461,0.0,0.0,0.0,0.0,0.0,0.0,0.0,0.0,0.0,0.0,0.12807,0.0,0.0,0.0,0.0,0.0,0.0,0.0,0.0,0.0,0.0,0.0,-0.36289,0.86169,3.548,4.9355,5.0,5.0,5.0,0,0.022741999999999995,0.8427200000000001
1397,0.0,0.0,0.0,0.0,0.0,0.0,0.0,0.0,0.0,0.0,0.0,0.0,0.0,0.0,0.0,0.0,0.0,0.0,0.0,0.0,0.0,0.0,0.0,0.0,0.0,0.0,0.0,0.0,0.0,0.0,0.0,0.0,0.0,0.0,0.0,0.0,0.0,0.0,0.0,0.0,0.0,0.0,0.0,0.0,0.0,0.0,0.0,0.0,0.0,0.0,0.0,0.0,0.0,0.0,0.0,0.0,0.0,0.0,0.0,0.0,0.0,0.0,0.0,0.0,0.0,0.0,0.02406,0.0796,0.0,0.0,0.0,0.0,0.0,0.0,0.0,0.0,0.0,6e-05,0.22034,0.0,0.0,0.0,0.0,0.0,0.0,0.0,0.0,0.0,0.0,0.19682,0.02801,0.0,0.0,0.0,0.0,0.0,0.0,0.0,0.0,0.0,0.13202,0.07317,0.0,0.0,0.0,0.0,0.0,0.0,0.0,0.0,0.0,0.0,0.0,0.84588,3.0615,4.1995,5.0,5.0,5.0,0,0.044093999999999994,0.834816
1398,0.0,0.0,0.0,0.0,0.0,0.0,0.0,0.0,0.0,0.0,0.0,0.0,0.0,0.0,0.0,0.0,0.0,0.0,0.0,0.0,0.0,0.0,0.0,0.0,0.0,0.0,0.0,0.0,0.0,0.0,0.0,0.0,0.0,0.0,0.0,0.0,0.0,0.0,0.0,0.0,0.0,0.0,0.0,0.0,0.0,0.0,0.0,0.0,0.0,0.0,0.0,0.0,0.0,0.0,0.0,0.0,0.0,0.0,0.0,0.0,0.0,0.0,0.0,0.0,0.00035,0.0,0.0,0.06657,0.08396,0.0,0.0,0.0,0.08756,0.07005,0.0,0.0,0.0,0.0,0.01185,0.20112,0.0,0.0,0.0,0.0,0.0,0.19676,0.00348,0.0,0.0,0.0,0.21616,0.00354,0.0,0.0,0.0,0.0,0.0,0.01073,0.07807,0.0,0.0,0.14422,0.05212,0.0,0.0,0.0,0.0,0.0,0.0,0.0,0.0,0.0,0.0,0.82217,2.9295,3.8155,5.0,5.0,5.0,0,0.116672,0.8269119999999999
1399,0.0,0.0,0.0,0.0,0.0,0.0,0.0,0.0,0.0,0.0,0.0,0.0,0.0,0.0,0.0,0.0,0.0,0.0,0.0,0.0,0.0,0.0,0.0,0.0,0.0,0.0,0.0,0.0,0.0,0.0,0.0,0.0,0.0,0.0,0.0,0.0,0.0,0.0,0.0,0.0,0.0,0.0,0.0,0.0,0.0,0.0,0.0,0.0,0.0,0.0,0.0,0.0,0.0,0.0,0.0,0.0,0.0,0.0,0.0,0.0,0.0,0.0,0.0,0.0,0.0,0.0,0.0,0.0,0.12683,0.0,0.0,0.0,0.00124,0.14469,0.0,0.0,0.0,0.0,0.0,0.1839,0.03208,0.0,0.0,0.0,0.0,0.09528,0.08125,0.0,0.0,0.0,0.12205,0.09375,0.0,0.0,0.0,0.0,0.0,0.0,0.00867,0.0,0.0,0.03154,0.17046,0.0,0.0,0.0,0.0,0.0,0.0,0.0,0.0,0.0,0.58336,0.82217,2.4675,3.5695,5.0,5.0,5.0,0,0.11667199999999997,0.82217
1400,0.0,0.0,0.0,0.0,0.0,0.0,0.0,0.0,0.0,0.0,0.0,0.0,0.0,0.0,0.0,0.0,0.0,0.0,0.0,0.0,0.0,0.0,0.0,0.0,0.0,0.0,0.0,0.0,0.0,0.0,0.0,0.0,0.0,0.0,0.0,0.0,0.0,0.0,0.0,0.0,0.0,0.0,0.0,0.0,0.0,0.0,0.0,0.0,0.0,0.0,0.0,0.0,0.0,0.0,0.0,0.0,0.0,0.0,0.0,0.0,0.0,0.0,0.0,0.0,0.0,0.0,0.0,0.0112,0.06061,0.0,0.0,0.0,0.0,0.01291,0.0,0.0,0.0,0.0,0.0,0.19004,0.00118,0.0,0.0,0.0,0.0,0.16639,0.02146,0.0,0.0,0.0,0.16397,0.0513,0.0,0.0,0.0,0.0,0.0,0.00118,0.19746,0.0,0.0,0.06757,0.12842,0.0,0.0,0.0,0.0,0.0,0.0,0.0,0.02712,0.08078,0.0,0.82217,2.6325,4.4025,5.0,5.0,5.0,0,0.11667199999999997,0.82217
1401,0.0,0.0,0.0,0.0,0.0,0.0,0.0,0.0,0.0,0.0,0.0,0.0,0.0,0.0,0.0,0.0,0.0,0.0,0.0,0.0,0.0,0.0,0.0,0.0,0.0,0.0,0.0,0.0,0.0,0.0,0.0,0.0,0.0,0.0,0.0,0.0,0.0,0.0,0.0,0.0,0.0,0.0,0.0,0.0,0.0,0.0,0.0,0.0,0.0,0.0,0.0,0.0,0.0,0.0,0.0,0.0,0.0,0.0,0.0,0.0,0.0,0.0,0.0,0.0,0.0,0.0,0.0,0.16026,0.0,0.0,0.0,0.0,0.0,0.0,0.0,0.0,0.0,0.0,0.10525,0.06757,0.0,0.0,0.0,0.0,0.00301,0.10029,0.0,0.0,0.0,0.04534,0.1602,0.0,0.0,0.0,0.0,0.0,0.0,0.13237,0.07176,0.0,0.0,0.20713,0.0,0.0,0.0,0.0,0.0,0.0,0.0,0.0,0.06828,0.0,0.0,0.82217,2.9835,5.0,5.0,5.0,5.0,0,0.0,0.82217
1402,0.0,0.0,0.0,0.0,0.0,0.0,0.0,0.0,0.0,0.0,0.0,0.0,0.0,0.0,0.0,0.0,0.0,0.0,0.0,0.0,0.0,0.0,0.0,0.0,0.0,0.0,0.0,0.0,0.0,0.0,0.0,0.0,0.0,0.0,0.0,0.0,0.0,0.0,0.0,0.0,0.0,0.0,0.0,0.0,0.0,0.0,0.0,0.0,0.0,0.0,0.0,0.0,0.0,0.0,0.0,0.0,0.0,0.0,0.0,0.0,0.0,0.0,0.0,0.0,0.0,0.0,0.01875,0.12064,0.0,0.0,0.0,0.0,0.0191,0.0,0.0,0.0,0.0,0.0,0.19546,0.00018,0.0,0.0,0.0,0.0,0.13886,0.03184,0.0,0.0,0.0,0.14287,0.04888,0.0,0.0,0.0,0.0,0.0,0.0,0.22288,0.00195,0.0,0.05808,0.13314,0.0,0.0,0.0,0.0,0.0,0.0,0.0,0.01904,0.07241,0.0,0.0,0.82217,2.9925,4.9335,5.0,5.0,5.0,0,0.0,0.8412165066666667
1403,0.0,0.0,0.0,0.0,0.0,0.0,0.0,0.0,0.0,0.0,0.0,0.0,0.0,0.0,0.0,0.0,0.0,0.0,0.0,0.0,0.0,0.0,0.0,0.0,0.0,0.0,0.0,0.0,0.0,0.0,0.0,0.0,0.0,0.0,0.0,0.0,0.0,0.0,0.0,0.0,0.0,0.0,0.0,0.0,0.0,0.0,0.0,0.0,0.0,0.0,0.0,0.0,0.0,0.0,0.0,0.0,0.0,0.0,0.0,0.0,0.0,0.0,0.0,0.0,0.0,0.0,0.09481,0.01557,0.0,0.0,0.0,0.0,0.0,0.0,0.0,0.0,0.0,0.04882,0.15495,0.0,0.0,0.0,0.0,0.0,0.07907,0.0,0.0,0.0,0.00024,0.20584,0.0,0.0,0.0,0.0,0.0,0.0,0.05554,0.15601,0.0,0.0,0.14458,0.02329,0.0,0.0,0.0,0.0,0.0,0.0,0.0,0.10784,0.05366,0.0,0.0,0.82217,3.0335,5.0,5.0,5.0,5.0,0,0.0,0.8602630133333333
1404,0.0,0.0,0.0,0.0,0.0,0.0,0.0,0.0,0.0,0.0,0.0,0.0,0.0,0.0,0.0,0.0,0.0,0.0,0.0,0.0,0.0,0.0,0.0,0.0,0.0,0.0,0.0,0.0,0.0,0.0,0.0,0.0,0.0,0.0,0.0,0.0,0.0,0.0,0.0,0.0,0.0,0.0,0.0,0.0,0.0,0.0,0.0,0.0,0.0,0.0,0.0,0.0,0.0,0.0,0.0,0.0,0.0,0.0,0.0,0.0,0.0,0.0,0.0,0.0,0.0,0.0,0.15584,0.0,0.0,0.0,0.0,0.0,0.0,0.0,0.0,0.0,0.0,0.13007,0.07653,0.0,0.0,0.0,0.0,0.0,0.0,0.0,0.0,0.0,0.06934,0.15071,0.0,0.0,0.0,0.0,0.0,0.0,0.04652,0.049,0.0,0.0,0.17353,0.0,0.0,0.0,0.0,0.0,0.0,0.0,0.0,0.16397,0.00088,0.0,0.0,0.82217,3.3335,5.0,5.0,5.0,5.0,0,-0.16364,0.8796046400000002
1405,0.0,0.0,0.0,0.0,0.0,0.0,0.0,0.0,0.0,0.0,0.0,0.0,0.0,0.0,0.0,0.0,0.0,0.0,0.0,0.0,0.0,0.0,0.0,0.0,0.0,0.0,0.0,0.0,0.0,0.0,0.0,0.0,0.0,0.0,0.0,0.0,0.0,0.0,0.0,0.0,0.0,0.0,0.0,0.0,0.0,0.0,0.0,0.0,0.0,0.0,0.0,0.0,0.0,0.0,0.0,0.0,0.0,0.0,0.0,0.0,0.0,0.0,0.0,0.0,0.0,0.01055,0.16032,0.0,0.0,0.0,0.0,0.0,0.0,0.0,0.0,0.0,0.0,0.19994,0.00366,0.0,0.0,0.0,0.0,0.0,0.0,0.0,0.0,0.0,0.17813,0.04829,0.0,0.0,0.0,0.0,0.0,0.0,0.0,0.0,0.0,0.0,0.09304,0.0,0.0,0.0,0.0,0.0,0.0,0.0,0.0,0.00425,0.0,0.0,0.0,0.82217,3.1085,5.0,5.0,5.0,5.0,0,-0.16364,0.8990937333333333
1406,0.0,0.0,0.0,0.0,0.0,0.0,0.0,0.0,0.0,0.0,0.0,0.0,0.0,0.0,0.0,0.0,0.0,0.0,0.0,0.0,0.0,0.0,0.0,0.0,0.0,0.0,0.0,0.0,0.0,0.0,0.0,0.0,0.0,0.0,0.0,0.0,0.0,0.0,0.0,0.0,0.0,0.0,0.0,0.0,0.0,0.0,0.0,0.0,0.0,0.0,0.0,0.0,0.0,0.0,0.0,0.0,0.0,0.0,0.0,0.0,0.0,0.0,0.0,0.0,0.0,0.06739,0.06916,0.0,0.0,0.0,0.0,0.0,0.0,0.0,0.0,0.0,0.02624,0.17453,0.0,0.0,0.0,0.0,0.0,0.0,0.0,0.0,0.0,0.0,0.2237,6e-05,0.0,0.0,0.0,0.0,0.0,0.0,0.0,0.0,0.0,0.0,0.00195,0.0,0.0,0.0,0.0,0.0,0.0,0.0,0.0,0.0,0.0,0.0,0.0,0.82217,3.0265,4.8145,5.0,5.0,5.0,0,-0.16364,0.9185828266666668
1407,0.0,0.0,0.0,0.0,0.0,0.0,0.0,0.0,0.0,0.0,0.0,0.0,0.0,0.0,0.0,0.0,0.0,0.0,0.0,0.0,0.0,0.0,0.0,0.0,0.0,0.0,0.0,0.0,0.0,0.0,0.0,0.0,0.0,0.0,0.0,0.0,0.0,0.0,0.0,0.0,0.0,0.0,0.0,0.0,0.0,0.0,0.0,0.0,0.0,0.0,0.0,0.0,0.0,0.0,0.0,0.0,0.0,0.0,0.0,0.0,0.0,0.0,0.0,0.0,0.0,0.13856,0.00153,0.0,0.0,0.0,0.0,0.0,0.0,0.0,0.0,0.0,0.1329,0.0707,0.0,0.0,0.0,0.0,0.0,0.0,0.0,0.0,0.0,0.0,0.09782,0.0,0.0,0.0,0.0,0.0,0.0,0.0,0.0,0.0,0.0,0.0,0.0,0.0,0.0,0.0,0.0,0.0,0.0,0.0,0.0,0.0,0.0,0.0,-0.8182,0.83798,4.6915,5.0,5.0,5.0,5.0,0,-0.16364,0.9042783200000001
1408,0.0,0.0,0.0,0.0,0.0,0.0,0.0,0.0,0.0,0.0,0.0,0.0,0.0,0.0,0.0,0.0,0.0,0.0,0.0,0.0,0.0,0.0,0.0,0.0,0.0,0.0,0.0,0.0,0.0,0.0,0.0,0.0,0.0,0.0,0.0,0.0,0.0,0.0,0.0,0.0,0.0,0.0,0.0,0.0,0.0,0.0,0.0,0.0,0.0,0.0,0.0,0.0,0.0,0.0,0.0,0.0,0.0,0.0,0.0,0.0,0.0,0.0,0.0,0.0,0.0,0.01698,0.17777,0.0,0.0,0.0,0.0,0.0,0.0,0.0,0.0,0.0,0.00283,0.20631,0.00153,0.0,0.0,0.0,0.0,0.0,0.0,0.0,0.0,0.0,0.1832,0.00873,0.0,0.0,0.0,0.0,0.0,0.0,0.0,0.0,0.0,0.0,0.0,0.0,0.0,0.0,0.0,0.0,0.0,0.0,0.0,0.0,0.0,0.0,0.0,0.84588,2.8665,5.0,5.0,5.0,5.0,0,-0.16364,0.9035406133333334
1409,0.0,0.0,0.0,0.0,0.0,0.0,0.0,0.0,0.0,0.0,0.0,0.0,0.0,0.0,0.0,0.0,0.0,0.0,0.0,0.0,0.0,0.0,0.0,0.0,0.0,0.0,0.0,0.0,0.0,0.0,0.0,0.0,0.0,0.0,0.0,0.0,0.0,0.0,0.0,0.0,0.0,0.0,0.0,0.0,0.0,0.0,0.0,0.0,0.0,0.0,0.0,0.0,0.0,0.0,0.0,0.0,0.0,0.0,0.0,0.0,0.0,0.0,0.0,0.0,0.0,0.0,0.12364,0.0605,0.0,0.0,0.0,0.0,0.0,0.0,0.0,0.0,0.0,0.1135,0.11274,0.0,0.0,0.0,0.0,0.0,0.0,0.0,0.0,0.0,0.09646,0.13897,0.0,0.0,0.0,0.0,0.0,0.0,0.0,0.0,0.0,0.0,0.13426,0.0,0.0,0.0,0.0,0.0,0.0,0.0,0.0,0.0,0.0,0.0,0.0,0.84588,3.0065,5.0,5.0,5.0,5.0,0,0.0,0.9025077866666666
1410,0.0,0.0,0.0,0.0,0.0,0.0,0.0,0.0,0.0,0.0,0.0,0.0,0.0,0.0,0.0,0.0,0.0,0.0,0.0,0.0,0.0,0.0,0.0,0.0,0.0,0.0,0.0,0.0,0.0,0.0,0.0,0.0,0.0,0.0,0.0,0.0,0.0,0.0,0.0,0.0,0.0,0.0,0.0,0.0,0.0,0.0,0.0,0.0,0.0,0.0,0.0,0.0,0.0,0.0,0.0,0.0,0.0,0.0,0.0,0.0,0.0,0.0,0.0,0.0,0.0,0.0,0.05324,0.10507,0.0,0.0,0.0,0.0,0.0,0.0,0.0,0.0,0.0,0.03856,0.18927,0.0,0.0,0.0,0.0,0.0,0.0,0.0,0.0,0.0,0.01645,0.2089,0.0,0.0,0.0,0.0,0.0,0.0,0.0,0.0,0.0,0.0,0.19322,0.00189,0.0,0.0,0.0,0.0,0.0,0.0,0.0,0.0,0.0,0.0,0.0,0.84588,3.7555,5.0,5.0,5.0,5.0,0,0.18,0.9013274933333333
1411,0.0,0.0,0.0,0.0,0.0,0.0,0.0,0.0,0.0,0.0,0.0,0.0,0.0,0.0,0.0,0.0,0.0,0.0,0.0,0.0,0.0,0.0,0.0,0.0,0.0,0.0,0.0,0.0,0.0,0.0,0.0,0.0,0.0,0.0,0.0,0.0,0.0,0.0,0.0,0.0,0.0,0.0,0.0,0.0,0.0,0.0,0.0,0.0,0.0,0.0,0.0,0.0,0.0,0.0,0.0,0.0,0.00584,0.0,0.0,0.0,0.0,0.0,0.0,0.0,0.0,0.0,0.0,0.15218,0.03496,0.0,0.0,0.0,0.0,0.0,0.0,0.0,0.0,0.0,0.15248,0.07765,0.0,0.0,0.0,0.0,0.0,0.0,0.0,0.0,0.0,0.13532,0.10189,0.0,0.0,0.0,0.0,0.0,0.0,0.0,0.0,0.0,0.08414,0.12742,0.0,0.0,0.0,0.0,0.0,0.0,0.0,0.0,0.0,0.0,0.0,0.78265,3.5615,5.0,5.0,5.0,5.0,0,0.18,0.9001472000000001
1412,0.0,0.0,0.0,0.0,0.0,0.0,0.0,0.0,0.0,0.0,0.0,0.0,0.0,0.0,0.0,0.0,0.0,0.0,0.0,0.0,0.0,0.0,0.0,0.0,0.0,0.0,0.0,0.0,0.0,0.0,0.0,0.0,0.0,0.0,0.0,0.0,0.0,0.0,0.0,0.0,0.0,0.0,0.0,0.0,0.0,0.0,0.0,0.0,0.0,0.0,0.0,0.0,0.0023,0.0,0.0,0.0,0.01468,0.0,0.0,0.0,0.0,0.0,0.0,0.0,0.00531,0.0,0.0,0.07783,0.11639,0.0,0.0,0.0,0.0,0.0,0.0,0.0,0.0,0.0,0.05537,0.17459,0.0,0.0,0.0,0.0,0.0,0.0,0.0,0.0,0.0,0.02771,0.21197,0.0,0.0,0.0,0.0,0.0,0.0,0.0,0.0,0.0,0.00389,0.21126,0.00012,0.0,0.0,0.0,0.0,0.0,0.0,0.0,0.0,0.0,0.0,0.78265,3.4255,5.0,5.0,5.0,5.0,0,0.18,0.91400912
1413,0.0,0.0,0.0,0.0,0.0,0.0,0.0,0.0,0.0,0.0,0.0,0.0,0.0,0.0,0.0,0.0,0.0,0.0,0.0,0.0,0.0,0.0,0.0,0.0,0.0,0.0,0.0,0.0,0.0,0.0,0.0,0.0,0.0,0.0,0.0,0.0,0.0,0.0,0.0,0.0,0.0,0.0,0.0,0.0,0.0,0.0,0.0,0.0,0.0,0.0,0.0,0.0,0.0,0.0,0.0,0.0,0.00548,0.0,0.0,0.0,0.0,0.0,0.00071,0.0,0.00749,0.00136,0.0,0.00973,0.19511,0.0,0.0,0.0,0.0,0.0,0.00495,0.0,0.0,0.0,0.0,0.21846,0.0046,0.0,0.0,0.0,0.0,0.0,0.0,0.0,0.0,0.0,0.20466,0.03149,0.0,0.0,0.0,0.0,0.0,0.0,0.0,0.0,0.0,0.10029,0.06899,0.0,0.0,0.0,0.0,0.0,0.0,0.0,0.0,0.0,0.9,0.78265,3.0555,5.0,5.0,5.0,5.0,0,0.18,0.9304783200000001
1414,0.0,0.0,0.0,0.0,0.0,0.0,0.0,0.0,0.0,0.0,0.0,0.0,0.0,0.0,0.0,0.0,0.0,0.0,0.0,0.0,0.0,0.0,0.0,0.0,0.0,0.0,0.0,0.0,0.0,0.0,0.0,0.0,0.0,0.0,0.0,0.0,0.0,0.0,0.0,0.0,0.0,0.0,0.0,0.0,0.0,0.0,0.0,0.0,0.0,0.0,0.0,0.0,0.0,0.0,0.0,0.0,0.0,0.0,0.0,0.0,0.0,0.0,0.0,0.0,0.0,0.0,0.0,0.03432,0.16645,0.0,0.0,0.0,0.0,0.0,0.04098,0.0066,0.0,0.0,0.00531,0.21792,0.0,0.0,0.0,0.0,0.0,0.0,0.0,0.0,0.0,0.0,0.22005,0.00867,0.0,0.0,0.0,0.0,0.0,0.0,0.0,0.0,0.0,0.16504,0.04528,0.0,0.0,0.0,0.0,0.0,0.0,0.0,0.0,0.0,0.0,0.78265,3.1735,5.0,5.0,5.0,5.0,0,0.18,0.9477355200000002
1415,0.0,0.0,0.0,0.0,0.0,0.0,0.0,0.0,0.0,0.0,0.0,0.0,0.0,0.0,0.0,0.0,0.0,0.0,0.0,0.0,0.0,0.0,0.0,0.0,0.0,0.0,0.0,0.0,0.0,0.0,0.0,0.0,0.0,0.0,0.0,0.0,0.0,0.0,0.0,0.0,0.0,0.0,0.0,0.0,0.0,0.0,0.0,0.01097,0.0,0.0,0.0,0.0,0.00472,0.00307,0.0,0.0,0.00142,0.0,0.0,0.0,0.0,0.0,0.0,0.0,0.00018,0.0,0.0,0.06958,0.13278,0.0,0.0,0.0,0.0,0.00914,0.01527,0.0,0.0,0.0,0.02936,0.20147,0.0,0.0,0.0,0.0,0.0,0.0,0.0,0.0,0.0,0.00094,0.22547,0.0,0.0,0.0,0.0,0.0,0.0,0.0,0.0,0.0,0.0,0.19375,0.02187,0.0,0.0,0.0,0.0,0.0,0.0,0.0,0.0,0.0,0.0,0.79846,3.2355,5.0,5.0,5.0,5.0,0,0.0,0.96499272
1416,0.0,0.0,0.0,0.0,0.0,0.0,0.0,0.0,0.0,0.0,0.0,0.0,0.0,0.0,0.0,0.0,0.0,0.0,0.0,0.0,0.0,0.0,0.0,0.0,0.0,0.0,0.0,0.0,0.0,0.0,0.0,0.0,0.0,0.0,0.0,0.0,0.0,0.0,0.0,0.0,0.0,0.0,0.0,0.0,0.0,0.0,0.0,0.0,0.0,0.0,0.0,0.0,0.0,0.0,0.0,0.0,0.0,0.0,0.0,0.0,0.0,0.00849,0.0,0.0,0.0,0.0,0.0,0.08166,0.08656,0.0,0.0,0.0,0.0,0.03237,0.04935,0.0,0.0,0.0,0.04528,0.18502,0.0,0.0,0.0,0.0,0.0,0.0,0.0,0.0,0.0,0.00772,0.22417,0.0,0.0,0.0,0.0,0.0,0.0,0.0,0.0,0.0,0.0,0.2059,0.00937,0.0,0.0,0.0,0.0,0.0,0.0,0.0,0.0,0.0,0.0,0.99606,3.4815,5.0,5.0,5.0,5.0,0,0.0,0.9798819200000001
1417,0.0,0.0,0.0,0.0,0.0,0.0,0.0,0.0,0.0,0.0,0.0,0.0,0.0,0.0,0.0,0.0,0.0,0.0,0.0,0.0,0.0,0.0,0.0,0.0,0.0,0.0,0.0,0.0,0.0,0.0,0.0,0.0,0.0,0.0,0.0,0.0,0.0,0.0,0.0,0.0,0.0,0.0,0.0,0.0,0.0,0.0,0.0,0.0,0.0,0.0,0.0,0.0,0.0,0.0,0.0,0.0,0.0,0.0,0.0,0.0,0.0,0.0,0.0,0.0,0.0,0.0,0.0,0.07889,0.05519,0.0,0.0,0.0,0.0,0.0444,0.10985,0.00177,0.0,0.0,0.0444,0.18502,0.0,0.0,0.0,0.0,0.0,0.0,0.0,0.0,0.0,0.00607,0.22246,0.0,0.0,0.0,0.0,0.0,0.0,0.0,0.0,0.0,0.0,0.18673,0.01014,0.0,0.0,0.0,0.0,0.0,0.0,0.0,0.0,0.0,0.0,1.0,3.778,5.0,5.0,5.0,5.0,0,0.0,0.992894
1418,0.0,0.0,0.0,0.0,0.0,0.0,0.0,0.0,0.0,0.0,0.0,0.0,0.0,0.0,0.0,0.0,0.0,0.0,0.0,0.0,0.0,0.0,0.0,0.0,0.0,0.0,0.0,0.0,0.0,0.0,0.0,0.0,0.0,0.0,0.0,0.0,0.0,0.0,0.0,0.0,0.0,0.0,0.0,0.0,0.0,0.0,0.0,0.0,0.0,0.0,0.0,0.0,0.0,0.0,0.0,0.0,0.0,0.0,0.0,0.0,0.0,0.0,0.0,0.0,0.0,0.0,0.0,0.10802,0.03278,0.0,0.0,0.0,0.00053,0.08721,0.08697,0.01333,0.0,0.0,0.07995,0.13956,0.0,0.0,0.0,0.0,0.0,0.0,0.0,0.0,0.0,0.02494,0.2089,0.0,0.0,0.0,0.0,0.0,0.0,0.0,0.0,0.0,0.0,0.20366,0.001,0.0,0.0,0.0,0.0,0.0,0.0,0.0,0.0,0.0,0.0,1.0,3.8445,5.0,5.0,5.0,5.0,0,0.0,0.9834099999999999
1419,0.0,0.0,0.0,0.0,0.0,0.0,0.0,0.0,0.0,0.0,0.0,0.0,0.0,0.0,0.0,0.0,0.0,0.0,0.0,0.0,0.0,0.0,0.0,0.0,0.0,0.0,0.0,0.0,0.0,0.0,0.0,0.0,0.0,0.0,0.0,0.0,0.0,0.0,0.0,0.0,0.0,0.0,0.0,0.0,0.0,0.0,0.0,0.0,0.0,0.0,0.0,0.0,0.0,0.0,0.0,0.0,0.00955,0.0,0.0,0.00318,0.00389,0.0,0.0,0.0,0.0,0.0,0.0,0.09186,0.00507,0.0,0.0,0.0,0.09764,0.1283,0.11686,0.01716,0.0,0.0,0.12223,0.09835,0.0,0.0,0.0,0.0,0.0,0.0,0.0,0.01716,0.0,0.07812,0.14776,0.0,0.0,0.0,0.0,0.0,0.0,0.0,0.0,0.0,0.0056,0.16067,0.0,0.0,0.0,0.0,0.0,0.0,0.0,0.0,0.0,0.0,0.0,0.98816,3.8155,5.0,5.0,5.0,5.0,0,-0.044116,0.962072
1420,0.0,0.0,0.0,0.0,0.0,0.0,0.0,0.0,0.0,0.0,0.0,0.0,0.0,0.0,0.0,0.0,0.0,0.0,0.0,0.0,0.0,0.0,0.0,0.0,0.0,0.0,0.0,0.0,0.0,0.0,0.0,0.0,0.0,0.0,0.0,0.0,0.0,0.0,0.0,0.0,0.0,0.0,0.0,0.0,0.0,0.0,0.0,0.0,0.0,0.0,0.0,0.0,0.0,0.0,0.0,0.00955,0.0,0.0,0.0,0.10242,0.0,0.0,0.0,0.0,0.0,0.0,0.01079,0.18962,0.0,0.0,0.0,0.07276,0.14817,0.06103,0.0,0.0,0.0,0.0,0.21792,0.00425,0.0,0.0,0.0,0.0,0.0,0.09009,0.14139,0.12017,0.0,0.16851,0.06038,0.0,0.0,0.0,0.0,0.0,0.0,0.0,0.0,0.0,0.1,0.11262,0.0,0.0,0.0,0.0,0.0,0.0,0.0,0.0,0.0,0.0,0.0,0.98025,4.3175,5.0,5.0,5.0,5.0,0,-0.088232,0.9455525066666667
1421,0.0,0.0,0.0,0.0,0.0,0.0,0.0,0.0,0.0,0.0,0.0,0.0,0.0,0.0,0.0,0.0,0.0,0.0,0.0,0.0,0.0,0.0,0.0,0.0,0.0,0.0,0.0,0.0,0.0,0.0,0.0,0.0,0.0,0.0,0.0,0.0,0.0,0.0,0.0,0.0,0.0,0.0,0.0,0.0,0.0,0.0,0.0,0.0,0.0,0.0,0.0,0.0,0.0,0.0,0.0,0.023,0.0,0.0,0.12022,0.00713,0.0,0.0,0.0,0.0,0.0,0.0,0.16468,0.04758,0.0,0.0,0.00902,0.21156,0.01504,0.0,0.0,0.0,0.0,0.11309,0.10643,0.0,0.0,0.0,0.0,0.00029,0.15307,0.14251,0.00024,0.0,0.06309,0.16916,0.0,0.0,0.0,0.0,0.0,0.0,0.0,0.02353,0.15814,0.13355,0.18414,0.0,0.0,0.0,0.0,0.0,0.0,0.0,0.0,0.0,0.0,0.0,0.0,0.94864,3.8645,5.0,5.0,5.0,5.0,0,-0.26823199999999997,0.9314010133333334
1422,0.0,0.0,0.0,0.0,0.0,0.0,0.0,0.0,0.0,0.0,0.0,0.0,0.0,0.0,0.0,0.0,0.0,0.0,0.0,0.0,0.0,0.0,0.0,0.0,0.0,0.0,0.0,0.0,0.0,0.0,0.0,0.0,0.0,0.0,0.0,0.0,0.0,0.0,0.0,0.0,0.0,0.0,0.0,0.0,0.0,0.0,0.0,0.0,0.0,0.0,0.0,0.0,0.0,0.0,0.02671,0.0,0.0,0.00425,0.07146,0.0,0.0,0.0,0.0,0.0,0.0,0.11244,0.09469,0.0,0.0,0.0,0.21757,0.00513,0.0,0.0,0.0,0.0,0.09133,0.1388,0.0,0.0,0.0,0.0,0.01061,0.22158,0.00289,0.0,0.0,0.0,0.16167,0.0,0.0,0.0,0.0,0.0,0.0,0.01291,0.16433,0.03343,0.0,0.0,0.0,0.0,0.0,0.0,0.0,0.0,0.0,0.0,0.0,0.09717,0.08715,0.0,-0.22058,0.89331,5.0,5.0,5.0,5.0,5.0,0,-0.26823199999999997,0.9013650133333334
1423,0.0,0.0,0.0,0.0,0.0,0.0,0.0,0.0,0.0,0.0,0.0,0.0,0.0,0.0,0.0,0.0,0.0,0.0,0.0,0.0,0.0,0.0,0.0,0.0,0.0,0.0,0.0,0.0,0.0,0.0,0.0,0.0,0.0,0.0,0.0,0.0,0.0,0.0,0.0,0.0,0.0,0.0,0.0,0.0,0.0,0.0,0.0,0.0,0.0,0.0,0.0,0.0,0.0,0.0,0.00601,0.0,0.0,0.0,0.0,0.0,0.0,0.0,0.0,0.0,0.0,0.12883,0.05601,0.0,0.0,0.0,0.16769,0.0,0.0,0.0,0.0,0.0,0.12854,0.09858,0.0,0.0,0.0,0.0,0.11008,0.09917,0.0,0.0,0.0,0.0,0.09287,0.0,0.0,0.0,0.0,0.0,0.0,0.20165,0.02901,0.0,0.0,0.0,0.0,0.0,0.0,0.0,0.0,0.0,0.0,0.00029,0.19976,0.00035,0.0,0.0,-0.22058,0.82217,4.9615,5.0,5.0,5.0,5.0,0,-0.26823199999999997,0.8776510133333334
1424,0.0,0.0,0.0,0.0,0.0,0.0,0.0,0.0,0.0,0.0,0.0,0.0,0.0,0.0,0.0,0.0,0.0,0.0,0.0,0.0,0.0,0.0,0.0,0.0,0.0,0.0,0.0,0.0,0.0,0.0,0.0,0.0,0.0,0.0,0.0,0.0,0.0,0.0,0.0,0.0,0.0,0.0,0.0,0.0,0.0,0.0,0.0,0.0,0.0,0.0,0.0,0.0,0.0,0.0,0.0,0.0,0.0,0.0,0.0,0.0,0.0,0.0,0.0,0.0,0.0,0.08874,0.06993,0.0,0.0,0.0,0.0,0.0,0.0,0.0,0.0,0.0,0.09693,0.13143,0.0,0.0,0.0,0.0,0.0,0.0,0.0,0.0,0.0,0.0,0.12417,0.0,0.0,0.0,0.0,0.0,0.0,0.0,0.0,0.0,0.0,0.0,0.0,0.0,0.0,0.0,0.0,0.0,0.0,0.0,0.00654,0.0,0.0,0.0,-0.9,0.82217,4.507,5.0,5.0,5.0,5.0,0,-0.044116,0.8824695200000001
1425,0.0,0.0,0.0,0.0,0.0,0.0,0.0,0.0,0.0,0.0,0.0,0.0,0.0,0.0,0.0,0.0,0.0,0.0,0.0,0.0,0.0,0.0,0.0,0.0,0.0,0.0,0.0,0.0,0.0,0.0,0.0,0.0,0.0,0.0,0.0,0.0,0.0,0.0,0.0,0.0,0.0,0.0,0.0,0.0,0.0,0.0,0.0,0.0,0.0,0.0,0.0,0.0,0.0,0.0,0.0,0.00018,0.0,0.0,0.0,0.0,0.0,0.0,0.0,0.0,0.0,0.0,0.10224,0.11091,0.0,0.0,0.0,0.0,0.0,0.0,0.0,0.0,0.0,0.10684,0.11356,0.0,0.0,0.0,0.0,0.0,0.0,0.0,0.0,0.0,0.11663,0.1181,0.0,0.0,0.0,0.0,0.0,0.0,0.0,0.0,0.0,0.0,0.09782,0.0,0.0,0.0,0.0,0.0,0.0,0.0,0.0,0.0,0.0,0.0,0.0,0.83007,3.8555,5.0,5.0,5.0,5.0,0,0.0,0.8824695200000001
1426,0.0,0.0,0.0,0.0,0.0,0.0,0.0,0.0,0.0,0.0,0.0,0.0,0.0,0.0,0.0,0.0,0.0,0.0,0.0,0.0,0.0,0.0,0.0,0.0,0.0,0.0,0.0,0.0,0.0,0.0,0.0,0.0,0.0,0.0,0.0,0.0,0.0,0.0,0.0,0.0,0.0,0.0,0.0,0.0,0.0,0.0,0.0,0.0,0.0,0.0,0.0,0.0,0.0,0.0,0.0,0.0,0.0,0.00513,0.0,0.0,0.0,0.0,0.0,0.0,0.0,0.0,0.0,0.00383,0.19045,0.03426,0.0,0.0,0.0,0.08827,0.0,0.0,0.0,0.0,0.00212,0.22093,0.00884,0.0,0.0,0.0,0.0,0.12453,0.07818,0.0,0.0,0.00077,0.22583,0.01592,0.0,0.0,0.0,0.0,0.0,0.0,0.16433,0.0,0.0,0.2168,0.0227,0.0,0.0,0.0,0.0,0.0,0.0,0.0,0.0,0.0,0.0,0.83007,3.4105,5.0,5.0,5.0,5.0,0,0.18,0.8824695200000001
1427,0.0,0.0,0.0,0.0,0.0,0.0,0.0,0.0,0.0,0.0,0.0,0.0,0.0,0.0,0.0,0.0,0.0,0.0,0.0,0.0,0.0,0.0,0.0,0.0,0.0,0.0,0.0,0.0,0.0,0.0,0.0,0.0,0.0,0.0,0.0,0.0,0.0,0.0,0.0,0.0,0.0,0.0,0.0,0.0,0.0,0.0,0.0,0.0,0.0,0.0,0.0,0.0,0.0,0.0,0.0,0.0,0.0,0.0,0.0,0.0,0.0,0.0,0.0,0.0,0.0,0.0,0.0,0.0,0.03514,0.18031,0.03768,0.0,0.0,0.0,0.0,0.0,0.0,0.0,0.0,0.03166,0.20926,0.0,0.0,0.0,0.0,0.0,0.12966,0.05059,0.0,0.0,0.00991,0.23184,6e-05,0.0,0.0,0.0,0.0,0.0,0.0,0.21598,0.0,0.0,0.22164,0.00654,0.0,0.0,0.0,0.0,0.0,0.0,0.0,0.00619,0.9,0.82217,2.3535,4.6515,5.0,5.0,5.0,0,0.18,0.88088952
1428,0.0,0.0,0.0,0.0,0.0,0.0,0.0,0.0,0.0,0.0,0.0,0.0,0.0,0.0,0.0,0.0,0.0,0.0,0.0,0.0,0.0,0.0,0.0,0.0,0.0,0.0,0.0,0.0,0.0,0.0,0.0,0.0,0.0,0.0,0.0,0.0,0.0,0.0,0.0,0.0,0.0,0.0,0.0,0.0,0.0,0.0,0.0,0.0,0.0,0.0,0.0,0.0,0.0,0.0,0.0,0.0,0.0,0.0,0.0,0.0,0.0,0.0,0.0,0.0,0.0,0.0,0.0,0.0,0.05425,0.14776,0.0,0.0,0.0,0.0,0.0,0.0,0.0,0.0,0.0,0.08325,0.15943,0.0,0.0,0.0,0.0,0.0,0.03962,0.0,0.0,0.0,0.05147,0.18432,0.0,0.0,0.0,0.0,0.0,0.0,0.08154,0.1148,0.0,0.00607,0.22017,0.0,0.0,0.0,0.0,0.0,0.0,0.0,0.0,0.10684,0.0,0.82217,3.5385,5.0,5.0,5.0,5.0,0,0.18,0.8985034933333333
1429,0.0,0.0,0.0,0.0,0.0,0.0,0.0,0.0,0.0,0.0,0.0,0.0,0.0,0.0,0.0,0.0,0.0,0.0,0.0,0.0,0.0,0.0,0.0,0.0,0.0,0.0,0.0,0.0,0.0,0.0,0.0,0.0,0.0,0.0,0.0,0.0,0.0,0.0,0.0,0.0,0.0,0.0,0.0,0.0,0.0,0.0,0.0,0.0,0.0,0.0,0.0,0.0,0.0,0.0,0.0,0.0,0.0,0.0,0.0,0.0,0.0,0.0,0.0,0.0,0.0,0.0,0.0,0.0,0.06439,0.15035,0.00018,0.0,0.0,0.0,0.0,0.00301,0.0,0.0,0.0,0.12323,0.12476,0.0,0.0,0.0,0.0,0.0,0.00991,0.0,0.0,0.0,0.12594,0.11745,0.0,0.0,0.0,0.0,0.0,0.0,0.15277,0.03314,0.0,0.06775,0.15566,0.0,0.0,0.0,0.0,0.0,0.0,0.0,0.0,0.1477,0.0,0.82217,3.2785,5.0,5.0,5.0,5.0,0,0.0,0.8857809866666667
1430,0.0,0.0,0.0,0.0,0.0,0.0,0.0,0.0,0.0,0.0,0.0,0.0,0.0,0.0,0.0,0.0,0.0,0.0,0.0,0.0,0.0,0.0,0.0,0.0,0.0,0.0,0.0,0.0,0.0,0.0,0.0,0.0,0.0,0.0,0.0,0.0,0.0,0.0,0.0,0.0,0.0,0.0,0.0,0.0,0.0,0.0,0.0,0.0,0.0,0.0,0.0,0.0,0.0,0.0,0.0,0.0,0.0,0.0,0.0,0.0,0.0,0.0,0.0,0.0,0.0,0.0,0.0,0.0,0.03449,0.15973,0.0,0.0,0.0,0.0,0.00507,0.00289,0.0,0.0,0.0,0.08603,0.16445,0.0,0.0,0.0,0.0,0.0,0.01338,0.00289,0.0,0.0,0.10454,0.14469,0.0,0.0,0.0,0.0,0.0,0.0,0.0,0.0,0.0,0.05873,0.1638,0.0,0.0,0.0,0.0,0.0,0.0,0.0,0.0,0.00035,0.0,0.82217,3.7115,5.0,5.0,5.0,5.0,0,0.18,0.8862235733333333
1431,0.0,0.0,0.0,0.0,0.0,0.0,0.0,0.0,0.0,0.0,0.0,0.0,0.0,0.0,0.0,0.0,0.0,0.0,0.0,0.0,0.0,0.0,0.0,0.0,0.0,0.0,0.0,0.0,0.0,0.0,0.0,0.0,0.0,0.0,0.0,0.0,0.0,0.0,0.0,0.0,0.0,0.0,0.0,0.0,0.0,0.0,0.0,0.0,0.0,0.0,0.0,0.0,0.0,0.0,0.0,0.0,0.0,0.0,0.0,0.0,0.0,0.0,0.0,0.0,0.0,0.0,0.0,0.0,0.0013,0.16285,0.0543,0.0,0.0,0.0,0.0,0.0,0.0,0.0,0.0,0.0418,0.20224,0.01191,0.0,0.0,0.0,0.0,0.0,0.0,0.0,0.0,0.05554,0.18803,0.0,0.0,0.0,0.0,0.0,0.0,0.0,0.0,0.0,0.03673,0.20083,0.0,0.0,0.0,0.0,0.0,0.0,0.0,0.0,0.0,0.0,0.83007,3.7265,5.0,5.0,5.0,5.0,0,0.36,0.8866661600000001
1432,0.0,0.0,0.0,0.0,0.0,0.0,0.0,0.0,0.0,0.0,0.0,0.0,0.0,0.0,0.0,0.0,0.0,0.0,0.0,0.0,0.0,0.0,0.0,0.0,0.0,0.0,0.0,0.0,0.0,0.0,0.0,0.0,0.0,0.0,0.0,0.0,0.0,0.0,0.0,0.0,0.0,0.0,0.0,0.0,0.0,0.0,0.0,0.0,0.0,0.0,0.0,0.0,0.0,0.0,0.0,0.0,0.0,0.0,0.0,0.0,0.0,0.0,0.0,0.0,0.0,0.0,0.0,0.0,0.0,0.12471,0.05961,0.0,0.0,0.0,0.0,0.0,0.0,0.0,0.0,0.00324,0.19729,0.05242,0.0,0.0,0.0,0.0,0.0,0.00495,0.0,0.0,0.01167,0.22476,0.01421,0.0,0.0,0.0,0.0,0.0,0.0,0.0,0.0,0.00413,0.22989,0.0046,0.0,0.0,0.0,0.0,0.0,0.0,0.0,0.0,0.0,0.85379,3.6805,5.0,5.0,5.0,5.0,0,0.54,0.9061552533333334
1433,0.0,0.0,0.0,0.0,0.0,0.0,0.0,0.0,0.0,0.0,0.0,0.0,0.0,0.0,0.0,0.0,0.0,0.0,0.0,0.0,0.0,0.0,0.0,0.0,0.0,0.0,0.0,0.0,0.0,0.0,0.0,0.0,0.0,0.0,0.0,0.0,0.0,0.0,0.0,0.0,0.0,0.0,0.0,0.0,0.0,0.0,0.0,0.0,0.0,0.0,0.0,0.0,0.0,0.0,0.0,0.0,0.0,0.0,0.0,0.0,0.0,0.0,0.0,0.0,0.0,0.0,0.0,0.0,0.0,0.06739,0.09163,0.0,0.0,0.0,0.0,0.0,0.0,0.0,0.0,0.0,0.12488,0.12258,0.0,0.0,0.0,0.0,0.0,0.0,0.0,0.0,0.0,0.14894,0.09817,0.0,0.0,0.0,0.0,0.0,0.0,0.0,0.0,0.0,0.14611,0.09092,0.0,0.0,0.0,0.0,0.0,0.0,0.0,0.0,0.9,0.84588,2.9085,5.0,5.0,5.0,5.0,0,0.72,0.9064503733333333
1434,0.0,0.0,0.0,0.0,0.0,0.0,0.0,0.0,0.0,0.0,0.0,0.0,0.0,0.0,0.0,0.0,0.0,0.0,0.0,0.0,0.0,0.0,0.0,0.0,0.0,0.0,0.0,0.0,0.0,0.0,0.0,0.0,0.0,0.0,0.0,0.0,0.0,0.0,0.0,0.0,0.0,0.0,0.0,0.0,0.0,0.0,0.0,0.0,0.0,0.0,0.0,0.0,0.0,0.0,0.0,0.0,0.0,0.0,0.0,0.0,0.0,0.0,0.0,0.0,0.0,0.0,0.0,0.0,0.0,0.08048,0.01026,0.0,0.0,0.0,0.0,0.0,0.0,0.0,0.0,0.0,0.16633,0.08626,0.0,0.0,0.0,0.0,0.0,0.0,0.0,0.0,0.0,0.18502,0.05271,0.0,0.0,0.0,0.0,0.0,0.0,0.0,0.0,0.0,0.16344,0.0681,0.0,0.0,0.0,0.0,0.0,0.0,0.0,0.0,0.9,0.84588,3.4315,5.0,5.0,5.0,5.0,0,0.9,0.9196154666666667
1435,0.0,0.0,0.0,0.0,0.0,0.0,0.0,0.0,0.0,0.0,0.0,0.0,0.0,0.0,0.0,0.0,0.0,0.0,0.0,0.0,0.0,0.0,0.0,0.0,0.0,0.0,0.0,0.0,0.0,0.0,0.0,0.0,0.0,0.0,0.0,0.0,0.0,0.0,0.0,0.0,0.0,0.0,0.0,0.0,0.0,0.0,0.0,0.0,0.0,0.0,0.0,0.0,0.0,0.0,0.0,0.0,0.0,0.0,0.0,0.0,0.0,0.0,0.0,0.0,0.0,0.0,0.0,0.0,0.0,0.1125,0.00177,0.0,0.0,0.0,0.0,0.0,0.0,0.0,0.0,0.02305,0.19912,0.02335,0.0,0.0,0.0,0.0,0.0,0.0,0.0,0.0,0.02689,0.21769,6e-05,0.0,0.0,0.0,0.0,0.0,0.0,0.0,0.0,0.00218,0.22423,0.00018,0.0,0.0,0.0,0.0,0.0,0.0,0.0,0.0,0.9,0.84588,3.7265,5.0,5.0,5.0,5.0,0,0.9,0.9196154666666667
1436,0.0,0.0,0.0,0.0,0.0,0.0,0.0,0.0,0.0,0.0,0.0,0.0,0.0,0.0,0.0,0.0,0.0,0.0,0.0,0.0,0.0,0.0,0.0,0.0,0.0,0.0,0.0,0.0,0.0,0.0,0.0,0.0,0.0,0.0,0.0,0.0,0.0,0.0,0.0,0.0,0.0,0.0,0.0,0.0,0.0,0.0,0.0,0.0,0.0,0.0,0.0,0.0,0.0,0.0,0.0,0.0,0.0,0.0,0.0,0.0,0.0,0.0,0.0,0.0,0.0,0.0,0.0,0.0,0.00336,0.11586,0.02176,0.0,0.0,0.0,0.0,0.0,0.0,0.0,0.0,0.07305,0.17795,0.00584,0.0,0.0,0.0,0.0,0.0,0.0,0.0,0.0,0.09251,0.15318,0.0,0.0,0.0,0.0,0.0,0.0,0.0,0.0,0.0,0.05407,0.16014,0.0,0.0,0.0,0.0,0.0,0.0,0.0,0.0,0.0,0.9,0.84588,3.7895,5.0,5.0,5.0,5.0,0,0.72,0.9196154666666667
1437,0.0,0.0,0.0,0.0,0.0,0.0,0.0,0.0,0.0,0.0,0.0,0.0,0.0,0.0,0.0,0.0,0.0,0.0,0.0,0.0,0.0,0.0,0.0,0.0,0.0,0.0,0.0,0.0,0.0,0.0,0.0,0.0,0.0,0.0,0.0,0.0,0.0,0.0,0.0,0.0,0.0,0.0,0.0,0.0,0.0,0.0,0.0,0.0,0.0,0.0,0.0,0.0,0.0,0.0,0.0,0.0,0.0,0.0,0.0,0.0,0.0,0.0,0.0,0.0,0.0,0.0,0.0,0.0,0.03561,0.1296,0.0092,0.0,0.0,0.0,0.0,0.0,0.0,0.0,0.0,0.13673,0.1362,0.0,0.0,0.0,0.0,0.0,0.0,0.0,0.0,0.0,0.17777,0.06969,0.0,0.0,0.0,0.0,0.0,0.0,0.0,0.0,0.0,0.17258,0.06197,0.0,0.0,0.0,0.0,0.0,0.0,0.0,0.0,0.0,0.9,0.84588,3.8355,5.0,5.0,5.0,5.0,0,0.54,0.9064503733333333
1438,0.0,0.0,0.0,0.0,0.0,0.0,0.0,0.0,0.0,0.0,0.0,0.0,0.0,0.0,0.0,0.0,0.0,0.0,0.0,0.0,0.0,0.0,0.0,0.0,0.0,0.0,0.0,0.0,0.0,0.0,0.0,0.0,0.0,0.0,0.0,0.0,0.0,0.0,0.0,0.0,0.0,0.0,0.0,0.0,0.0,0.0,0.0,0.0,0.0,0.0,0.0,0.0,0.0,0.0,0.0,0.0,0.0,0.0,0.0,0.0,0.0,0.0,0.0,0.0,0.0,0.0,0.0,0.0,0.0855,0.08892,0.0,0.0,0.0,0.0,0.0,0.00478,0.0,0.0,0.0046,0.17889,0.08892,0.0,0.0,0.0,0.0,0.0,0.0,0.00177,0.0,0.04269,0.20124,0.00991,0.0,0.0,0.0,0.0,0.0,0.0,0.0,0.0,0.04304,0.19257,0.0,0.0,0.0,0.0,0.0,0.0,0.0,0.0,0.0,0.0,0.9,0.84588,3.7285,4.9615,5.0,5.0,5.0,0,0.36,0.8932852800000001
1439,0.0,0.0,0.0,0.0,0.0,0.0,0.0,0.0,0.0,0.0,0.0,0.0,0.0,0.0,0.0,0.0,0.0,0.0,0.0,0.0,0.0,0.0,0.0,0.0,0.0,0.0,0.0,0.0,0.0,0.0,0.0,0.0,0.0,0.0,0.0,0.0,0.0,0.0,0.0,0.0,0.0,0.0,0.0,0.0,0.0,0.0,0.0,0.0,0.0,0.0,0.0,0.0,0.0,0.0,0.0,0.0,0.0,0.0,0.0,0.0,0.0,0.0,0.0,0.0,0.0,0.0,0.0,0.0,0.11285,0.0237,0.0,0.0,0.0,0.0,0.00495,0.01097,0.0,0.0,0.04121,0.18986,0.03797,0.0,0.0,0.0,0.0,0.0,0.02052,0.0,0.0,0.10124,0.15985,0.0,0.0,0.0,0.0,0.0,0.0,0.0,0.0,0.0,0.14151,0.10189,0.0,0.0,0.0,0.0,0.0,0.0,0.0,0.0,0.0,0.0,0.0,0.84588,3.8275,4.7045,5.0,5.0,5.0,0,0.18,0.8801201866666668
1440,0.0,0.0,0.0,0.0,0.0,0.0,0.0,0.0,0.0,0.0,0.0,0.0,0.0,0.0,0.0,0.0,0.0,0.0,0.0,0.0,0.0,0.0,0.0,0.0,0.0,0.0,0.0,0.0,0.0,0.0,0.0,0.0,0.0,0.0,0.0,0.0,0.0,0.0,0.0,0.0,0.0,0.0,0.0,0.0,0.0,0.0,0.0,0.0,0.0,0.0,0.0,0.0,0.0,0.0,0.0,0.0,0.0,0.0,0.0,0.0,0.0,0.0,0.0,0.0,0.0,0.0,0.0,0.00059,0.1329,0.06445,0.0,0.0,0.0,0.0,0.04652,0.1079,0.0,0.0,0.08261,0.17995,0.01445,0.0,0.0,0.0,0.0,0.0,0.0,0.0,0.0,0.13803,0.11474,0.0,0.0,0.0,0.0,0.0,0.0,0.0,0.0,0.0,0.16851,0.06869,0.0,0.0,0.0,0.0,0.0,0.0,0.0,0.0,0.0,0.0,0.0,0.85379,4.0695,5.0,5.0,5.0,5.0,0,0.175012,0.8669550933333335
1441,0.0,0.0,0.0,0.0,0.0,0.0,0.0,0.0,0.0,0.0,0.0,0.0,0.0,0.0,0.0,0.0,0.0,0.0,0.0,0.0,0.0,0.0,0.0,0.0,0.0,0.0,0.0,0.0,0.0,0.0,0.0,0.0,0.0,0.0,0.0,0.0,0.0,0.0,0.0,0.0,0.0,0.0,0.0,0.0,0.0,0.0,0.0,0.0,0.0,0.0,0.0,0.0,0.0,0.0,0.0,0.0,0.0,0.0,0.0,0.0,0.0,0.0,0.0,0.0,0.0,0.0,0.0,0.0,0.09062,0.11333,0.0,0.0,0.0,0.0,0.00153,0.15147,0.0,0.0,0.05165,0.17176,0.07093,0.0,0.0,0.0,0.0,0.0,0.01716,0.00548,0.0,0.10389,0.14923,0.0,0.0,0.0,0.0,0.0,0.0,0.0,0.0,0.0,0.1408,0.10366,0.0,0.0,0.0,0.0,0.0,0.0,0.0,0.0,0.0,0.0,0.0,0.85379,3.815,4.069,4.9315,5.0,5.0,0,0.350024,0.85379
1442,0.0,0.0,0.0,0.0,0.0,0.0,0.0,0.0,0.0,0.0,0.0,0.0,0.0,0.0,0.0,0.0,0.0,0.0,0.0,0.0,0.0,0.0,0.0,0.0,0.0,0.0,0.0,0.0,0.0,0.0,0.0,0.0,0.0,0.0,0.0,0.0,0.0,0.0,0.0,0.0,0.0,0.0,0.0,0.0,0.0,0.0,0.0,0.0,0.0,0.0,0.0,0.0,0.0,0.0,0.0,0.0,0.0,0.0,0.0,0.0,0.0,0.0,0.0,0.0,0.0,0.0,0.0,0.0,0.02742,0.15389,0.01309,0.0,0.0,0.0,0.0,0.0,0.0,0.0,0.0,0.13962,0.15242,0.0,0.0,0.0,0.0,0.0,0.0,0.0,0.0,0.04894,0.18968,0.04546,0.0,0.0,0.0,0.0,0.0,0.0,0.0,0.0,0.06875,0.14882,0.0,0.0,0.0,0.0,0.0,0.0,0.0,0.0,0.0,0.0,0.0,0.85379,3.586,4.0995,5.0,5.0,5.0,0,0.350024,0.85379
1443,0.0,0.0,0.0,0.0,0.0,0.0,0.0,0.0,0.0,0.0,0.0,0.0,0.0,0.0,0.0,0.0,0.0,0.0,0.0,0.0,0.0,0.0,0.0,0.0,0.0,0.0,0.0,0.0,0.0,0.0,0.0,0.0,0.0,0.0,0.0,0.0,0.0,0.0,0.0,0.0,0.0,0.0,0.0,0.0,0.0,0.0,0.0,0.0,0.0,0.0,0.0,0.0,0.0,0.0,0.0,0.0,0.0,0.0,0.0,0.0,0.0,0.0,0.0,0.0,0.0,0.0,0.0,0.0,0.0,0.10649,0.08897,0.0,0.0,0.0,0.0,0.0,0.0,0.0,0.0,0.01804,0.1898,0.06368,0.0,0.0,0.0,0.0,0.0,0.0,0.0,0.0,0.10436,0.17653,0.00071,0.0,0.0,0.0,0.0,0.0,0.0,0.0,0.0,0.12423,0.09599,0.0,0.0,0.0,0.0,0.0,0.0,0.0,0.0,0.0,0.87506,0.85379,3.73,4.2195,5.0,5.0,5.0,0,0.350024,0.85379
1444,0.0,0.0,0.0,0.0,0.0,0.0,0.0,0.0,0.0,0.0,0.0,0.0,0.0,0.0,0.0,0.0,0.0,0.0,0.0,0.0,0.0,0.0,0.0,0.0,0.0,0.0,0.0,0.0,0.0,0.0,0.0,0.0,0.0,0.0,0.0,0.0,0.0,0.0,0.0,0.0,0.0,0.0,0.0,0.0,0.0,0.0,0.0,0.0,0.0,0.0,0.0,0.0,0.0,0.0,0.0,0.0,0.0,0.0,0.0,0.0,0.0,0.0,0.0,0.0,0.0,0.0,0.0,0.0,0.0,0.06439,0.0911,0.0,0.0,0.0,0.0,0.0,0.0,0.0,0.0,0.0,0.15212,0.11321,0.0,0.0,0.0,0.0,0.0,0.0,0.0,0.0,0.01008,0.2056,0.04912,0.0,0.0,0.0,0.0,0.0,0.0,0.0,0.0,0.04788,0.20136,0.0046,0.0,0.0,0.0,0.0,0.0,0.0,0.0,0.0,0.87506,0.85379,3.0105,4.1605,5.0,4.89,5.0,0,0.350024,0.85379
1445,0.0,0.0,0.0,0.0,0.0,0.0,0.0,0.0,0.0,0.0,0.0,0.0,0.0,0.0,0.0,0.0,0.0,0.0,0.0,0.0,0.0,0.0,0.0,0.0,0.0,0.0,0.0,0.0,0.0,0.0,0.0,0.0,0.0,0.0,0.0,0.0,0.0,0.0,0.0,0.0,0.0,0.0,0.0,0.0,0.0,0.0,0.0,0.0,0.0,0.0,0.0,0.0,0.0,0.0,0.0,0.0,0.0,0.0,0.00265,0.0,0.0,0.0,0.0,0.0,0.0,0.0,0.0,0.0,0.0,0.15106,0.07818,0.0,0.0,0.0,0.0,0.0,0.0,0.0,0.0,0.03886,0.20024,0.01987,0.0,0.0,0.0,0.0,0.0,0.0,0.0,0.0,0.0681,0.18325,0.0,0.0,0.0,0.0,0.0,0.0,0.0,0.0,0.0,0.06798,0.16958,0.0,0.0,0.0,0.0,0.0,0.0,0.0,0.0,0.0,0.0,0.85379,3.2095,4.6205,5.0,4.828,5.0,0,0.355012,0.85379
1446,0.0,0.0,0.0,0.0,0.0,0.0,0.0,0.0,0.0,0.0,0.0,0.0,0.0,0.0,0.0,0.0,0.0,0.0,0.0,0.0,0.0,0.0,0.0,0.0,0.0,0.0,0.0,0.0,0.0,0.0,0.0,0.0,0.0,0.0,0.0,0.0,0.0,0.0,0.0,0.0,0.0,0.0,0.0,0.0,0.0,0.0,0.0,0.0,0.0,0.0,0.0,0.0,0.0,0.0,0.0,0.0,0.0,0.0,0.01893,0.0,0.0,0.0,0.0,0.0,0.0,0.0,0.0,0.0,0.00283,0.18255,0.04033,0.0,0.0,0.0,0.14186,0.0,0.0,0.0,0.0,0.03485,0.2056,0.00949,0.0,0.0,0.0,0.0,0.04511,0.12559,0.0,0.0,0.06156,0.18856,0.0,0.0,0.0,0.0,0.0,0.0,0.0,0.11091,0.0,0.06044,0.17659,0.0,0.0,0.0,0.0,0.0,0.0,0.0,0.0,0.0,0.0,0.85379,3.6585,5.0,4.739,4.7195,5.0,0,0.18,0.8669550933333333
1447,0.0,0.0,0.0,0.0,0.0,0.0,0.0,0.0,0.0,0.0,0.0,0.0,0.0,0.0,0.0,0.0,0.0,0.0,0.0,0.0,0.0,0.0,0.0,0.0,0.0,0.0,0.0,0.0,0.0,0.0,0.0,0.0,0.0,0.0,0.0,0.0,0.0,0.0,0.0,0.0,0.0,0.0,0.0,0.0,0.0,0.0,0.0,0.0,0.0,0.0,0.0,0.0,0.0,0.0,0.0,0.0,0.0,0.0,0.01893,0.0,0.0,0.0,0.00938,0.0,0.0,0.0,0.0,0.0,0.0,0.15478,0.06492,0.0,0.0,0.0,0.17323,0.01887,0.0,0.0,0.0,0.0,0.17429,0.07158,0.0,0.0,0.0,0.0,0.00165,0.20088,0.0,0.0,0.0,0.18756,0.06733,0.0,0.0,0.0,0.0,0.0,0.0,0.08314,0.0,0.0,0.1737,0.06191,0.0,0.0,0.0,0.0,0.0,0.0,0.0,0.0,0.0,0.85379,3.5565,5.0,4.658,5.0,5.0,0,0.18,0.8801201866666668
1448,0.0,0.0,0.0,0.0,0.0,0.0,0.0,0.0,0.0,0.0,0.0,0.0,0.0,0.0,0.0,0.0,0.0,0.0,0.0,0.0,0.0,0.0,0.0,0.0,0.0,0.0,0.0,0.0,0.0,0.0,0.0,0.0,0.0,0.0,0.0,0.0,0.0,0.0,0.0,0.0,0.0,0.0,0.0,0.0,0.0,0.0,0.0,0.0,0.0,0.0,0.0,0.0,0.0,0.0,0.0,0.0,0.0,0.0,0.01256,0.0,0.0,0.0,0.0,0.0,0.0,0.0,0.0,0.0,0.0,0.08703,0.13231,0.0,0.0,0.0,0.04033,0.13107,0.0,0.0,0.0,0.0,0.04511,0.18325,0.0,0.0,0.0,0.0,0.0,0.14151,0.0,0.0,0.0,0.00943,0.21574,0.0,0.0,0.0,0.0,0.0,0.0,0.0,0.0,0.0,0.0,0.22187,0.00772,0.0,0.0,0.0,0.0,0.0,0.0,0.0,0.9,0.85379,2.907,4.658,4.455,5.0,5.0,0,0.18,0.8785381866666666
1449,0.0,0.0,0.0,0.0,0.0,0.0,0.0,0.0,0.0,0.0,0.0,0.0,0.0,0.0,0.0,0.0,0.0,0.0,0.0,0.0,0.0,0.0,0.0,0.0,0.0,0.0,0.0,0.0,0.0,0.0,0.0,0.0,0.0,0.0,0.0,0.0,0.0,0.0,0.0,0.0,0.0,0.0,0.0,0.0,0.0,0.0,0.0,0.0,0.0,0.0,0.0,0.0,0.0,0.0,0.0,0.0,0.0,0.01733,0.0,0.0,0.0,0.0,0.0,0.0,0.0,0.0,0.0,0.0,0.0316,0.17818,0.0,0.0,0.0,0.09322,0.07252,0.0,0.0,0.0,0.0,0.0,0.22058,0.0,0.0,0.0,0.0,0.0,0.20419,0.01834,0.0,0.0,0.0,0.15407,0.02441,0.0,0.0,0.0,0.0,0.0,0.00153,0.22258,0.0,0.0,0.07182,0.11409,0.0,0.0,0.0,0.0,0.0,0.0,0.0,0.01114,0.0,0.84588,3.0485,4.417,4.374,5.0,5.0,0,0.18,0.8917032800000001
1450,0.0,0.0,0.0,0.0,0.0,0.0,0.0,0.0,0.0,0.0,0.0,0.0,0.0,0.0,0.0,0.0,0.0,0.0,0.0,0.0,0.0,0.0,0.0,0.0,0.0,0.0,0.0,0.0,0.0,0.0,0.0,0.0,0.0,0.0,0.0,0.0,0.0,0.0,0.0,0.0,0.0,0.0,0.0,0.0,0.0,0.0,0.0,0.0,0.0,0.0,0.0,0.0,0.0,0.0,0.0,0.0,0.0,0.0,0.0,0.0,0.0,0.0,0.0,0.0,0.0,0.0,0.0,0.0,0.16486,0.00177,0.0,0.0,0.0,0.15088,0.0,0.0,0.0,0.0,0.0,0.13815,0.07146,0.0,0.0,0.0,0.0,0.10896,0.12382,0.0,0.0,0.0,0.04741,0.16504,0.0,0.0,0.0,0.0,0.0,0.0,0.1352,0.08573,0.0,0.0,0.13992,0.0,0.0,0.0,0.0,0.0,0.0,0.0,0.0,0.13868,0.0,0.84588,3.5465,4.277,5.0,5.0,5.0,0,0.145134,0.9048683733333334
1451,0.0,0.0,0.0,0.0,0.0,0.0,0.0,0.0,0.0,0.0,0.0,0.0,0.0,0.0,0.0,0.0,0.0,0.0,0.0,0.0,0.0,0.0,0.0,0.0,0.0,0.0,0.0,0.0,0.0,0.0,0.0,0.0,0.0,0.0,0.0,0.0,0.0,0.0,0.0,0.0,0.0,0.0,0.0,0.0,0.0,0.0,0.0,0.0,0.0,0.0,0.0,0.0,0.0,0.0,0.0,0.0,0.0,0.0,0.0,0.0,0.0,0.0,0.0,0.0,0.0,0.0,0.0,0.0,0.16215,0.01067,0.0,0.0,0.0,0.11108,0.0,0.0,0.0,0.0,0.0,0.17824,0.03561,0.0,0.0,0.0,0.0,0.15761,0.07217,0.0,0.0,0.0,0.0987,0.10489,0.0,0.0,0.0,0.0,0.0,0.0,0.18143,0.04499,0.0,0.0,0.14434,0.0,0.0,0.0,0.0,0.0,0.0,0.0,0.0,0.18325,0.0,0.84588,3.8305,4.264,5.0,4.972,5.0,0,0.290268,0.9048683733333334
1452,0.0,0.0,0.0,0.0,0.0,0.0,0.0,0.0,0.0,0.0,0.0,0.0,0.0,0.0,0.0,0.0,0.0,0.0,0.0,0.0,0.0,0.0,0.0,0.0,0.0,0.0,0.0,0.0,0.0,0.0,0.0,0.0,0.0,0.0,0.0,0.0,0.0,0.0,0.0,0.0,0.0,0.0,0.0,0.0,0.0,0.0,0.0,0.0,0.0,0.0,0.0,0.0,0.0,0.0,0.0,0.0,0.0,0.00159,0.0,0.0,0.0,0.0,0.0,0.0,0.0,0.0,0.0,0.0,0.14965,0.02724,0.0,0.0,0.0,0.00831,0.0,0.0,0.0,0.0,0.0,0.19404,0.0214,0.0,0.0,0.0,0.0,0.12246,0.02577,0.0,0.0,0.0,0.12612,0.08101,0.0,0.0,0.0,0.0,0.0,0.00088,0.21958,0.0033,0.0,0.01362,0.15867,0.0,0.0,0.0,0.0,0.0,0.0,0.0,0.00991,0.19811,0.0,0.84588,4.0695,4.147,5.0,4.919,5.0,0,0.290268,0.9048683733333334
1453,0.0,0.0,0.0,0.0,0.0,0.0,0.0,0.0,0.0,0.0,0.0,0.0,0.0,0.0,0.0,0.0,0.0,0.0,0.0,0.0,0.0,0.0,0.0,0.0,0.0,0.0,0.0,0.0,0.0,0.0,0.0,0.0,0.0,0.0,0.0,0.0,0.0,0.0,0.0,0.0,0.0,0.0,0.0,0.0,0.0,0.0,0.0,0.0,0.0,0.0,0.0,0.0,0.0,0.0,0.0,0.0,0.0,0.0,0.0,0.0,0.0,0.0,0.0,0.0,0.0,0.0,0.0,0.0,0.13072,0.04546,0.0,0.0,0.0,0.0,0.0,0.0,0.0,0.0,0.0,0.17423,0.0635,0.0,0.0,0.0,0.0,0.01439,0.00596,0.0,0.0,0.0,0.13939,0.08031,0.0,0.0,0.0,0.0,0.0,0.0,0.20271,0.0,0.0,0.00248,0.11338,0.0,0.0,0.0,0.0,0.0,0.0,0.0,0.06763,0.14357,0.72567,0.84588,4.2895,4.058,5.0,4.9165,5.0,0,0.290268,0.9048683733333334
1454,0.0,0.0,0.0,0.0,0.0,0.0,0.0,0.0,0.0,0.0,0.0,0.0,0.0,0.0,0.0,0.0,0.0,0.0,0.0,0.0,0.0,0.0,0.0,0.0,0.0,0.0,0.0,0.0,0.0,0.0,0.0,0.0,0.0,0.0,0.0,0.0,0.0,0.0,0.0,0.0,0.0,0.0,0.0,0.0,0.0,0.0,0.0,0.0,0.00088,0.0,0.0,0.0,0.0,0.0,0.0,0.0,0.0,0.0,0.0,0.0,0.0,0.0,0.0,0.0,0.0,0.0,0.0,0.0,0.1217,0.07323,0.0,0.0,0.0,0.0,0.0,0.0,0.0,0.0,0.00088,0.19923,0.04116,0.0,0.0,0.0,0.0,0.0296,0.00436,0.0,0.0,0.0,0.21439,0.02264,0.0,0.0,0.0,0.0,0.0,0.0,0.0,0.0,0.0,0.1286,0.04723,0.0,0.0,0.0,0.0,0.0,0.0,0.0,0.0,0.0,0.72567,0.84588,3.938,4.5395,4.6595,5.0,5.0,0,0.290268,0.89012128
1455,0.0,0.0,0.0,0.0,0.0,0.0,0.0,0.0,0.0,0.0,0.0,0.0,0.0,0.0,0.0,0.0,0.0,0.0,0.0,0.0,0.0,0.0,0.0,0.0,0.0,0.0,0.0,0.0,0.0,0.0,0.0,0.0,0.0,0.0,0.0,0.0,0.0,0.0,0.0,0.0,0.0,0.0,0.0,0.0,0.0,0.0,0.0,0.00212,0.0,0.0,0.0,0.0,0.0,0.0,0.0,0.0,0.0,0.0,0.00071,0.0191,0.0,0.0,0.0,0.0,0.0,0.0,0.0,0.05902,0.09982,0.0,0.0,0.0,0.0,0.00955,0.02317,0.0,0.0,0.0,0.1332,0.11604,0.0,0.0,0.0,0.0,0.0,0.06403,0.0,0.0,0.0,0.17936,0.06722,0.0,0.0,0.0,0.0,0.0,0.0,0.0,0.0,0.0,0.16893,0.04882,0.0,0.0,0.0,0.0,0.0,0.0,0.0,0.0,0.0,0.0,0.0,0.84588,3.878,4.576,4.599,5.0,5.0,0,0.145134,0.8901212800000001
1456,0.0,0.0,0.0,0.0,0.0,0.0,0.0,0.0,0.0,0.0,0.0,0.0,0.0,0.0,0.0,0.0,0.0,0.0,0.0,0.0,0.0,0.0,0.0,0.0,0.0,0.0,0.0,0.0,0.0,0.0,0.0,0.0,0.0,0.0,0.0,0.0,0.0,0.0,0.0,0.0,0.0,0.0,0.0,0.0,0.0,0.0,0.0,0.0,0.0,0.0,0.0,0.0,0.0,0.0,0.0,0.0,0.0,0.0,0.0,0.0,0.0,0.0,0.0,0.0,0.0,0.0,0.0,0.09858,0.04434,0.0,0.0,0.0,0.0,0.00195,0.00035,0.0,0.0,0.00607,0.18373,0.06934,0.0,0.0,0.0,0.0,0.02848,0.04316,0.0,0.0,0.04104,0.19847,0.00743,0.0,0.0,0.0,0.0,0.0,0.0,0.0,0.0,0.0,0.17423,0.0,0.0,0.0,0.0,0.0,0.0,0.0,0.0,0.0,0.0,0.0,0.0,0.84588,3.829,4.5185,5.0,5.0,5.0,0,0.0,0.89012128
1457,0.0,0.0,0.0,0.0,0.0,0.0,0.0,0.0,0.0,0.0,0.0,0.0,0.0,0.0,0.0,0.0,0.0,0.0,0.0,0.0,0.0,0.0,0.0,0.0,0.0,0.0,0.0,0.0,0.0,0.0,0.0,0.0,0.0,0.0,0.0,0.0,0.0,0.0,0.0,0.0,0.0,0.0,0.0,0.0,0.0,0.0,0.0,0.0,0.0,0.0,0.0,0.0,0.0,0.0,0.0,0.0,0.0,0.0,0.0,0.0,0.0,0.0,0.0,0.0,0.0,0.0,0.0,0.05926,0.05572,0.0,0.0,0.0,0.0,0.0,0.01327,0.0,0.0,0.00071,0.16185,0.09658,0.0,0.0,0.0,0.0,0.0,0.02288,0.00914,0.0,0.03473,0.20596,0.0204,0.0,0.0,0.0,0.0,0.0,0.0,0.00548,0.0,0.0,0.17459,0.0,0.0,0.0,0.0,0.0,0.0,0.0,0.0,0.0,0.0,0.0,0.0,0.84588,3.784,5.0,5.0,5.0,5.0,0,0.18,0.8901212800000001
1458,0.0,0.0,0.0,0.0,0.0,0.0,0.0,0.0,0.0,0.0,0.0,0.0,0.0,0.0,0.0,0.0,0.0,0.0,0.0,0.0,0.0,0.0,0.0,0.0,0.0,0.0,0.0,0.0,0.0,0.0,0.0,0.0,0.0,0.0,0.0,0.0,0.0,0.0,0.0,0.0,0.0,0.0,0.0,0.0,0.0,0.0,0.0,0.0,0.0,0.0,0.0,0.0,0.0,0.0,0.0,0.0,0.0,0.0,0.0,0.0,0.0,0.0,0.0,0.0,0.0,0.0,0.0,0.01415,0.09853,0.0,0.0,0.0,0.0,0.0,0.0,0.0,0.0,0.0,0.12099,0.13054,0.0,0.0,0.0,0.0,0.0,0.01268,0.12388,0.02706,0.0056,0.19876,0.06167,0.0,0.0,0.0,0.0,0.0,0.0,0.05684,0.00065,0.0,0.19617,0.0092,0.0,0.0,0.0,0.0,0.0,0.0,0.0,0.0,0.0,0.0,0.0,0.84588,3.727,4.3465,5.0,5.0,5.0,0,0.36,0.9048683733333334
1459,0.0,0.0,0.0,0.0,0.0,0.0,0.0,0.0,0.0,0.0,0.0,0.0,0.0,0.0,0.0,0.0,0.0,0.0,0.0,0.0,0.0,0.0,0.0,0.0,0.0,0.0,0.0,0.0,0.0,0.0,0.0,0.0,0.0,0.0,0.0,0.0,0.0,0.0,0.0,0.0,0.0,0.0,0.0,0.0,0.0,0.0,0.0,0.0,0.0,0.0,0.0,0.0,0.0,0.0,0.0,0.0,0.0,0.0,0.0,0.0,0.0,0.0,0.0,0.0,0.0,0.0,0.0,0.0,0.09198,0.04086,0.0,0.0,0.0,0.0,0.0,0.0,0.0,0.0,0.05784,0.1717,0.06162,0.0,0.0,0.0,0.0,0.0,0.0,0.00142,0.0,0.14133,0.12134,0.0,0.0,0.0,0.0,0.0,0.0,0.0,0.04493,0.03166,0.18886,0.05755,0.0,0.0,0.0,0.0,0.0,0.0,0.0,0.0,0.0,0.0,0.0,0.84588,3.648,4.2405,4.66,5.0,5.0,0,0.54,0.9196154666666667
1460,0.0,0.0,0.0,0.0,0.0,0.0,0.0,0.0,0.0,0.0,0.0,0.0,0.0,0.0,0.0,0.0,0.0,0.0,0.0,0.0,0.0,0.0,0.0,0.0,0.0,0.0,0.0,0.0,0.0,0.0,0.0,0.0,0.0,0.0,0.0,0.0,0.0,0.0,0.0,0.0,0.0,0.0,0.0,0.0,0.0,0.0,0.0,0.0,0.0,0.0,0.0,0.0,0.0,0.0,0.0,0.0,0.0,0.0,0.0,0.0,0.0,0.0,0.0,0.0,0.0,0.0,0.0,0.0,0.00029,0.14741,0.00566,0.0,0.0,0.0,0.0,0.0,0.0,0.0,0.0,0.0911,0.17919,0.0168,0.0,0.0,0.0,0.0,0.0,0.0,0.0,0.00448,0.18284,0.09163,0.0,0.0,0.0,0.0,0.0,0.0,0.0,0.0,0.0,0.14145,0.0089,0.0,0.0,0.0,0.0,0.0,0.0,0.0,0.0,0.0,0.9,0.84588,3.598,4.1605,5.0,5.0,5.0,0,0.54,0.9196154666666667
1461,0.0,0.0,0.0,0.0,0.0,0.0,0.0,0.0,0.0,0.0,0.0,0.0,0.0,0.0,0.0,0.0,0.0,0.0,0.0,0.0,0.0,0.0,0.0,0.0,0.0,0.0,0.0,0.0,0.0,0.0,0.0,0.0,0.0,0.0,0.0,0.0,0.0,0.0,0.0,0.0,0.0,0.0,0.0,0.0,0.0,0.0,0.0,0.0,0.0,0.0,0.0,0.0,0.0,0.0,0.0,0.0,0.0,0.0,0.0,0.0,0.0,0.0,0.0,0.0,0.0,0.0,0.0,0.0,0.0,0.12754,0.0,0.0,0.0,0.0,0.0,0.0,0.0,0.0,0.0,0.04953,0.19369,0.02264,0.0,0.0,0.0,0.0,0.0,0.0,0.0,0.0,0.13762,0.14151,0.0,0.0,0.0,0.0,0.0,0.0,0.0,0.0,0.0079,0.17642,0.05749,0.0,0.0,0.0,0.0,0.0,0.0,0.0,0.0,0.0,0.9,0.84588,3.6655,4.4615,5.0,5.0,5.0,0,0.54,0.9196154666666667
1462,0.0,0.0,0.0,0.0,0.0,0.0,0.0,0.0,0.0,0.0,0.0,0.0,0.0,0.0,0.0,0.0,0.0,0.0,0.0,0.0,0.0,0.0,0.0,0.0,0.0,0.0,0.0,0.0,0.0,0.0,0.0,0.0,0.0,0.0,0.0,0.0,0.0,0.0,0.0,0.0,0.0,0.0,0.0,0.0,0.0,0.0,0.0,0.0,0.0,0.0,0.0,0.0,0.0,0.0,0.0,0.0,0.0,0.0,0.0,0.0,0.0,0.0,0.0,0.0,0.0,0.0,0.0,0.0,0.03485,0.0,0.0,0.0,0.0,0.0,0.0,0.0,0.0,0.0,0.0,0.11126,0.09552,0.0,0.0,0.0,0.0,0.0,0.0,0.0,0.0,0.0,0.14487,0.11374,0.0,0.0,0.0,0.0,0.0,0.0,0.0,0.0,0.0,0.17718,0.07453,0.0,0.0,0.0,0.0,0.0,0.0,0.0,0.0,0.0,0.9,0.84588,4.0155,5.0,4.7565,5.0,5.0,0,0.36000000000000004,0.9196154666666667
1463,0.0,0.0,0.0,0.0,0.0,0.0,0.0,0.0,0.0,0.0,0.0,0.0,0.0,0.0,0.0,0.0,0.0,0.0,0.0,0.0,0.0,0.0,0.0,0.0,0.0,0.0,0.0,0.0,0.0,0.0,0.0,0.0,0.0,0.0,0.0,0.0,0.0,0.0,0.0,0.0,0.0,0.0,0.0,0.0,0.0,0.0,0.0,0.0,0.0,0.0,0.0,0.0,0.0,0.0,0.0,0.0,0.0,0.0,0.0,0.0,0.0,0.0,0.0,0.0,0.0,0.0,0.0,0.0,0.0,0.0,0.0,0.0,0.0,0.0,0.0,0.0,0.0,0.0,0.04298,0.03343,0.0,0.0,0.0,0.0,0.0,0.0,0.0,0.0,0.0,0.01551,0.21427,0.0,0.0,0.0,0.0,0.0,0.0,0.0,0.0,0.0,0.01881,0.21462,0.00254,0.0,0.0,0.0,0.0,0.0,0.0,0.0,0.0,0.0,0.0,0.84588,4.0465,5.0,4.6945,5.0,5.0,0,0.18,0.9196154666666667
1464,0.0,0.0,0.0,0.0,0.0,0.0,0.0,0.0,0.0,0.0,0.0,0.0,0.0,0.0,0.0,0.0,0.0,0.0,0.0,0.0,0.0,0.0,0.0,0.0,0.0,0.0,0.0,0.0,0.0,0.0,0.0,0.0,0.0,0.0,0.0,0.0,0.0,0.0,0.0,0.0,0.0,0.0,0.0,0.0,0.0,0.0,0.0,0.0,0.0,0.0,0.0,0.0,0.0,0.0,0.0,0.0,0.0,0.0,0.0,0.0,0.0,0.0,0.0,0.0,0.0,0.02087,0.0,0.0,0.0,0.0,0.0,0.0,0.0,0.0,0.0,0.0,0.0,0.0,0.0,0.0,0.0,0.0,0.0,0.0,0.0,0.0,0.0,0.0,0.0,0.09446,0.0,0.0,0.0,0.0,0.0,0.0,0.0,0.0,0.0,0.0,0.08449,0.07524,0.0,0.0,0.0,0.0,0.0,0.0,0.0,0.0,0.0,0.0,0.0,0.84588,3.9785,5.0,4.5875,5.0,5.0,0,-0.18,0.9080303733333335
1465,0.0,0.0,0.0,0.0,0.0,0.0,0.0,0.0,0.0,0.0,0.0,0.0,0.0,0.0,0.0,0.0,0.0,0.0,0.0,0.0,0.0,0.0,0.0,0.0,0.0,0.0,0.0,0.0,0.0,0.0,0.0,0.0,0.0,0.0,0.0,0.0,0.0,0.0,0.0,0.0,0.0,0.0,0.0,0.0,0.0,0.0,0.0,0.0,0.0,0.0,0.0,0.0,0.0,0.0,0.0,0.0,0.0,0.0,0.0,0.0,0.0,0.0,0.0,0.0,0.0,0.0,0.0,0.0,0.0,0.0,0.0,0.0,0.0,0.0,0.0,0.02229,0.0,0.0,0.0,0.0,0.0,0.0,0.0,0.0,0.0,0.0,0.0,0.0,0.0,0.0,0.0,0.0,0.0,0.0,0.0,0.0,0.0,0.0,0.0,0.0,0.00371,0.0,0.0,0.0,0.0,0.0,0.0,0.0,0.0,0.0,0.0,0.0,0.0,0.84588,3.9425,5.0,4.5345,5.0,5.0,0,-0.36,0.89644528
1466,0.0,0.0,0.0,0.0,0.0,0.0,0.0,0.0,0.0,0.0,0.0,0.0,0.0,0.0,0.0,0.0,0.0,0.0,0.0,0.0,0.0,0.0,0.0,0.0,0.0,0.0,0.0,0.0,0.0,0.0,0.0,0.0,0.0,0.0,0.0,0.0,0.0,0.0,0.0,0.0,0.0,0.0,0.0,0.0,0.0,0.0,0.0,0.0,0.0,0.0,0.0,0.0,0.0,0.0,0.0,0.0,0.0,0.0,0.0,0.0,0.0,0.0,0.0,0.0,0.0,0.0,0.0,0.0,0.0,0.0,0.0,0.0,0.0,0.0,0.0,0.01079,0.0,0.0,0.0,0.0,0.0,0.0,0.0,0.0,0.0,0.0,0.0,0.0,0.0,0.0,0.0,0.0,0.0,0.0,0.0,0.0,0.0,0.0,0.0,0.0,0.0,0.0,0.0,0.0,0.0,0.0,0.0,0.0,0.0,0.0,0.0,0.0,0.0,0.84588,3.9365,4.4565,5.0,5.0,5.0,0,-0.54,0.8848601866666665
1467,0.0,0.0,0.0,0.0,0.0,0.0,0.0,0.0,0.0,0.0,0.0,0.0,0.0,0.0,0.0,0.0,0.0,0.0,0.0,0.0,0.0,0.0,0.0,0.0,0.0,0.0,0.0,0.0,0.0,0.0,0.0,0.0,0.0,0.0,0.0,0.0,0.0,0.0,0.0,0.0,0.0,0.0,0.0,0.0,0.0,0.0,0.0,0.0,0.0,0.0,0.0,0.0,0.0,0.0,0.0,0.0,0.0,0.0,0.0,0.0,0.0,0.0,0.0,0.0,0.0,0.0,0.0,0.0,0.0,0.0,0.0,0.0,0.0,0.0,0.0,0.00195,0.0,0.0,0.0,0.0,0.0,0.0,0.0,0.0,0.0,0.0,0.0,0.0,0.0,0.0,0.0,0.0,0.0,0.0,0.0,0.0,0.0,0.0,0.0,0.0,0.0,0.0,0.0,0.0,0.0,0.0,0.0,0.0,0.0,0.0,0.0,0.0,-0.9,0.86169,3.8975,4.3545,4.4775,5.0,5.0,0,-0.72,0.8732750933333333
1468,0.0,0.0,0.0,0.0,0.0,0.0,0.0,0.0,0.0,0.0,0.0,0.0,0.0,0.0,0.0,0.0,0.0,0.0,0.0,0.0,0.0,0.0,0.0,0.0,0.0,0.0,0.0,0.0,0.0,0.0,0.0,0.0,0.0,0.0,0.0,0.0,0.0,0.0,0.0,0.0,0.0,0.0,0.0,0.0,0.0,0.0,0.0,0.0,0.0,0.0,0.0,0.0,0.0,0.0,0.0,0.0,0.0,0.0,0.0,0.0,0.0,0.0,0.0,0.0,0.0,0.0,0.0,0.0,0.0,0.0,0.0,0.0,0.0,0.0,0.0,0.0,0.0,0.0,0.0,0.0,0.0,0.0,0.0,0.0,0.0,0.0,0.0,0.0,0.0,0.0,0.0,0.0,0.0,0.0,0.0,0.0,0.0,0.0,0.0,0.0,0.0,0.0,0.0,0.0,0.0,0.0,0.0,0.0,0.0,0.0,0.0,0.0,-0.9,0.86169,3.7685,5.0,4.2675,3.841,5.0,0,-0.9,0.86169
1469,0.0,0.0,0.0,0.0,0.0,0.0,0.0,0.0,0.0,0.0,0.0,0.0,0.0,0.0,0.0,0.0,0.0,0.0,0.0,0.0,0.0,0.0,0.0,0.0,0.0,0.0,0.0,0.0,0.0,0.0,0.0,0.0,0.0,0.0,0.0,0.0,0.0,0.0,0.0,0.0,0.0,0.0,0.0,0.0,0.0,0.0,0.0,0.0,0.0,0.0,0.0,0.0,0.0,0.0,0.0,0.0,0.0,0.0,0.0,0.0,0.0,0.0,0.0,0.0,0.0,0.0,0.0,0.02111,0.0293,0.0,0.0,0.0,0.0,0.0,0.0,0.0,0.0,0.0,0.0,0.0,0.0,0.0,0.0,0.0,0.0,0.0,0.0,0.0,0.0,0.0,0.0,0.0,0.0,0.0,0.0,0.0,0.0,0.0,0.0,0.0,0.0,0.0,0.0,0.0,0.0,0.0,0.0,0.0,0.0,0.0,0.0,0.0,-0.9,0.86169,3.6885,5.0,4.2235,3.8435,3.7845,0,-0.9,0.86011
1470,0.0,0.0,0.0,0.0,0.0,0.0,0.0,0.0,0.0,0.0,0.0,0.0,0.0,0.0,0.0,0.0,0.0,0.0,0.0,0.0,0.0,0.0,0.0,0.0,0.0,0.0,0.0,0.0,0.0,0.0,0.0,0.0,0.0,0.0,0.0,0.0,0.0,0.0,0.0,0.0,0.0,0.0,0.0,0.0,0.0,0.0,0.0,0.0,0.0,0.0,0.0,0.0,0.0,0.0,0.0,0.00354,0.0,0.0,0.0,0.0,0.0,0.0,0.0,0.0,0.0,0.0,0.0,0.01934,0.13868,0.10466,0.0,0.0,0.0,0.0,0.0,0.0,0.0,0.0,0.0,0.0,0.0,0.02388,0.03644,0.0,0.0,0.0,0.0,0.0,0.0,0.0,0.0,0.0,0.0,0.0,0.0,0.0,0.0,0.0,0.0,0.0,0.0,0.0,0.0,0.0,0.0,0.0,0.0,0.0,0.0,0.0,0.0,0.0,-0.9,0.86169,4.4595,3.8055,5.0,4.7455,3.7585,0,-0.72,0.86011
1471,0.0,0.0,0.0,0.0,0.0,0.0,0.0,0.0,0.0,0.0,0.0,0.0,0.0,0.0,0.0,0.0,0.0,0.0,0.0,0.0,0.0,0.0,0.0,0.0,0.0,0.0,0.0,0.0,0.0,0.0,0.0,0.0,0.0,0.0,0.0,0.0,0.0,0.0,0.0,0.0,0.0,0.0,0.0,0.0,0.0,0.0,0.0,0.0,0.0,0.0,0.0,0.0,0.0,0.0,0.0,0.0,6e-05,0.02329,0.0,0.0,0.0,0.0,0.0,0.0,0.0,0.0,0.0,0.0,0.0,0.13656,0.07765,0.0,0.0,0.0,0.0,0.0,0.0,0.0,0.0,0.0,0.0,0.0,0.14481,0.10106,0.0,0.0,0.0,0.0,0.0,0.0,0.0,0.0,0.0,0.0,0.0,0.10189,0.17848,0.01008,0.0,0.0,0.0,0.0,0.0,0.0,0.0,0.0,0.0,0.0,0.00301,0.06103,0.0,0.0,-0.9,0.86169,3.266,4.9365,3.652,5.0,3.9635,0,-0.54,0.8601099999999999
1472,0.0,0.0,0.0,0.0,0.0,0.0,0.0,0.0,0.0,0.0,0.0,0.0,0.0,0.0,0.0,0.0,0.0,0.0,0.0,0.0,0.0,0.0,0.0,0.0,0.0,0.0,0.0,0.0,0.0,0.0,0.0,0.0,0.0,0.0,0.0,0.0,0.0,0.0,0.0,0.0,0.0,0.0,0.0,0.0,0.0,0.0,0.0,0.0,0.0,0.0,0.0,0.0,0.0,0.0,0.0,0.0,0.0,0.0,0.01804,0.0,0.0,0.0,0.0,0.0,0.0,0.0,0.0,0.0,0.0,0.0,0.149,0.07936,0.0,0.0,0.0,0.0,0.0,0.0,0.0,0.0,0.0,0.0,0.0,0.19428,0.04222,0.0,0.0,0.0,0.0,0.0,0.0,0.0,0.0,0.0,0.0,0.0,0.22022,0.01981,0.0,0.0,0.0,0.0,0.0,0.0,0.0,0.0,0.0,0.0,0.00159,0.19741,0.01999,0.0,-0.9,0.85379,3.18,4.6365,3.3115,5.0,5.0,0,-0.18,0.86011
1473,0.0,0.0,0.0,0.0,0.0,0.0,0.0,0.0,0.0,0.0,0.0,0.0,0.0,0.0,0.0,0.0,0.0,0.0,0.0,0.0,0.0,0.0,0.0,0.0,0.0,0.0,0.0,0.0,0.0,0.0,0.0,0.0,0.0,0.0,0.0,0.0,0.0,0.0,0.0,0.0,0.0,0.0,0.0,0.0,0.0,0.0,0.0,0.0,0.0,0.0,0.0,0.0,0.0,0.0,0.0,0.0,0.0,0.0,0.0,0.0,0.0,0.0,0.0,0.0,0.0,0.0,0.0,0.0,0.0,0.0,0.0,0.01456,0.15967,0.0,0.0,0.0,0.0,0.0,0.0,0.0,0.0,0.0,0.0,0.0,0.06704,0.15708,0.0,0.0,0.0,0.0,0.0,0.0,0.0,0.0,0.0,0.0,0.0,0.12329,0.05218,0.0,0.0,0.0,0.0,0.0,0.0,0.0,0.0,0.0,0.0,0.0,0.0,0.0,0.0,0.86169,3.169,3.4725,3.2455,3.5085,5.0,0,0.18,0.86011
1474,0.0,0.0,0.0,0.0,0.0,0.0,0.0,0.0,0.0,0.0,0.0,0.0,0.0,0.0,0.0,0.0,0.0,0.0,0.0,0.0,0.0,0.0,0.0,0.0,0.0,0.0,0.0,0.0,0.0,0.0,0.0,0.0,0.0,0.0,0.0,0.0,0.0,0.0,0.0,0.0,0.0,0.0,0.0,0.0,0.0,0.0,0.0,0.0,0.0,0.0,0.0,0.0,0.0,0.0,0.0,0.0,0.0,0.0,0.0,0.0,0.0,0.0,0.0,0.0,0.0,0.0,0.0,0.0,0.0,0.0,0.0,0.0,0.02618,0.15259,0.00024,0.0,0.0,0.0,0.0,0.0,0.0,0.0,0.0,0.0,0.0,0.0171,0.20631,0.01397,0.0,0.0,0.0,0.0,0.0,0.0,0.0,0.0,0.0,0.0,0.0033,0.20896,0.0,0.0,0.0,0.0,0.0,0.0,0.0,0.0,0.0,0.0,0.0,0.00478,0.0,0.86169,3.198,2.99,4.662,3.173,5.0,0,0.36,0.86169
1475,0.0,0.0,0.0,0.0,0.0,0.0,0.0,0.0,0.0,0.0,0.0,0.0,0.0,0.0,0.0,0.0,0.0,0.0,0.0,0.0,0.0,0.0,0.0,0.0,0.0,0.0,0.0,0.0,0.0,0.0,0.0,0.0,0.0,0.0,0.0,0.0,0.0,0.0,0.0,0.0,0.0,0.0,0.0,0.0,0.0,0.0,0.0,0.0,0.0,0.0,0.0,0.0,0.0,0.0,0.0,0.0,0.0,0.0,0.0,0.0,0.0,0.0,0.0,0.0,0.0,0.0,0.0,0.0,0.0,0.0,0.0,0.0,0.00018,0.08113,0.06657,0.0,0.0,0.0,0.0,0.0,0.0,0.0,0.0,0.0,0.0,0.0,0.10442,0.14357,0.0,0.0,0.0,0.0,0.0023,0.0,0.0,0.0,0.0,0.0,0.0,0.03803,0.0,0.0,0.0,0.00884,0.00018,0.0,0.0,0.0,0.0,0.0,0.0,0.0,0.9,0.86169,2.944,2.9145,4.514,3.0415,5.0,0,0.36,0.86169
1476,0.0,0.0,0.0,0.0,0.0,0.0,0.0,0.0,0.0,0.0,0.0,0.0,0.0,0.0,0.0,0.0,0.0,0.0,0.0,0.0,0.0,0.0,0.0,0.0,0.0,0.0,0.0,0.0,0.0,0.0,0.0,0.0,0.0,0.0,0.0,0.0,0.0,0.0,0.0,0.0,0.0,0.0,0.0,0.0,0.0,0.0,0.0,0.0,0.0,0.0,0.0,0.0,0.0,0.0,0.0,0.0,0.0,0.0,0.0,0.0,0.0,0.0,0.0,0.0,0.0,0.0,0.0,0.0,0.0,0.0,0.0,0.0,0.04139,0.09658,0.0,0.0,0.0,0.0,0.0,0.0,0.0,0.0,0.0,0.0,0.0,0.05507,0.17765,0.0036,0.0,0.0,0.0,0.0,0.0,0.0,0.0,0.0,0.0,0.0,0.00873,0.16515,0.0,0.0,0.0,0.0,0.0,0.0,0.0,0.0,0.0,0.0,0.0,0.0,0.9,0.86169,2.805,3.957,2.8855,2.9865,5.0,0,0.36,0.86169
1477,0.0,0.0,0.0,0.0,0.0,0.0,0.0,0.0,0.0,0.0,0.0,0.0,0.0,0.0,0.0,0.0,0.0,0.0,0.0,0.0,0.0,0.0,0.0,0.0,0.0,0.0,0.0,0.0,0.0,0.0,0.0,0.0,0.0,0.0,0.0,0.0,0.0,0.0,0.0,0.0,0.0,0.0,0.0,0.0,0.0,0.0,0.0,0.0,0.0,0.0,0.0,0.0,0.0,0.0,0.0,0.0,0.0,0.0,0.0,0.0,0.0,0.0,0.0,0.0,0.0,0.0,0.0,0.0,0.0,0.0,0.0,0.08208,0.12205,0.0,0.0,0.0,0.0,0.0,0.0,0.0,0.0,0.0,0.0,0.0,0.03998,0.19157,0.01291,0.0,0.0,0.0,0.0,0.0,0.0,0.0,0.0,0.0,0.0,0.00171,0.1714,0.06675,0.0,0.0,0.0,0.0,0.0,0.0,0.0,0.0,0.0,0.0,0.0,0.08862,0.0,0.86169,2.758,3.991,2.8245,3.145,5.0,0,0.18,0.86169
1478,0.0,0.0,0.0,0.0,0.0,0.0,0.0,0.0,0.0,0.0,0.0,0.0,0.0,0.0,0.0,0.0,0.0,0.0,0.0,0.0,0.0,0.0,0.0,0.0,0.0,0.0,0.0,0.0,0.0,0.0,0.0,0.0,0.0,0.0,0.0,0.0,0.0,0.0,0.0,0.0,0.0,0.0,0.0,0.0,0.0,0.0,0.0,0.0,0.0,0.0,0.0,0.0,0.0,0.0,0.0,0.0,0.0,0.0,0.0,0.0,0.0,0.0,0.0,0.0,0.0,0.0,0.0,0.0,0.0,0.0,0.06899,0.12754,0.0,0.0,0.0,0.0,0.0,0.0,0.0,0.0,0.0,0.0,0.0,0.0309,0.19658,0.03184,0.0,0.0,0.0,0.0,0.0,0.0,0.0,0.0,0.0,0.0,0.0,0.16592,0.09233,0.0,0.0,0.0,0.0,0.0,0.0,0.0,0.0,0.0,0.0,0.0,0.09923,0.13037,0.0,0.86169,2.702,4.5635,2.7485,3.0775,5.0,0,-0.18,0.86169
1479,0.0,0.0,0.0,0.0,0.0,0.0,0.0,0.0,0.0,0.0,0.0,0.0,0.0,0.0,0.0,0.0,0.0,0.0,0.0,0.0,0.0,0.0,0.0,0.0,0.0,0.0,0.0,0.0,0.0,0.0,0.0,0.0,0.0,0.0,0.0,0.0,0.0,0.0,0.0,0.0,0.0,0.0,0.0,0.0,0.0,0.0,0.0,0.0,0.0,0.0,0.0,0.0,0.0,0.0,0.0,0.0,0.0,0.0,0.0,0.0,0.0,0.0,0.0,0.0,0.0,0.0,0.0,0.0,0.0,0.0605,0.12465,0.05012,0.0,0.0,0.0,0.0,0.0,0.0,0.0,0.0,0.0,0.0,0.0,0.12223,0.14169,0.0,0.0,0.0,0.0,0.0,0.0,0.0,0.0,0.0,0.0,0.0,0.05607,0.19664,0.00483,0.0,0.0,0.0,0.0,0.0,0.0,0.0,0.0,0.0,0.0,0.0092,0.16574,0.0,0.0,0.86169,2.678,4.5275,2.7115,3.0235,5.0,0,-0.36,0.86169
1480,0.0,0.0,0.0,0.0,0.0,0.0,0.0,0.0,0.0,0.0,0.0,0.0,0.0,0.0,0.0,0.0,0.0,0.0,0.0,0.0,0.0,0.0,0.0,0.0,0.0,0.0,0.0,0.0,0.0,0.0,0.0,0.0,0.0,0.0,0.0,0.0,0.0,0.0,0.0,0.0,0.0,0.0,0.0,0.0,0.0,0.0,0.0,0.0,0.0,0.0,0.0,0.0,0.0,0.0,0.0,0.0,0.0,0.0,0.0,0.0,0.0,0.0,0.0,0.0,0.0,0.0,0.0,0.0,0.02335,0.0918,0.09994,0.0,0.0,0.0,0.0,0.0,0.0,0.0,0.0,0.0,0.0,0.0,0.03939,0.18066,0.05731,0.0,0.0,0.0,0.0,0.0,0.0,0.0,0.0,0.0,0.0,0.0,0.1408,0.10755,0.0,0.0,0.0,0.0,0.0,0.0,0.0,0.0,0.0,0.0,0.0,0.0957,0.04688,0.0,0.0,0.86169,2.637,4.4495,2.6345,2.9685,5.0,0,-0.54,0.86169
1481,0.0,0.0,0.0,0.0,0.0,0.0,0.0,0.0,0.0,0.0,0.0,0.0,0.0,0.0,0.0,0.0,0.0,0.0,0.0,0.0,0.0,0.0,0.0,0.0,0.0,0.0,0.0,0.0,0.0,0.0,0.0,0.0,0.0,0.0,0.0,0.0,0.0,0.0,0.0,0.0,0.0,0.0,0.0,0.0,0.0,0.0,0.0,0.0,0.0,0.0,0.0,0.0,0.0,0.0,0.0,0.0,0.0,0.0,0.0,0.0,0.0,0.0,0.0,0.0,0.0,0.0,0.0,0.00631,0.01633,0.0115,0.0,0.0,0.0,0.0,0.0,0.0,0.0,0.0,0.0,0.0,0.0,0.06191,0.15413,0.05371,0.0,0.0,0.0,0.0,0.0,0.0,0.0,0.0,0.0,0.0,0.0,0.1395,0.12529,0.0,0.0,0.0,0.0,0.0,0.0,0.0,0.0,0.0,0.0,0.0,0.07889,0.1171,0.0,0.0,-0.9,0.86169,2.53,3.8155,2.5145,2.839,5.0,0,-0.54,0.86169
1482,0.0,0.0,0.0,0.0,0.0,0.0,0.0,0.0,0.0,0.0,0.0,0.0,0.0,0.0,0.0,0.0,0.0,0.0,0.0,0.0,0.0,0.0,0.0,0.0,0.0,0.0,0.0,0.0,0.0,0.0,0.0,0.0,0.0,0.0,0.0,0.0,0.0,0.0,0.0,0.0,0.0,0.0,0.0,0.0,0.0,0.0,0.0,0.0,0.0,0.0,0.0,0.0,0.0,0.0,0.0,0.0,0.0,0.0,0.0,0.0,0.0,0.0,0.0,0.0,0.0,0.0,0.0,0.00189,0.01279,0.0,0.0,0.0,0.0,0.0,0.0,0.0,0.0,0.0,0.0,0.0,0.03703,0.12058,0.10825,0.0,0.0,0.0,0.0,0.0,0.0,0.0,0.0,0.0,0.0,0.0,0.04375,0.18502,0.04735,0.0,0.0,0.0,0.0,0.0,0.0,0.0,0.0,0.0,0.0,0.0,0.14699,0.02742,0.0,0.0,-0.9,0.86169,2.453,3.4065,2.443,2.563,5.0,0,-0.72,0.86169
1483,0.0,0.0,0.0,0.0,0.0,0.0,0.0,0.0,0.0,0.0,0.0,0.0,0.0,0.0,0.0,0.0,0.0,0.0,0.0,0.0,0.0,0.0,0.0,0.0,0.0,0.0,0.0,0.0,0.0,0.0,0.0,0.0,0.0,0.0,0.0,0.0,0.0,0.0,0.0,0.0,0.0,0.0,0.0,0.0,0.0,0.0,0.0,0.0,0.0,0.0,0.0,0.0,0.0,0.0,0.0,0.0,0.0,0.0,0.0,0.0,0.0,0.0,0.0,0.0,0.0,0.0,0.0,0.00047,0.00696,0.0,0.0,0.0,0.0,0.0,0.0,0.0,0.0,0.0,0.0,0.0,0.01244,0.10554,0.10366,0.0,0.0,0.0,0.0,0.0,0.0,0.0,0.0,0.0,0.0,0.0,0.07476,0.18632,0.00867,0.0,0.0,0.0,0.0,0.0,0.0,0.0,0.0,0.0,0.0,0.00554,0.18196,0.03679,0.0,0.0,-0.9,0.86169,2.5885,2.353,3.273,2.362,2.5385,0,-0.72,0.86169
1484,0.0,0.0,0.0,0.0,0.0,0.0,0.0,0.0,0.0,0.0,0.0,0.0,0.0,0.0,0.0,0.0,0.0,0.0,0.0,0.0,0.0,0.0,0.0,0.0,0.0,0.0,0.0,0.0,0.0,0.0,0.0,0.0,0.0,0.0,0.0,0.0,0.0,0.0,0.0,0.0,0.0,0.0,0.0,0.0,0.0,0.0,0.0,0.0,0.0,0.0,0.0,0.0,0.0,0.0,0.0,0.0,0.0,0.0,0.0,0.0,0.0,0.0,0.0,0.0,0.0,0.0,0.0,0.0,0.01008,0.00478,0.0,0.0,0.0,0.0,0.0,0.0,0.0,0.0,0.0,0.0,0.0,0.12718,0.14239,0.0,0.0,0.0,0.0,0.0,0.0,0.0,0.0,0.0,0.0,0.0,0.0467,0.18715,0.00884,0.0,0.0,0.0,0.0,0.0,0.0,0.0,0.0,0.0,0.0,0.00354,0.18555,0.01114,0.0,0.0,0.0,0.86169,3.2595,2.315,2.5425,2.981,2.2605,0,-0.7200000000000001,0.86169
1485,0.0,0.0,0.0,0.0,0.0,0.0,0.0,0.0,0.0,0.0,0.0,0.0,0.0,0.0,0.0,0.0,0.0,0.0,0.0,0.0,0.0,0.0,0.0,0.0,0.0,0.0,0.0,0.0,0.0,0.0,0.0,0.0,0.0,0.0,0.0,0.0,0.0,0.0,0.0,0.0,0.0,0.0,0.0,0.0,0.0,0.0,0.0,0.0,0.0,0.0,0.0,0.0,0.0,0.0,0.0,0.0,0.0,0.0,0.0,0.0,0.0,0.0,0.0,0.0,0.0,0.0,0.0,0.03143,0.1036,0.01551,0.0,0.0,0.0,0.0,0.0,0.0,0.0,0.0,0.0,0.0,0.00024,0.15383,0.11515,0.0,0.0,0.0,0.0,0.0,0.0,0.0,0.0,0.0,0.0,0.0,0.07223,0.18514,0.0,0.0,0.0,0.0,0.0,0.0,0.0,0.0,0.0,0.0,0.0,0.03821,0.17512,0.0,0.0,0.0,-0.9,0.86169,5.0,2.299,2.072,3.269,2.141,0,-0.54,0.86169
1486,0.0,0.0,0.0,0.0,0.0,0.0,0.0,0.0,0.0,0.0,0.0,0.0,0.0,0.0,0.0,0.0,0.0,0.0,0.0,0.0,0.0,0.0,0.0,0.0,0.0,0.0,0.0,0.0,0.0,0.0,0.0,0.0,0.0,0.0,0.0,0.0,0.0,0.0,0.0,0.0,0.0,0.0,0.0,0.0,0.0,0.0,0.0,0.0,0.0,0.0,0.0,0.0,0.0,0.0,0.0,0.0,0.0,0.0,0.0,0.0,0.0,0.0,0.0,0.0,0.0,0.0,0.0,0.02282,0.13502,0.01285,0.0,0.0,0.0,0.0,0.0,0.0,0.0,0.0,0.0,0.0,0.00112,0.17276,0.09357,0.0,0.0,0.0,0.0,0.0,0.0,0.0,0.0,0.0,0.0,0.0,0.11167,0.13491,0.0,0.0,0.0,0.0,0.0,0.0,0.0,0.0,0.0,0.0,0.0,0.07429,0.11657,0.0,0.0,0.0,-0.9,0.86169,5.0,2.8865,2.022,2.3505,2.1105,0,-0.54,0.86169
1487,0.0,0.0,0.0,0.0,0.0,0.0,0.0,0.0,0.0,0.0,0.0,0.0,0.0,0.0,0.0,0.0,0.0,0.0,0.0,0.0,0.0,0.0,0.0,0.0,0.0,0.0,0.0,0.0,0.0,0.0,0.0,0.0,0.0,0.0,0.0,0.0,0.0,0.0,0.0,0.0,0.0,0.0,0.0,0.0,0.0,0.0,0.0,0.0,0.0,0.0,0.0,0.0,0.0,0.0,0.0,0.0,0.0,0.0,0.0,0.0,0.0,0.0,0.0,0.0,0.0,0.0,0.0,0.0,0.05242,0.10696,0.0,0.0,0.0,0.0,0.0,0.0,0.0,0.0,0.0,0.0,0.0,0.07429,0.17671,0.0,0.0,0.0,0.0,0.0,0.0,0.0,0.0,0.0,0.0,0.0,0.04634,0.19953,0.0,0.0,0.0,0.0,0.0,0.0,0.0,0.0,0.0,0.0,0.0,0.04399,0.18721,0.0,0.0,0.0,-0.9,0.86169,5.0,5.0,2.0285,1.93,2.9025,0,-0.36,0.86169
1488,0.0,0.0,0.0,0.0,0.0,0.0,0.0,0.0,0.0,0.0,0.0,0.0,0.0,0.0,0.0,0.0,0.0,0.0,0.0,0.0,0.0,0.0,0.0,0.0,0.0,0.0,0.0,0.0,0.0,0.0,0.0,0.0,0.0,0.0,0.0,0.0,0.0,0.0,0.0,0.0,0.0,0.0,0.0,0.0,0.0,0.0,0.0,0.0,0.0,0.0,0.0,0.0,0.0,0.0,0.0,0.0,0.01197,0.00802,0.0,0.0,0.0,0.0,0.0,0.0,0.0,0.0,0.0,0.0,0.00224,0.18402,0.049,0.0,0.0,0.0,0.0,0.0,0.0,0.0,0.0,0.0,0.0,0.0,0.16592,0.07376,0.0,0.0,0.0,0.0,0.0,0.0,0.0,0.0,0.0,0.0,0.0,0.14658,0.03526,0.0,0.0,0.0,0.0,0.0,0.0,0.0,0.0,0.0,0.0,0.0,0.08101,0.00212,0.0,0.0,0.0,0.86169,5.0,5.0,2.5275,1.835,2.182,0,-0.335104,0.86169
1489,0.0,0.0,0.0,0.0,0.0,0.0,0.0,0.0,0.0,0.0,0.0,0.0,0.0,0.0,0.0,0.0,0.0,0.0,0.0,0.0,0.0,0.0,0.0,0.0,0.0,0.0,0.0,0.0,0.0,0.0,0.0,0.0,0.0,0.0,0.0,0.0,0.0,0.0,0.0,0.0,0.0,0.0,0.0,0.0,0.0,0.0,0.0,0.0,0.0,0.0,0.0,0.0,0.0,0.0,0.0,0.0,0.0,0.03715,0.0,0.0,0.0,0.0,0.0,0.0,0.0,0.0,0.0,0.0,0.0,0.03449,0.19864,0.0,0.0,0.0,0.0,0.0,0.0,0.00106,0.0,0.0,0.0,0.0,0.03361,0.19935,0.0,0.0,0.0,0.0,0.13154,0.00059,0.0,0.0,0.0,0.0,0.0,0.03903,0.16881,0.0,0.0,0.0,0.00318,0.0,0.0,0.0,0.0,0.0,0.0,0.0,0.05006,0.0306,0.0,0.0,0.0,0.86169,3.592,3.587,3.2695,1.8635,1.753,0,-0.335104,0.86169
1490,0.0,0.0,0.0,0.0,0.0,0.0,0.0,0.0,0.0,0.0,0.0,0.0,0.0,0.0,0.0,0.0,0.0,0.0,0.0,0.0,0.0,0.0,0.0,0.0,0.0,0.0,0.0,0.0,0.0,0.0,0.0,0.0,0.0,0.0,0.0,0.0,0.0,0.0,0.0,0.0,0.0,0.0,0.0,0.0,0.0,0.0,0.0,0.0,0.0,0.0,0.0,0.0,0.0,0.0,0.0,0.0,0.0,0.0,0.00531,0.0,0.0,0.0,0.0,0.0,0.0,0.0,0.0,0.0,0.0,0.0,0.15383,0.07311,0.0,0.0,0.0,0.0,0.0,0.0329,0.0,0.0,0.0,0.0,0.0,0.20159,0.0296,0.0,0.0,0.0,0.10979,0.0862,0.0,0.0,0.0,0.0,0.0,0.00029,0.2332,0.00336,0.0,0.0,0.1171,0.0,0.0,0.0,0.0,0.0,0.0,0.0,0.01309,0.12559,0.0,0.0,0.0,0.86169,3.492,3.3925,3.387,1.884,1.711,0,-0.335104,0.86169
1491,0.0,0.0,0.0,0.0,0.0,0.0,0.0,0.0,0.0,0.0,0.0,0.0,0.0,0.0,0.0,0.0,0.0,0.0,0.0,0.0,0.0,0.0,0.0,0.0,0.0,0.0,0.0,0.0,0.0,0.0,0.0,0.0,0.0,0.0,0.0,0.0,0.0,0.0,0.0,0.0,0.0,0.0,0.0,0.0,0.0,0.0,0.0,0.0,0.0,0.0,0.0,0.0,0.0,0.0,0.0,0.0,0.0,0.0,0.0,0.0,0.0,0.0,0.0,0.0,0.0,0.0,0.0,0.0,0.0,0.0,0.04458,0.16716,0.0,0.0,0.0,0.0,0.0,0.01097,0.0,0.0,0.0,0.0,0.0,0.1273,0.09965,0.0,0.0,0.0,0.01616,0.13261,0.0,0.0,0.0,0.0,0.0,0.0,0.12506,0.0,0.0,0.0,0.17494,0.0,0.0,0.0,0.0,0.0,0.0,0.0,0.0,0.00071,0.0,0.0,-0.77552,0.86169,5.0,4.3325,3.716,2.173,1.545,0,-0.335104,0.86169
1492,0.0,0.0,0.0,0.0,0.0,0.0,0.0,0.0,0.0,0.0,0.0,0.0,0.0,0.0,0.0,0.0,0.0,0.0,0.0,0.0,0.0,0.0,0.0,0.0,0.0,0.0,0.0,0.0,0.0,0.0,0.0,0.0,0.0,0.0,0.0,0.0,0.0,0.0,0.0,0.0,0.0,0.0,0.0,0.0,0.0,0.0,0.0,0.0,0.0,0.0,0.0,0.0,0.0,0.0,0.0,0.0,0.0,0.0,0.0,0.0,0.0,0.0,0.0,0.0,0.0,0.0,0.0,0.0,0.0,0.0,0.0,0.03939,0.10938,0.0,0.0,0.0,0.0,0.0,0.0,0.0,0.0,0.0,0.0,0.0,0.08738,0.01574,0.0,0.0,0.0,0.0,0.0023,0.0,0.0,0.0,0.0,0.0,0.0,0.0,0.0,0.0,0.0,0.0069,0.0,0.0,0.0,0.0,0.0,0.0,0.0,0.0,0.0,0.0,-0.9,0.86169,5.0,4.276,4.099,2.9785,1.581,0,-0.335104,0.86169
1493,0.0,0.0,0.0,0.0,0.0,0.0,0.0,0.0,0.0,0.0,0.0,0.0,0.0,0.0,0.0,0.0,0.0,0.0,0.0,0.0,0.0,0.0,0.0,0.0,0.0,0.0,0.0,0.0,0.0,0.0,0.0,0.0,0.0,0.0,0.0,0.0,0.0,0.0,0.0,0.0,0.0,0.0,0.0,0.0,0.0,0.0,0.0,0.0,0.0,0.0,0.0,0.0,0.0,0.0,0.0,0.0,0.0,0.0,0.0,0.0,0.0,0.0,0.0,0.0,0.0,0.0,0.0,0.0,0.0,0.0,0.0,0.0,0.00053,0.05142,0.01279,0.0,0.0,0.0,0.0,0.0,0.0,0.0,0.0,0.0,0.0,0.0,0.04634,0.01769,0.0,0.0,0.0,0.0,0.0,0.0,0.0,0.0,0.0,0.0,0.0,0.00195,0.0,0.0,0.0,0.0,0.0,0.0,0.0,0.0,0.0,0.0,0.0,0.0,0.0,0.86169,5.0,4.943,4.479,4.7425,2.193,0,-0.18,0.0
1494,0.0,0.0,0.0,0.0,0.0,0.0,0.0,0.0,0.0,0.0,0.0,0.0,0.0,0.0,0.0,0.0,0.0,0.0,0.0,0.0,0.0,0.0,0.0,0.0,0.0,0.0,0.0,0.0,0.0,0.0,0.0,0.0,0.0,0.0,0.0,0.0,0.0,0.0,0.0,0.0,0.0,0.0,0.0,0.0,0.0,0.0,0.0,0.0,0.0,0.0,0.0,0.0,0.0,0.0,0.0,0.0,0.0,0.0,0.0,0.0,0.0,0.0,0.0,0.0,0.0,0.0,0.0,0.0,0.02353,0.0,0.0,0.0,0.0,0.00825,0.11203,0.00425,0.0,0.0,0.0,0.0,0.0,0.0,0.0,0.0,0.0,0.0,0.00295,0.15165,0.0,0.0,0.0,0.0,0.0,0.0,0.0,0.0,0.0,0.0,0.0,0.0,0.0,0.0,0.0,0.0,0.0,0.0,0.0,0.0,0.0,0.0,0.0,0.0,0.0,0.0,4.5,3.938,3.815,4.6515,2.4195,0,0.0,0.0
1495,0.0,0.0,0.0,0.0,0.0,0.0,0.0,0.0,0.0,0.0,0.0,0.0,0.0,0.0,0.0,0.0,0.0,0.0,0.0,0.0,0.0,0.0,0.0,0.0,0.0,0.0,0.0,0.0,0.0,0.0,0.0,0.0,0.0,0.0,0.0,0.0,0.0,0.0,0.0,0.0,0.0,0.0,0.0,0.0,0.0,0.0,0.0,0.0,0.0,0.0,0.0,0.0,0.0,0.0,0.0,0.0,0.0,0.0,0.0,0.0,0.0,0.0,0.0,0.0,0.0,0.0,0.0,0.0,0.04599,0.02565,0.0,0.0,0.0,0.0,0.01669,0.05937,0.0,0.0,0.0,0.0,0.0,0.0,0.0,0.0,0.0,0.0,0.0,0.07111,0.0,0.0,0.0,0.0,0.0,0.0,0.0,0.0,0.0,0.0,0.0,0.0,0.0,0.0,0.0,0.0,0.0,0.0,0.0,0.0,0.0,0.0,0.0,0.0,0.0,0.0,4.943,4.357,3.716,3.8975,2.6215,0,0.0,0.0
1496,0.0,0.0,0.0,0.0,0.0,0.0,0.0,0.0,0.0,0.0,0.0,0.0,0.0,0.0,0.0,0.0,0.0,0.0,0.0,0.0,0.0,0.0,0.0,0.0,0.0,0.0,0.0,0.0,0.0,0.0,0.0,0.0,0.0,0.0,0.0,0.0,0.0,0.0,0.0,0.0,0.0,0.0,0.0,0.0,0.0,0.0,0.0,0.0,0.0,0.0,0.0,0.0,0.0,0.0,0.0,0.0,0.0,0.0,0.0,0.0,0.0,0.0,0.0,0.0,0.0,0.0,0.0,0.01686,0.08066,0.04752,0.0,0.0,0.0,0.01221,0.0556,0.0477,0.0,0.0,0.0,0.0,0.0,0.02406,0.0,0.0,0.0,0.0,0.0,0.07642,0.0,0.0,0.0,0.0,0.0,0.0,0.0,0.0,0.0,0.0,0.0,0.0,0.0,0.0,0.0,0.0,0.0,0.0,0.0,0.0,0.0,0.0,0.0,0.0,0.0,0.0,5.0,4.7515,4.409,4.6805,2.601,0,0.0,0.0
1497,0.0,0.0,0.0,0.0,0.0,0.0,0.0,0.0,0.0,0.0,0.0,0.0,0.0,0.0,0.0,0.0,0.0,0.0,0.0,0.0,0.0,0.0,0.0,0.0,0.0,0.0,0.0,0.0,0.0,0.0,0.0,0.0,0.0,0.0,0.0,0.0,0.0,0.0,0.0,0.0,0.0,0.0,0.0,0.0,0.0,0.0,0.0,0.0,0.0,0.0,0.0,0.0,0.0,0.0,0.0,0.0,0.0,0.0,0.0,0.0,0.0,0.0,0.0,0.0,0.0,0.0,0.0,0.0204,0.07471,0.04959,0.0,0.0,0.0,0.00159,0.01987,0.03939,0.0,0.0,0.0,0.0,0.0,0.03078,0.0,0.0,0.0,0.0,0.0,0.07588,0.0,0.0,0.0,0.0,0.0,0.0,0.0,0.0,0.0,0.0,0.0,0.0,0.0,0.0,0.0,0.0,0.0,0.0,0.0,0.0,0.0,0.0,0.0,0.0,0.0,0.0,5.0,4.615,4.357,4.7215,2.57,0,0.0,0.0
1498,0.0,0.0,0.0,0.0,0.0,0.0,0.0,0.0,0.0,0.0,0.0,0.0,0.0,0.0,0.0,0.0,0.0,0.0,0.0,0.0,0.0,0.0,0.0,0.0,0.0,0.0,0.0,0.0,0.0,0.0,0.0,0.0,0.0,0.0,0.0,0.0,0.0,0.0,0.0,0.0,0.0,0.0,0.0,0.0,0.0,0.0,0.0,0.0,0.0,0.0,0.0,0.0,0.0,0.0,0.0,0.0,0.0,0.0,0.0,0.0,0.0,0.0,0.0,0.0,0.0,0.0,0.0,0.03384,0.09269,0.04841,0.0,0.0,0.0,0.00737,0.04841,0.04452,0.0,0.0,0.0,0.0,0.0,0.02742,0.0,0.0,0.0,0.0,0.0,0.07553,0.0,0.0,0.0,0.0,0.0,0.0,0.0,0.0,0.0,0.0,0.0,0.0,0.0,0.0,0.0,0.0,0.0,0.0,0.0,0.0,0.0,0.0,0.0,0.0,0.0,0.0,5.0,4.68,4.437,4.7025,2.5955,0,0.0,0.0
